[{"wp_inactive_widgets":["nav_menu-4","nav_menu-5","nav_menu-3","nav_menu-6","single-images-3","courses-3","list-post-5","search-4","categories-2","courses-2","single-images-2","list-post-2","search-3","nav_menu-7","nav_menu-8","nav_menu-9","nav_menu-10","course-categories-2","courses-4","single-images-4","list-post-6"],"sidebar":["search-4","categories-2","courses-2","single-images-2","list-post-2"],"toolbar":["login-popup-2","courses-searching-2","text-3","social-2"],"footer":["thim_layout_builder-4"],"sidebar_courses":["course-categories-2","courses-5","single-images-5","list-post-7"]},{"search":{"4":{"title":"Search","widget-class":"","widget_logic":""},"3":{"title":"","widget-class":"","widget_logic":"(1==2)"},"_multiwidget":1},"categories":{"2":{"title":"","count":0,"hierarchical":0,"dropdown":0},"_multiwidget":1},"courses":{"2":{"heading_group":{"title":"Popular Courses","textcolor":false,"size":"h3","font_heading":"default","custom_font_heading":{"custom_font_size":18,"custom_font_weight":"normal"}},"desc_group":{"des":"","des_color":false,"des_font_size":16,"des_font_weight":"normal"},"order":"popular","layout":"list-sidebar","limit":3,"view_all_courses":"","slider-options":{"show_navigation":true,"item_visible":"4","show_pagination":false},"grid-options":{"columns":"2"},"widget-class":"","widget_logic":""},"5":{"heading_group":{"title":"Popular Courses","textcolor":false,"size":"h3","font_heading":"default","custom_font_heading":{"custom_font_size":18,"custom_font_weight":"normal"}},"desc_group":{"des":"","des_color":false,"des_font_size":16,"des_font_weight":"normal"},"order":"popular","layout":"list-sidebar","limit":3,"view_all_courses":"","slider-options":{"show_navigation":true,"item_visible":"4","show_pagination":false},"grid-options":{"columns":"2"},"widget-class":""},"3":{"heading_group":{"title":"Popular Courses","textcolor":false,"size":"h3","font_heading":"default","custom_font_heading":{"custom_font_size":18,"custom_font_weight":"normal"}},"desc_group":{"des":"","des_color":false,"des_font_size":16,"des_font_weight":"normal"},"order":"popular","layout":"list-sidebar","limit":3,"view_all_courses":"","slider-options":{"show_navigation":true,"item_visible":"4","show_pagination":false},"grid-options":{"columns":"2"},"widget-class":"","widget_logic":""},"4":{"heading_group":{"title":"Popular Courses","textcolor":false,"size":"h3","font_heading":"default","custom_font_heading":{"custom_font_size":18,"custom_font_weight":"normal"}},"desc_group":{"des":"","des_color":false,"des_font_size":16,"des_font_weight":"normal"},"order":"popular","layout":"list-sidebar","limit":3,"view_all_courses":"","slider-options":{"show_navigation":true,"item_visible":"4","show_pagination":false},"grid-options":{"columns":"2"},"widget-class":""},"_multiwidget":1},"single-images":{"2":{"image":3384,"image_size":"","image_link":"#","link_target":"_self","image_alignment":"left","css_animation":false,"widget-class":"","widget_logic":""},"5":{"image":3384,"image_size":"","image_link":"#","link_target":"_self","image_alignment":"left","css_animation":false,"widget-class":"","widget_logic":""},"3":{"image":1772,"image_size":"","image_link":"#","link_target":"_self","image_alignment":"left","css_animation":false,"widget-class":"","widget_logic":""},"4":{"image":1772,"image_size":"","image_link":"#","link_target":"_self","image_alignment":"left","css_animation":false,"widget-class":""},"_multiwidget":1},"list-post":{"2":{"title":"Latest Posts","cat_id":"9","image_size":"thumbnail","show_description":"no","number_posts":3,"orderby":"recent","order":"desc","link":"","text_link":"","style":"sidebar","widget-class":"","widget_logic":""},"7":{"title":"Latest Posts","cat_id":"9","image_size":"thumbnail","show_description":"no","number_posts":3,"orderby":"recent","order":"desc","link":"","text_link":"","style":"sidebar","widget-class":""},"5":{"title":"Latest Posts","cat_id":"9","image_size":"thumbnail","show_description":"no","number_posts":3,"orderby":"recent","order":"desc","link":"","text_link":"","style":"sidebar","widget-class":"","widget_logic":""},"6":{"title":"Latest Posts","cat_id":"9","image_size":"thumbnail","show_description":"no","number_posts":3,"orderby":"recent","order":"desc","link":"","text_link":"","style":"sidebar","widget-class":""},"_multiwidget":1},"login-popup":{"2":{"text_register":"Register","text_login":"Login","text_logout":"Logout","text_profile":"Profile","layout":"icon","term":"","shortcode":"[miniorange_social_login shape=\"longbuttonwithtext\" theme=\"default\" space=\"4\" width=\"240\" height=\"40\"]","widget_logic":"","widget-class":"","captcha":false},"_multiwidget":1},"courses-searching":{"2":{"layout":"overlay","title":"Search Courses","description":"Description for search course widget.","placeholder":"What do you want to learn today?","widget_logic":"","widget-class":""},"_multiwidget":1},"text":{"3":{"title":"","text":"<div class=\"thim-have-any-question\">\r\n<div class=\"mobile\"><i class=\"fa fa-phone\"><\/i>Need help? Call us now: <a class=\"value\" href=\"tel:00123456789\">(00) 123 456 789<\/a><\/div>\r\n<div class=\"email\"><i class=\"fa fa-envelope\"><\/i><a href=\"mailto:hello@eduma.com\">hello@eduma.com<\/a><\/div>\r\n<\/div>","filter":true,"visual":true,"widget_logic":"","widget-class":""},"_multiwidget":1},"social":{"2":{"title":"","style":"style-4","link_face":"#","link_twitter":"#","link_google":"#","link_dribble":"#","link_linkedin":"","link_pinterest":"","link_instagram":"","link_youtube":"","link_snapchat":"","link_target":"_self","widget_logic":"","widget-class":"","show_label":false},"_multiwidget":1},"thim_layout_builder":{"4":{"widget_logic":"","widget-class":"","content":"[vc_row css=\".vc_custom_1558431937728{margin-top: -125px !important;padding-right: 15px !important;padding-left: 15px !important;}\"][vc_column css=\".vc_custom_1557829158846{padding-top: 0px !important;padding-bottom: 38px !important;}\"][vc_row_inner css=\".vc_custom_1562638517608{padding-bottom: 38px !important;background-color: #fccf33 !important;}\" el_class=\"thim-block-right\"][vc_column_inner el_class=\"thim-border-right\" width=\"1\/4\" css=\".vc_custom_1558492943753{padding-top: 44px !important;}\"][thim-icon-box line_after_title=\"\" desc_content=\"<em>(04) 495-9400<\/em>1-800-544-2787\" custom_font_weight_desc=\"\" link_to_icon=\"\" icon_type=\"font-awesome\" font_awesome_icon=\"fa fa-phone\" font_awesome_icon_size=\"28\" icon_color=\"#231f20\" layout_text_align_sc=\"text-center\" el_class=\"thim-border-right\" color_desc=\"#231f20\"][\/vc_column_inner][vc_column_inner el_class=\"thim-border-right\" width=\"1\/4\" css=\".vc_custom_1558492952419{padding-top: 44px !important;}\"][thim-icon-box line_after_title=\"\" desc_content=\"<em>A26BT5 BUILDING<\/em>LONDON, ENGLAND\" custom_font_weight_desc=\"\" icon_type=\"font-awesome\" font_awesome_icon=\"fa fa-map-marker\" font_awesome_icon_size=\"28\" icon_color=\"#231f20\" layout_text_align_sc=\"text-center\" color_desc=\"#231f20\"][\/vc_column_inner][vc_column_inner el_class=\"thim-border-right\" width=\"1\/4\" css=\".vc_custom_1558492960277{padding-top: 44px !important;}\"][thim-icon-box line_after_title=\"\" desc_content=\"<em>SUPPORT<\/em><a>@ARTSCHOOL.COM<\/a>\" custom_font_weight_desc=\"\" link_to_icon=\"\" icon_type=\"font-awesome\" font_awesome_icon=\"fa fa-envelope-o\" font_awesome_icon_size=\"28\" icon_color=\"#231f20\" layout_text_align_sc=\"text-center\" color_desc=\"#231f20\"][\/vc_column_inner][vc_column_inner width=\"1\/4\" css=\".vc_custom_1558492970912{padding-top: 44px !important;}\"][thim-icon-box line_after_title=\"\" desc_content=\"<em>DAILY: 10:00 AM \u2013 5:00 PM<\/em>MONDAY &amp; HOLIDAYS: CLOSED\" custom_font_weight_desc=\"\" icon_type=\"font_ionicons\" font_awesome_icon_size=\"28\" icon_color=\"#231f20\" layout_text_align_sc=\"text-center\" font_ionicons=\"ion-android-alarm-clock\" color_desc=\"#231f20\"][\/vc_column_inner][\/vc_row_inner][\/vc_column][\/vc_row][vc_row css=\".vc_custom_1558494789742{padding-top: 32px !important;padding-bottom: 49px !important;}\"][vc_column width=\"4\/12\" css=\".vc_custom_1558606879631{padding-top: 43px !important;}\"][vc_column_text css=\".vc_custom_1562643112599{margin-bottom: 28px !important;}\"]<img class=\"alignnone size-full wp-image-12644\" src=\"https:\/\/educationwp.thimpress.com\/demo-vc-instructor\/wp-content\/uploads\/sites\/77\/2017\/03\/logo-instructor-footer.png\" alt=\"\" width=\"200\" height=\"47\" \/>[\/vc_column_text][thim-social show_label=\"\" link_face=\"#\" link_twitter=\"#\" link_google=\"#\" link_dribble=\"#\" link_linkedin=\"#\"][\/vc_column][vc_column width=\"2\/12\"][vc_wp_custommenu title=\"Menu\" nav_menu=\"6549\"][\/vc_column][vc_column width=\"2\/12\"][vc_wp_custommenu title=\"Courses\" nav_menu=\"6550\"][\/vc_column][vc_column width=\"2\/12\"][vc_wp_custommenu title=\"Topics\" nav_menu=\"6551\"][\/vc_column][vc_column width=\"2\/12\"][vc_wp_custommenu title=\"Info For\" nav_menu=\"6552\"][\/vc_column][\/vc_row]","custom_css":".vc_custom_1558431937728{margin-top: -125px !important;padding-right: 15px !important;padding-left: 15px !important;}.vc_custom_1558494789742{padding-top: 32px !important;padding-bottom: 49px !important;}.vc_custom_1557829158846{padding-top: 0px !important;padding-bottom: 38px !important;}.vc_custom_1562638517608{padding-bottom: 38px !important;background-color: #fccf33 !important;}.vc_custom_1558492943753{padding-top: 44px !important;}.vc_custom_1558492952419{padding-top: 44px !important;}.vc_custom_1558492960277{padding-top: 44px !important;}.vc_custom_1558492970912{padding-top: 44px !important;}.vc_custom_1558606879631{padding-top: 43px !important;}.vc_custom_1562643112599{margin-bottom: 28px !important;}"},"_multiwidget":1},"course-categories":{"2":{"title":"All Courses","widget-class":"","show_counts":false,"hierarchical":false,"widget_logic":""},"_multiwidget":1},"nav_menu":{"4":{"title":"Support","nav_menu":22,"widget-class":"col-sm-2","widget_logic":""},"5":{"title":"Recommend","nav_menu":23,"widget-class":"col-sm-2","widget_logic":""},"3":{"title":"Products","nav_menu":21,"widget-class":"col-sm-2","widget_logic":""},"6":{"nav_menu":24,"widget-class":"","widget_logic":""},"7":{"title":"Products","nav_menu":21,"widget-class":"col-sm-2"},"8":{"title":"Support","nav_menu":22,"widget-class":"col-sm-2"},"9":{"title":"Recommend","nav_menu":23,"widget-class":"col-sm-2"},"10":{"nav_menu":24,"widget-class":""},"_multiwidget":1}}]