{"adrotate":[{"id":"1","title":"Ad 1024x178","bannercode":"&lt;a href=\\&quot;https:\/\/themeforest.net\/item\/magazine-wordpress-theme-mag-wp\/19305239?ref=thimpress&amp;utm_source=demo&amp;utm_medium=adsbanner\\&quot;&gt;&lt;img alt=\\&quot;\\&quot; src=\\&quot;%asset%\\&quot; \/&gt;&lt;\/a&gt;","thetime":"1480006355","updated":"1508210312","author":"admin","imagetype":"field","image":"https:\/\/creativemag.thimpress.com\/wp-content\/uploads\/sites\/5\/2017\/10\/Mag2-1.jpg","paid":"U","tracker":"Y","show_everyone":"Y","desktop":"Y","mobile":"Y","tablet":"Y","os_ios":"Y","os_android":"Y","os_other":"Y","responsive":"N","type":"active","weight":"6","autodelete":"N","budget":"0","crate":"0","irate":"0","cities":"a:0:{}","countries":"a:0:{}"},{"id":"2","title":"Ad 318x269","bannercode":"&lt;a href=\\&quot;https:\/\/themeforest.net\/item\/magazine-wordpress-theme-mag-wp\/19305239?ref=thimpress&amp;utm_source=demo&amp;utm_medium=adsbanner\\&quot;&gt;&lt;img alt=\\&quot;\\&quot; src=\\&quot;%asset%\\&quot; \/&gt;&lt;\/a&gt;","thetime":"1480006355","updated":"1508210339","author":"admin","imagetype":"field","image":"https:\/\/creativemag.thimpress.com\/wp-content\/uploads\/sites\/5\/2017\/10\/Mag2-1qc.jpg","paid":"U","tracker":"Y","show_everyone":"Y","desktop":"Y","mobile":"Y","tablet":"Y","os_ios":"Y","os_android":"Y","os_other":"Y","responsive":"N","type":"active","weight":"6","autodelete":"N","budget":"0","crate":"0","irate":"0","cities":"a:0:{}","countries":"a:0:{}"},{"id":"3","title":"Ad 728x90","bannercode":"&lt;a href=\\&quot;https:\/\/themeforest.net\/item\/magazine-wordpress-theme-mag-wp\/19305239?ref=thimpress&amp;utm_source=demo&amp;utm_medium=adsbanner\\&quot;&gt;&lt;img alt=\\&quot;\\&quot; src=\\&quot;%asset%\\&quot; \/&gt;&lt;\/a&gt;","thetime":"1483110542","updated":"1508984126","author":"admin","imagetype":"field","image":"https:\/\/creativemag.thimpress.com\/wp-content\/uploads\/sites\/5\/2017\/10\/ads.jpg","paid":"U","tracker":"Y","show_everyone":"Y","desktop":"Y","mobile":"Y","tablet":"Y","os_ios":"Y","os_android":"Y","os_other":"Y","responsive":"N","type":"active","weight":"6","autodelete":"N","budget":"0","crate":"0","irate":"0","cities":"a:0:{}","countries":"a:0:{}"},{"id":"4","title":"Ad 318x329","bannercode":"&lt;a href=\\&quot;https:\/\/themeforest.net\/item\/magazine-wordpress-theme-mag-wp\/19305239?ref=thimpress&amp;utm_source=demo&amp;utm_medium=adsbanner\\&quot;&gt;&lt;img alt=\\&quot;\\&quot; src=\\&quot;%asset%\\&quot; \/&gt;&lt;\/a&gt;","thetime":"1483111516","updated":"1509094223","author":"admin","imagetype":"field","image":"https:\/\/creativemag.thimpress.com\/demo-travel\/wp-content\/uploads\/sites\/5\/2017\/10\/ads4.jpg","paid":"U","tracker":"Y","show_everyone":"Y","desktop":"Y","mobile":"Y","tablet":"Y","os_ios":"Y","os_android":"Y","os_other":"Y","responsive":"N","type":"active","weight":"6","autodelete":"N","budget":"0","crate":"0","irate":"0","cities":"a:0:{}","countries":"a:0:{}"},{"id":"5","title":"(Ch\u01b0a s\u1eed d\u1ee5ng)","bannercode":"&lt;a href=\\&quot;https:\/\/themeforest.net\/item\/magazine-wordpress-theme-mag-wp\/19305239?ref=thimpress&amp;utm_source=demo&amp;utm_medium=adsbanner\\&quot;&gt;&lt;img alt=\\&quot;\\&quot; src=\\&quot;%asset%\\&quot; style=\\&quot;display: block!important\\&quot; \/&gt;&lt;\/a&gt;","thetime":"1485267438","updated":"1508210390","author":"admin","imagetype":"field","image":"https:\/\/magwp.thimpress.com\/wp-content\/uploads\/sites\/5\/2017\/04\/thim_magwp.png","paid":"U","tracker":"Y","show_everyone":"Y","desktop":"Y","mobile":"Y","tablet":"Y","os_ios":"Y","os_android":"Y","os_other":"Y","responsive":"N","type":"active","weight":"6","autodelete":"N","budget":"0","crate":"0","irate":"0","cities":"a:0:{}","countries":"a:0:{}"},{"id":"6","title":"(Ch\u01b0a s\u1eed d\u1ee5ng)","bannercode":"&lt;a href=\\&quot;https:\/\/themeforest.net\/item\/magazine-wordpress-theme-mag-wp\/19305239?ref=thimpress&amp;utm_source=demo&amp;utm_medium=adsbanner\\&quot;&gt;&lt;img alt=\\&quot;\\&quot; src=\\&quot;%asset%\\&quot; \/&gt;&lt;\/a&gt;","thetime":"1487326330","updated":"1508210400","author":"admin","imagetype":"field","image":"https:\/\/magwp.thimpress.com\/wp-content\/uploads\/sites\/5\/2017\/04\/magwp_thimpress.png","paid":"U","tracker":"Y","show_everyone":"Y","desktop":"Y","mobile":"Y","tablet":"Y","os_ios":"Y","os_android":"Y","os_other":"Y","responsive":"N","type":"active","weight":"6","autodelete":"N","budget":"0","crate":"0","irate":"0","cities":"a:0:{}","countries":"a:0:{}"},{"id":"7","title":"","bannercode":"","thetime":"1490797392","updated":"1490797392","author":"admin","imagetype":"dropdown","image":"","paid":"U","tracker":"N","show_everyone":"Y","desktop":"Y","mobile":"Y","tablet":"Y","os_ios":"Y","os_android":"Y","os_other":"Y","responsive":"N","type":"empty","weight":"6","autodelete":"N","budget":"0","crate":"0","irate":"0","cities":"a:0:{}","countries":"a:0:{}"}],"adrotate_groups":[{"id":"1","name":"Group Demo 1","modus":"1","fallback":"0","cat":"","cat_loc":"0","cat_par":"0","page":"","page_loc":"0","page_par":"0","mobile":"0","geo":"0","wrapper_before":"","wrapper_after":"","align":"3","gridrows":"1","gridcolumns":"1","admargin":"0","admargin_bottom":"0","admargin_left":"0","admargin_right":"0","adwidth":"270","adheight":"270","adspeed":"20000","repeat_impressions":"Y"},{"id":"2","name":"Group 728x90","modus":"1","fallback":"0","cat":"138","cat_loc":"0","cat_par":"0","page":"","page_loc":"0","page_par":"0","mobile":"0","geo":"0","wrapper_before":"","wrapper_after":"","align":"3","gridrows":"1","gridcolumns":"1","admargin":"0","admargin_bottom":"0","admargin_left":"0","admargin_right":"0","adwidth":"728","adheight":"90","adspeed":"10000","repeat_impressions":"Y"},{"id":"3","name":"Inline Article","modus":"1","fallback":"0","cat":"69,72,74","cat_loc":"4","cat_par":"1","page":"","page_loc":"0","page_par":"0","mobile":"0","geo":"0","wrapper_before":"","wrapper_after":"","align":"3","gridrows":"2","gridcolumns":"2","admargin":"0","admargin_bottom":"0","admargin_left":"0","admargin_right":"0","adwidth":"728","adheight":"90","adspeed":"6000","repeat_impressions":"Y"}],"adrotate_linkmeta":[{"id":"1","ad":"1","group":"0","user":"0","schedule":"1"},{"id":"2","ad":"2","group":"0","user":"0","schedule":"2"},{"id":"3","ad":"1","group":"1","user":"0","schedule":"0"},{"id":"4","ad":"3","group":"0","user":"0","schedule":"3"},{"id":"5","ad":"3","group":"1","user":"0","schedule":"0"},{"id":"6","ad":"4","group":"0","user":"0","schedule":"4"},{"id":"7","ad":"4","group":"1","user":"0","schedule":"0"},{"id":"8","ad":"5","group":"0","user":"0","schedule":"5"},{"id":"9","ad":"6","group":"0","user":"0","schedule":"6"},{"id":"10","ad":"2","group":"2","user":"0","schedule":"0"},{"id":"11","ad":"5","group":"2","user":"0","schedule":"0"},{"id":"12","ad":"6","group":"2","user":"0","schedule":"0"},{"id":"16","ad":"2","group":"3","user":"0","schedule":"0"},{"id":"17","ad":"5","group":"3","user":"0","schedule":"0"},{"id":"18","ad":"6","group":"3","user":"0","schedule":"0"},{"id":"19","ad":"7","group":"0","user":"0","schedule":"7"}],"adrotate_schedule":[{"id":"1","name":"Schedule for ad 1","starttime":"1480006320","stoptime":"2528643120","maxclicks":"0","maximpressions":"0","spread":"N","daystarttime":"0000","daystoptime":"0000","day_mon":"Y","day_tue":"Y","day_wed":"Y","day_thu":"Y","day_fri":"Y","day_sat":"Y","day_sun":"Y","autodelete":"N"},{"id":"2","name":"Schedule for ad 2","starttime":"1480006320","stoptime":"2528643120","maxclicks":"0","maximpressions":"0","spread":"N","daystarttime":"0000","daystoptime":"0000","day_mon":"Y","day_tue":"Y","day_wed":"Y","day_thu":"Y","day_fri":"Y","day_sat":"Y","day_sun":"Y","autodelete":"N"},{"id":"3","name":"Schedule for ad 3","starttime":"1483110540","stoptime":"2531747340","maxclicks":"0","maximpressions":"0","spread":"N","daystarttime":"0000","daystoptime":"0000","day_mon":"Y","day_tue":"Y","day_wed":"Y","day_thu":"Y","day_fri":"Y","day_sat":"Y","day_sun":"Y","autodelete":"N"},{"id":"4","name":"Schedule for ad 4","starttime":"1483111500","stoptime":"2531748300","maxclicks":"0","maximpressions":"0","spread":"N","daystarttime":"0000","daystoptime":"0000","day_mon":"Y","day_tue":"Y","day_wed":"Y","day_thu":"Y","day_fri":"Y","day_sat":"Y","day_sun":"Y","autodelete":"N"},{"id":"5","name":"Schedule for ad 5","starttime":"1485267420","stoptime":"2533904220","maxclicks":"0","maximpressions":"0","spread":"N","daystarttime":"0000","daystoptime":"0000","day_mon":"Y","day_tue":"Y","day_wed":"Y","day_thu":"Y","day_fri":"Y","day_sat":"Y","day_sun":"Y","autodelete":"N"},{"id":"6","name":"Schedule for ad 6","starttime":"1487326320","stoptime":"2535963120","maxclicks":"0","maximpressions":"0","spread":"N","daystarttime":"0000","daystoptime":"0000","day_mon":"Y","day_tue":"Y","day_wed":"Y","day_thu":"Y","day_fri":"Y","day_sat":"Y","day_sun":"Y","autodelete":"N"},{"id":"7","name":"Schedule for ad 7","starttime":"1490797392","stoptime":"1498054992","maxclicks":"0","maximpressions":"0","spread":"N","daystarttime":"0000","daystoptime":"0000","day_mon":"Y","day_tue":"Y","day_wed":"Y","day_thu":"Y","day_fri":"Y","day_sat":"Y","day_sun":"Y","autodelete":"N"}],"adrotate_stats":[{"id":"2447","ad":"4","group":"0","thetime":"1513555200","clicks":"0","impressions":"1"},{"id":"2448","ad":"4","group":"0","thetime":"1513814400","clicks":"0","impressions":"1"},{"id":"2449","ad":"4","group":"0","thetime":"1514851200","clicks":"0","impressions":"10"},{"id":"2450","ad":"4","group":"0","thetime":"1514937600","clicks":"0","impressions":"3"},{"id":"2451","ad":"4","group":"0","thetime":"1515024000","clicks":"0","impressions":"4"},{"id":"2452","ad":"4","group":"0","thetime":"1515542400","clicks":"0","impressions":"1"},{"id":"2453","ad":"4","group":"0","thetime":"1515628800","clicks":"0","impressions":"2"},{"id":"2454","ad":"4","group":"0","thetime":"1516147200","clicks":"0","impressions":"1"},{"id":"2455","ad":"4","group":"0","thetime":"1516579200","clicks":"0","impressions":"21"},{"id":"2456","ad":"4","group":"0","thetime":"1516665600","clicks":"0","impressions":"44"},{"id":"2457","ad":"4","group":"0","thetime":"1516752000","clicks":"0","impressions":"2"},{"id":"2458","ad":"4","group":"0","thetime":"1517184000","clicks":"0","impressions":"1"},{"id":"2459","ad":"4","group":"0","thetime":"1518048000","clicks":"0","impressions":"1"},{"id":"2460","ad":"4","group":"0","thetime":"1521504000","clicks":"0","impressions":"6"},{"id":"2461","ad":"4","group":"0","thetime":"1521590400","clicks":"0","impressions":"13"},{"id":"2462","ad":"4","group":"0","thetime":"1521676800","clicks":"0","impressions":"6"},{"id":"2463","ad":"4","group":"0","thetime":"1521763200","clicks":"0","impressions":"4"},{"id":"2464","ad":"4","group":"0","thetime":"1521849600","clicks":"0","impressions":"4"},{"id":"2465","ad":"4","group":"0","thetime":"1521936000","clicks":"0","impressions":"8"},{"id":"2466","ad":"4","group":"0","thetime":"1522022400","clicks":"0","impressions":"9"},{"id":"2467","ad":"4","group":"0","thetime":"1522108800","clicks":"0","impressions":"10"},{"id":"2468","ad":"4","group":"0","thetime":"1522195200","clicks":"0","impressions":"9"},{"id":"2469","ad":"4","group":"0","thetime":"1522281600","clicks":"0","impressions":"7"},{"id":"2470","ad":"4","group":"0","thetime":"1522368000","clicks":"0","impressions":"8"},{"id":"2471","ad":"4","group":"0","thetime":"1522454400","clicks":"0","impressions":"6"},{"id":"2472","ad":"4","group":"0","thetime":"1522540800","clicks":"0","impressions":"4"},{"id":"2473","ad":"4","group":"0","thetime":"1522627200","clicks":"0","impressions":"4"},{"id":"2474","ad":"4","group":"0","thetime":"1522713600","clicks":"0","impressions":"7"},{"id":"2475","ad":"4","group":"0","thetime":"1522800000","clicks":"0","impressions":"7"},{"id":"2476","ad":"4","group":"0","thetime":"1522886400","clicks":"0","impressions":"12"},{"id":"2477","ad":"4","group":"0","thetime":"1522972800","clicks":"0","impressions":"9"},{"id":"2478","ad":"4","group":"0","thetime":"1523059200","clicks":"0","impressions":"5"},{"id":"2479","ad":"4","group":"0","thetime":"1523145600","clicks":"0","impressions":"5"},{"id":"2480","ad":"4","group":"0","thetime":"1523232000","clicks":"0","impressions":"6"},{"id":"2481","ad":"4","group":"0","thetime":"1523318400","clicks":"0","impressions":"5"},{"id":"2482","ad":"4","group":"0","thetime":"1523404800","clicks":"0","impressions":"8"},{"id":"2483","ad":"4","group":"0","thetime":"1523491200","clicks":"0","impressions":"6"},{"id":"2484","ad":"4","group":"0","thetime":"1523577600","clicks":"0","impressions":"3"},{"id":"2485","ad":"4","group":"0","thetime":"1523664000","clicks":"0","impressions":"1"},{"id":"2486","ad":"4","group":"0","thetime":"1523750400","clicks":"0","impressions":"3"},{"id":"2487","ad":"4","group":"0","thetime":"1523836800","clicks":"0","impressions":"7"},{"id":"2488","ad":"4","group":"0","thetime":"1523923200","clicks":"0","impressions":"5"},{"id":"2489","ad":"4","group":"0","thetime":"1524009600","clicks":"0","impressions":"8"},{"id":"2490","ad":"4","group":"0","thetime":"1524096000","clicks":"0","impressions":"2"},{"id":"2491","ad":"4","group":"0","thetime":"1524182400","clicks":"0","impressions":"5"},{"id":"2492","ad":"4","group":"0","thetime":"1524268800","clicks":"0","impressions":"7"},{"id":"2493","ad":"4","group":"0","thetime":"1524355200","clicks":"0","impressions":"4"},{"id":"2494","ad":"4","group":"0","thetime":"1524441600","clicks":"0","impressions":"16"},{"id":"2495","ad":"4","group":"0","thetime":"1524528000","clicks":"0","impressions":"21"},{"id":"2496","ad":"4","group":"0","thetime":"1524614400","clicks":"0","impressions":"10"},{"id":"2497","ad":"4","group":"0","thetime":"1524700800","clicks":"0","impressions":"15"},{"id":"2498","ad":"4","group":"0","thetime":"1524787200","clicks":"0","impressions":"7"},{"id":"2499","ad":"4","group":"0","thetime":"1524873600","clicks":"0","impressions":"4"},{"id":"2500","ad":"4","group":"0","thetime":"1524960000","clicks":"0","impressions":"2"},{"id":"2501","ad":"4","group":"0","thetime":"1525046400","clicks":"0","impressions":"2"},{"id":"2502","ad":"4","group":"0","thetime":"1525132800","clicks":"0","impressions":"4"},{"id":"2503","ad":"4","group":"0","thetime":"1525219200","clicks":"0","impressions":"4"},{"id":"2504","ad":"4","group":"0","thetime":"1525305600","clicks":"0","impressions":"7"},{"id":"2505","ad":"4","group":"0","thetime":"1525392000","clicks":"0","impressions":"2"},{"id":"2506","ad":"4","group":"0","thetime":"1525478400","clicks":"0","impressions":"2"},{"id":"2507","ad":"4","group":"0","thetime":"1525564800","clicks":"0","impressions":"3"},{"id":"2508","ad":"4","group":"0","thetime":"1525651200","clicks":"0","impressions":"3"},{"id":"2509","ad":"4","group":"0","thetime":"1525737600","clicks":"0","impressions":"8"},{"id":"2510","ad":"4","group":"0","thetime":"1525824000","clicks":"0","impressions":"3"},{"id":"2511","ad":"4","group":"0","thetime":"1525910400","clicks":"0","impressions":"4"},{"id":"2512","ad":"4","group":"0","thetime":"1525996800","clicks":"0","impressions":"2"},{"id":"2513","ad":"4","group":"0","thetime":"1526083200","clicks":"0","impressions":"3"},{"id":"2514","ad":"4","group":"0","thetime":"1526169600","clicks":"0","impressions":"5"},{"id":"2515","ad":"4","group":"0","thetime":"1526256000","clicks":"0","impressions":"5"},{"id":"2516","ad":"4","group":"0","thetime":"1526342400","clicks":"0","impressions":"5"},{"id":"2517","ad":"4","group":"0","thetime":"1526428800","clicks":"0","impressions":"7"},{"id":"2518","ad":"4","group":"0","thetime":"1526515200","clicks":"0","impressions":"7"},{"id":"2519","ad":"4","group":"0","thetime":"1526601600","clicks":"0","impressions":"4"},{"id":"2520","ad":"4","group":"0","thetime":"1526688000","clicks":"0","impressions":"2"},{"id":"2521","ad":"4","group":"0","thetime":"1526774400","clicks":"0","impressions":"3"},{"id":"2522","ad":"4","group":"0","thetime":"1526860800","clicks":"0","impressions":"2"},{"id":"2523","ad":"4","group":"0","thetime":"1526947200","clicks":"0","impressions":"4"},{"id":"2524","ad":"4","group":"0","thetime":"1527033600","clicks":"0","impressions":"9"},{"id":"2525","ad":"4","group":"0","thetime":"1527120000","clicks":"0","impressions":"2"},{"id":"2526","ad":"4","group":"0","thetime":"1527206400","clicks":"0","impressions":"10"},{"id":"2527","ad":"4","group":"0","thetime":"1527292800","clicks":"0","impressions":"5"},{"id":"2528","ad":"4","group":"0","thetime":"1527465600","clicks":"0","impressions":"4"},{"id":"2529","ad":"4","group":"0","thetime":"1527552000","clicks":"0","impressions":"7"},{"id":"2530","ad":"4","group":"0","thetime":"1527638400","clicks":"0","impressions":"6"},{"id":"2531","ad":"4","group":"0","thetime":"1527724800","clicks":"0","impressions":"4"},{"id":"2532","ad":"4","group":"0","thetime":"1527811200","clicks":"0","impressions":"6"},{"id":"2533","ad":"4","group":"0","thetime":"1527897600","clicks":"0","impressions":"1"},{"id":"2534","ad":"4","group":"0","thetime":"1528070400","clicks":"0","impressions":"2"},{"id":"2535","ad":"4","group":"0","thetime":"1528243200","clicks":"0","impressions":"3"},{"id":"2536","ad":"4","group":"0","thetime":"1528329600","clicks":"1","impressions":"11"},{"id":"2537","ad":"4","group":"0","thetime":"1528416000","clicks":"0","impressions":"3"},{"id":"2538","ad":"4","group":"0","thetime":"1528502400","clicks":"0","impressions":"7"},{"id":"2539","ad":"4","group":"0","thetime":"1528588800","clicks":"0","impressions":"3"},{"id":"2540","ad":"4","group":"0","thetime":"1528675200","clicks":"0","impressions":"5"},{"id":"2541","ad":"4","group":"0","thetime":"1528761600","clicks":"0","impressions":"5"},{"id":"2542","ad":"4","group":"0","thetime":"1528848000","clicks":"0","impressions":"5"},{"id":"2543","ad":"4","group":"0","thetime":"1528934400","clicks":"0","impressions":"6"},{"id":"2544","ad":"4","group":"0","thetime":"1529020800","clicks":"0","impressions":"3"},{"id":"2545","ad":"4","group":"0","thetime":"1529107200","clicks":"0","impressions":"2"},{"id":"2546","ad":"4","group":"0","thetime":"1529193600","clicks":"0","impressions":"6"},{"id":"2547","ad":"4","group":"0","thetime":"1529280000","clicks":"0","impressions":"7"},{"id":"2548","ad":"4","group":"0","thetime":"1529366400","clicks":"0","impressions":"6"},{"id":"2549","ad":"4","group":"0","thetime":"1529452800","clicks":"0","impressions":"4"},{"id":"2550","ad":"4","group":"0","thetime":"1529539200","clicks":"0","impressions":"4"},{"id":"2551","ad":"4","group":"0","thetime":"1529625600","clicks":"0","impressions":"3"},{"id":"2552","ad":"4","group":"0","thetime":"1529712000","clicks":"0","impressions":"1"},{"id":"2553","ad":"4","group":"0","thetime":"1529798400","clicks":"0","impressions":"4"},{"id":"2554","ad":"4","group":"0","thetime":"1529884800","clicks":"0","impressions":"3"},{"id":"2555","ad":"4","group":"0","thetime":"1529971200","clicks":"0","impressions":"2"},{"id":"2556","ad":"4","group":"0","thetime":"1530057600","clicks":"0","impressions":"11"},{"id":"2557","ad":"4","group":"0","thetime":"1530144000","clicks":"0","impressions":"42"},{"id":"2558","ad":"4","group":"0","thetime":"1530230400","clicks":"0","impressions":"4"},{"id":"2559","ad":"4","group":"0","thetime":"1530316800","clicks":"0","impressions":"5"},{"id":"2560","ad":"4","group":"0","thetime":"1530403200","clicks":"0","impressions":"3"},{"id":"2561","ad":"4","group":"0","thetime":"1530489600","clicks":"0","impressions":"4"},{"id":"2562","ad":"4","group":"0","thetime":"1530576000","clicks":"0","impressions":"1"},{"id":"2563","ad":"4","group":"0","thetime":"1530662400","clicks":"0","impressions":"2"},{"id":"2564","ad":"4","group":"0","thetime":"1530748800","clicks":"0","impressions":"2"},{"id":"2565","ad":"4","group":"0","thetime":"1530835200","clicks":"0","impressions":"4"},{"id":"2566","ad":"4","group":"0","thetime":"1530921600","clicks":"0","impressions":"4"},{"id":"2567","ad":"4","group":"0","thetime":"1531008000","clicks":"0","impressions":"2"},{"id":"2568","ad":"4","group":"0","thetime":"1531094400","clicks":"0","impressions":"1"},{"id":"2569","ad":"4","group":"0","thetime":"1531180800","clicks":"0","impressions":"2"},{"id":"2570","ad":"4","group":"0","thetime":"1531267200","clicks":"0","impressions":"5"},{"id":"2571","ad":"4","group":"0","thetime":"1531353600","clicks":"0","impressions":"6"},{"id":"2572","ad":"4","group":"0","thetime":"1531440000","clicks":"0","impressions":"2"},{"id":"2573","ad":"4","group":"0","thetime":"1531526400","clicks":"0","impressions":"3"},{"id":"2574","ad":"4","group":"0","thetime":"1531612800","clicks":"0","impressions":"2"},{"id":"2575","ad":"4","group":"0","thetime":"1531699200","clicks":"0","impressions":"4"},{"id":"2576","ad":"4","group":"0","thetime":"1531785600","clicks":"0","impressions":"8"},{"id":"2577","ad":"4","group":"0","thetime":"1531872000","clicks":"0","impressions":"5"},{"id":"2578","ad":"4","group":"0","thetime":"1531958400","clicks":"0","impressions":"3"},{"id":"2579","ad":"4","group":"0","thetime":"1532044800","clicks":"0","impressions":"2"},{"id":"2580","ad":"4","group":"0","thetime":"1532131200","clicks":"0","impressions":"1"},{"id":"2581","ad":"4","group":"0","thetime":"1532304000","clicks":"0","impressions":"1"},{"id":"2582","ad":"4","group":"0","thetime":"1532390400","clicks":"0","impressions":"4"},{"id":"2583","ad":"4","group":"0","thetime":"1532476800","clicks":"0","impressions":"7"},{"id":"2584","ad":"4","group":"0","thetime":"1532563200","clicks":"0","impressions":"4"},{"id":"2585","ad":"4","group":"0","thetime":"1532649600","clicks":"0","impressions":"5"},{"id":"2586","ad":"4","group":"0","thetime":"1532736000","clicks":"0","impressions":"3"},{"id":"2587","ad":"4","group":"0","thetime":"1532822400","clicks":"0","impressions":"4"},{"id":"2588","ad":"4","group":"0","thetime":"1532908800","clicks":"0","impressions":"4"},{"id":"2589","ad":"4","group":"0","thetime":"1532995200","clicks":"0","impressions":"3"},{"id":"2590","ad":"4","group":"0","thetime":"1533081600","clicks":"0","impressions":"5"},{"id":"2591","ad":"4","group":"0","thetime":"1533168000","clicks":"0","impressions":"1"},{"id":"2592","ad":"4","group":"0","thetime":"1533254400","clicks":"0","impressions":"1"},{"id":"2593","ad":"4","group":"0","thetime":"1533340800","clicks":"0","impressions":"5"},{"id":"2594","ad":"4","group":"0","thetime":"1533427200","clicks":"0","impressions":"3"},{"id":"2595","ad":"4","group":"0","thetime":"1533513600","clicks":"0","impressions":"2"},{"id":"2596","ad":"4","group":"0","thetime":"1533600000","clicks":"0","impressions":"7"},{"id":"2597","ad":"4","group":"0","thetime":"1533686400","clicks":"0","impressions":"6"},{"id":"2598","ad":"4","group":"0","thetime":"1533772800","clicks":"0","impressions":"5"},{"id":"2599","ad":"4","group":"0","thetime":"1533859200","clicks":"0","impressions":"10"},{"id":"2600","ad":"4","group":"0","thetime":"1534032000","clicks":"0","impressions":"5"},{"id":"2601","ad":"4","group":"0","thetime":"1534118400","clicks":"0","impressions":"9"},{"id":"2602","ad":"4","group":"0","thetime":"1534204800","clicks":"0","impressions":"4"},{"id":"2603","ad":"4","group":"0","thetime":"1534291200","clicks":"0","impressions":"9"},{"id":"2604","ad":"4","group":"0","thetime":"1534377600","clicks":"0","impressions":"4"},{"id":"2605","ad":"4","group":"0","thetime":"1534464000","clicks":"0","impressions":"5"},{"id":"2606","ad":"4","group":"0","thetime":"1534550400","clicks":"0","impressions":"3"},{"id":"2607","ad":"4","group":"0","thetime":"1534636800","clicks":"0","impressions":"1"},{"id":"2608","ad":"4","group":"0","thetime":"1534723200","clicks":"0","impressions":"3"},{"id":"2609","ad":"4","group":"0","thetime":"1534809600","clicks":"0","impressions":"2"},{"id":"2610","ad":"4","group":"0","thetime":"1534896000","clicks":"0","impressions":"6"},{"id":"2611","ad":"4","group":"0","thetime":"1534982400","clicks":"0","impressions":"1"},{"id":"2612","ad":"4","group":"0","thetime":"1535068800","clicks":"0","impressions":"2"},{"id":"2613","ad":"4","group":"0","thetime":"1535155200","clicks":"0","impressions":"2"},{"id":"2614","ad":"4","group":"0","thetime":"1535241600","clicks":"0","impressions":"2"},{"id":"2615","ad":"4","group":"0","thetime":"1535328000","clicks":"0","impressions":"3"},{"id":"2616","ad":"4","group":"0","thetime":"1535414400","clicks":"0","impressions":"4"},{"id":"2617","ad":"4","group":"0","thetime":"1535500800","clicks":"0","impressions":"2"},{"id":"2618","ad":"4","group":"0","thetime":"1535587200","clicks":"0","impressions":"2"},{"id":"2619","ad":"4","group":"0","thetime":"1535673600","clicks":"0","impressions":"2"},{"id":"2620","ad":"4","group":"0","thetime":"1535846400","clicks":"0","impressions":"5"},{"id":"2621","ad":"4","group":"0","thetime":"1535932800","clicks":"0","impressions":"3"},{"id":"2622","ad":"4","group":"0","thetime":"1536019200","clicks":"0","impressions":"2"},{"id":"2623","ad":"4","group":"0","thetime":"1536105600","clicks":"0","impressions":"2"},{"id":"2624","ad":"4","group":"0","thetime":"1536278400","clicks":"0","impressions":"3"},{"id":"2625","ad":"4","group":"0","thetime":"1536364800","clicks":"0","impressions":"1"},{"id":"2626","ad":"4","group":"0","thetime":"1536451200","clicks":"0","impressions":"4"},{"id":"2627","ad":"4","group":"0","thetime":"1536537600","clicks":"0","impressions":"2"},{"id":"2628","ad":"4","group":"0","thetime":"1536624000","clicks":"0","impressions":"3"},{"id":"2629","ad":"4","group":"0","thetime":"1536710400","clicks":"0","impressions":"3"},{"id":"2630","ad":"4","group":"0","thetime":"1536796800","clicks":"0","impressions":"3"},{"id":"2631","ad":"4","group":"0","thetime":"1536883200","clicks":"0","impressions":"1"},{"id":"2632","ad":"4","group":"0","thetime":"1537056000","clicks":"0","impressions":"2"},{"id":"2633","ad":"4","group":"0","thetime":"1537142400","clicks":"0","impressions":"2"},{"id":"2634","ad":"4","group":"0","thetime":"1537228800","clicks":"0","impressions":"3"},{"id":"2635","ad":"4","group":"0","thetime":"1537315200","clicks":"0","impressions":"3"},{"id":"2636","ad":"4","group":"0","thetime":"1537401600","clicks":"0","impressions":"1"},{"id":"2637","ad":"4","group":"0","thetime":"1537488000","clicks":"0","impressions":"5"},{"id":"2638","ad":"4","group":"0","thetime":"1537574400","clicks":"0","impressions":"2"},{"id":"2639","ad":"4","group":"0","thetime":"1537660800","clicks":"0","impressions":"1"},{"id":"2640","ad":"4","group":"0","thetime":"1537747200","clicks":"0","impressions":"6"},{"id":"2641","ad":"4","group":"0","thetime":"1537833600","clicks":"0","impressions":"2"},{"id":"2642","ad":"4","group":"0","thetime":"1537920000","clicks":"0","impressions":"1"},{"id":"2643","ad":"4","group":"0","thetime":"1538006400","clicks":"0","impressions":"2"},{"id":"2644","ad":"4","group":"0","thetime":"1538092800","clicks":"0","impressions":"2"},{"id":"2645","ad":"4","group":"0","thetime":"1538179200","clicks":"0","impressions":"3"},{"id":"2646","ad":"4","group":"0","thetime":"1538265600","clicks":"0","impressions":"4"},{"id":"2647","ad":"4","group":"0","thetime":"1538352000","clicks":"0","impressions":"1"},{"id":"2648","ad":"4","group":"0","thetime":"1538438400","clicks":"0","impressions":"2"},{"id":"2649","ad":"4","group":"0","thetime":"1538524800","clicks":"0","impressions":"2"},{"id":"2650","ad":"4","group":"0","thetime":"1538611200","clicks":"0","impressions":"1"},{"id":"2651","ad":"4","group":"0","thetime":"1538697600","clicks":"0","impressions":"3"},{"id":"2652","ad":"4","group":"0","thetime":"1538784000","clicks":"0","impressions":"3"},{"id":"2653","ad":"4","group":"0","thetime":"1538956800","clicks":"0","impressions":"1"},{"id":"2654","ad":"4","group":"0","thetime":"1539043200","clicks":"0","impressions":"1"},{"id":"2655","ad":"4","group":"0","thetime":"1539129600","clicks":"0","impressions":"3"},{"id":"2656","ad":"4","group":"0","thetime":"1539216000","clicks":"0","impressions":"2"},{"id":"2657","ad":"4","group":"0","thetime":"1539302400","clicks":"0","impressions":"4"},{"id":"2658","ad":"4","group":"0","thetime":"1539388800","clicks":"0","impressions":"2"},{"id":"2659","ad":"4","group":"0","thetime":"1539475200","clicks":"0","impressions":"3"},{"id":"2660","ad":"4","group":"0","thetime":"1539561600","clicks":"0","impressions":"1"},{"id":"2661","ad":"4","group":"0","thetime":"1539648000","clicks":"0","impressions":"3"},{"id":"2662","ad":"4","group":"0","thetime":"1539734400","clicks":"0","impressions":"2"},{"id":"2663","ad":"4","group":"0","thetime":"1539820800","clicks":"0","impressions":"6"},{"id":"2664","ad":"4","group":"0","thetime":"1539907200","clicks":"0","impressions":"6"},{"id":"2665","ad":"4","group":"0","thetime":"1539993600","clicks":"0","impressions":"1"},{"id":"2666","ad":"4","group":"0","thetime":"1540080000","clicks":"0","impressions":"1"},{"id":"2667","ad":"4","group":"0","thetime":"1540166400","clicks":"0","impressions":"4"},{"id":"2668","ad":"4","group":"0","thetime":"1540252800","clicks":"0","impressions":"1"},{"id":"2669","ad":"4","group":"0","thetime":"1540339200","clicks":"0","impressions":"1"},{"id":"2670","ad":"4","group":"0","thetime":"1540425600","clicks":"0","impressions":"2"},{"id":"2671","ad":"4","group":"0","thetime":"1540512000","clicks":"0","impressions":"3"},{"id":"2672","ad":"4","group":"0","thetime":"1540598400","clicks":"0","impressions":"6"},{"id":"2673","ad":"4","group":"0","thetime":"1540684800","clicks":"0","impressions":"2"},{"id":"2674","ad":"4","group":"0","thetime":"1540771200","clicks":"0","impressions":"3"},{"id":"2675","ad":"4","group":"0","thetime":"1540857600","clicks":"0","impressions":"5"},{"id":"2676","ad":"4","group":"0","thetime":"1540944000","clicks":"0","impressions":"8"},{"id":"2677","ad":"4","group":"0","thetime":"1541030400","clicks":"0","impressions":"1"},{"id":"2678","ad":"4","group":"0","thetime":"1541116800","clicks":"0","impressions":"1"},{"id":"2679","ad":"4","group":"0","thetime":"1541203200","clicks":"0","impressions":"1"},{"id":"2680","ad":"4","group":"0","thetime":"1541289600","clicks":"0","impressions":"1"},{"id":"2681","ad":"4","group":"0","thetime":"1541376000","clicks":"0","impressions":"2"},{"id":"2682","ad":"4","group":"0","thetime":"1541462400","clicks":"0","impressions":"3"},{"id":"2683","ad":"4","group":"0","thetime":"1541548800","clicks":"0","impressions":"3"},{"id":"2684","ad":"4","group":"0","thetime":"1541635200","clicks":"0","impressions":"2"},{"id":"2685","ad":"4","group":"0","thetime":"1541721600","clicks":"0","impressions":"2"},{"id":"2686","ad":"4","group":"0","thetime":"1541808000","clicks":"0","impressions":"4"},{"id":"2687","ad":"4","group":"0","thetime":"1541894400","clicks":"0","impressions":"3"},{"id":"2688","ad":"4","group":"0","thetime":"1541980800","clicks":"0","impressions":"2"},{"id":"2689","ad":"4","group":"0","thetime":"1542067200","clicks":"0","impressions":"5"},{"id":"2690","ad":"4","group":"0","thetime":"1542153600","clicks":"0","impressions":"3"},{"id":"2691","ad":"4","group":"0","thetime":"1542240000","clicks":"0","impressions":"2"},{"id":"2692","ad":"4","group":"0","thetime":"1542326400","clicks":"0","impressions":"4"},{"id":"2693","ad":"4","group":"0","thetime":"1542412800","clicks":"0","impressions":"7"},{"id":"2694","ad":"4","group":"0","thetime":"1542499200","clicks":"0","impressions":"5"},{"id":"2695","ad":"4","group":"0","thetime":"1542672000","clicks":"0","impressions":"3"},{"id":"2696","ad":"4","group":"0","thetime":"1542758400","clicks":"0","impressions":"10"},{"id":"2697","ad":"4","group":"0","thetime":"1542844800","clicks":"0","impressions":"2"},{"id":"2698","ad":"4","group":"0","thetime":"1542931200","clicks":"0","impressions":"3"},{"id":"2699","ad":"4","group":"0","thetime":"1543017600","clicks":"0","impressions":"1"},{"id":"2700","ad":"4","group":"0","thetime":"1543104000","clicks":"0","impressions":"1"},{"id":"2701","ad":"4","group":"0","thetime":"1543190400","clicks":"0","impressions":"3"},{"id":"2702","ad":"4","group":"0","thetime":"1543276800","clicks":"0","impressions":"10"},{"id":"2703","ad":"4","group":"0","thetime":"1543363200","clicks":"0","impressions":"2"},{"id":"2704","ad":"4","group":"0","thetime":"1543449600","clicks":"0","impressions":"1"},{"id":"2705","ad":"4","group":"0","thetime":"1543536000","clicks":"0","impressions":"4"},{"id":"2706","ad":"4","group":"0","thetime":"1543622400","clicks":"0","impressions":"3"},{"id":"2707","ad":"4","group":"0","thetime":"1543708800","clicks":"0","impressions":"3"},{"id":"2708","ad":"4","group":"0","thetime":"1543795200","clicks":"0","impressions":"4"},{"id":"2709","ad":"4","group":"0","thetime":"1543881600","clicks":"0","impressions":"5"},{"id":"2710","ad":"4","group":"0","thetime":"1543968000","clicks":"0","impressions":"2"},{"id":"2711","ad":"4","group":"0","thetime":"1544054400","clicks":"0","impressions":"3"},{"id":"2712","ad":"4","group":"0","thetime":"1544140800","clicks":"0","impressions":"4"},{"id":"2713","ad":"4","group":"0","thetime":"1544227200","clicks":"0","impressions":"1"},{"id":"2714","ad":"4","group":"0","thetime":"1544400000","clicks":"0","impressions":"3"},{"id":"2715","ad":"4","group":"0","thetime":"1544486400","clicks":"0","impressions":"5"},{"id":"2716","ad":"4","group":"0","thetime":"1544572800","clicks":"0","impressions":"2"},{"id":"2717","ad":"4","group":"0","thetime":"1544745600","clicks":"0","impressions":"3"},{"id":"2718","ad":"4","group":"0","thetime":"1545004800","clicks":"0","impressions":"6"},{"id":"2719","ad":"4","group":"0","thetime":"1545091200","clicks":"0","impressions":"1"},{"id":"2720","ad":"4","group":"0","thetime":"1545177600","clicks":"0","impressions":"2"},{"id":"2721","ad":"4","group":"0","thetime":"1545264000","clicks":"0","impressions":"4"},{"id":"2722","ad":"4","group":"0","thetime":"1545350400","clicks":"0","impressions":"14"},{"id":"2723","ad":"4","group":"0","thetime":"1545436800","clicks":"0","impressions":"1"},{"id":"2724","ad":"4","group":"0","thetime":"1545609600","clicks":"0","impressions":"1"},{"id":"2725","ad":"4","group":"0","thetime":"1545696000","clicks":"0","impressions":"6"},{"id":"2726","ad":"4","group":"0","thetime":"1545782400","clicks":"0","impressions":"7"},{"id":"2727","ad":"4","group":"0","thetime":"1545868800","clicks":"0","impressions":"3"},{"id":"2728","ad":"4","group":"0","thetime":"1545955200","clicks":"0","impressions":"5"},{"id":"2729","ad":"4","group":"0","thetime":"1546041600","clicks":"0","impressions":"5"},{"id":"2730","ad":"4","group":"0","thetime":"1546128000","clicks":"0","impressions":"6"},{"id":"2731","ad":"4","group":"0","thetime":"1546214400","clicks":"0","impressions":"1"},{"id":"2732","ad":"4","group":"0","thetime":"1546300800","clicks":"0","impressions":"2"},{"id":"2733","ad":"4","group":"0","thetime":"1546387200","clicks":"0","impressions":"6"},{"id":"2734","ad":"4","group":"0","thetime":"1546473600","clicks":"0","impressions":"3"},{"id":"2735","ad":"4","group":"0","thetime":"1546560000","clicks":"0","impressions":"1"},{"id":"2736","ad":"4","group":"0","thetime":"1546646400","clicks":"0","impressions":"2"},{"id":"2737","ad":"4","group":"0","thetime":"1546732800","clicks":"0","impressions":"3"},{"id":"2738","ad":"4","group":"0","thetime":"1546819200","clicks":"0","impressions":"4"},{"id":"2739","ad":"4","group":"0","thetime":"1546905600","clicks":"0","impressions":"8"},{"id":"2740","ad":"4","group":"0","thetime":"1546992000","clicks":"0","impressions":"1"},{"id":"2741","ad":"4","group":"0","thetime":"1547078400","clicks":"0","impressions":"1"},{"id":"2742","ad":"4","group":"0","thetime":"1547164800","clicks":"0","impressions":"2"},{"id":"2743","ad":"4","group":"0","thetime":"1547337600","clicks":"1","impressions":"2"},{"id":"2744","ad":"4","group":"0","thetime":"1547424000","clicks":"0","impressions":"2"},{"id":"2745","ad":"4","group":"0","thetime":"1547596800","clicks":"0","impressions":"1"},{"id":"2746","ad":"4","group":"0","thetime":"1547683200","clicks":"0","impressions":"1"},{"id":"2747","ad":"4","group":"0","thetime":"1547769600","clicks":"0","impressions":"1"},{"id":"2748","ad":"4","group":"0","thetime":"1548028800","clicks":"0","impressions":"5"},{"id":"2749","ad":"4","group":"0","thetime":"1548115200","clicks":"0","impressions":"3"},{"id":"2750","ad":"4","group":"0","thetime":"1548201600","clicks":"0","impressions":"3"},{"id":"2751","ad":"4","group":"0","thetime":"1548288000","clicks":"0","impressions":"3"},{"id":"2752","ad":"4","group":"0","thetime":"1548374400","clicks":"0","impressions":"1"},{"id":"2753","ad":"4","group":"0","thetime":"1548633600","clicks":"0","impressions":"4"},{"id":"2754","ad":"4","group":"0","thetime":"1548720000","clicks":"0","impressions":"4"},{"id":"2755","ad":"4","group":"0","thetime":"1548806400","clicks":"0","impressions":"2"},{"id":"2756","ad":"4","group":"0","thetime":"1548979200","clicks":"0","impressions":"2"},{"id":"2757","ad":"4","group":"0","thetime":"1549065600","clicks":"0","impressions":"2"},{"id":"2758","ad":"4","group":"0","thetime":"1549152000","clicks":"0","impressions":"1"},{"id":"2759","ad":"4","group":"0","thetime":"1549238400","clicks":"0","impressions":"3"},{"id":"2760","ad":"4","group":"0","thetime":"1549324800","clicks":"0","impressions":"1"},{"id":"2761","ad":"4","group":"0","thetime":"1549411200","clicks":"0","impressions":"3"},{"id":"2762","ad":"4","group":"0","thetime":"1549497600","clicks":"0","impressions":"1"},{"id":"2763","ad":"4","group":"0","thetime":"1549584000","clicks":"0","impressions":"1"},{"id":"2764","ad":"4","group":"0","thetime":"1549670400","clicks":"0","impressions":"4"},{"id":"2765","ad":"4","group":"0","thetime":"1549756800","clicks":"0","impressions":"2"},{"id":"2766","ad":"4","group":"0","thetime":"1549929600","clicks":"0","impressions":"3"},{"id":"2767","ad":"4","group":"0","thetime":"1550102400","clicks":"0","impressions":"1"},{"id":"2768","ad":"4","group":"0","thetime":"1550448000","clicks":"0","impressions":"4"},{"id":"2769","ad":"4","group":"0","thetime":"1550534400","clicks":"0","impressions":"1"},{"id":"2770","ad":"4","group":"0","thetime":"1550793600","clicks":"0","impressions":"2"},{"id":"2771","ad":"4","group":"0","thetime":"1550880000","clicks":"0","impressions":"1"},{"id":"2772","ad":"4","group":"0","thetime":"1551052800","clicks":"0","impressions":"1"},{"id":"2773","ad":"4","group":"0","thetime":"1551139200","clicks":"0","impressions":"7"},{"id":"2774","ad":"4","group":"0","thetime":"1551225600","clicks":"0","impressions":"6"},{"id":"2775","ad":"4","group":"0","thetime":"1551312000","clicks":"0","impressions":"4"},{"id":"2776","ad":"4","group":"0","thetime":"1551398400","clicks":"0","impressions":"1"},{"id":"2777","ad":"4","group":"0","thetime":"1551657600","clicks":"0","impressions":"3"},{"id":"2778","ad":"4","group":"0","thetime":"1551744000","clicks":"0","impressions":"5"},{"id":"2779","ad":"4","group":"0","thetime":"1551830400","clicks":"0","impressions":"5"},{"id":"2780","ad":"4","group":"0","thetime":"1551916800","clicks":"0","impressions":"1"},{"id":"2781","ad":"4","group":"0","thetime":"1552003200","clicks":"0","impressions":"1"},{"id":"2782","ad":"4","group":"0","thetime":"1552089600","clicks":"0","impressions":"4"},{"id":"2783","ad":"4","group":"0","thetime":"1552262400","clicks":"0","impressions":"2"},{"id":"2784","ad":"4","group":"0","thetime":"1552348800","clicks":"0","impressions":"4"},{"id":"2785","ad":"4","group":"0","thetime":"1552435200","clicks":"0","impressions":"5"},{"id":"2786","ad":"4","group":"0","thetime":"1552521600","clicks":"0","impressions":"2"},{"id":"2787","ad":"4","group":"0","thetime":"1552608000","clicks":"0","impressions":"9"},{"id":"2788","ad":"4","group":"0","thetime":"1552694400","clicks":"0","impressions":"3"},{"id":"2789","ad":"4","group":"0","thetime":"1552953600","clicks":"0","impressions":"2"},{"id":"2790","ad":"4","group":"0","thetime":"1553040000","clicks":"0","impressions":"2"},{"id":"2791","ad":"4","group":"0","thetime":"1553126400","clicks":"0","impressions":"2"},{"id":"2792","ad":"4","group":"0","thetime":"1553212800","clicks":"0","impressions":"4"},{"id":"2793","ad":"4","group":"0","thetime":"1553385600","clicks":"0","impressions":"8"},{"id":"2794","ad":"4","group":"0","thetime":"1553472000","clicks":"0","impressions":"6"},{"id":"2795","ad":"4","group":"0","thetime":"1553558400","clicks":"0","impressions":"2"},{"id":"2796","ad":"4","group":"0","thetime":"1553644800","clicks":"0","impressions":"6"},{"id":"2797","ad":"4","group":"0","thetime":"1553731200","clicks":"0","impressions":"5"},{"id":"2798","ad":"4","group":"0","thetime":"1553817600","clicks":"0","impressions":"1"},{"id":"2799","ad":"4","group":"0","thetime":"1554076800","clicks":"0","impressions":"3"},{"id":"2800","ad":"4","group":"0","thetime":"1554163200","clicks":"0","impressions":"3"},{"id":"2801","ad":"4","group":"0","thetime":"1554249600","clicks":"0","impressions":"1"},{"id":"2802","ad":"4","group":"0","thetime":"1554336000","clicks":"0","impressions":"3"},{"id":"2803","ad":"4","group":"0","thetime":"1554422400","clicks":"0","impressions":"1"},{"id":"2804","ad":"4","group":"0","thetime":"1554681600","clicks":"0","impressions":"2"},{"id":"2805","ad":"4","group":"0","thetime":"1554768000","clicks":"0","impressions":"1"},{"id":"2806","ad":"4","group":"0","thetime":"1554854400","clicks":"0","impressions":"2"},{"id":"2807","ad":"4","group":"0","thetime":"1555027200","clicks":"0","impressions":"1"},{"id":"2808","ad":"4","group":"0","thetime":"1555113600","clicks":"0","impressions":"1"},{"id":"2809","ad":"4","group":"0","thetime":"1555286400","clicks":"0","impressions":"3"},{"id":"2810","ad":"4","group":"0","thetime":"1555372800","clicks":"0","impressions":"1"},{"id":"2811","ad":"4","group":"0","thetime":"1555459200","clicks":"0","impressions":"2"},{"id":"2812","ad":"4","group":"0","thetime":"1555545600","clicks":"0","impressions":"8"},{"id":"2813","ad":"4","group":"0","thetime":"1555718400","clicks":"0","impressions":"1"},{"id":"2814","ad":"4","group":"0","thetime":"1555804800","clicks":"0","impressions":"2"},{"id":"2815","ad":"4","group":"0","thetime":"1555891200","clicks":"0","impressions":"2"},{"id":"2816","ad":"4","group":"0","thetime":"1555977600","clicks":"0","impressions":"3"},{"id":"2817","ad":"4","group":"0","thetime":"1556064000","clicks":"0","impressions":"2"},{"id":"2818","ad":"4","group":"0","thetime":"1556150400","clicks":"0","impressions":"2"},{"id":"2819","ad":"4","group":"0","thetime":"1556323200","clicks":"0","impressions":"1"},{"id":"2820","ad":"4","group":"0","thetime":"1556409600","clicks":"0","impressions":"1"},{"id":"2821","ad":"4","group":"0","thetime":"1556496000","clicks":"0","impressions":"3"},{"id":"2822","ad":"4","group":"0","thetime":"1556582400","clicks":"0","impressions":"1"},{"id":"2823","ad":"4","group":"0","thetime":"1556668800","clicks":"0","impressions":"1"},{"id":"2824","ad":"4","group":"0","thetime":"1556755200","clicks":"0","impressions":"5"},{"id":"2825","ad":"4","group":"0","thetime":"1556928000","clicks":"0","impressions":"3"},{"id":"2826","ad":"4","group":"0","thetime":"1557100800","clicks":"0","impressions":"2"},{"id":"2827","ad":"4","group":"0","thetime":"1557187200","clicks":"0","impressions":"6"},{"id":"2828","ad":"4","group":"0","thetime":"1557273600","clicks":"0","impressions":"4"},{"id":"2829","ad":"4","group":"0","thetime":"1557360000","clicks":"0","impressions":"3"},{"id":"2830","ad":"4","group":"0","thetime":"1557446400","clicks":"0","impressions":"2"},{"id":"2831","ad":"4","group":"0","thetime":"1557532800","clicks":"0","impressions":"1"},{"id":"2832","ad":"4","group":"0","thetime":"1557619200","clicks":"0","impressions":"1"},{"id":"2833","ad":"4","group":"0","thetime":"1557792000","clicks":"0","impressions":"1"},{"id":"2834","ad":"4","group":"0","thetime":"1557878400","clicks":"0","impressions":"4"},{"id":"2835","ad":"4","group":"0","thetime":"1557964800","clicks":"0","impressions":"1"},{"id":"2836","ad":"4","group":"0","thetime":"1558051200","clicks":"0","impressions":"1"},{"id":"2837","ad":"4","group":"0","thetime":"1558137600","clicks":"0","impressions":"1"},{"id":"2838","ad":"4","group":"0","thetime":"1558224000","clicks":"0","impressions":"3"},{"id":"2839","ad":"4","group":"0","thetime":"1558310400","clicks":"0","impressions":"5"},{"id":"2840","ad":"4","group":"0","thetime":"1558483200","clicks":"0","impressions":"2"},{"id":"2841","ad":"4","group":"0","thetime":"1558569600","clicks":"0","impressions":"1"},{"id":"2842","ad":"4","group":"0","thetime":"1558656000","clicks":"0","impressions":"2"},{"id":"2843","ad":"4","group":"0","thetime":"1558915200","clicks":"0","impressions":"2"},{"id":"2844","ad":"4","group":"0","thetime":"1559001600","clicks":"0","impressions":"5"},{"id":"2845","ad":"4","group":"0","thetime":"1559088000","clicks":"0","impressions":"2"},{"id":"2846","ad":"4","group":"0","thetime":"1559347200","clicks":"0","impressions":"1"},{"id":"2847","ad":"4","group":"0","thetime":"1559520000","clicks":"0","impressions":"1"},{"id":"2848","ad":"4","group":"0","thetime":"1559606400","clicks":"0","impressions":"3"},{"id":"2849","ad":"4","group":"0","thetime":"1559692800","clicks":"0","impressions":"1"},{"id":"2850","ad":"4","group":"0","thetime":"1559779200","clicks":"0","impressions":"3"},{"id":"2851","ad":"4","group":"0","thetime":"1559865600","clicks":"0","impressions":"6"},{"id":"2852","ad":"4","group":"0","thetime":"1559952000","clicks":"0","impressions":"1"},{"id":"2853","ad":"4","group":"0","thetime":"1560038400","clicks":"0","impressions":"3"},{"id":"2854","ad":"4","group":"0","thetime":"1560124800","clicks":"0","impressions":"2"},{"id":"2855","ad":"4","group":"0","thetime":"1560211200","clicks":"0","impressions":"3"},{"id":"2856","ad":"4","group":"0","thetime":"1560297600","clicks":"0","impressions":"3"},{"id":"2857","ad":"4","group":"0","thetime":"1560384000","clicks":"0","impressions":"3"},{"id":"2858","ad":"4","group":"0","thetime":"1560470400","clicks":"0","impressions":"3"},{"id":"2859","ad":"4","group":"0","thetime":"1560643200","clicks":"0","impressions":"1"},{"id":"2860","ad":"4","group":"0","thetime":"1560729600","clicks":"0","impressions":"4"},{"id":"2861","ad":"4","group":"0","thetime":"1560816000","clicks":"0","impressions":"1"},{"id":"2862","ad":"4","group":"0","thetime":"1560902400","clicks":"0","impressions":"2"},{"id":"2863","ad":"4","group":"0","thetime":"1560988800","clicks":"0","impressions":"3"},{"id":"2864","ad":"4","group":"0","thetime":"1561075200","clicks":"0","impressions":"3"},{"id":"2865","ad":"4","group":"0","thetime":"1561161600","clicks":"0","impressions":"1"},{"id":"2866","ad":"4","group":"0","thetime":"1561248000","clicks":"0","impressions":"1"},{"id":"2867","ad":"4","group":"0","thetime":"1561334400","clicks":"0","impressions":"1"},{"id":"2868","ad":"4","group":"0","thetime":"1561420800","clicks":"0","impressions":"2"},{"id":"2869","ad":"4","group":"0","thetime":"1561507200","clicks":"0","impressions":"3"},{"id":"2870","ad":"4","group":"0","thetime":"1561593600","clicks":"0","impressions":"1"},{"id":"2871","ad":"4","group":"0","thetime":"1561680000","clicks":"0","impressions":"2"},{"id":"2872","ad":"4","group":"0","thetime":"1561852800","clicks":"0","impressions":"3"},{"id":"2873","ad":"4","group":"0","thetime":"1561939200","clicks":"0","impressions":"3"},{"id":"2874","ad":"4","group":"0","thetime":"1562025600","clicks":"0","impressions":"2"},{"id":"2875","ad":"4","group":"0","thetime":"1562112000","clicks":"0","impressions":"1"},{"id":"2876","ad":"4","group":"0","thetime":"1562198400","clicks":"0","impressions":"1"},{"id":"2877","ad":"4","group":"0","thetime":"1562284800","clicks":"0","impressions":"2"},{"id":"2878","ad":"4","group":"0","thetime":"1562371200","clicks":"0","impressions":"2"},{"id":"2879","ad":"4","group":"0","thetime":"1562457600","clicks":"0","impressions":"2"},{"id":"2880","ad":"4","group":"0","thetime":"1562544000","clicks":"0","impressions":"1"},{"id":"2881","ad":"4","group":"0","thetime":"1562630400","clicks":"0","impressions":"5"},{"id":"2882","ad":"4","group":"0","thetime":"1562716800","clicks":"0","impressions":"9"},{"id":"2883","ad":"4","group":"0","thetime":"1562889600","clicks":"0","impressions":"4"},{"id":"2884","ad":"4","group":"0","thetime":"1562976000","clicks":"0","impressions":"2"},{"id":"2885","ad":"4","group":"0","thetime":"1563062400","clicks":"0","impressions":"1"},{"id":"2886","ad":"4","group":"0","thetime":"1563148800","clicks":"0","impressions":"1"},{"id":"2887","ad":"4","group":"0","thetime":"1563235200","clicks":"0","impressions":"8"},{"id":"2888","ad":"4","group":"0","thetime":"1563321600","clicks":"0","impressions":"1"},{"id":"2889","ad":"4","group":"0","thetime":"1563408000","clicks":"0","impressions":"1"},{"id":"2890","ad":"4","group":"0","thetime":"1563494400","clicks":"0","impressions":"1"},{"id":"2891","ad":"4","group":"0","thetime":"1563580800","clicks":"0","impressions":"2"},{"id":"2892","ad":"4","group":"0","thetime":"1563667200","clicks":"0","impressions":"3"},{"id":"2893","ad":"4","group":"0","thetime":"1563753600","clicks":"0","impressions":"4"},{"id":"2894","ad":"4","group":"0","thetime":"1563926400","clicks":"0","impressions":"6"},{"id":"2895","ad":"4","group":"0","thetime":"1564012800","clicks":"0","impressions":"3"},{"id":"2896","ad":"4","group":"0","thetime":"1564099200","clicks":"0","impressions":"1"},{"id":"2897","ad":"4","group":"0","thetime":"1564185600","clicks":"0","impressions":"1"},{"id":"2898","ad":"4","group":"0","thetime":"1564272000","clicks":"0","impressions":"5"},{"id":"2899","ad":"4","group":"0","thetime":"1564358400","clicks":"0","impressions":"3"},{"id":"2900","ad":"4","group":"0","thetime":"1564444800","clicks":"0","impressions":"4"},{"id":"2901","ad":"4","group":"0","thetime":"1564531200","clicks":"0","impressions":"4"},{"id":"2902","ad":"4","group":"0","thetime":"1564617600","clicks":"0","impressions":"7"},{"id":"2903","ad":"4","group":"0","thetime":"1564704000","clicks":"0","impressions":"3"},{"id":"2904","ad":"4","group":"0","thetime":"1564790400","clicks":"0","impressions":"1"},{"id":"2905","ad":"4","group":"0","thetime":"1564876800","clicks":"0","impressions":"3"},{"id":"2906","ad":"4","group":"0","thetime":"1564963200","clicks":"0","impressions":"9"},{"id":"2907","ad":"4","group":"0","thetime":"1565049600","clicks":"0","impressions":"2"},{"id":"2908","ad":"4","group":"0","thetime":"1565136000","clicks":"0","impressions":"4"},{"id":"2909","ad":"4","group":"0","thetime":"1565222400","clicks":"0","impressions":"6"},{"id":"2910","ad":"4","group":"0","thetime":"1565308800","clicks":"0","impressions":"5"},{"id":"2911","ad":"4","group":"0","thetime":"1565395200","clicks":"0","impressions":"1"},{"id":"2912","ad":"4","group":"0","thetime":"1565481600","clicks":"0","impressions":"3"},{"id":"2913","ad":"4","group":"0","thetime":"1565654400","clicks":"0","impressions":"2"},{"id":"2914","ad":"4","group":"0","thetime":"1565740800","clicks":"0","impressions":"1"},{"id":"2915","ad":"4","group":"0","thetime":"1565827200","clicks":"0","impressions":"1"},{"id":"2916","ad":"4","group":"0","thetime":"1565913600","clicks":"0","impressions":"1"},{"id":"2917","ad":"4","group":"0","thetime":"1566000000","clicks":"0","impressions":"2"},{"id":"2918","ad":"4","group":"0","thetime":"1566086400","clicks":"0","impressions":"1"},{"id":"2919","ad":"4","group":"0","thetime":"1566172800","clicks":"0","impressions":"2"},{"id":"2920","ad":"4","group":"0","thetime":"1566259200","clicks":"0","impressions":"2"},{"id":"2921","ad":"4","group":"0","thetime":"1566345600","clicks":"0","impressions":"1"},{"id":"2922","ad":"4","group":"0","thetime":"1566432000","clicks":"0","impressions":"3"},{"id":"2923","ad":"4","group":"0","thetime":"1566518400","clicks":"0","impressions":"1"},{"id":"2924","ad":"4","group":"0","thetime":"1566604800","clicks":"0","impressions":"2"},{"id":"2925","ad":"4","group":"0","thetime":"1566691200","clicks":"0","impressions":"2"},{"id":"2926","ad":"4","group":"0","thetime":"1566864000","clicks":"0","impressions":"1"},{"id":"2927","ad":"4","group":"0","thetime":"1567036800","clicks":"0","impressions":"7"},{"id":"2928","ad":"4","group":"0","thetime":"1567123200","clicks":"0","impressions":"3"},{"id":"2929","ad":"4","group":"0","thetime":"1567296000","clicks":"0","impressions":"2"},{"id":"2930","ad":"4","group":"0","thetime":"1567382400","clicks":"0","impressions":"6"},{"id":"2931","ad":"4","group":"0","thetime":"1567468800","clicks":"0","impressions":"3"},{"id":"2932","ad":"4","group":"0","thetime":"1567555200","clicks":"0","impressions":"1"},{"id":"2933","ad":"4","group":"0","thetime":"1567641600","clicks":"0","impressions":"4"},{"id":"2934","ad":"4","group":"0","thetime":"1567728000","clicks":"0","impressions":"3"},{"id":"2935","ad":"4","group":"0","thetime":"1567814400","clicks":"0","impressions":"2"},{"id":"2936","ad":"4","group":"0","thetime":"1567900800","clicks":"0","impressions":"1"},{"id":"2937","ad":"4","group":"0","thetime":"1568073600","clicks":"0","impressions":"3"},{"id":"2938","ad":"4","group":"0","thetime":"1568160000","clicks":"0","impressions":"4"},{"id":"2939","ad":"4","group":"0","thetime":"1568246400","clicks":"0","impressions":"2"},{"id":"2940","ad":"4","group":"0","thetime":"1568332800","clicks":"0","impressions":"5"},{"id":"2941","ad":"4","group":"0","thetime":"1568419200","clicks":"0","impressions":"5"},{"id":"2942","ad":"4","group":"0","thetime":"1568505600","clicks":"0","impressions":"1"},{"id":"2943","ad":"4","group":"0","thetime":"1568592000","clicks":"0","impressions":"2"},{"id":"2944","ad":"4","group":"0","thetime":"1568678400","clicks":"0","impressions":"5"},{"id":"2945","ad":"4","group":"0","thetime":"1568764800","clicks":"0","impressions":"1"},{"id":"2946","ad":"4","group":"0","thetime":"1568851200","clicks":"0","impressions":"6"},{"id":"2947","ad":"4","group":"0","thetime":"1568937600","clicks":"0","impressions":"1"},{"id":"2948","ad":"4","group":"0","thetime":"1569024000","clicks":"0","impressions":"2"},{"id":"2949","ad":"4","group":"0","thetime":"1569110400","clicks":"0","impressions":"5"},{"id":"2950","ad":"4","group":"0","thetime":"1569196800","clicks":"0","impressions":"5"},{"id":"2951","ad":"4","group":"0","thetime":"1569283200","clicks":"0","impressions":"2"},{"id":"2952","ad":"4","group":"0","thetime":"1569369600","clicks":"0","impressions":"2"},{"id":"2953","ad":"4","group":"0","thetime":"1569456000","clicks":"0","impressions":"4"},{"id":"2954","ad":"4","group":"0","thetime":"1569542400","clicks":"0","impressions":"5"},{"id":"2955","ad":"4","group":"0","thetime":"1569715200","clicks":"0","impressions":"2"},{"id":"2956","ad":"4","group":"0","thetime":"1569801600","clicks":"0","impressions":"1"},{"id":"2957","ad":"4","group":"0","thetime":"1569888000","clicks":"0","impressions":"4"},{"id":"2958","ad":"4","group":"0","thetime":"1569974400","clicks":"0","impressions":"2"},{"id":"2959","ad":"4","group":"0","thetime":"1570060800","clicks":"0","impressions":"2"},{"id":"2960","ad":"4","group":"0","thetime":"1570147200","clicks":"0","impressions":"1"},{"id":"2961","ad":"4","group":"0","thetime":"1570233600","clicks":"0","impressions":"2"},{"id":"2962","ad":"4","group":"0","thetime":"1570320000","clicks":"0","impressions":"1"},{"id":"2963","ad":"4","group":"0","thetime":"1570406400","clicks":"0","impressions":"2"},{"id":"2964","ad":"4","group":"0","thetime":"1570492800","clicks":"0","impressions":"1"},{"id":"2965","ad":"4","group":"0","thetime":"1570579200","clicks":"0","impressions":"4"},{"id":"2966","ad":"4","group":"0","thetime":"1570665600","clicks":"0","impressions":"1"},{"id":"2967","ad":"4","group":"0","thetime":"1570752000","clicks":"0","impressions":"3"},{"id":"2968","ad":"4","group":"0","thetime":"1571011200","clicks":"0","impressions":"3"},{"id":"2969","ad":"4","group":"0","thetime":"1571184000","clicks":"0","impressions":"6"},{"id":"2970","ad":"4","group":"0","thetime":"1571270400","clicks":"0","impressions":"3"},{"id":"2971","ad":"4","group":"0","thetime":"1571356800","clicks":"0","impressions":"3"},{"id":"2972","ad":"4","group":"0","thetime":"1571529600","clicks":"0","impressions":"9"},{"id":"2973","ad":"4","group":"0","thetime":"1571616000","clicks":"0","impressions":"14"},{"id":"2974","ad":"4","group":"0","thetime":"1571702400","clicks":"0","impressions":"18"},{"id":"2975","ad":"4","group":"0","thetime":"1571788800","clicks":"0","impressions":"7"},{"id":"2976","ad":"4","group":"0","thetime":"1571875200","clicks":"0","impressions":"10"},{"id":"2977","ad":"4","group":"0","thetime":"1571961600","clicks":"0","impressions":"1"},{"id":"2978","ad":"4","group":"0","thetime":"1572048000","clicks":"0","impressions":"3"},{"id":"2979","ad":"4","group":"0","thetime":"1572134400","clicks":"0","impressions":"6"},{"id":"2980","ad":"4","group":"0","thetime":"1572220800","clicks":"0","impressions":"2"},{"id":"2981","ad":"4","group":"0","thetime":"1572307200","clicks":"0","impressions":"7"},{"id":"2982","ad":"4","group":"0","thetime":"1572393600","clicks":"0","impressions":"4"},{"id":"2983","ad":"4","group":"0","thetime":"1572480000","clicks":"0","impressions":"5"},{"id":"2984","ad":"4","group":"0","thetime":"1572566400","clicks":"0","impressions":"3"},{"id":"2985","ad":"4","group":"0","thetime":"1572652800","clicks":"0","impressions":"6"},{"id":"2986","ad":"4","group":"0","thetime":"1572739200","clicks":"0","impressions":"3"},{"id":"2987","ad":"4","group":"0","thetime":"1572825600","clicks":"0","impressions":"4"},{"id":"2988","ad":"4","group":"0","thetime":"1572912000","clicks":"0","impressions":"10"},{"id":"2989","ad":"4","group":"0","thetime":"1572998400","clicks":"0","impressions":"4"},{"id":"2990","ad":"4","group":"0","thetime":"1573084800","clicks":"0","impressions":"4"},{"id":"2991","ad":"4","group":"0","thetime":"1573171200","clicks":"0","impressions":"5"},{"id":"2992","ad":"4","group":"0","thetime":"1573257600","clicks":"0","impressions":"6"},{"id":"2993","ad":"4","group":"0","thetime":"1573344000","clicks":"0","impressions":"6"},{"id":"2994","ad":"4","group":"0","thetime":"1573430400","clicks":"0","impressions":"2"},{"id":"2995","ad":"4","group":"0","thetime":"1573603200","clicks":"0","impressions":"2"},{"id":"2996","ad":"4","group":"0","thetime":"1573776000","clicks":"0","impressions":"8"},{"id":"2997","ad":"4","group":"0","thetime":"1573862400","clicks":"0","impressions":"16"},{"id":"2998","ad":"4","group":"0","thetime":"1573948800","clicks":"0","impressions":"20"},{"id":"2999","ad":"4","group":"0","thetime":"1574035200","clicks":"0","impressions":"7"},{"id":"3000","ad":"4","group":"0","thetime":"1574121600","clicks":"0","impressions":"5"},{"id":"3001","ad":"4","group":"0","thetime":"1574208000","clicks":"0","impressions":"4"},{"id":"3002","ad":"4","group":"0","thetime":"1574294400","clicks":"0","impressions":"3"},{"id":"3003","ad":"4","group":"0","thetime":"1574380800","clicks":"0","impressions":"3"},{"id":"3004","ad":"4","group":"0","thetime":"1574467200","clicks":"0","impressions":"3"},{"id":"3005","ad":"4","group":"0","thetime":"1574640000","clicks":"0","impressions":"1"},{"id":"3006","ad":"4","group":"0","thetime":"1574726400","clicks":"0","impressions":"2"},{"id":"3007","ad":"4","group":"0","thetime":"1574812800","clicks":"0","impressions":"4"},{"id":"3008","ad":"4","group":"0","thetime":"1574899200","clicks":"0","impressions":"4"},{"id":"3009","ad":"4","group":"0","thetime":"1574985600","clicks":"0","impressions":"3"},{"id":"3010","ad":"4","group":"0","thetime":"1575072000","clicks":"0","impressions":"9"},{"id":"3011","ad":"4","group":"0","thetime":"1575158400","clicks":"0","impressions":"7"},{"id":"3012","ad":"4","group":"0","thetime":"1575244800","clicks":"0","impressions":"3"},{"id":"3013","ad":"4","group":"0","thetime":"1575331200","clicks":"0","impressions":"2"},{"id":"3014","ad":"4","group":"0","thetime":"1575417600","clicks":"0","impressions":"12"},{"id":"3015","ad":"4","group":"0","thetime":"1575504000","clicks":"0","impressions":"14"},{"id":"3016","ad":"4","group":"0","thetime":"1575590400","clicks":"0","impressions":"16"},{"id":"3017","ad":"4","group":"0","thetime":"1575676800","clicks":"0","impressions":"9"},{"id":"3018","ad":"4","group":"0","thetime":"1575763200","clicks":"0","impressions":"2"},{"id":"3019","ad":"4","group":"0","thetime":"1575849600","clicks":"0","impressions":"1"},{"id":"3020","ad":"4","group":"0","thetime":"1575936000","clicks":"0","impressions":"1"},{"id":"3021","ad":"4","group":"0","thetime":"1576022400","clicks":"0","impressions":"2"},{"id":"3022","ad":"4","group":"0","thetime":"1576108800","clicks":"0","impressions":"1"},{"id":"3023","ad":"4","group":"0","thetime":"1576195200","clicks":"0","impressions":"2"},{"id":"3024","ad":"4","group":"0","thetime":"1576281600","clicks":"0","impressions":"1"},{"id":"3025","ad":"4","group":"0","thetime":"1576368000","clicks":"0","impressions":"1"},{"id":"3026","ad":"4","group":"0","thetime":"1576454400","clicks":"0","impressions":"5"},{"id":"3027","ad":"4","group":"0","thetime":"1576540800","clicks":"0","impressions":"3"},{"id":"3028","ad":"4","group":"0","thetime":"1576627200","clicks":"0","impressions":"6"},{"id":"3029","ad":"4","group":"0","thetime":"1576713600","clicks":"0","impressions":"5"},{"id":"3030","ad":"4","group":"0","thetime":"1576886400","clicks":"0","impressions":"2"},{"id":"3031","ad":"4","group":"0","thetime":"1576972800","clicks":"0","impressions":"14"},{"id":"3032","ad":"4","group":"0","thetime":"1577232000","clicks":"0","impressions":"3"},{"id":"3033","ad":"4","group":"0","thetime":"1577318400","clicks":"0","impressions":"1"},{"id":"3034","ad":"4","group":"0","thetime":"1577404800","clicks":"0","impressions":"1"},{"id":"3035","ad":"4","group":"0","thetime":"1577491200","clicks":"0","impressions":"1"},{"id":"3036","ad":"4","group":"0","thetime":"1577577600","clicks":"0","impressions":"2"},{"id":"3037","ad":"4","group":"0","thetime":"1577750400","clicks":"0","impressions":"1"},{"id":"3038","ad":"4","group":"0","thetime":"1577836800","clicks":"0","impressions":"1"},{"id":"3039","ad":"4","group":"0","thetime":"1578009600","clicks":"0","impressions":"1"},{"id":"3040","ad":"4","group":"0","thetime":"1578096000","clicks":"0","impressions":"1"},{"id":"3041","ad":"4","group":"0","thetime":"1578268800","clicks":"0","impressions":"4"},{"id":"3042","ad":"4","group":"0","thetime":"1578355200","clicks":"0","impressions":"4"},{"id":"3043","ad":"4","group":"0","thetime":"1578441600","clicks":"0","impressions":"2"},{"id":"3044","ad":"4","group":"0","thetime":"1578528000","clicks":"0","impressions":"11"},{"id":"3045","ad":"4","group":"0","thetime":"1578614400","clicks":"0","impressions":"4"},{"id":"3046","ad":"4","group":"0","thetime":"1578700800","clicks":"0","impressions":"5"},{"id":"3047","ad":"4","group":"0","thetime":"1578787200","clicks":"0","impressions":"12"},{"id":"3048","ad":"4","group":"0","thetime":"1578873600","clicks":"0","impressions":"19"},{"id":"3049","ad":"4","group":"0","thetime":"1578960000","clicks":"0","impressions":"10"},{"id":"3050","ad":"4","group":"0","thetime":"1579046400","clicks":"0","impressions":"14"},{"id":"3051","ad":"4","group":"0","thetime":"1579132800","clicks":"0","impressions":"1"},{"id":"3052","ad":"4","group":"0","thetime":"1579219200","clicks":"0","impressions":"8"},{"id":"3053","ad":"4","group":"0","thetime":"1579305600","clicks":"0","impressions":"1"},{"id":"3054","ad":"4","group":"0","thetime":"1579392000","clicks":"0","impressions":"3"},{"id":"3055","ad":"4","group":"0","thetime":"1579478400","clicks":"0","impressions":"2"},{"id":"3056","ad":"4","group":"0","thetime":"1579564800","clicks":"0","impressions":"2"},{"id":"3057","ad":"4","group":"0","thetime":"1579651200","clicks":"0","impressions":"2"},{"id":"3058","ad":"4","group":"0","thetime":"1579737600","clicks":"0","impressions":"4"},{"id":"3059","ad":"4","group":"0","thetime":"1579824000","clicks":"0","impressions":"2"},{"id":"3060","ad":"4","group":"0","thetime":"1579910400","clicks":"0","impressions":"3"},{"id":"3061","ad":"4","group":"0","thetime":"1579996800","clicks":"0","impressions":"7"},{"id":"3062","ad":"4","group":"0","thetime":"1580083200","clicks":"0","impressions":"3"},{"id":"3063","ad":"4","group":"0","thetime":"1580169600","clicks":"0","impressions":"9"},{"id":"3064","ad":"4","group":"0","thetime":"1580256000","clicks":"0","impressions":"2"},{"id":"3065","ad":"4","group":"0","thetime":"1580342400","clicks":"0","impressions":"2"},{"id":"3066","ad":"4","group":"0","thetime":"1580601600","clicks":"0","impressions":"1"},{"id":"3067","ad":"4","group":"0","thetime":"1580688000","clicks":"0","impressions":"4"},{"id":"3068","ad":"4","group":"0","thetime":"1580774400","clicks":"0","impressions":"13"},{"id":"3069","ad":"4","group":"0","thetime":"1580860800","clicks":"0","impressions":"6"},{"id":"3070","ad":"4","group":"0","thetime":"1580947200","clicks":"0","impressions":"5"},{"id":"3071","ad":"4","group":"0","thetime":"1581033600","clicks":"0","impressions":"5"},{"id":"3072","ad":"4","group":"0","thetime":"1581120000","clicks":"0","impressions":"3"},{"id":"3073","ad":"4","group":"0","thetime":"1581206400","clicks":"0","impressions":"3"},{"id":"3074","ad":"4","group":"0","thetime":"1581292800","clicks":"0","impressions":"5"},{"id":"3075","ad":"4","group":"0","thetime":"1581379200","clicks":"0","impressions":"1"},{"id":"3076","ad":"4","group":"0","thetime":"1581465600","clicks":"0","impressions":"3"},{"id":"3077","ad":"4","group":"0","thetime":"1581638400","clicks":"0","impressions":"3"},{"id":"3078","ad":"4","group":"0","thetime":"1581724800","clicks":"0","impressions":"1"},{"id":"3079","ad":"4","group":"0","thetime":"1581811200","clicks":"0","impressions":"1"},{"id":"3080","ad":"4","group":"0","thetime":"1581897600","clicks":"0","impressions":"2"},{"id":"3081","ad":"4","group":"0","thetime":"1581984000","clicks":"0","impressions":"4"},{"id":"3082","ad":"4","group":"0","thetime":"1582156800","clicks":"0","impressions":"2"},{"id":"3083","ad":"4","group":"0","thetime":"1582243200","clicks":"0","impressions":"1"},{"id":"3084","ad":"4","group":"0","thetime":"1582416000","clicks":"0","impressions":"10"},{"id":"3085","ad":"4","group":"0","thetime":"1582502400","clicks":"0","impressions":"7"},{"id":"3086","ad":"4","group":"0","thetime":"1582588800","clicks":"0","impressions":"7"},{"id":"3087","ad":"4","group":"0","thetime":"1582675200","clicks":"0","impressions":"8"},{"id":"3088","ad":"4","group":"0","thetime":"1582761600","clicks":"0","impressions":"3"},{"id":"3089","ad":"4","group":"0","thetime":"1582848000","clicks":"0","impressions":"1"},{"id":"3090","ad":"4","group":"0","thetime":"1582934400","clicks":"0","impressions":"1"},{"id":"3091","ad":"4","group":"0","thetime":"1583193600","clicks":"0","impressions":"1"},{"id":"3092","ad":"4","group":"0","thetime":"1583280000","clicks":"0","impressions":"2"},{"id":"3093","ad":"4","group":"0","thetime":"1583366400","clicks":"0","impressions":"1"},{"id":"3094","ad":"4","group":"0","thetime":"1583452800","clicks":"0","impressions":"3"},{"id":"3095","ad":"4","group":"0","thetime":"1583539200","clicks":"0","impressions":"2"},{"id":"3096","ad":"4","group":"0","thetime":"1583625600","clicks":"0","impressions":"1"},{"id":"3097","ad":"4","group":"0","thetime":"1583712000","clicks":"0","impressions":"2"},{"id":"3098","ad":"4","group":"0","thetime":"1583798400","clicks":"0","impressions":"2"},{"id":"3099","ad":"4","group":"0","thetime":"1583971200","clicks":"0","impressions":"2"},{"id":"3100","ad":"4","group":"0","thetime":"1584144000","clicks":"0","impressions":"1"},{"id":"3101","ad":"4","group":"0","thetime":"1584230400","clicks":"0","impressions":"1"},{"id":"3102","ad":"4","group":"0","thetime":"1584316800","clicks":"0","impressions":"1"},{"id":"3103","ad":"4","group":"0","thetime":"1584403200","clicks":"0","impressions":"1"},{"id":"3104","ad":"4","group":"0","thetime":"1584489600","clicks":"0","impressions":"1"},{"id":"3105","ad":"4","group":"0","thetime":"1584576000","clicks":"0","impressions":"2"},{"id":"3106","ad":"4","group":"0","thetime":"1584748800","clicks":"0","impressions":"1"},{"id":"3107","ad":"4","group":"0","thetime":"1584921600","clicks":"0","impressions":"2"},{"id":"3108","ad":"4","group":"0","thetime":"1585008000","clicks":"0","impressions":"2"},{"id":"3109","ad":"4","group":"0","thetime":"1585094400","clicks":"0","impressions":"7"},{"id":"3110","ad":"4","group":"0","thetime":"1585180800","clicks":"0","impressions":"2"},{"id":"3111","ad":"4","group":"0","thetime":"1585353600","clicks":"0","impressions":"7"},{"id":"3112","ad":"4","group":"0","thetime":"1585440000","clicks":"0","impressions":"9"},{"id":"3113","ad":"4","group":"0","thetime":"1585526400","clicks":"0","impressions":"1"},{"id":"3114","ad":"4","group":"0","thetime":"1585699200","clicks":"0","impressions":"2"},{"id":"3115","ad":"4","group":"0","thetime":"1585785600","clicks":"0","impressions":"1"},{"id":"3116","ad":"4","group":"0","thetime":"1585872000","clicks":"0","impressions":"2"},{"id":"3117","ad":"4","group":"0","thetime":"1585958400","clicks":"0","impressions":"4"},{"id":"3118","ad":"4","group":"0","thetime":"1586044800","clicks":"0","impressions":"1"},{"id":"3119","ad":"4","group":"0","thetime":"1586131200","clicks":"0","impressions":"1"},{"id":"3120","ad":"4","group":"0","thetime":"1586217600","clicks":"0","impressions":"5"},{"id":"3121","ad":"4","group":"0","thetime":"1586304000","clicks":"0","impressions":"1"},{"id":"3122","ad":"4","group":"0","thetime":"1586390400","clicks":"0","impressions":"4"},{"id":"3123","ad":"4","group":"0","thetime":"1586476800","clicks":"0","impressions":"3"},{"id":"3124","ad":"4","group":"0","thetime":"1586563200","clicks":"0","impressions":"4"},{"id":"3125","ad":"4","group":"0","thetime":"1586736000","clicks":"0","impressions":"2"},{"id":"3126","ad":"4","group":"0","thetime":"1586822400","clicks":"0","impressions":"1"},{"id":"3127","ad":"4","group":"0","thetime":"1586908800","clicks":"0","impressions":"1"},{"id":"3128","ad":"4","group":"0","thetime":"1586995200","clicks":"0","impressions":"1"},{"id":"3129","ad":"4","group":"0","thetime":"1587081600","clicks":"0","impressions":"1"},{"id":"3130","ad":"4","group":"0","thetime":"1587168000","clicks":"0","impressions":"1"},{"id":"3131","ad":"4","group":"0","thetime":"1587254400","clicks":"0","impressions":"1"},{"id":"3132","ad":"4","group":"0","thetime":"1587340800","clicks":"0","impressions":"2"},{"id":"3133","ad":"4","group":"0","thetime":"1587600000","clicks":"0","impressions":"2"},{"id":"3134","ad":"4","group":"0","thetime":"1587772800","clicks":"0","impressions":"2"},{"id":"3135","ad":"4","group":"0","thetime":"1587859200","clicks":"0","impressions":"1"},{"id":"3136","ad":"4","group":"0","thetime":"1588032000","clicks":"0","impressions":"1"},{"id":"3137","ad":"4","group":"0","thetime":"1588118400","clicks":"0","impressions":"1"},{"id":"3138","ad":"4","group":"0","thetime":"1588204800","clicks":"0","impressions":"3"},{"id":"3139","ad":"4","group":"0","thetime":"1588291200","clicks":"0","impressions":"2"},{"id":"3140","ad":"4","group":"0","thetime":"1588464000","clicks":"0","impressions":"1"},{"id":"3141","ad":"4","group":"0","thetime":"1588550400","clicks":"0","impressions":"4"},{"id":"3142","ad":"4","group":"0","thetime":"1588809600","clicks":"0","impressions":"3"},{"id":"3143","ad":"4","group":"0","thetime":"1588896000","clicks":"0","impressions":"5"},{"id":"3144","ad":"4","group":"0","thetime":"1588982400","clicks":"0","impressions":"2"},{"id":"3145","ad":"4","group":"0","thetime":"1589068800","clicks":"0","impressions":"3"},{"id":"3146","ad":"4","group":"0","thetime":"1589155200","clicks":"0","impressions":"2"},{"id":"3147","ad":"4","group":"0","thetime":"1589241600","clicks":"0","impressions":"1"},{"id":"3148","ad":"4","group":"0","thetime":"1589328000","clicks":"0","impressions":"3"},{"id":"3149","ad":"4","group":"0","thetime":"1589414400","clicks":"0","impressions":"1"},{"id":"3150","ad":"4","group":"0","thetime":"1589500800","clicks":"0","impressions":"2"},{"id":"3151","ad":"4","group":"0","thetime":"1589587200","clicks":"0","impressions":"2"},{"id":"3152","ad":"4","group":"0","thetime":"1589673600","clicks":"0","impressions":"3"},{"id":"3153","ad":"4","group":"0","thetime":"1589760000","clicks":"0","impressions":"5"},{"id":"3154","ad":"4","group":"0","thetime":"1589846400","clicks":"0","impressions":"2"},{"id":"3155","ad":"4","group":"0","thetime":"1589932800","clicks":"0","impressions":"1"},{"id":"3156","ad":"4","group":"0","thetime":"1590019200","clicks":"0","impressions":"3"},{"id":"3157","ad":"4","group":"0","thetime":"1590105600","clicks":"0","impressions":"3"},{"id":"3158","ad":"4","group":"0","thetime":"1590192000","clicks":"0","impressions":"1"},{"id":"3159","ad":"4","group":"0","thetime":"1590796800","clicks":"0","impressions":"1"},{"id":"3160","ad":"4","group":"0","thetime":"1590883200","clicks":"0","impressions":"1"},{"id":"3161","ad":"4","group":"0","thetime":"1590969600","clicks":"0","impressions":"1"},{"id":"3162","ad":"4","group":"0","thetime":"1591056000","clicks":"0","impressions":"1"},{"id":"3163","ad":"4","group":"0","thetime":"1591228800","clicks":"0","impressions":"6"},{"id":"3164","ad":"4","group":"0","thetime":"1591315200","clicks":"0","impressions":"10"},{"id":"3165","ad":"4","group":"0","thetime":"1591401600","clicks":"0","impressions":"8"},{"id":"3166","ad":"4","group":"0","thetime":"1591488000","clicks":"0","impressions":"5"},{"id":"3167","ad":"4","group":"0","thetime":"1591574400","clicks":"0","impressions":"8"},{"id":"3168","ad":"4","group":"0","thetime":"1591660800","clicks":"0","impressions":"5"},{"id":"3169","ad":"4","group":"0","thetime":"1591747200","clicks":"0","impressions":"6"},{"id":"3170","ad":"4","group":"0","thetime":"1592006400","clicks":"0","impressions":"3"},{"id":"3171","ad":"4","group":"0","thetime":"1592179200","clicks":"0","impressions":"5"},{"id":"3172","ad":"4","group":"0","thetime":"1592352000","clicks":"0","impressions":"1"},{"id":"3173","ad":"4","group":"0","thetime":"1592438400","clicks":"0","impressions":"5"},{"id":"3174","ad":"4","group":"0","thetime":"1592611200","clicks":"0","impressions":"2"},{"id":"3175","ad":"4","group":"0","thetime":"1592697600","clicks":"0","impressions":"2"},{"id":"3176","ad":"4","group":"0","thetime":"1592784000","clicks":"0","impressions":"1"},{"id":"3177","ad":"4","group":"0","thetime":"1592956800","clicks":"0","impressions":"3"},{"id":"3178","ad":"4","group":"0","thetime":"1593129600","clicks":"0","impressions":"2"},{"id":"3179","ad":"4","group":"0","thetime":"1593216000","clicks":"0","impressions":"1"},{"id":"3180","ad":"4","group":"0","thetime":"1593302400","clicks":"0","impressions":"3"},{"id":"3181","ad":"4","group":"0","thetime":"1593388800","clicks":"0","impressions":"2"},{"id":"3182","ad":"4","group":"0","thetime":"1593561600","clicks":"0","impressions":"2"},{"id":"3183","ad":"4","group":"0","thetime":"1593648000","clicks":"0","impressions":"4"},{"id":"3184","ad":"4","group":"0","thetime":"1594166400","clicks":"0","impressions":"1"},{"id":"3185","ad":"4","group":"0","thetime":"1594252800","clicks":"0","impressions":"3"},{"id":"3186","ad":"4","group":"0","thetime":"1594339200","clicks":"0","impressions":"2"},{"id":"3187","ad":"4","group":"0","thetime":"1594512000","clicks":"0","impressions":"2"},{"id":"3188","ad":"4","group":"0","thetime":"1594598400","clicks":"0","impressions":"1"},{"id":"3189","ad":"4","group":"0","thetime":"1594771200","clicks":"0","impressions":"2"},{"id":"3190","ad":"4","group":"0","thetime":"1594944000","clicks":"0","impressions":"1"},{"id":"3191","ad":"4","group":"0","thetime":"1595116800","clicks":"0","impressions":"1"},{"id":"3192","ad":"4","group":"0","thetime":"1595462400","clicks":"0","impressions":"2"},{"id":"3193","ad":"4","group":"0","thetime":"1595548800","clicks":"0","impressions":"2"},{"id":"3194","ad":"4","group":"0","thetime":"1595808000","clicks":"0","impressions":"1"},{"id":"3195","ad":"4","group":"0","thetime":"1595894400","clicks":"0","impressions":"1"},{"id":"3196","ad":"4","group":"0","thetime":"1596153600","clicks":"0","impressions":"5"},{"id":"3197","ad":"4","group":"0","thetime":"1596499200","clicks":"0","impressions":"2"},{"id":"3198","ad":"4","group":"0","thetime":"1596585600","clicks":"0","impressions":"1"},{"id":"3199","ad":"4","group":"0","thetime":"1596672000","clicks":"0","impressions":"1"},{"id":"3200","ad":"4","group":"0","thetime":"1596844800","clicks":"0","impressions":"2"},{"id":"3201","ad":"4","group":"0","thetime":"1597017600","clicks":"0","impressions":"2"},{"id":"3202","ad":"4","group":"0","thetime":"1597104000","clicks":"0","impressions":"1"},{"id":"3203","ad":"4","group":"0","thetime":"1597363200","clicks":"0","impressions":"2"},{"id":"3204","ad":"4","group":"0","thetime":"1597449600","clicks":"0","impressions":"2"},{"id":"3205","ad":"4","group":"0","thetime":"1597622400","clicks":"0","impressions":"1"},{"id":"3206","ad":"4","group":"0","thetime":"1597708800","clicks":"0","impressions":"1"},{"id":"3207","ad":"4","group":"0","thetime":"1597795200","clicks":"0","impressions":"4"},{"id":"3208","ad":"4","group":"0","thetime":"1598140800","clicks":"0","impressions":"2"},{"id":"3209","ad":"4","group":"0","thetime":"1598227200","clicks":"0","impressions":"1"},{"id":"3210","ad":"4","group":"0","thetime":"1598486400","clicks":"0","impressions":"2"},{"id":"3211","ad":"4","group":"0","thetime":"1598572800","clicks":"0","impressions":"4"},{"id":"3212","ad":"4","group":"0","thetime":"1598659200","clicks":"0","impressions":"1"},{"id":"3213","ad":"4","group":"0","thetime":"1598832000","clicks":"0","impressions":"1"},{"id":"3214","ad":"4","group":"0","thetime":"1598918400","clicks":"0","impressions":"1"},{"id":"3215","ad":"4","group":"0","thetime":"1599004800","clicks":"0","impressions":"1"},{"id":"3216","ad":"4","group":"0","thetime":"1599091200","clicks":"0","impressions":"1"},{"id":"3217","ad":"4","group":"0","thetime":"1599177600","clicks":"0","impressions":"4"},{"id":"3218","ad":"4","group":"0","thetime":"1599264000","clicks":"0","impressions":"2"},{"id":"3219","ad":"4","group":"0","thetime":"1599523200","clicks":"0","impressions":"5"},{"id":"3220","ad":"4","group":"0","thetime":"1599609600","clicks":"0","impressions":"4"},{"id":"3221","ad":"4","group":"0","thetime":"1599696000","clicks":"0","impressions":"3"},{"id":"3222","ad":"4","group":"0","thetime":"1599868800","clicks":"0","impressions":"1"},{"id":"3223","ad":"4","group":"0","thetime":"1600041600","clicks":"0","impressions":"3"},{"id":"3224","ad":"4","group":"0","thetime":"1600128000","clicks":"0","impressions":"1"},{"id":"3225","ad":"4","group":"0","thetime":"1600214400","clicks":"0","impressions":"1"},{"id":"3226","ad":"4","group":"0","thetime":"1600473600","clicks":"0","impressions":"1"},{"id":"3227","ad":"4","group":"0","thetime":"1600560000","clicks":"0","impressions":"2"},{"id":"3228","ad":"4","group":"0","thetime":"1600732800","clicks":"0","impressions":"3"},{"id":"3229","ad":"4","group":"0","thetime":"1600819200","clicks":"0","impressions":"4"},{"id":"3230","ad":"4","group":"0","thetime":"1600905600","clicks":"0","impressions":"1"},{"id":"3231","ad":"4","group":"0","thetime":"1601164800","clicks":"0","impressions":"2"},{"id":"3232","ad":"4","group":"0","thetime":"1601337600","clicks":"0","impressions":"2"},{"id":"3233","ad":"4","group":"0","thetime":"1601424000","clicks":"0","impressions":"1"},{"id":"3234","ad":"4","group":"0","thetime":"1602374400","clicks":"0","impressions":"1"},{"id":"3235","ad":"4","group":"0","thetime":"1602460800","clicks":"0","impressions":"1"},{"id":"3236","ad":"4","group":"0","thetime":"1602806400","clicks":"0","impressions":"4"},{"id":"3237","ad":"4","group":"0","thetime":"1603584000","clicks":"0","impressions":"2"},{"id":"3238","ad":"4","group":"0","thetime":"1603756800","clicks":"0","impressions":"3"},{"id":"3239","ad":"4","group":"0","thetime":"1603843200","clicks":"0","impressions":"6"},{"id":"3240","ad":"4","group":"0","thetime":"1604016000","clicks":"0","impressions":"1"},{"id":"3241","ad":"4","group":"0","thetime":"1604188800","clicks":"0","impressions":"1"},{"id":"3242","ad":"4","group":"0","thetime":"1605225600","clicks":"0","impressions":"2"},{"id":"3243","ad":"4","group":"0","thetime":"1605571200","clicks":"0","impressions":"1"},{"id":"3244","ad":"4","group":"0","thetime":"1605657600","clicks":"0","impressions":"1"},{"id":"3245","ad":"4","group":"0","thetime":"1605744000","clicks":"0","impressions":"1"},{"id":"3246","ad":"4","group":"0","thetime":"1605830400","clicks":"0","impressions":"2"},{"id":"3247","ad":"4","group":"0","thetime":"1606003200","clicks":"0","impressions":"1"},{"id":"3248","ad":"4","group":"0","thetime":"1606435200","clicks":"0","impressions":"1"},{"id":"3249","ad":"4","group":"0","thetime":"1606521600","clicks":"0","impressions":"1"},{"id":"3250","ad":"4","group":"0","thetime":"1606608000","clicks":"0","impressions":"10"},{"id":"3251","ad":"4","group":"0","thetime":"1606694400","clicks":"0","impressions":"1"},{"id":"3252","ad":"4","group":"0","thetime":"1606867200","clicks":"0","impressions":"2"},{"id":"3253","ad":"4","group":"0","thetime":"1607126400","clicks":"0","impressions":"1"},{"id":"3254","ad":"4","group":"0","thetime":"1607212800","clicks":"0","impressions":"1"},{"id":"3255","ad":"4","group":"0","thetime":"1607299200","clicks":"0","impressions":"1"},{"id":"3256","ad":"4","group":"0","thetime":"1607558400","clicks":"0","impressions":"2"},{"id":"3257","ad":"4","group":"0","thetime":"1607644800","clicks":"0","impressions":"1"},{"id":"3258","ad":"4","group":"0","thetime":"1608249600","clicks":"0","impressions":"1"},{"id":"3259","ad":"4","group":"0","thetime":"1608422400","clicks":"0","impressions":"1"},{"id":"3260","ad":"4","group":"0","thetime":"1608508800","clicks":"0","impressions":"2"},{"id":"3261","ad":"4","group":"0","thetime":"1608681600","clicks":"0","impressions":"1"},{"id":"3262","ad":"4","group":"0","thetime":"1609027200","clicks":"0","impressions":"1"},{"id":"3263","ad":"4","group":"0","thetime":"1609113600","clicks":"0","impressions":"4"},{"id":"3264","ad":"4","group":"0","thetime":"1609459200","clicks":"0","impressions":"1"},{"id":"3265","ad":"4","group":"0","thetime":"1609718400","clicks":"0","impressions":"5"},{"id":"3266","ad":"4","group":"0","thetime":"1609891200","clicks":"0","impressions":"1"},{"id":"3267","ad":"4","group":"0","thetime":"1610064000","clicks":"0","impressions":"2"},{"id":"3268","ad":"4","group":"0","thetime":"1610236800","clicks":"0","impressions":"2"},{"id":"3269","ad":"4","group":"0","thetime":"1610323200","clicks":"0","impressions":"7"},{"id":"3270","ad":"4","group":"0","thetime":"1610496000","clicks":"0","impressions":"36"},{"id":"3271","ad":"4","group":"0","thetime":"1610582400","clicks":"0","impressions":"1"},{"id":"3272","ad":"4","group":"0","thetime":"1610668800","clicks":"0","impressions":"1"},{"id":"3273","ad":"4","group":"0","thetime":"1610755200","clicks":"0","impressions":"2"},{"id":"3274","ad":"4","group":"0","thetime":"1611100800","clicks":"0","impressions":"1"},{"id":"3275","ad":"4","group":"0","thetime":"1611273600","clicks":"0","impressions":"1"},{"id":"3276","ad":"4","group":"0","thetime":"1611619200","clicks":"0","impressions":"1"},{"id":"3277","ad":"4","group":"0","thetime":"1611792000","clicks":"0","impressions":"6"},{"id":"3278","ad":"4","group":"0","thetime":"1611878400","clicks":"0","impressions":"1"},{"id":"3279","ad":"4","group":"0","thetime":"1612051200","clicks":"0","impressions":"4"},{"id":"3280","ad":"4","group":"0","thetime":"1612137600","clicks":"0","impressions":"2"},{"id":"3281","ad":"4","group":"0","thetime":"1612224000","clicks":"0","impressions":"4"},{"id":"3282","ad":"4","group":"0","thetime":"1612310400","clicks":"0","impressions":"4"},{"id":"3283","ad":"4","group":"0","thetime":"1612396800","clicks":"0","impressions":"4"},{"id":"3284","ad":"4","group":"0","thetime":"1612483200","clicks":"0","impressions":"14"},{"id":"3285","ad":"4","group":"0","thetime":"1612656000","clicks":"0","impressions":"3"},{"id":"3286","ad":"4","group":"0","thetime":"1612742400","clicks":"0","impressions":"2"},{"id":"3287","ad":"4","group":"0","thetime":"1613260800","clicks":"0","impressions":"1"},{"id":"3288","ad":"4","group":"0","thetime":"1613347200","clicks":"0","impressions":"1"},{"id":"3289","ad":"4","group":"0","thetime":"1613433600","clicks":"0","impressions":"3"},{"id":"3290","ad":"4","group":"0","thetime":"1613520000","clicks":"0","impressions":"1"},{"id":"3291","ad":"4","group":"0","thetime":"1613692800","clicks":"0","impressions":"1"},{"id":"3292","ad":"4","group":"0","thetime":"1613779200","clicks":"0","impressions":"1"},{"id":"3293","ad":"4","group":"0","thetime":"1613952000","clicks":"0","impressions":"2"},{"id":"3294","ad":"4","group":"0","thetime":"1614038400","clicks":"0","impressions":"5"},{"id":"3295","ad":"4","group":"0","thetime":"1614124800","clicks":"0","impressions":"2"},{"id":"3296","ad":"4","group":"0","thetime":"1614211200","clicks":"0","impressions":"1"},{"id":"3297","ad":"4","group":"0","thetime":"1614297600","clicks":"0","impressions":"4"},{"id":"3298","ad":"4","group":"0","thetime":"1614384000","clicks":"0","impressions":"1"},{"id":"3299","ad":"4","group":"0","thetime":"1614816000","clicks":"0","impressions":"5"},{"id":"3300","ad":"4","group":"0","thetime":"1614988800","clicks":"0","impressions":"2"},{"id":"3301","ad":"4","group":"0","thetime":"1615161600","clicks":"0","impressions":"3"},{"id":"3302","ad":"4","group":"0","thetime":"1615334400","clicks":"0","impressions":"25"},{"id":"3303","ad":"4","group":"0","thetime":"1615420800","clicks":"0","impressions":"106"},{"id":"3304","ad":"4","group":"0","thetime":"1615680000","clicks":"0","impressions":"5"},{"id":"3305","ad":"4","group":"0","thetime":"1615766400","clicks":"0","impressions":"18"},{"id":"3306","ad":"4","group":"0","thetime":"1615852800","clicks":"0","impressions":"2"},{"id":"3307","ad":"4","group":"0","thetime":"1615939200","clicks":"0","impressions":"1"},{"id":"3308","ad":"4","group":"0","thetime":"1616025600","clicks":"0","impressions":"2"},{"id":"3309","ad":"4","group":"0","thetime":"1616198400","clicks":"0","impressions":"2"},{"id":"3310","ad":"4","group":"0","thetime":"1616284800","clicks":"0","impressions":"2"},{"id":"3311","ad":"4","group":"0","thetime":"1616371200","clicks":"0","impressions":"3"},{"id":"3312","ad":"4","group":"0","thetime":"1616457600","clicks":"0","impressions":"2"},{"id":"3313","ad":"4","group":"0","thetime":"1616544000","clicks":"0","impressions":"34"},{"id":"3314","ad":"4","group":"0","thetime":"1616976000","clicks":"0","impressions":"2"},{"id":"3315","ad":"4","group":"0","thetime":"1617062400","clicks":"0","impressions":"3"},{"id":"3316","ad":"4","group":"0","thetime":"1617235200","clicks":"0","impressions":"1"},{"id":"3317","ad":"4","group":"0","thetime":"1617494400","clicks":"0","impressions":"1"},{"id":"3318","ad":"4","group":"0","thetime":"1617580800","clicks":"0","impressions":"1"},{"id":"3319","ad":"4","group":"0","thetime":"1617840000","clicks":"0","impressions":"1"},{"id":"3320","ad":"4","group":"0","thetime":"1618185600","clicks":"0","impressions":"6"},{"id":"3321","ad":"4","group":"0","thetime":"1618272000","clicks":"0","impressions":"1"},{"id":"3322","ad":"4","group":"0","thetime":"1618444800","clicks":"0","impressions":"4"},{"id":"3323","ad":"4","group":"0","thetime":"1618790400","clicks":"0","impressions":"2"},{"id":"3324","ad":"4","group":"0","thetime":"1618876800","clicks":"0","impressions":"9"},{"id":"3325","ad":"4","group":"0","thetime":"1619222400","clicks":"0","impressions":"1"},{"id":"3326","ad":"4","group":"0","thetime":"1619568000","clicks":"0","impressions":"1"},{"id":"3327","ad":"4","group":"0","thetime":"1619654400","clicks":"0","impressions":"2"},{"id":"3328","ad":"4","group":"0","thetime":"1619740800","clicks":"0","impressions":"1"},{"id":"3329","ad":"4","group":"0","thetime":"1619913600","clicks":"0","impressions":"3"},{"id":"3330","ad":"4","group":"0","thetime":"1620172800","clicks":"0","impressions":"1"},{"id":"3331","ad":"4","group":"0","thetime":"1620259200","clicks":"0","impressions":"3"},{"id":"3332","ad":"4","group":"0","thetime":"1620777600","clicks":"0","impressions":"3"},{"id":"3333","ad":"4","group":"0","thetime":"1620864000","clicks":"0","impressions":"1"},{"id":"3334","ad":"4","group":"0","thetime":"1621209600","clicks":"0","impressions":"1"},{"id":"3335","ad":"4","group":"0","thetime":"1621555200","clicks":"0","impressions":"3"},{"id":"3336","ad":"4","group":"0","thetime":"1621641600","clicks":"0","impressions":"2"},{"id":"3337","ad":"4","group":"0","thetime":"1621900800","clicks":"0","impressions":"2"},{"id":"3338","ad":"4","group":"0","thetime":"1622332800","clicks":"0","impressions":"2"},{"id":"3339","ad":"4","group":"0","thetime":"1622505600","clicks":"0","impressions":"1"},{"id":"3340","ad":"4","group":"0","thetime":"1622764800","clicks":"0","impressions":"2"},{"id":"3341","ad":"4","group":"0","thetime":"1623283200","clicks":"0","impressions":"2"},{"id":"3342","ad":"4","group":"0","thetime":"1623456000","clicks":"0","impressions":"2"},{"id":"3343","ad":"4","group":"0","thetime":"1623628800","clicks":"0","impressions":"1"},{"id":"3344","ad":"4","group":"0","thetime":"1623801600","clicks":"0","impressions":"1"},{"id":"3345","ad":"4","group":"0","thetime":"1624233600","clicks":"0","impressions":"7"},{"id":"3346","ad":"4","group":"0","thetime":"1624320000","clicks":"0","impressions":"2"},{"id":"3347","ad":"4","group":"0","thetime":"1624406400","clicks":"0","impressions":"3"},{"id":"3348","ad":"4","group":"0","thetime":"1624924800","clicks":"0","impressions":"2"},{"id":"3349","ad":"4","group":"0","thetime":"1625097600","clicks":"0","impressions":"1"},{"id":"3350","ad":"4","group":"0","thetime":"1625184000","clicks":"0","impressions":"8"},{"id":"3351","ad":"4","group":"0","thetime":"1625443200","clicks":"0","impressions":"1"},{"id":"3352","ad":"4","group":"0","thetime":"1625961600","clicks":"0","impressions":"2"},{"id":"3353","ad":"4","group":"0","thetime":"1626048000","clicks":"0","impressions":"1"},{"id":"3354","ad":"4","group":"0","thetime":"1626134400","clicks":"0","impressions":"1"},{"id":"3355","ad":"4","group":"0","thetime":"1626566400","clicks":"0","impressions":"37"},{"id":"3356","ad":"4","group":"0","thetime":"1626652800","clicks":"0","impressions":"2"},{"id":"3357","ad":"4","group":"0","thetime":"1626739200","clicks":"0","impressions":"1"},{"id":"3358","ad":"4","group":"0","thetime":"1627171200","clicks":"0","impressions":"1"},{"id":"3359","ad":"4","group":"0","thetime":"1627344000","clicks":"0","impressions":"1"},{"id":"3360","ad":"4","group":"0","thetime":"1627603200","clicks":"0","impressions":"1"},{"id":"3361","ad":"4","group":"0","thetime":"1627776000","clicks":"0","impressions":"1"},{"id":"3362","ad":"4","group":"0","thetime":"1628121600","clicks":"0","impressions":"1"},{"id":"3363","ad":"4","group":"0","thetime":"1628726400","clicks":"0","impressions":"3"},{"id":"3364","ad":"4","group":"0","thetime":"1628812800","clicks":"0","impressions":"15"},{"id":"3365","ad":"4","group":"0","thetime":"1629158400","clicks":"0","impressions":"1"},{"id":"3366","ad":"4","group":"0","thetime":"1629244800","clicks":"0","impressions":"3"},{"id":"3367","ad":"4","group":"0","thetime":"1629331200","clicks":"0","impressions":"1"},{"id":"3368","ad":"4","group":"0","thetime":"1629417600","clicks":"0","impressions":"1"},{"id":"3369","ad":"4","group":"0","thetime":"1629763200","clicks":"0","impressions":"9"},{"id":"3370","ad":"4","group":"0","thetime":"1629849600","clicks":"0","impressions":"2"},{"id":"3371","ad":"4","group":"0","thetime":"1629936000","clicks":"0","impressions":"1"},{"id":"3372","ad":"4","group":"0","thetime":"1630022400","clicks":"0","impressions":"2"},{"id":"3373","ad":"4","group":"0","thetime":"1630108800","clicks":"0","impressions":"1"},{"id":"3374","ad":"4","group":"0","thetime":"1630281600","clicks":"0","impressions":"1"},{"id":"3375","ad":"4","group":"0","thetime":"1630368000","clicks":"0","impressions":"1"},{"id":"3376","ad":"4","group":"0","thetime":"1630454400","clicks":"0","impressions":"5"},{"id":"3377","ad":"4","group":"0","thetime":"1630540800","clicks":"0","impressions":"3"},{"id":"3378","ad":"4","group":"0","thetime":"1630627200","clicks":"0","impressions":"1"},{"id":"3379","ad":"4","group":"0","thetime":"1630713600","clicks":"0","impressions":"3"},{"id":"3380","ad":"4","group":"0","thetime":"1630800000","clicks":"0","impressions":"5"},{"id":"3381","ad":"4","group":"0","thetime":"1631232000","clicks":"0","impressions":"5"},{"id":"3382","ad":"4","group":"0","thetime":"1631491200","clicks":"0","impressions":"1"},{"id":"3383","ad":"4","group":"0","thetime":"1631750400","clicks":"0","impressions":"1"},{"id":"3384","ad":"4","group":"0","thetime":"1632009600","clicks":"0","impressions":"1"},{"id":"3385","ad":"4","group":"0","thetime":"1632096000","clicks":"0","impressions":"1"},{"id":"3386","ad":"4","group":"0","thetime":"1632355200","clicks":"0","impressions":"1"},{"id":"3387","ad":"4","group":"0","thetime":"1632441600","clicks":"0","impressions":"1"},{"id":"3388","ad":"4","group":"0","thetime":"1632614400","clicks":"0","impressions":"1"},{"id":"3389","ad":"4","group":"0","thetime":"1632787200","clicks":"0","impressions":"8"},{"id":"3390","ad":"4","group":"0","thetime":"1632873600","clicks":"0","impressions":"7"},{"id":"3391","ad":"4","group":"0","thetime":"1632873600","clicks":"0","impressions":"1"},{"id":"3392","ad":"4","group":"0","thetime":"1633046400","clicks":"0","impressions":"1"},{"id":"3393","ad":"4","group":"0","thetime":"1633219200","clicks":"0","impressions":"14"},{"id":"3394","ad":"4","group":"0","thetime":"1633305600","clicks":"0","impressions":"1"},{"id":"3395","ad":"4","group":"0","thetime":"1633478400","clicks":"0","impressions":"2"},{"id":"3396","ad":"4","group":"0","thetime":"1633564800","clicks":"0","impressions":"4"},{"id":"3397","ad":"4","group":"0","thetime":"1633651200","clicks":"0","impressions":"8"},{"id":"3398","ad":"4","group":"0","thetime":"1633737600","clicks":"0","impressions":"13"},{"id":"3399","ad":"4","group":"0","thetime":"1633824000","clicks":"0","impressions":"17"},{"id":"3400","ad":"4","group":"0","thetime":"1633910400","clicks":"0","impressions":"1"},{"id":"3401","ad":"4","group":"0","thetime":"1633996800","clicks":"0","impressions":"1"},{"id":"3402","ad":"4","group":"0","thetime":"1634083200","clicks":"0","impressions":"2"},{"id":"3403","ad":"4","group":"0","thetime":"1634169600","clicks":"0","impressions":"2"},{"id":"3404","ad":"4","group":"0","thetime":"1634256000","clicks":"0","impressions":"1"},{"id":"3405","ad":"4","group":"0","thetime":"1634428800","clicks":"0","impressions":"1"},{"id":"3406","ad":"4","group":"0","thetime":"1634601600","clicks":"0","impressions":"4"},{"id":"3407","ad":"4","group":"0","thetime":"1634688000","clicks":"0","impressions":"1"}]}