[{"sidebar":["search-4","categories-2","courses-2","single-images-2","list-post-2"],"menu_right":["woocommerce_widget_cart-3","login-popup-2"],"footer":["siteorigin-panels-builder-11"],"sidebar_courses":["course-categories-2","courses-5","single-images-5"]},{"search":{"4":{"title":"Search","widget-class":"","widget_logic":""},"_multiwidget":1},"categories":{"2":{"title":"","count":0,"hierarchical":0,"dropdown":0},"_multiwidget":1},"courses":{"2":{"heading_group":{"title":"Popular Courses","textcolor":false,"size":"h3","font_heading":"default","custom_font_heading":{"custom_font_size":18,"custom_font_weight":"normal"}},"desc_group":{"des":"","des_color":false,"des_font_size":16,"des_font_weight":"normal"},"order":"popular","layout":"list-sidebar","limit":3,"view_all_courses":"","slider-options":{"show_navigation":true,"item_visible":"4","show_pagination":false},"grid-options":{"columns":"2"},"widget-class":"","widget_logic":""},"5":{"title":"Latest Courses","order":"popular","cat_id":"all","layout":"list-sidebar","thumbnail_width":400,"thumbnail_height":300,"limit":3,"view_all_courses":"","view_all_position":"top","slider-options":{"show_navigation":true,"item_visible":"4","auto_play":0,"show_pagination":false},"grid-options":{"columns":"2"},"tabs-options":{"limit_tab":4,"cat_id_tab":false},"widget_logic":"","widget-class":"","featured":false},"_multiwidget":1},"single-images":{"2":{"image":3384,"image_size":"","image_link":"#","link_target":"_self","image_alignment":"left","css_animation":false,"widget-class":"","widget_logic":""},"5":{"image":3384,"image_size":"","image_link":"#","link_target":"_self","image_alignment":"left","css_animation":false,"widget_logic":"","widget-class":""},"_multiwidget":1},"list-post":{"2":{"title":"Latest Posts","cat_id":"9","image_size":"thumbnail","show_description":"no","number_posts":3,"orderby":"recent","order":"desc","link":"","text_link":"","style":"sidebar","widget-class":"","widget_logic":""},"_multiwidget":1},"woocommerce_widget_cart":{"3":{"title":"Cart","hide_if_empty":0,"widget-class":"","widget_logic":"is_woocommerce()"},"_multiwidget":1},"login-popup":{"2":{"text_register":"Register","text_login":"Login","text_logout":"Logout","shortcode":"","widget-class":"","widget_logic":""},"_multiwidget":1},"siteorigin-panels-builder":{"11":{"panels_data":{"widgets":[{"title":"","text":"<div class=\"thim-footer-info\">\n<div class=\"footer-logo\"><img class=\"alignnone size-full wp-image-10\" src=\"https:\/\/importeduma.thimpress.com\/wp-content\/uploads\/2015\/11\/logo.png\" alt=\"logo-eduma-the-best-lms-wordpress-theme\" width=\"145\" height=\"40\" \/><\/div>\n<div class=\"info-email\"><i class=\"fa fa-envelope\"><\/i><a href=\"mailto:hello@eduma.com\">hello@eduma.com<\/a><\/div>\n<div class=\"info-phone\"><i class=\"fa fa-phone\"><\/i><a href=\"tel:00123456789\" title=\"phone\">(00) 123 456 789<\/a><\/div>\n<div class=\"info-social\"><a href=\"#\" class=\"fa fa-facebook\" title=\"facebook\"><\/a><a href=\"#\" class=\"fa fa-twitter\" title=\"twitter\"><\/a><a href=\"#\" class=\"fa fa-google-plus\" title=\"google-plus\"><\/a><\/div>\n<\/div>","filter":true,"visual":true,"widget_logic":"","widget-class":"","panels_info":{"class":"WP_Widget_Text","grid":0,"cell":0,"id":0,"widget_id":"2dd282b4-3a26-4b09-9536-250d03fe20dd","style":{"background_image_attachment":false,"background_display":"tile"}}},{"title":"","nav_menu":"24","panels_info":{"class":"WP_Nav_Menu_Widget","raw":false,"grid":0,"cell":1,"id":1,"widget_id":"3a92a663-57bd-4bc2-a610-addd86f20526","style":{"background_image_attachment":false,"background_display":"tile"}}}],"grids":[{"cells":2,"style":{"background_image_attachment":false,"background_display":"tile"}}],"grid_cells":[{"grid":0,"index":0,"weight":0.65000000000000002,"style":[]},{"grid":0,"index":1,"weight":0.34999999999999998,"style":[]}]},"builder_id":"612655db1c826","widget_logic":"","widget-class":"thim-footer-one-course"},"_multiwidget":1},"course-categories":{"2":{"title":"All Courses","layout":"base","slider-options":{"limit":15,"show_navigation":true,"item_visible":"7","auto_play":0,"show_pagination":false},"widget_logic":"","widget-class":"","list-options":{"show_counts":false,"hierarchical":false}},"_multiwidget":1}}]