[{"right-logo":["thim_layout_builder-6"],"right-menu":["thim_layout_builder-4","thim_layout_builder-5"],"sidebar":["search-2","tag_cloud-2","media_image-2"],"canvas":["thim_layout_builder-10","media_image-3","text-2"],"sidebar-shop":["thim_layout_builder-8"],"footer-sidebar-1":["thim_layout_builder-2"],"footer-sidebar-2":["thim_layout_builder-3"],"footer-sidebar-3":["thim_layout_builder-9"],"sidebar-buddypress-members":["woocommerce_product_categories-2","tag_cloud-3","media_image-4"]},{"thim_layout_builder":{"6":{"widget-class":"","content":"[vc_row][vc_column][thim-st-search-videos show_filter_category=\"\" parent_category=\"video\"][thim-social-links layout=\"vblog-layout-header-1\" links=\"%5B%7B%22icon%22%3A%22fab%20fa-facebook-f%22%2C%22url%22%3A%22%23%22%7D%2C%7B%22icon%22%3A%22fab%20fa-twitter%22%2C%22url%22%3A%22%23%22%7D%2C%7B%22icon%22%3A%22fab%20fa-pinterest-p%22%2C%22url%22%3A%22%23%22%7D%2C%7B%22icon%22%3A%22fab%20fa-instagram%22%2C%22url%22%3A%22%23%22%7D%2C%7B%22icon%22%3A%22fab%20fa-youtube%22%2C%22url%22%3A%22%23%22%7D%5D\"][\/vc_column][\/vc_row]","custom_css":""},"4":{"widget-class":"","content":"[vc_row][vc_column][vc_column_text]<a class=\"btn-submit-video\" href=\"https:\/\/video-blog.thimpress.com\/submit-video\/\"><i class=\"ion ion-upload\"><\/i>SUBMIT VIDEO<\/a>[\/vc_column_text][\/vc_column][\/vc_row]","custom_css":""},"5":{"widget-class":"","content":"[vc_row][vc_column][thim-login-popup text_register=\"\" text_logout=\"Logout\" user_menu=\"\" popup_image=\"140\"][\/vc_column][\/vc_row]","custom_css":""},"10":{"widget-class":"","content":"[vc_row][vc_column][thim-posts layout=\"vblog-layout-list-footer\" title=\"Latest videos\" category=\"video\" number=\"3\"][\/vc_column][\/vc_row]","custom_css":""},"8":{"widget-class":"","content":"[vc_row][vc_column][thim-products title=\"Most popular\" number_items=\"3\"][\/vc_column][\/vc_row]","custom_css":""},"2":{"widget-class":" ","content":"[vc_row][vc_column][vc_single_image image=\"897\" img_size=\"full\" alignment=\"center\" el_class=\"vc_box_border_grey\"][vc_column_text]Lommodo ligula eget dolor. Aenean massa.Cum sociis que penatibus et magnis dis parturient montes lorem, nascetur ridiculusmus. Donec quam felis, ultricies nec massa.Cum sociis ...\r\n\r\n[mc4wp_form][\/vc_column_text][thim-social-links layout=\"vblog-layout-footer\" links=\"%5B%7B%22icon%22%3A%22fab%20fa-facebook-f%22%2C%22url%22%3A%22%23%22%7D%2C%7B%22icon%22%3A%22fab%20fa-twitter%22%2C%22url%22%3A%22%23%22%7D%2C%7B%22icon%22%3A%22fab%20fa-pinterest%22%2C%22url%22%3A%22%23%22%7D%2C%7B%22icon%22%3A%22fab%20fa-instagram%22%2C%22url%22%3A%22%23%22%7D%2C%7B%22icon%22%3A%22fab%20fa-youtube%22%2C%22url%22%3A%22%23%22%7D%5D\"][\/vc_column][\/vc_row]","custom_css":""},"3":{"widget-class":"","content":"[vc_row][vc_column][thim-posts layout=\"vblog-layout-list-footer\" title=\"Latest Posts\" number=\"3\"][\/vc_column][\/vc_row]","custom_css":""},"9":{"widget-class":"","content":"[vc_row][vc_column][thim-categories layout=\"layout-list-1\" title=\"Popular Categories\" number=\"8\" category=\"video\" show_post_count=\"true\"][\/vc_column][\/vc_row]","custom_css":""},"_multiwidget":1},"search":{"2":{"title":""},"_multiwidget":1},"tag_cloud":{"2":{"title":"TAGS CLOUD","count":0,"taxonomy":"post_tag","widget-class":""},"3":{"title":"Tags","count":0,"taxonomy":"product_tag","widget-class":""},"_multiwidget":1},"media_image":{"2":{"attachment_id":58,"url":"https:\/\/video-blog.thimpress.com\/wp-content\/uploads\/2019\/01\/ads-04.jpg","title":"","size":"full","width":270,"height":309,"caption":"","alt":"","link_type":"custom","link_url":"","image_classes":"","link_classes":"","link_rel":"","link_target_blank":false,"image_title":"","widget-class":""},"3":{"attachment_id":58,"url":"https:\/\/video-blog.thimpress.com\/wp-content\/uploads\/2019\/01\/ads-04-262x300.jpg","title":"","size":"medium","width":270,"height":309,"caption":"","alt":"","link_type":"custom","link_url":"https:\/\/thimpress.com\/","image_classes":"","link_classes":"","link_rel":"","link_target_blank":false,"image_title":"","widget-class":""},"4":{"attachment_id":58,"url":"https:\/\/video-blog.thimpress.com\/wp-content\/uploads\/2019\/01\/ads-04-262x300.jpg","title":"","size":"medium","width":270,"height":309,"caption":"","alt":"","link_type":"custom","link_url":"","image_classes":"","link_classes":"","link_rel":"","link_target_blank":false,"image_title":"","widget-class":""},"_multiwidget":1},"text":{"2":{"title":"","text":"<div class=\"copyright-text\">Copyright 2018 Corporate WordPress Theme by ThimPress. <a href=\"#\">ThimPress<\/a><\/div>","filter":true,"visual":true,"widget-class":""},"_multiwidget":1},"woocommerce_product_categories":{"2":{"title":"Product categories","orderby":"name","dropdown":0,"count":1,"hierarchical":0,"show_children_only":0,"hide_empty":0,"max_depth":"","widget-class":""},"_multiwidget":1}}]