[{"wp_inactive_widgets":["single-images-2","single-images-3","single-images-4","single-images-5","list-post-2","list-post-5","list-post-6","list-post-7","login-popup-2","courses-searching-2","course-categories-2","courses-2","courses-3","courses-4","courses-5","book-event-2","nav_menu-4","nav_menu-5","nav_menu-3","nav_menu-6","siteorigin-panels-builder-2","search-4","categories-2","text-2","search-3","nav_menu-7","nav_menu-8","nav_menu-9","siteorigin-panels-builder-4","nav_menu-10"],"sidebar":["search-4","categories-2","courses-6","single-images-6","list-post-8"],"toolbar":["text-2","login-popup-3"],"menu_right":["courses-searching-3","woocommerce_widget_cart-2"],"footer":["siteorigin-panels-builder-9"],"footer_bottom":["siteorigin-panels-builder-7"],"copyright":["nav_menu-14"],"sidebar_courses":["course-categories-3","courses-7","single-images-7","list-post-9"],"sidebar_events":["book-event-3"]},{"search":{"4":{"title":"Search","widget-class":""},"3":{"title":"","widget-class":""},"_multiwidget":1},"categories":{"2":{"title":"","count":0,"hierarchical":0,"dropdown":0},"_multiwidget":1},"courses":{"6":{"title":"Latest Courses","order":"latest","cat_id":"all","layout":"list-sidebar","limit":3,"view_all_courses":"","view_all_position":"top","slider-options":{"show_navigation":true,"item_visible":"4","auto_play":0,"show_pagination":false},"grid-options":{"columns":"4"},"tabs-options":{"limit_tab":4,"cat_id_tab":false},"widget-class":"","featured":false},"7":{"title":"Latest Courses","order":"latest","cat_id":"all","layout":"list-sidebar","limit":3,"view_all_courses":"","view_all_position":"top","slider-options":{"show_navigation":true,"item_visible":"4","auto_play":0,"show_pagination":false},"grid-options":{"columns":"4"},"tabs-options":{"limit_tab":4,"cat_id_tab":false},"widget-class":"","featured":false},"2":{"heading_group":{"title":"Popular Courses","textcolor":false,"size":"h3","font_heading":"default","custom_font_heading":{"custom_font_size":18,"custom_font_weight":"normal"}},"desc_group":{"des":"","des_color":false,"des_font_size":16,"des_font_weight":"normal"},"order":"popular","layout":"list-sidebar","limit":3,"view_all_courses":"","slider-options":{"show_navigation":true,"item_visible":"4","show_pagination":false},"grid-options":{"columns":"2"},"widget-class":""},"3":{"heading_group":{"title":"Popular Courses","textcolor":false,"size":"h3","font_heading":"default","custom_font_heading":{"custom_font_size":18,"custom_font_weight":"normal"}},"desc_group":{"des":"","des_color":false,"des_font_size":16,"des_font_weight":"normal"},"order":"popular","layout":"list-sidebar","limit":3,"view_all_courses":"","slider-options":{"show_navigation":true,"item_visible":"4","show_pagination":false},"grid-options":{"columns":"2"},"widget-class":""},"4":{"heading_group":{"title":"Popular Courses","textcolor":false,"size":"h3","font_heading":"default","custom_font_heading":{"custom_font_size":18,"custom_font_weight":"normal"}},"desc_group":{"des":"","des_color":false,"des_font_size":16,"des_font_weight":"normal"},"order":"popular","layout":"list-sidebar","limit":3,"view_all_courses":"","slider-options":{"show_navigation":true,"item_visible":"4","show_pagination":false},"grid-options":{"columns":"2"},"widget-class":""},"5":{"heading_group":{"title":"Popular Courses","textcolor":false,"size":"h3","font_heading":"default","custom_font_heading":{"custom_font_size":18,"custom_font_weight":"normal"}},"desc_group":{"des":"","des_color":false,"des_font_size":16,"des_font_weight":"normal"},"order":"popular","layout":"list-sidebar","limit":3,"view_all_courses":"","slider-options":{"show_navigation":true,"item_visible":"4","show_pagination":false},"grid-options":{"columns":"2"},"widget-class":""},"_multiwidget":1},"single-images":{"6":{"image":3384,"image_size":"full","image_link":"#","link_target":"_self","image_alignment":"left","css_animation":false,"widget-class":""},"7":{"image":3384,"image_size":"full","image_link":"#","link_target":"_self","image_alignment":"left","css_animation":false,"widget-class":""},"2":{"image":3384,"image_size":"","image_link":"#","link_target":"_self","image_alignment":"left","css_animation":false,"widget-class":""},"3":{"image":1772,"image_size":"","image_link":"#","link_target":"_self","image_alignment":"left","css_animation":false,"widget-class":""},"4":{"image":1772,"image_size":"","image_link":"#","link_target":"_self","image_alignment":"left","css_animation":false,"widget-class":""},"5":{"image":3384,"image_size":"","image_link":"#","link_target":"_self","image_alignment":"left","css_animation":false,"widget-class":""},"_multiwidget":1},"list-post":{"8":{"title":"Latest Posts","cat_id":"9","number_posts":3,"show_description":"no","orderby":"recent","order":"desc","layout":"base","display_feature":"no","image_size":"thumbnail","item_vertical":0,"link":"","text_link":"","style":"sidebar","widget-class":""},"9":{"title":"Latest Posts","cat_id":"9","number_posts":3,"show_description":"no","orderby":"recent","order":"desc","layout":"base","display_feature":"no","image_size":"thumbnail","item_vertical":0,"link":"","text_link":"","style":"sidebar","widget-class":""},"2":{"title":"Latest Posts","cat_id":"9","image_size":"thumbnail","show_description":"no","number_posts":3,"orderby":"recent","order":"desc","link":"","text_link":"","style":"sidebar","widget-class":""},"5":{"title":"Latest Posts","cat_id":"9","image_size":"thumbnail","show_description":"no","number_posts":3,"orderby":"recent","order":"desc","link":"","text_link":"","style":"sidebar","widget-class":""},"6":{"title":"Latest Posts","cat_id":"9","image_size":"thumbnail","show_description":"no","number_posts":3,"orderby":"recent","order":"desc","link":"","text_link":"","style":"sidebar","widget-class":""},"7":{"title":"Latest Posts","cat_id":"9","image_size":"thumbnail","show_description":"no","number_posts":3,"orderby":"recent","order":"desc","link":"","text_link":"","style":"sidebar","widget-class":""},"_multiwidget":1},"text":{"2":{"title":"","text":"<div class=\"thim-have-any-question\">\r\nHave any question? \r\n<div class=\"mobile\"><i class=\"fa fa-phone\"><\/i><a href=\"tel:00123456789\" class=\"value\">(00) 123 456 789<\/a>\r\n<\/div>\r\n<div class=\"email\"><i class=\"fa fa-envelope\"><\/i><a href=\"mailto:hello@eduma.com\">hello@eduma.com<\/a>\r\n<\/div>\r\n<\/div>","filter":false,"widget-class":""},"_multiwidget":1},"login-popup":{"3":{"text_register":"Register","text_login":"Login","text_logout":"Logout","shortcode":"[miniorange_social_login shape=\"longbuttonwithtext\" theme=\"default\" space=\"4\" width=\"240\" height=\"40\"]","widget-class":""},"2":{"text_register":"Register","text_login":"Login","text_logout":"Logout","shortcode":"[miniorange_social_login shape=\"longbuttonwithtext\" theme=\"default\" space=\"4\" width=\"240\" height=\"40\"]","widget-class":""},"_multiwidget":1},"courses-searching":{"3":{"layout":"overlay","title":"Search Courses","description":"Description for search course widget.","placeholder":"Search courses...","widget-class":""},"2":{"layout":"overlay","title":"","description":"","placeholder":"Search courses...","widget-class":""},"_multiwidget":1},"woocommerce_widget_cart":{"2":{"title":"Cart","hide_if_empty":0,"widget-class":""},"_multiwidget":1},"siteorigin-panels-builder":{"9":{"panels_data":{"widgets":[{"type":"html","title":"","text":"<div class=\"thim-footer-location\">\n\n<img class=\"alignnone size-full wp-image-10\" src=\"\/\/thim.staging.wpengine.com\/wp-content\/uploads\/2015\/11\/logo.png\" alt=\"logo-eduma-the-best-lms-wordpress-theme\" width=\"145\" height=\"40\" \/>\n<p class=\"info\"><i class=\"fa fa-phone\"><\/i><a href=\"tel:00123456789\">(00) 123 456 789<\/a><\/p>\n<p class=\"info\"><i class=\"fa fa-envelope\"><\/i><a href=\"mailto:hello@eduma.com\">hello@eduma.com<\/a><\/p>\n\n<\/div>\n","filter":"1","widget-class":"","panels_info":{"class":"WP_Widget_Black_Studio_TinyMCE","grid":0,"cell":0,"id":0,"widget_id":"d537bc0e-2fc7-481a-9fab-a49c6e10c482","style":{"class":"","widget_css":"","padding":"","background":"","background_image_attachment":"0","background_display":"tile","border_color":"","font_color":"","link_color":""}}},{"title":"","link_face":"https:\/\/www.facebook.com\/ThimPress","link_twitter":"https:\/\/twitter.com\/thimpress","link_google":"https:\/\/plus.google.com\/+Thimpress","link_dribble":"","link_linkedin":"","link_pinterest":"#","link_instagram":"","link_youtube":"","link_snapchat":"","link_target":"_self","widget-class":"","panels_info":{"class":"Thim_Social_Widget","raw":false,"grid":0,"cell":0,"id":1,"widget_id":"23c58ebb-617a-4cb3-bd4c-fccc1719fb2a","style":{"class":"","widget_css":"","padding":"","background":"","background_image_attachment":"0","background_display":"tile","border_color":"","font_color":"","link_color":""}}},{"title":"Company","nav_menu":7,"widget-class":"","panels_info":{"class":"WP_Nav_Menu_Widget","raw":false,"grid":0,"cell":1,"id":2,"widget_id":"260bf04d-6389-41fe-ba75-e9ee8bca3f7c","style":{"class":"","widget_css":"","padding":"","background":"","background_image_attachment":"0","background_display":"tile","border_color":"","font_color":"","link_color":""}}},{"title":"Links","nav_menu":"21","panels_info":{"class":"WP_Nav_Menu_Widget","raw":false,"grid":0,"cell":2,"id":3,"widget_id":"8bee0655-f63a-4fa5-8369-927d9ea45e15","style":{"class":"","widget_css":"","padding":"","background":"","background_image_attachment":"0","background_display":"tile","border_color":"","font_color":""}}},{"title":"Support","nav_menu":"22","panels_info":{"class":"WP_Nav_Menu_Widget","raw":false,"grid":0,"cell":3,"id":4,"widget_id":"af2a5ade-022b-4243-a826-78c411d7d0e0","style":{"class":"","widget_css":"","padding":"","background":"","background_image_attachment":"0","background_display":"tile","border_color":"","font_color":""}}},{"title":"Recommend","nav_menu":23,"widget-class":"","panels_info":{"class":"WP_Nav_Menu_Widget","raw":false,"grid":0,"cell":4,"id":5,"widget_id":"311afb27-6398-4164-ae10-c5f583a761c5","style":{"class":"","widget_css":"","padding":"","background":"","background_image_attachment":"0","background_display":"tile","border_color":"","font_color":"","link_color":""}}}],"grids":[{"cells":5,"style":{"class":"","cell_class":"","row_css":"","bottom_margin":"","gutter":"","padding":"","row_stretch":"","background":"","background_image_attachment":"0","background_display":"tile","border_color":""}}],"grid_cells":[{"grid":0,"weight":0.333},{"grid":0,"weight":0.16675},{"grid":0,"weight":0.16675},{"grid":0,"weight":0.16675},{"grid":0,"weight":0.16675}]},"builder_id":"57e9cc2c86af4","widget-class":""},"7":{"panels_data":{"widgets":[{"title":"Become an instructor?","textcolor":"#333333","size":"h3","sub_heading":"Join thousand of instructors and earn money hassle free!","sub_heading_color":"#333333","font_heading":"default","custom_font_heading":{"custom_font_size":"14","custom_font_weight":"normal","custom_font_style":"inherit"},"bg_line":"","text_align":"text-center","css_animation":"","panels_info":{"class":"Thim_Heading_Widget","raw":false,"grid":0,"cell":0,"id":0,"widget_id":"dfa0422c-9771-4edd-8638-f3fd6832abf5","style":{"class":"","widget_css":"","padding":"","background":"","background_image_attachment":"0","background_display":"tile","border_color":"","font_color":""}}},{"title":"Get Started Now","url":"https:\/\/themeforest.net\/item\/education-wordpress-theme-education-wp\/14058034?ref=ThimPress&utm_source=demo&utm_medium=demofooter","custom_style":"default","style_options":{"font_size":14,"font_weight":"normal","border_width":"","color":false,"border_color":false,"bg_color":false,"hover_color":false,"hover_border_color":false,"hover_bg_color":false},"icon":{"icon":"","icon_size":14},"layout":{"button_size":"normal","rounding":false},"widget-class":"","new_window":false,"panels_info":{"class":"Thim_Button_Widget","raw":false,"grid":0,"cell":0,"id":1,"widget_id":"39b2a0e4-6732-41ad-9a8c-486072bcc496","style":{"class":"","widget_css":"","padding":"","background":"","background_image_attachment":"0","background_display":"tile","border_color":"","font_color":"","link_color":""}}}],"grids":[{"cells":1,"style":{"class":"thim-bg-overlay-color-half","cell_class":"","row_css":"min-height: 450px","bottom_margin":"0px","gutter":"","padding":"","row_stretch":"full","background":"","background_image_attachment":"3102","background_display":"cover","border_color":""}}],"grid_cells":[{"grid":0,"weight":1}]},"builder_id":"57babc3f18d14","widget-class":""},"2":{"panels_data":"{\"widgets\":[{\"title_group\":{\"title\":\"Your Time Is Valuable\",\"color_title\":\"#333333\",\"size\":\"h3\",\"font_heading\":\"custom\",\"custom_heading\":{\"custom_font_size\":\"36\",\"custom_font_weight\":\"700\",\"custom_mg_bt\":\"\"}},\"desc_group\":{\"content\":\"Thanks for spending some of it with us.\",\"custom_font_size_des\":\"20\",\"custom_font_weight\":\"\",\"color_description\":\"#333333\"},\"read_more_group\":{\"link\":\"\",\"read_more\":\"complete_box\",\"button_read_more_group\":{\"read_text\":\"Read More\",\"read_more_text_color\":\"\",\"border_read_more_text\":\"\",\"bg_read_more_text\":\"\",\"read_more_text_color_hover\":\"\",\"bg_read_more_text_hover\":\"\"}},\"icon_type\":\"font-awesome\",\"font_7_stroke_group\":{\"icon\":\"\",\"icon_size\":\"14\"},\"font_awesome_group\":{\"icon\":\"\",\"icon_size\":\"14\"},\"font_image_group\":{\"icon_img\":\"\"},\"width_icon_box\":\"100\",\"color_group\":{\"icon_color\":\"\",\"icon_border_color\":\"\",\"icon_bg_color\":\"\",\"icon_hover_color\":\"\",\"icon_border_color_hover\":\"\",\"icon_bg_color_hover\":\"\"},\"layout_group\":{\"box_icon_style\":\"\",\"pos\":\"top\",\"text_align_sc\":\"text-center\",\"style_box\":\"\"},\"widget_background\":\"bg_video\",\"self_video\":\"83\",\"self_poster\":\"\",\"css_animation\":\"\",\"panels_info\":{\"class\":\"Thim_Icon_Box_Widget\",\"raw\":true,\"grid\":0,\"cell\":0,\"id\":0,\"style\":{\"class\":\"\",\"widget_css\":\"\",\"padding\":\"\",\"background\":\"\",\"background_image_attachment\":\"0\",\"background_display\":\"tile\",\"border_color\":\"\",\"font_color\":\"\"}}}],\"grids\":[{\"cells\":1,\"style\":{\"class\":\"thim-bg-color-overlay\",\"cell_class\":\"\",\"row_css\":\"\",\"bottom_margin\":\"\",\"gutter\":\"\",\"padding\":\"\",\"row_stretch\":\"full-stretched\",\"background\":\"\",\"background_image_attachment\":\"0\",\"background_display\":\"tile\",\"border_color\":\"\"}}],\"grid_cells\":[{\"grid\":0,\"weight\":1}]}","builder_id":"56457e67e8b4e","widget-class":""},"4":{"panels_data":"{\"widgets\":[{\"title_group\":{\"title\":\"Your Time Is Valuable\",\"color_title\":\"#333333\",\"size\":\"h3\",\"font_heading\":\"custom\",\"custom_heading\":{\"custom_font_size\":\"36\",\"custom_font_weight\":\"700\",\"custom_mg_bt\":\"\"}},\"desc_group\":{\"content\":\"Thanks for spending some of it with us.\",\"custom_font_size_des\":\"20\",\"custom_font_weight\":\"\",\"color_description\":\"#333333\"},\"read_more_group\":{\"link\":\"\",\"read_more\":\"complete_box\",\"button_read_more_group\":{\"read_text\":\"Read More\",\"read_more_text_color\":\"\",\"border_read_more_text\":\"\",\"bg_read_more_text\":\"\",\"read_more_text_color_hover\":\"\",\"bg_read_more_text_hover\":\"\"}},\"icon_type\":\"font-awesome\",\"font_7_stroke_group\":{\"icon\":\"\",\"icon_size\":\"14\"},\"font_awesome_group\":{\"icon\":\"\",\"icon_size\":\"14\"},\"font_image_group\":{\"icon_img\":\"\"},\"width_icon_box\":\"100\",\"color_group\":{\"icon_color\":\"\",\"icon_border_color\":\"\",\"icon_bg_color\":\"\",\"icon_hover_color\":\"\",\"icon_border_color_hover\":\"\",\"icon_bg_color_hover\":\"\"},\"layout_group\":{\"box_icon_style\":\"\",\"pos\":\"top\",\"text_align_sc\":\"text-center\",\"style_box\":\"\"},\"widget_background\":\"bg_video\",\"self_video\":\"83\",\"self_poster\":\"\",\"css_animation\":\"\",\"panels_info\":{\"class\":\"Thim_Icon_Box_Widget\",\"raw\":true,\"grid\":0,\"cell\":0,\"id\":0,\"style\":{\"class\":\"\",\"widget_css\":\"\",\"padding\":\"\",\"background\":\"\",\"background_image_attachment\":\"0\",\"background_display\":\"tile\",\"border_color\":\"\",\"font_color\":\"\"}}}],\"grids\":[{\"cells\":1,\"style\":{\"class\":\"thim-bg-color-overlay\",\"cell_class\":\"\",\"row_css\":\"\",\"bottom_margin\":\"\",\"gutter\":\"\",\"padding\":\"\",\"row_stretch\":\"full-stretched\",\"background\":\"\",\"background_image_attachment\":\"0\",\"background_display\":\"tile\",\"border_color\":\"\"}}],\"grid_cells\":[{\"grid\":0,\"weight\":1}]}","builder_id":"56457e67e8b4e","widget-class":""},"_multiwidget":1},"nav_menu":{"14":{"nav_menu":24,"widget-class":""},"4":{"title":"Support","nav_menu":22,"widget-class":"col-sm-2"},"5":{"title":"Recommend","nav_menu":23,"widget-class":"col-sm-2"},"3":{"title":"Products","nav_menu":21,"widget-class":"col-sm-2"},"6":{"nav_menu":24,"widget-class":""},"7":{"title":"Products","nav_menu":21,"widget-class":"col-sm-2"},"8":{"title":"Support","nav_menu":22,"widget-class":"col-sm-2"},"9":{"title":"Recommend","nav_menu":23,"widget-class":"col-sm-2"},"10":{"nav_menu":24,"widget-class":""},"_multiwidget":1},"course-categories":{"3":{"title":"All Courses","layout":"base","slider-options":{"limit":15,"show_navigation":true,"item_visible":"7","auto_play":0,"show_pagination":false},"widget-class":"","list-options":{"show_counts":false,"hierarchical":false}},"2":{"title":"All Courses","widget-class":"","show_counts":false,"hierarchical":false},"_multiwidget":1},"book-event":{"3":{"title":"","widget-class":""},"2":{"title":"","widget-class":""},"_multiwidget":1}}]