[{"sidebar":["search-4","categories-2","courses-2","single-images-2","list-post-2"],"toolbar":["text-2","login-popup-3"],"menu_right":["courses-searching-3"],"footer":["siteorigin-panels-builder-9"],"footer_bottom":["siteorigin-panels-builder-7"],"copyright":["nav_menu-14"],"sidebar_shop":["woocommerce_widget_cart-2"],"sidebar_courses":["course-categories-3","courses-7","single-images-7"]},{"search":{"4":{"title":"Search","widget-class":"","widget_logic":""},"_multiwidget":1},"categories":{"2":{"title":"","count":0,"hierarchical":0,"dropdown":0},"_multiwidget":1},"courses":{"2":{"title":"Latest Courses","order":"popular","cat_id":"all","layout":"list-sidebar","thumbnail_width":400,"thumbnail_height":300,"limit":3,"view_all_courses":"","view_all_position":"top","slider-options":{"show_navigation":true,"item_visible":"4","auto_play":0,"show_pagination":false},"grid-options":{"columns":"2"},"tabs-options":{"limit_tab":4,"cat_id_tab":false},"widget_logic":"","widget-class":"","featured":false},"7":{"title":"Latest Courses","order":"latest","cat_id":"all","layout":"list-sidebar","thumbnail_width":400,"thumbnail_height":300,"limit":3,"view_all_courses":"","view_all_position":"top","slider-options":{"show_navigation":true,"item_visible":"4","auto_play":0,"show_pagination":false},"grid-options":{"columns":"4"},"tabs-options":{"limit_tab":4,"cat_id_tab":false},"widget_logic":"","widget-class":"","featured":false},"_multiwidget":1},"single-images":{"2":{"image":3384,"image_size":"","image_link":"#","link_target":"_self","image_alignment":"left","css_animation":false,"widget_logic":"","widget-class":""},"7":{"image":3384,"image_size":"full","image_link":"#","link_target":"_self","image_alignment":"left","css_animation":false,"widget_logic":"","widget-class":""},"_multiwidget":1},"list-post":{"2":{"title":"Latest Posts","cat_id":"9","image_size":"thumbnail","show_description":"no","number_posts":3,"orderby":"recent","order":"desc","link":"","text_link":"","style":"sidebar","widget-class":"","widget_logic":""},"_multiwidget":1},"text":{"2":{"title":"","text":"<div class=\"thim-have-any-question\">\r\nHave any question? \r\n<div class=\"mobile\"><i class=\"fa fa-phone\"><\/i><a href=\"tel:00123456789\" class=\"value\">(00) 123 456 789<\/a>\r\n<\/div>\r\n<div class=\"email\"><i class=\"fa fa-envelope\"><\/i><a href=\"mailto:hello@eduma.com\">hello@eduma.com<\/a>\r\n<\/div>\r\n<\/div>","filter":false,"widget-class":"","widget_logic":""},"_multiwidget":1},"login-popup":{"3":{"text_register":"Register","text_login":"Login","text_logout":"Logout","text_profile":"Profile","layout":"base","term":"","shortcode":"","widget_logic":"","widget-class":"","captcha":false},"_multiwidget":1},"courses-searching":{"3":{"layout":"overlay","title":"Search Courses","description":"Description for search course widget.","placeholder":"Search courses...","widget-class":"","widget_logic":"!is_page('home-version-2')"},"_multiwidget":1},"siteorigin-panels-builder":{"9":{"panels_data":{"widgets":[{"title":"","text":"<div class=\"thim-footer-location\">\n\n<img class=\"alignnone size-full wp-image-10\" src=\"\/\/educationwp.thimpress.com\/wp-content\/uploads\/2015\/11\/logo.png\" alt=\"logo-eduma-the-best-lms-wordpress-theme\" width=\"145\" height=\"40\" \/>\n<p class=\"info\"><i class=\"fa fa-phone\"><\/i><a href=\"tel:00123456789\">(00) 123 456 789<\/a><\/p>\n<p class=\"info\"><i class=\"fa fa-envelope\"><\/i><a href=\"mailto:hello@eduma.com\">hello@eduma.com<\/a><\/p>\n\n<\/div>","filter":true,"visual":true,"widget_logic":"","widget-class":"","panels_info":{"class":"WP_Widget_Text","grid":0,"cell":0,"id":0,"widget_id":"49597558-8ff7-4484-8414-4255151113b8","style":{"background_image_attachment":false,"background_display":"tile"}}},{"title":"","link_face":"https:\/\/www.facebook.com\/ThimPress","link_twitter":"https:\/\/twitter.com\/thimpress","link_google":"https:\/\/plus.google.com\/+Thimpress","link_dribble":"","link_linkedin":"","link_pinterest":"#","link_instagram":"","link_youtube":"","link_snapchat":"","link_target":"_self","widget-class":"","panels_info":{"class":"Thim_Social_Widget","raw":false,"grid":0,"cell":0,"id":1,"widget_id":"23c58ebb-617a-4cb3-bd4c-fccc1719fb2a","style":{"background_image_attachment":false,"background_display":"tile"}}},{"title":"Company","nav_menu":7,"widget-class":"","panels_info":{"class":"WP_Nav_Menu_Widget","raw":false,"grid":0,"cell":1,"id":2,"widget_id":"260bf04d-6389-41fe-ba75-e9ee8bca3f7c","style":{"background_image_attachment":false,"background_display":"tile"}}},{"title":"Links","nav_menu":"21","panels_info":{"class":"WP_Nav_Menu_Widget","raw":false,"grid":0,"cell":2,"id":3,"widget_id":"8bee0655-f63a-4fa5-8369-927d9ea45e15","style":{"background_image_attachment":false,"background_display":"tile"}}},{"title":"Support","nav_menu":"22","panels_info":{"class":"WP_Nav_Menu_Widget","raw":false,"grid":0,"cell":3,"id":4,"widget_id":"af2a5ade-022b-4243-a826-78c411d7d0e0","style":{"background_image_attachment":false,"background_display":"tile"}}},{"title":"Recommend","nav_menu":23,"widget-class":"","panels_info":{"class":"WP_Nav_Menu_Widget","raw":false,"grid":0,"cell":4,"id":5,"widget_id":"311afb27-6398-4164-ae10-c5f583a761c5","style":{"background_image_attachment":false,"background_display":"tile"}}}],"grids":[{"cells":5,"style":{"background_image_attachment":false,"background_display":"tile"}}],"grid_cells":[{"grid":0,"index":0,"weight":0.33300000000000002,"style":[]},{"grid":0,"index":1,"weight":0.16675000000000001,"style":[]},{"grid":0,"index":2,"weight":0.16675000000000001,"style":[]},{"grid":0,"index":3,"weight":0.16675000000000001,"style":[]},{"grid":0,"index":4,"weight":0.16675000000000001,"style":[]}]},"builder_id":"61264eb4160f2","widget_logic":"","widget-class":""},"7":{"panels_data":{"widgets":[{"title":"Become an instructor?","textcolor":"#333333","size":"h3","sub_heading":"Join thousand of instructors and earn money hassle free!","sub_heading_color":"#333333","font_heading":"default","custom_font_heading":{"custom_font_size":"14","custom_font_weight":"normal","custom_font_style":"inherit"},"bg_line":"","text_align":"text-center","css_animation":"","panels_info":{"class":"Thim_Heading_Widget","raw":false,"grid":0,"cell":0,"id":0,"widget_id":"dfa0422c-9771-4edd-8638-f3fd6832abf5","style":{"class":"","widget_css":"","padding":"","background":"","background_image_attachment":"0","background_display":"tile","border_color":"","font_color":""}}},{"title":"Get Started Now","url":"https:\/\/themeforest.net\/item\/education-wordpress-theme-education-wp\/14058034?ref=ThimPress&utm_source=demo&utm_medium=demofooter","custom_style":"default","style_options":{"font_size":14,"font_weight":"normal","border_width":"","color":false,"border_color":false,"bg_color":false,"hover_color":false,"hover_border_color":false,"hover_bg_color":false},"icon":{"icon":"","icon_size":14},"layout":{"button_size":"normal","rounding":false},"widget-class":"","new_window":false,"panels_info":{"class":"Thim_Button_Widget","raw":false,"grid":0,"cell":0,"id":1,"widget_id":"39b2a0e4-6732-41ad-9a8c-486072bcc496","style":{"class":"","widget_css":"","padding":"","background":"","background_image_attachment":"0","background_display":"tile","border_color":"","font_color":"","link_color":""}}}],"grids":[{"cells":1,"style":{"class":"thim-bg-overlay-color-half","cell_class":"","row_css":"min-height: 450px","bottom_margin":"0px","gutter":"","padding":"","row_stretch":"full","background":"","background_image_attachment":"3102","background_display":"cover","border_color":""}}],"grid_cells":[{"grid":0,"weight":1}]},"builder_id":"57babc3f18d14","widget-class":"","widget_logic":"is_page_template('page-templates\/homepage.php')"},"_multiwidget":1},"nav_menu":{"14":{"nav_menu":24,"widget-class":""},"_multiwidget":1},"woocommerce_widget_cart":{"2":{"title":"Cart","hide_if_empty":0,"widget-class":"","widget_logic":"is_woocommerce()"},"_multiwidget":1},"course-categories":{"3":{"title":"All Courses","layout":"base","slider-options":{"limit":15,"show_navigation":true,"item_visible":"7","auto_play":0,"show_pagination":false},"widget_logic":"","widget-class":"","list-options":{"show_counts":false,"hierarchical":false}},"_multiwidget":1}}]