[{"sidebar":["search-4","categories-3","list-post-3","tag_cloud-4","single-images-4","text-9"],"toolbar":["text-619940003","text-619940004"],"menu_right":["social-4"],"footer":["text-619940001","nav_menu-4","social-5","text-619940002"],"copyright":["nav_menu-2"],"sidebar_courses":["courses-3","single-images-5","text-10"],"sidebar_events":["courses-4","single-images-619940003"],"sidebar_shop":["woocommerce_product_categories-2","woocommerce_price_filter-2","woocommerce_products-2","woocommerce_product_tag_cloud-2"]},{"search":{"4":{"title":""},"_multiwidget":1},"categories":{"3":{"title":"","count":0,"hierarchical":0,"dropdown":0},"_multiwidget":1},"list-post":{"3":{"title":"Recent Posts","cat_id":"all","image_size":"thumbnail","show_description":"no","number_posts":3,"orderby":"recent","order":"desc","link":"","text_link":"","style":false,"widget-class":""},"_multiwidget":1},"tag_cloud":{"4":{"title":"","taxonomy":"post_tag","widget-class":""},"_multiwidget":1},"single-images":{"4":{"image":5699,"image_size":"full","image_link":"https:\/\/coaching.thimpress.com\/coaching-2\/shop\/","link_target":"_blank","image_alignment":"left","css_animation":false,"widget-class":"shop-image"},"5":{"image":5699,"image_size":"full","image_link":"#","link_target":"_self","image_alignment":"left","css_animation":false,"widget-class":"","widget_logic":""},"619940003":{"image":6651,"image_size":"full","image_link":"#","link_target":"_self","image_alignment":"left","css_animation":false,"widget_logic":"","widget-class":""},"_multiwidget":1},"text":{"9":{"title":"","text":"<iframe src=\"https:\/\/www.facebook.com\/plugins\/page.php?href=https%3A%2F%2Fwww.facebook.com%2FThimPress%2F&tabs=timeline&width=270&height=500&small_header=false&adapt_container_width=true&hide_cover=false&show_facepile=true&appId\" height=\"322\" style=\"border:none;overflow:hidden;width:270px;\"><\/iframe>","filter":false,"widget-class":"","widget_logic":""},"619940003":{"title":"","text":"<i class=\"fa fa-envelope\"><\/i> hello@coaching.com","filter":true,"visual":true,"widget_logic":"","widget-class":"col-sm-6"},"619940004":{"title":"","text":"<div class=\"thim-have-any-question\" style=\"text-align: right;\">\r\n<div class=\"mobile\">Give me a call:<a class=\"value\" href=\"tel:00123456789\"> +00 123 456 789<\/a><\/div>\r\n<\/div>","filter":true,"visual":true,"widget_logic":"","widget-class":"col-sm-6"},"619940001":{"title":"Get in touch","text":"<div class=\"thim-footer-info\"><p><i class=\"fa fa-phone\"><\/i><a href=\"tel:00123456789\">+00 123 456 789<\/a><\/p><p><i class=\"fa fa-envelope\"><\/i><a href=\"mailto:hello@coaching.com\">hello@coaching.com<\/a><\/p><p><i class=\"fa fa-map-marker\"><\/i><a href=\"#\">PO Box 97845 Baker st. 567, Los Angeles, California, US.<\/a><\/p><\/div>","filter":true,"visual":true,"widget_logic":"","widget-class":"col-sm-3"},"619940002":{"title":"Newsletters","text":"<p>Subscribe to get updates right in your inbox. We promise to not send you spams.<\/p>\r\n[mc4wp_form id=\"3101\"]","filter":true,"visual":true,"widget_logic":"","widget-class":"col-sm-3"},"10":{"title":"","text":"<iframe src=\"https:\/\/www.facebook.com\/plugins\/page.php?href=https%3A%2F%2Fwww.facebook.com%2FThimPress%2F&tabs=timeline&width=270&height=500&small_header=false&adapt_container_width=true&hide_cover=false&show_facepile=true&appId\" width=\"270\" height=\"322\" style=\"border:none;overflow:hidden\"><\/iframe>","filter":false,"widget-class":"","widget_logic":""},"_multiwidget":1},"social":{"4":{"title":"","link_face":"https:\/\/www.facebook.com\/ThimPress","link_twitter":"https:\/\/twitter.com\/thimpress","link_google":"#","link_dribble":"","link_linkedin":"","link_pinterest":"","link_instagram":"","link_youtube":"","link_target":"_self","style":"no-border","widget_logic":"","widget-class":"","show_text":false},"5":{"title":"Social Links","link_face":"#","link_twitter":"#","link_google":"#","link_dribble":"","link_linkedin":"","link_pinterest":"","link_instagram":"","link_youtube":"","link_target":"_self","style":false,"show_text":true,"widget_logic":"","widget-class":"col-sm-3"},"_multiwidget":1},"nav_menu":{"4":{"title":"USEFUL LINKS","nav_menu":33,"widget_logic":"","widget-class":"col-sm-3"},"2":{"nav_menu":31,"widget-class":"","widget_logic":""},"_multiwidget":1},"courses":{"3":{"title":"Popular Courses","order":"popular","cat_id":"all","layout":"list-sidebar","limit":3,"view_all_courses":"","slider-options":{"show_navigation":true,"item_visible":"4","show_pagination":false},"grid-options":{"columns":"4"},"widget-class":"","widget_logic":""},"4":{"title":"Popular Courses","order":"popular","cat_id":"all","layout":"list-sidebar","thumbnail_width":400,"thumbnail_height":300,"limit":3,"view_all_courses":"","view_all_position":"top","slider-options":{"show_navigation":true,"item_visible":"4","show_pagination":false},"grid-options":{"columns":"4"},"widget_logic":"","widget-class":""},"_multiwidget":1},"woocommerce_product_categories":{"2":{"title":"Categories","orderby":"name","dropdown":0,"count":0,"hierarchical":1,"show_children_only":0,"hide_empty":0,"widget-class":""},"_multiwidget":1},"woocommerce_price_filter":{"2":{"title":"Filter by price","widget-class":""},"_multiwidget":1},"woocommerce_products":{"2":{"title":"Best sellers","number":3,"show":"","orderby":"sales","order":"desc","hide_free":0,"show_hidden":0,"widget-class":""},"_multiwidget":1},"woocommerce_product_tag_cloud":{"2":{"title":"Product Tags","widget-class":""},"_multiwidget":1}}]