[{"wp_inactive_widgets":["text-619910000","text-619940000","single-images-619940002","search-2","recent-posts-2","recent-comments-2","archives-2","categories-2","meta-2","text-3","search-2","categories-2","list-post-2","tag_cloud-3","social-counter-3","single-images-2","text-5","text-4","woocommerce_widget_cart-2","login-popup-4","social-2","search-3","courses-2","social-counter-2","single-images-3","text-7","text-6","text-8"],"sidebar":["search-4","categories-3","list-post-3","tag_cloud-4","social-counter-4","single-images-4","text-9"],"toolbar":["text-619940003","text-619940004"],"menu_right":["social-4"],"footer":["text-619940001","nav_menu-4","social-5","text-619940002"],"copyright":["nav_menu-2"],"sidebar_courses":["courses-3","social-counter-5","single-images-5","text-10"],"sidebar_shop":["woocommerce_product_categories-2","woocommerce_price_filter-2","woocommerce_products-2","woocommerce_product_tag_cloud-2"]},{"search":{"4":{"title":""},"2":{"title":""},"3":{"title":"","widget-class":""},"_multiwidget":1},"categories":{"3":{"title":"","count":0,"hierarchical":0,"dropdown":0},"2":{"title":"","count":0,"hierarchical":0,"dropdown":0},"_multiwidget":1},"list-post":{"3":{"title":"Recent Posts","cat_id":"all","image_size":"thumbnail","show_description":"no","number_posts":3,"orderby":"recent","order":"desc","link":"","text_link":"","style":false,"widget-class":""},"2":{"title":"Recent Posts","cat_id":"all","image_size":"thumbnail","show_description":"no","number_posts":3,"orderby":"recent","order":"desc","link":"","text_link":"","style":false,"widget-class":""},"_multiwidget":1},"tag_cloud":{"4":{"title":"","taxonomy":"post_tag","widget-class":""},"3":{"title":"","taxonomy":"post_tag","widget-class":""},"_multiwidget":1},"social-counter":{"4":{"title":"Follow Me","widget-class":""},"5":{"title":"Follow Me","widget-class":"","widget_logic":""},"3":{"title":"Follow Me","widget-class":""},"2":{"title":"Follow Me","widget-class":""},"_multiwidget":1},"single-images":{"4":{"image":5699,"image_size":"full","image_link":"https:\/\/coaching.thimpress.com\/coaching-2\/shop\/","link_target":"_blank","image_alignment":"left","css_animation":false,"widget-class":"shop-image"},"5":{"image":5699,"image_size":"full","image_link":"#","link_target":"_self","image_alignment":"left","css_animation":false,"widget-class":"","widget_logic":""},"619940002":{"image":6399,"image_size":"full","image_link":"","link_target":"_self","image_alignment":"center","css_animation":false,"widget-class":"","panels_info":{"class":"Thim_Single_Images_Widget","grid":0,"cell":1,"id":2,"widget_id":"2197ac4a-b463-4199-8bc8-a9c520fa2f83","style":{"class":"","widget_css":"","padding":"5px 0px 0px 0px","background":"","background_image_attachment":"0","background_display":"tile","border_color":"","font_color":"","link_color":""}},"id":"single-images-619940002"},"2":{"image":5699,"image_size":"full","image_link":"https:\/\/coaching.thimpress.com\/coaching-2\/shop\/","link_target":"_blank","image_alignment":"left","css_animation":false,"widget-class":"shop-image"},"3":{"image":5699,"image_size":"full","image_link":"#","link_target":"_blank","image_alignment":"center","css_animation":false,"widget-class":""},"_multiwidget":1},"text":{"9":{"title":"","text":"<iframe src=\"https:\/\/www.facebook.com\/plugins\/page.php?href=https%3A%2F%2Fwww.facebook.com%2FThimPress%2F&tabs=timeline&width=270&height=500&small_header=false&adapt_container_width=true&hide_cover=false&show_facepile=true&appId\" height=\"322\" style=\"border:none;overflow:hidden;width:270px;\"><\/iframe>","filter":false,"widget-class":"","widget_logic":""},"619940003":{"title":"","text":"<i class=\"fa fa-envelope\"><\/i> hello@coaching.com","filter":true,"visual":true,"widget_logic":"","widget-class":"col-sm-6"},"619940004":{"title":"","text":"<div class=\"thim-have-any-question\" style=\"text-align: right;\">\r\n<div class=\"mobile\">Give me a call:<a class=\"value\" href=\"tel:00123456789\"> +00 123 456 789<\/a><\/div>\r\n<\/div>","filter":true,"visual":true,"widget_logic":"","widget-class":"col-sm-6"},"619940001":{"title":"Get in touch","text":"<div class=\"thim-footer-info\"><p><i class=\"fa fa-phone\"><\/i><a href=\"tel:00123456789\">+00 123 456 789<\/a><\/p><p><i class=\"fa fa-envelope\"><\/i><a href=\"mailto:hello@coaching.com\">hello@coaching.com<\/a><\/p><p><i class=\"fa fa-map-marker\"><\/i><a href=\"#\">PO Box 97845 Baker st. 567, Los Angeles, California, US.<\/a><\/p><\/div>","filter":true,"visual":true,"widget_logic":"","widget-class":"col-sm-3"},"619940002":{"title":"Newsletters","text":"<p>Subscribe to get updates right in your inbox. We promise to not send you spams.<\/p>\r\n[mc4wp_form id=\"3101\"]","filter":true,"visual":true,"widget_logic":"","widget-class":"col-sm-3"},"10":{"title":"","text":"<iframe src=\"https:\/\/www.facebook.com\/plugins\/page.php?href=https%3A%2F%2Fwww.facebook.com%2FThimPress%2F&tabs=timeline&width=270&height=500&small_header=false&adapt_container_width=true&hide_cover=false&show_facepile=true&appId\" width=\"270\" height=\"322\" style=\"border:none;overflow:hidden\"><\/iframe>","filter":false,"widget-class":"","widget_logic":""},"619910000":{"title":"","text":"[rev_slider alias=\"home-page\"]","widget-class":"","filter":false,"panels_info":{"class":"WP_Widget_Text","raw":false,"grid":0,"cell":0,"id":0,"widget_id":"f64a0ee9-f803-429c-9913-203116a04e1b","style":{"background_display":"tile"}},"id":"text-619910000"},"619940000":{"title":"","text":"It is a long established fact that a reader will be distracted by the readable content of a page when looking at its layout. The point of using Lorem Ipsum is that it has a more-or-less normal distribution of letters, as opposed to using 'Content here, content here', making it look like readable English.\n<ul>\n<li><i class=\"fa fa-flash\" aria-hidden=\"true\"><\/i> Accelerate your clients wellness.<\/li>\n<li><i class=\"fa fa-gift\" aria-hidden=\"true\"><\/i> Leverage your time for money.<\/li>\n<li><i class=\"fa fa-envira\" aria-hidden=\"true\"><\/i> Have the career of your dreams.<\/li>\n<\/ul>","widget-class":"","filter":false,"panels_info":{"class":"WP_Widget_Text","raw":false,"grid":0,"cell":0,"id":0,"widget_id":"e34ad314-20e7-4562-9319-8c38d38a6842","style":{"class":"","widget_css":"","padding":"","background":"","background_image_attachment":"0","background_display":"tile","border_color":"","font_color":"","link_color":""}},"id":"text-619940000"},"3":{"title":"","text":"Footer bottom","filter":false,"widget-class":""},"5":{"title":"","text":"<iframe src=\"https:\/\/www.facebook.com\/plugins\/page.php?href=https%3A%2F%2Fwww.facebook.com%2FThimPress%2F&tabs=timeline&width=270&height=500&small_header=false&adapt_container_width=true&hide_cover=false&show_facepile=true&appId\" width=\"100%\" height=\"322\" style=\"border:none;overflow:hidden\" scrolling=\"no\" frameborder=\"0\" allowTransparency=\"true\"><\/iframe>","filter":false,"widget-class":""},"4":{"title":"","text":"<div class=\"thim-have-any-question\">\r\n<div class=\"mobile\"><i class=\"fa fa-phone\"><\/i><a href=\"tel:00123456789\" class=\"value\"> +00 123 456 789<\/a>\r\n<\/div>\r\n<div class=\"email\"><i class=\"fa fa-envelope\"><\/i><a href=\"mailto:hello@coaching.com\">hello@coaching.com<\/a>\r\n<\/div>\r\n<\/div>","filter":false,"widget-class":""},"7":{"title":"","text":"<iframe src=\"https:\/\/www.facebook.com\/plugins\/page.php?href=https%3A%2F%2Fwww.facebook.com%2FThimPress%2F&tabs=timeline&width=270&height=500&small_header=false&adapt_container_width=true&hide_cover=false&show_facepile=true&appId\" width=\"100%\" height=\"322\" style=\"border:none;overflow:hidden\" scrolling=\"no\" frameborder=\"0\" allowTransparency=\"true\"><\/iframe>","filter":false,"widget-class":""},"6":{"title":"","text":"<iframe src=\"https:\/\/www.facebook.com\/plugins\/page.php?href=https%3A%2F%2Fwww.facebook.com%2FThimPress%2F&tabs=timeline&width=270&height=500&small_header=false&adapt_container_width=true&hide_cover=false&show_facepile=true&appId\" width=\"100%\" height=\"325\" style=\"border:none;overflow:hidden\" scrolling=\"no\" frameborder=\"0\" allowTransparency=\"true\"><\/iframe>","filter":false,"widget-class":""},"8":{"title":"","text":"Footer bottom","filter":false,"widget-class":""},"_multiwidget":1},"social":{"4":{"title":"","link_face":"https:\/\/www.facebook.com\/ThimPress","link_twitter":"https:\/\/twitter.com\/thimpress","link_google":"https:\/\/plus.google.com\/+Thimpress","link_dribble":"","link_linkedin":"","link_pinterest":"","link_instagram":"","link_youtube":"","link_target":"_self","style":"no-border","widget-class":"","show_text":false,"widget_logic":""},"5":{"title":"Social Links","link_face":"#","link_twitter":"#","link_google":"#","link_dribble":"","link_linkedin":"","link_pinterest":"","link_instagram":"","link_youtube":"","link_target":"_self","style":false,"show_text":true,"widget_logic":"","widget-class":"col-sm-3"},"2":{"title":"","link_face":"https:\/\/www.facebook.com\/ThimPress","link_twitter":"https:\/\/twitter.com\/thimpress","link_google":"https:\/\/plus.google.com\/+Thimpress","link_dribble":"","link_linkedin":"#","link_pinterest":"","link_instagram":"","link_youtube":"","link_target":"_blank","style":"no-border","widget-class":"","show_text":false},"_multiwidget":1},"nav_menu":{"4":{"title":"USEFUL LINKS","nav_menu":33,"widget_logic":"","widget-class":"col-sm-3"},"2":{"nav_menu":31,"widget-class":"","widget_logic":""},"_multiwidget":1},"courses":{"3":{"title":"Popular Courses","order":"popular","cat_id":"all","layout":"list-sidebar","limit":3,"view_all_courses":"","slider-options":{"show_navigation":true,"item_visible":"4","show_pagination":false},"grid-options":{"columns":"4"},"widget-class":"","widget_logic":""},"2":{"title":"Popular Courses","order":"popular","cat_id":"all","layout":"list-sidebar","limit":3,"view_all_courses":"","slider-options":{"show_navigation":true,"item_visible":"4","show_pagination":false},"grid-options":{"columns":"4"},"widget-class":""},"_multiwidget":1},"woocommerce_product_categories":{"2":{"title":"Categories","orderby":"name","dropdown":0,"count":0,"hierarchical":1,"show_children_only":0,"hide_empty":0,"widget-class":""},"_multiwidget":1},"woocommerce_price_filter":{"2":{"title":"Filter by price","widget-class":""},"_multiwidget":1},"woocommerce_products":{"2":{"title":"Best sellers","number":3,"show":"","orderby":"sales","order":"desc","hide_free":0,"show_hidden":0,"widget-class":""},"_multiwidget":1},"woocommerce_product_tag_cloud":{"2":{"title":"Product Tags","widget-class":""},"_multiwidget":1},"recent-posts":{"2":{"title":"","number":5},"_multiwidget":1},"recent-comments":{"2":{"title":"","number":5},"_multiwidget":1},"archives":{"2":{"title":"","count":0,"dropdown":0},"_multiwidget":1},"meta":{"2":{"title":""},"_multiwidget":1},"woocommerce_widget_cart":{"2":{"title":"","hide_if_empty":0,"widget-class":""},"_multiwidget":1},"login-popup":{"4":{"text_register":"Register","text_login":"Login","text_logout":"Logout","shortcode":"[TheChamp-Login title=\"Login with social networks\"]","widget-class":""},"_multiwidget":1}}]