[{"topbar_left":["thim_layout_builder-3"],"topbar_right":["thim_layout_builder-4"],"sidebar":["search-2","recent-posts-2","recent-comments-2","archives-2","categories-2","meta-2"],"menu-right":["thim_layout_builder-5"],"footer-sidebar-1":["media_image-3","text-2","thim_layout_builder-2"],"footer-sidebar-2":["nav_menu-2"],"footer-sidebar-3":["custom_html-2"],"footer-sidebar-4":["recent-posts-3"],"sidebar_shop":["woocommerce_product_search-2","woocommerce_product_categories-2","woocommerce_price_filter-2","woocommerce_products-2","woocommerce_product_tag_cloud-2","media_image-2"]},{"thim_layout_builder":{"3":{"widget-class":"","content":"[vc_row][vc_column][vc_column_text]\r\n<div class=\"top-info\">\r\n\r\n<a href=\"mailto:info@thimpress.com\"><i class=\"ion-android-mail\"><\/i> info@thimpress.com<\/a>\r\n\r\n<i class=\"ion-ios-location\"><\/i> 505 North State Street, Chicago, USA\r\n\r\n<\/div>\r\n[\/vc_column_text][\/vc_column][\/vc_row]","custom_css":""},"4":{"widget-class":"","content":"[vc_row][vc_column][thim-login-popup text_login=\"Login\" show_icon=\"\" title=\"My Account\" mc_logo=\"313\" mc_image=\"329\" mc_heading=\"Best company you ever work with.\" mc_description=\"In publishing and graphic design, lorem ipsum is a filler text or greeking commonly used to demonstrate the textual elements of a graphic document or visual presentation.\"][thim-social-links social_links=\"%5B%7B%22icon%22%3A%22fa%20fa-facebook%22%2C%22link%22%3A%22https%3A%2F%2Fwww.facebook.com%2Fthimpress%22%7D%2C%7B%22icon%22%3A%22fa%20fa-twitter%22%2C%22link%22%3A%22https%3A%2F%2Fwww.twitter.com%2Fthimpress%22%7D%2C%7B%22icon%22%3A%22fa%20fa-google-plus%22%2C%22link%22%3A%22https%3A%2F%2Fwww.plus.google.com%2Fthimpress%22%7D%5D\"][\/vc_column][\/vc_row]","custom_css":""},"5":{"widget-class":"","content":"[vc_row][vc_column][vc_column_text]\r\n<ul class=\"header-info\">\r\n \t<li><i class=\"ion-ios-clock-outline\"><\/i> Mon - Fri: <span class=\"color\">08.00 - 17.00<\/span><\/li>\r\n \t<li><i class=\"ion-android-call\"><\/i> Tell Free: <a class=\"color\" href=\"tel:00123456789\">(00) 123-456-789<\/a><\/li>\r\n<\/ul>\r\n[\/vc_column_text][\/vc_column][\/vc_row]","custom_css":""},"2":{"widget-class":"","content":"<p>[vc_row][vc_column][vc_empty_space height=\"5px\"][thim-social-links social_links=\"%5B%7B%22icon%22%3A%22fa%20fa-facebook%22%2C%22link%22%3A%22http%3A%2F%2Ffacebook.com%2Fthimpress%2F%22%7D%2C%7B%22icon%22%3A%22fa%20fa-twitter%22%2C%22link%22%3A%22http%3A%2F%2Ftwitter.com%2Fthimpress%2F%22%7D%2C%7B%22icon%22%3A%22fa%20fa-skype%22%2C%22link%22%3A%22http%3A%2F%2Fskype.com%2Fthimpress%2F%22%7D%2C%7B%22icon%22%3A%22fa%20fa-google-plus%22%2C%22link%22%3A%22http%3A%2F%2Fplus.google.com%2Fthimpress%2F%22%7D%5D\"][\/vc_column][\/vc_row]<\/p>\r\n","custom_css":""},"_multiwidget":1},"search":{"2":{"title":""},"_multiwidget":1},"recent-posts":{"2":{"title":"","number":5},"3":{"title":"Our Works","number":4,"show_date":false,"widget-class":"title-style-2"},"_multiwidget":1},"recent-comments":{"2":{"title":"","number":5},"_multiwidget":1},"archives":{"2":{"title":"","count":0,"dropdown":0},"_multiwidget":1},"categories":{"2":{"title":"","count":0,"hierarchical":0,"dropdown":0},"_multiwidget":1},"meta":{"2":{"title":""},"_multiwidget":1},"media_image":{"3":{"attachment_id":726,"url":"http:\/\/galax.thimpress.com\/demo-12\/wp-content\/uploads\/sites\/12\/2018\/05\/Logo-construction.png","title":"","size":"full","width":137,"height":56,"caption":"","alt":"","link_type":"none","link_url":"http:\/\/galax.thimpress.com\/demo-12\/","image_classes":"","link_classes":"","link_rel":"","link_target_blank":false,"image_title":"","widget-class":"","widget_logic":""},"2":{"attachment_id":715,"url":"http:\/\/galax.thimpress.com\/demo-12\/wp-content\/uploads\/sites\/12\/2018\/04\/banner.jpg","title":"","size":"full","width":298,"height":325,"caption":"","alt":"","link_type":"custom","link_url":"https:\/\/thimpress.com\/product\/education-pack-1-free-education-wordpress-theme\/","image_classes":"","link_classes":"","link_rel":"","link_target_blank":false,"image_title":"","widget-class":"","widget_logic":""},"_multiwidget":1},"text":{"2":{"title":"","text":"Sign up for ThimPress Newsletter to be the first one to receive special deals and offers.\r\n\r\n[mc4wp_form]","filter":true,"visual":true,"widget-class":"mc4wp-inline-form","widget_logic":""},"_multiwidget":1},"nav_menu":{"2":{"title":"Useful Links","nav_menu":3,"widget-class":"column-2 title-style-2"},"_multiwidget":1},"custom_html":{"2":{"title":"Connect Us","content":"<ul class=\"thim-contact-list\">\r\n<li><i class=\"fa fa-phone\" aria-hidden=\"true\"><\/i> <a href=\"tel:00123456789\">(+00) 123456-789<\/a><\/li><li><i class=\"fa fa-envelope-o\" aria-hidden=\"true\"><\/i> <a href=\"mailto:info@thimpress.com\">info@thimpress.com<\/a><\/li><li><i class=\"fa fa-fax\" aria-hidden=\"true\"><\/i> <a href=\"tel:01123456789\">(+01) 123456-789<\/a><\/li><li><i class=\"fa fa-map-marker\" aria-hidden=\"true\"><\/i> PO Box 97845 Baker st. 567, Los Angeles, California, US.<\/li>\r\n<\/ul>","widget-class":"title-style-2"},"_multiwidget":1},"woocommerce_product_search":{"2":{"title":"","widget-class":""},"_multiwidget":1},"woocommerce_product_categories":{"2":{"title":"Categories","orderby":"name","dropdown":0,"count":1,"hierarchical":1,"show_children_only":0,"hide_empty":0,"max_depth":"","widget-class":""},"_multiwidget":1},"woocommerce_price_filter":{"2":{"title":"Filter by price","widget-class":""},"_multiwidget":1},"woocommerce_products":{"2":{"title":"POPULAR PRODUCTS","number":4,"show":"","orderby":"date","order":"desc","hide_free":0,"show_hidden":0,"widget-class":""},"_multiwidget":1},"woocommerce_product_tag_cloud":{"2":{"title":"Tags","widget-class":""},"_multiwidget":1}}]