{"adrotate":[{"id":"7","title":"Sidebar","bannercode":"&lt;a href=\\&quot;https:\/\/thimpress.com\\&quot;&gt;&lt;img src=\\&quot;%asset%\\&quot; alt=\\&quot;ads\\&quot; \/&gt;&lt;\/a&gt;","thetime":"1490797392","updated":"1510729584","author":"admin","imagetype":"field","image":"http:\/\/creativemag.thimpress.com\/demo-fashion\/wp-content\/uploads\/sites\/8\/2017\/11\/fashion-sizebar.jpg","paid":"U","tracker":"N","show_everyone":"Y","desktop":"Y","mobile":"Y","tablet":"Y","os_ios":"Y","os_android":"Y","os_other":"Y","responsive":"N","type":"active","weight":"6","autodelete":"N","budget":"0","crate":"0","irate":"0","cities":"a:0:{}","countries":"a:0:{}"}],"adrotate_groups":[{"id":"4","name":"","modus":"0","fallback":"0","cat":"","cat_loc":"0","cat_par":"0","page":"","page_loc":"0","page_par":"0","mobile":"0","geo":"0","wrapper_before":"","wrapper_after":"","align":"0","gridrows":"2","gridcolumns":"2","admargin":"0","admargin_bottom":"0","admargin_left":"0","admargin_right":"0","adwidth":"125","adheight":"125","adspeed":"6000","repeat_impressions":"Y"}],"adrotate_linkmeta":[{"id":"19","ad":"7","group":"0","user":"0","schedule":"7"}],"adrotate_schedule":[{"id":"1","name":"Schedule for ad 1","starttime":"1480006320","stoptime":"2528643120","maxclicks":"0","maximpressions":"0","spread":"N","daystarttime":"0000","daystoptime":"0000","day_mon":"Y","day_tue":"Y","day_wed":"Y","day_thu":"Y","day_fri":"Y","day_sat":"Y","day_sun":"Y","autodelete":"N"},{"id":"2","name":"Schedule for ad 2","starttime":"1480006320","stoptime":"2528643120","maxclicks":"0","maximpressions":"0","spread":"N","daystarttime":"0000","daystoptime":"0000","day_mon":"Y","day_tue":"Y","day_wed":"Y","day_thu":"Y","day_fri":"Y","day_sat":"Y","day_sun":"Y","autodelete":"N"},{"id":"3","name":"Schedule for ad 3","starttime":"1483110540","stoptime":"2531747340","maxclicks":"0","maximpressions":"0","spread":"N","daystarttime":"0000","daystoptime":"0000","day_mon":"Y","day_tue":"Y","day_wed":"Y","day_thu":"Y","day_fri":"Y","day_sat":"Y","day_sun":"Y","autodelete":"N"},{"id":"4","name":"Schedule for ad 4","starttime":"1483111500","stoptime":"2531748300","maxclicks":"0","maximpressions":"0","spread":"N","daystarttime":"0000","daystoptime":"0000","day_mon":"Y","day_tue":"Y","day_wed":"Y","day_thu":"Y","day_fri":"Y","day_sat":"Y","day_sun":"Y","autodelete":"N"},{"id":"5","name":"Schedule for ad 5","starttime":"1485267420","stoptime":"2533904220","maxclicks":"0","maximpressions":"0","spread":"N","daystarttime":"0000","daystoptime":"0000","day_mon":"Y","day_tue":"Y","day_wed":"Y","day_thu":"Y","day_fri":"Y","day_sat":"Y","day_sun":"Y","autodelete":"N"},{"id":"6","name":"Schedule for ad 6","starttime":"1487326320","stoptime":"2535963120","maxclicks":"0","maximpressions":"0","spread":"N","daystarttime":"0000","daystoptime":"0000","day_mon":"Y","day_tue":"Y","day_wed":"Y","day_thu":"Y","day_fri":"Y","day_sat":"Y","day_sun":"Y","autodelete":"N"},{"id":"7","name":"Schedule for ad 7","starttime":"1490797380","stoptime":"1592749380","maxclicks":"0","maximpressions":"0","spread":"N","daystarttime":"0000","daystoptime":"0000","day_mon":"Y","day_tue":"Y","day_wed":"Y","day_thu":"Y","day_fri":"Y","day_sat":"Y","day_sun":"Y","autodelete":"N"}],"adrotate_stats":[{"id":"2461","ad":"7","group":"0","thetime":"1513555200","clicks":"0","impressions":"2"},{"id":"2462","ad":"7","group":"0","thetime":"1513814400","clicks":"0","impressions":"3"},{"id":"2463","ad":"7","group":"0","thetime":"1514851200","clicks":"0","impressions":"8"}]}