[{"sidebar":["search-4","categories-2","courses-2","single-images-2","list-post-2"],"toolbar":["login-popup-2","search-5","nav_menu-20"],"menu_right":["button-2"],"footer":["thim_layout_builder-3"],"sidebar_courses":["course-categories-2","courses-5","single-images-5","list-post-7"],"header":["thim_layout_builder-2"],"megamenu":["nav_menu-19","courses-6","single-images-6"]},{"search":{"4":{"title":"Search","widget-class":"","widget_logic":""},"5":{"title":"","widget-class":"","widget_logic":""},"_multiwidget":1},"categories":{"2":{"title":"","count":0,"hierarchical":0,"dropdown":0},"_multiwidget":1},"courses":{"2":{"heading_group":{"title":"Popular Courses","textcolor":false,"size":"h3","font_heading":"default","custom_font_heading":{"custom_font_size":18,"custom_font_weight":"normal"}},"desc_group":{"des":"","des_color":false,"des_font_size":16,"des_font_weight":"normal"},"order":"popular","layout":"list-sidebar","limit":3,"view_all_courses":"","slider-options":{"show_navigation":true,"item_visible":"4","show_pagination":false},"grid-options":{"columns":"2"},"widget-class":"","widget_logic":""},"5":{"heading_group":{"title":"Popular Courses","textcolor":false,"size":"h3","font_heading":"default","custom_font_heading":{"custom_font_size":18,"custom_font_weight":"normal"}},"desc_group":{"des":"","des_color":false,"des_font_size":16,"des_font_weight":"normal"},"order":"popular","layout":"list-sidebar","limit":3,"view_all_courses":"","slider-options":{"show_navigation":true,"item_visible":"4","show_pagination":false},"grid-options":{"columns":"2"},"widget-class":""},"6":{"title":"New Course","order":"latest","cat_id":"all","layout":"megamenu","limit":1,"view_all_courses":"","view_all_position":"top","slider-options":{"show_navigation":true,"item_visible":"4","auto_play":0,"show_pagination":false},"grid-options":{"columns":"4"},"tabs-options":{"limit_tab":4,"cat_id_tab":false},"widget-class":"col-sm-4 thim-megamenu-vc","widget_logic":""},"_multiwidget":1},"single-images":{"2":{"image":3384,"image_size":"","image_link":"#","link_target":"_self","image_alignment":"left","css_animation":false,"widget-class":"","widget_logic":""},"5":{"image":3384,"image_size":"","image_link":"#","link_target":"_self","image_alignment":"left","css_animation":false,"widget-class":"","widget_logic":""},"6":{"image":4385,"image_size":"full","image_link":"#","link_target":"_blank","image_alignment":"left","css_animation":false,"widget-class":"col-sm-4 thim-megamenu-vc","widget_logic":""},"_multiwidget":1},"list-post":{"2":{"title":"Latest Posts","cat_id":"9","image_size":"thumbnail","show_description":"no","number_posts":3,"orderby":"recent","order":"desc","link":"","text_link":"","style":"sidebar","widget-class":"","widget_logic":""},"7":{"title":"Latest Posts","cat_id":"9","image_size":"thumbnail","show_description":"no","number_posts":3,"orderby":"recent","order":"desc","link":"","text_link":"","style":"sidebar","widget-class":""},"_multiwidget":1},"login-popup":{"2":{"text_register":"","text_login":"Account","text_logout":"Logout","shortcode":"","widget-class":"","widget_logic":""},"_multiwidget":1},"nav_menu":{"20":{"nav_menu":21,"widget-class":"","widget_logic":""},"19":{"title":"About Courses","nav_menu":54,"widget-class":"col-sm-4 thim-megamenu-vc","widget_logic":""},"_multiwidget":1},"button":{"2":{"title":"Apply Now","url":"#","custom_style":"custom_style","style_options":{"font_size":13,"font_weight":"500","border_width":"","color":"#ffffff","border_color":false,"bg_color":"#fc3158","hover_color":"#fed1d4","hover_border_color":false,"hover_bg_color":"#fc3158"},"icon":{"icon":"","icon_size":14,"icon_position":false},"layout":{"button_size":"small","rounding":"very-rounded"},"widget-class":"","new_window":false,"widget_logic":""},"_multiwidget":1},"thim_layout_builder":{"3":{"widget-class":"","content":"[vc_row css=\".vc_custom_1483604405046{margin-bottom: 30px !important;}\"][vc_column width=\"2\/3\"][vc_column_text]\r\n<div class=\"thim-footer-info-4\">\r\n<div class=\"footer-logo\"><img class=\"alignnone size-full wp-image-10\" src=\"https:\/\/educationwp.thimpress.com\/demo-vc-university-4\/wp-content\/uploads\/sites\/41\/2017\/01\/logo-uni41.png\" alt=\"logo-eduma-the-best-lms-wordpress-theme\" width=\"180\" height=\"180\" \/><\/div>\r\n<div class=\"info\">\r\n<h4 class=\"heading\">Eduma is Awesome<\/h4>\r\n<div class=\"content\">\r\n<p class=\"desc\">Eduma University offers a rigorous academic program with a history of excellence in environmental studies.<\/p>\r\n\r\n<ul class=\"contact-list\">\r\n \t<li class=\"address\"><i class=\"fa fa-home\"><\/i>456 Camino Ramon, Suite 500 San Ramon, UK<\/li>\r\n \t<li class=\"phone\"><i class=\"fa fa-phone\"><\/i>01-234-567800<\/li>\r\n \t<li class=\"email\"><i class=\"fa fa-envelope\"><\/i><a href=\"mailto:hello@eduma.com\">hello@eduma.com<\/a><\/li>\r\n<\/ul>\r\n<\/div>\r\n<\/div>\r\n<\/div>\r\n[\/vc_column_text][\/vc_column][vc_column width=\"1\/3\"][\/vc_column][\/vc_row][vc_row el_class=\"row-sm-padding-left-210\"][vc_column width=\"2\/3\"][vc_row_inner][vc_column_inner width=\"1\/3\"][vc_wp_custommenu nav_menu=\"7\" title=\"About Us\"][\/vc_column_inner][vc_column_inner width=\"1\/3\"][vc_wp_custommenu nav_menu=\"23\" title=\"Important\"][\/vc_column_inner][vc_column_inner width=\"1\/3\"][thim-social title=\"Follow Us\" style=\"style-3\" show_label=\"true\" link_face=\"#\" link_twitter=\"#\" link_google=\"#\" link_instagram=\"#\" link_youtube=\"#\"][\/vc_column_inner][\/vc_row_inner][\/vc_column][vc_column width=\"1\/3\" el_class=\"text-center thim-newsletter\"][vc_wp_text title=\"Newsletter\"]Get the latest Eduma University news delivered to your inbox\r\n\r\n[mc4wp_form id=\"3101\"][\/vc_wp_text][\/vc_column][\/vc_row]","custom_css":".vc_custom_1483604405046{margin-bottom: 30px !important;}","widget_logic":""},"2":{"widget-class":"","content":"[vc_row css=\".vc_custom_1482921112418{margin-right: 0px !important;margin-left: 0px !important;}\"][vc_column width=\"3\/4\"][vc_row_inner][vc_column_inner width=\"1\/4\" css=\".vc_custom_1482918934387{padding-right: 0px !important;padding-left: 0px !important;}\"][thim-link text=\"ABOUT EDUMA\" description=\"Discover who we are and what we do\" link=\"#\"][\/vc_column_inner][vc_column_inner width=\"1\/4\" css=\".vc_custom_1482918965456{padding-right: 0px !important;padding-left: 0px !important;}\"][thim-link text=\"ACADEMIC\" description=\"Read all about what it's like to live at Eduma\" link=\"#\"][\/vc_column_inner][vc_column_inner width=\"1\/4\" css=\".vc_custom_1482918974312{padding-right: 0px !important;padding-left: 0px !important;}\"][thim-link text=\"ADMISSION\" description=\"Discover who we are and what we do\" link=\"#\"][\/vc_column_inner][vc_column_inner width=\"1\/4\" css=\".vc_custom_1482918983891{padding-right: 0px !important;padding-left: 0px !important;}\"][thim-link text=\"RESEARCH\" description=\"Read all about what it's like to live at Eduma\" link=\"#\"][\/vc_column_inner][\/vc_row_inner][\/vc_column][vc_column width=\"1\/4\"][thim-button title=\"Apply Now\" new_window=\"\" custom_style=\"custom_style\" font_size=\"13\" font_weight=\"500\" icon=\"fa fa-pencil\" icon_position=\"after\" button_size=\"small\" rounding=\"tiny-rounded\" color=\"#ffffff\" border_color=\"#fa394a\" bg_color=\"#fa394a\" hover_color=\"#fed1d4\" hover_border_color=\"#fa394a\" hover_bg_color=\"#fa394a\"][\/vc_column][\/vc_row]","custom_css":".vc_custom_1482921112418{margin-right: 0px !important;margin-left: 0px !important;}.vc_custom_1482918934387{padding-right: 0px !important;padding-left: 0px !important;}.vc_custom_1482918965456{padding-right: 0px !important;padding-left: 0px !important;}.vc_custom_1482918974312{padding-right: 0px !important;padding-left: 0px !important;}.vc_custom_1482918983891{padding-right: 0px !important;padding-left: 0px !important;}","widget_logic":""},"_multiwidget":1},"course-categories":{"2":{"title":"All Courses","widget-class":"","show_counts":false,"hierarchical":false,"widget_logic":""},"_multiwidget":1}}]