[{"sidebar":["search-2","recent-posts-2","recent-comments-2","archives-2","categories-2","meta-2"],"footer-sidebar-before":["thim_layout_builder-2"],"footer-sidebar-1":["text-2"],"footer-sidebar-2":["nav_menu-2"],"footer-sidebar-3":["nav_menu-3"],"footer-sidebar-4":["text-3"]},{"search":{"2":{"title":""},"_multiwidget":1},"recent-posts":{"2":{"title":"","number":5},"_multiwidget":1},"recent-comments":{"2":{"title":"","number":5},"_multiwidget":1},"archives":{"2":{"title":"","count":0,"dropdown":0},"_multiwidget":1},"categories":{"2":{"title":"","count":0,"hierarchical":0,"dropdown":0},"_multiwidget":1},"meta":{"2":{"title":""},"_multiwidget":1},"thim_layout_builder":{"2":{"widget_logic":"","widget-class":"","content":"<p>[vc_row][vc_column width=\"1\/2\"][vc_single_image image=\"1147\" img_size=\"full\"][\/vc_column][vc_column width=\"1\/2\"][thim-social-links social_links=\"%5B%7B%22icon%22%3A%22fa%20fa-facebook%22%2C%22link%22%3A%22facebook.com%2Fthimpress%22%7D%2C%7B%22icon%22%3A%22fa%20fa-twitter%22%2C%22link%22%3A%22twitter.com%2Fthimpress%22%7D%2C%7B%22icon%22%3A%22fa%20fa-instagram%22%2C%22link%22%3A%22instagram.com%2Fthimpress%22%7D%2C%7B%22icon%22%3A%22fa%20fa-youtube%22%2C%22link%22%3A%22youtube.com%2Fc%2Fthimpressdesign%22%7D%5D\"][\/vc_column][\/vc_row]<\/p>\r\n","custom_css":""},"_multiwidget":1},"text":{"2":{"title":"About Us","text":"<ul class=\"thim-contact-list\">\r\n \t<li><i class=\"ion-ios-telephone-outline\" aria-hidden=\"true\"><\/i> <a href=\"tel:00123456789\">(+00) 123456-789<\/a><\/li>\r\n \t<li><i class=\"ion-ios-email-outline\" aria-hidden=\"true\"><\/i> <a href=\"mailto:info@thimpress.com\">info@thimpress.com<\/a><\/li>\r\n \t<li><i class=\"ion-ios-location-outline\" aria-hidden=\"true\"><\/i> PO Box 97845 Baker st. 567, Los Angeles, California, US.<\/li>\r\n<\/ul>","filter":true,"visual":true,"widget-class":""},"3":{"title":"Keep in Touch","text":"Get updates about new  tours, travel tips, room prices and more!\r\n[mc4wp_form id=\"319\"]","filter":true,"visual":true,"widget-class":""},"_multiwidget":1},"nav_menu":{"2":{"title":"Useful Links","nav_menu":3,"widget-class":"column-2"},"3":{"title":"Services","nav_menu":4,"widget-class":""},"_multiwidget":1}}]