[{"wp_inactive_widgets":["archives-2","meta-2","recent-posts-2","recent-comments-2"],"right-logo":["text-3"],"left-logo":["text-8"],"right-menu":["text-4"],"sidebar":["text-7"],"canvas":["nav_menu-2","media_image-3","text-2"],"sidebar-shop":["woocommerce_product_categories-2","text-9","tag_cloud-3","media_image-4"],"footer-sidebar-1":["text-5"],"footer-sidebar-2":["media_image-5"],"footer-sidebar-3":["custom_html-2"]},{"text":{"3":{"title":"","text":"[INSERT_ELEMENTOR id=\"956\"]","filter":true,"visual":true,"widget-class":""},"8":{"title":"","text":"[INSERT_ELEMENTOR id=\"762\"]","filter":true,"visual":true,"widget-class":""},"4":{"title":"","text":"[INSERT_ELEMENTOR id=\"766\"]","filter":true,"visual":true,"widget-class":""},"7":{"title":"","text":"[INSERT_ELEMENTOR id=\"772\"]","filter":true,"visual":true,"widget-class":""},"2":{"title":"","text":"<div class=\"copyright-text\">Copyright 2018 Corporate WordPress Theme by ThimPress. <a href=\"#\">ThimPress<\/a><\/div>","filter":true,"visual":true,"widget-class":""},"9":{"title":"","text":"[INSERT_ELEMENTOR id=\"1042\"]","filter":true,"visual":true,"widget-class":""},"5":{"title":"","text":"[INSERT_ELEMENTOR id=\"775\"]","filter":true,"visual":true,"widget-class":""},"_multiwidget":1},"nav_menu":{"2":{"title":"Canvas menu","nav_menu":38,"widget-class":""},"_multiwidget":1},"media_image":{"3":{"attachment_id":58,"url":"http:\/\/video-blog.thimpress.com\/wp-content\/uploads\/2019\/01\/ads-04-262x300.jpg","title":"","size":"medium","width":270,"height":309,"caption":"","alt":"","link_type":"custom","link_url":"https:\/\/thimpress.com\/","image_classes":"","link_classes":"","link_rel":"","link_target_blank":false,"image_title":"","widget-class":""},"4":{"attachment_id":58,"url":"http:\/\/video-blog.thimpress.com\/wp-content\/uploads\/2019\/01\/ads-04-262x300.jpg","title":"","size":"medium","width":270,"height":309,"caption":"","alt":"","link_type":"custom","link_url":"","image_classes":"","link_classes":"","link_rel":"","link_target_blank":false,"image_title":"","widget-class":""},"5":{"attachment_id":949,"url":"http:\/\/video-blog.thimpress.com\/demo-elementor-4\/wp-content\/uploads\/sites\/15\/2019\/01\/logo-header-04-3-300x65.png","title":"","size":"medium","width":336,"height":73,"caption":"","alt":"","link_type":"custom","link_url":"","image_classes":"","link_classes":"","link_rel":"","link_target_blank":false,"image_title":"","widget-class":""},"_multiwidget":1},"woocommerce_product_categories":{"2":{"title":"Product categories","orderby":"name","dropdown":0,"count":1,"hierarchical":0,"show_children_only":0,"hide_empty":0,"max_depth":"","widget-class":""},"_multiwidget":1},"tag_cloud":{"3":{"title":"Tags","count":0,"taxonomy":"product_tag","widget-class":""},"_multiwidget":1},"custom_html":{"2":{"title":"","content":"<div class=\"copyright-text\">Copyrights \u00a9 2018 <a href=\"#\">ThimPress<\/a><\/div>","widget-class":""},"_multiwidget":1},"archives":{"2":{"title":"","count":0,"dropdown":0},"_multiwidget":1},"meta":{"2":{"title":""},"_multiwidget":1},"recent-posts":{"2":{"title":"","number":5},"_multiwidget":1},"recent-comments":{"2":{"title":"","number":5},"_multiwidget":1}}]