[{"right-logo":["custom_html-4"],"left-logo":["custom_html-5"],"right-menu":["custom_html-6"],"sidebar":["custom_html-7"],"canvas":["nav_menu-2","media_image-4","text-2"],"sidebar-shop":["custom_html-3"],"footer-sidebar-1":["custom_html-8"],"footer-sidebar-2":["media_image-3"],"footer-sidebar-3":["custom_html-2"]},{"custom_html":{"4":{"title":"","content":"[INSERT_ELEMENTOR id=\"1195\"]","widget-class":""},"5":{"title":"","content":"[INSERT_ELEMENTOR id=\"1191\"]","widget-class":""},"6":{"title":"","content":"[INSERT_ELEMENTOR id=\"1192\"]","widget-class":""},"7":{"title":"","content":"[INSERT_ELEMENTOR id=\"1193\"]","widget-class":""},"3":{"title":"","content":"[INSERT_ELEMENTOR id=\"1196\"]","widget-class":""},"8":{"title":"","content":"[INSERT_ELEMENTOR id=\"1194\"]","widget-class":""},"2":{"title":"","content":"<div class=\"copyright-text\">Copyrights \u00a9 2018 <a href=\"#\">ThimPress<\/a><\/div>","widget-class":""},"_multiwidget":1},"nav_menu":{"2":{"title":"Canvas menu","nav_menu":14,"widget-class":""},"_multiwidget":1},"media_image":{"4":{"attachment_id":58,"url":"https:\/\/video-blog.thimpress.com\/demo-el-4\/wp-content\/uploads\/sites\/28\/2019\/01\/ads-04-262x300.jpg","title":"","size":"medium","width":270,"height":309,"caption":"","alt":"","link_type":"custom","link_url":"","image_classes":"","link_classes":"","link_rel":"","link_target_blank":false,"image_title":"","widget-class":""},"3":{"attachment_id":105,"url":"https:\/\/video-blog.thimpress.com\/demo-el-4\/wp-content\/uploads\/sites\/28\/2019\/01\/logo-header-04-300x65.png","title":"","size":"medium","width":336,"height":73,"caption":"","alt":"","link_type":"custom","link_url":"","image_classes":"","link_classes":"","link_rel":"","link_target_blank":false,"image_title":"","widget-class":""},"_multiwidget":1},"text":{"2":{"title":"","text":"<div class=\"copyright-text\">Copyright 2018 Corporate WordPress Theme by ThimPress. <a href=\"#\">ThimPress<\/a><\/div>","filter":true,"visual":true,"widget-class":""},"_multiwidget":1}}]