{"adrotate":[{"id":"1","title":"Ad 270x270","bannercode":"&lt;a href=\\&quot;https:\/\/themeforest.net\/item\/magazine-wordpress-theme-mag-wp\/19305239?ref=thimpress&amp;utm_source=demo&amp;utm_medium=adsbanner\\&quot;&gt;&lt;img alt=\\&quot;\\&quot; src=\\&quot;https:\/\/magwp.thimpress.com\/wp-content\/uploads\/2017\/02\/option1-270x270-min.png\\&quot; \/&gt;&lt;\/a&gt;","thetime":"1480006355","updated":"1487338265","author":"admin","imagetype":"","image":"","paid":"U","tracker":"Y","desktop":"Y","mobile":"Y","tablet":"Y","os_ios":"Y","os_android":"Y","os_other":"Y","responsive":"N","type":"active","weight":"6","autodelete":"N","budget":"0","crate":"0","irate":"0","cities":"a:0:{}","countries":"a:0:{}"},{"id":"2","title":"Ad 728x90","bannercode":"&lt;a href=\\&quot;https:\/\/themeforest.net\/item\/magazine-wordpress-theme-mag-wp\/19305239?ref=thimpress&amp;utm_source=demo&amp;utm_medium=adsbanner\\&quot;&gt;&lt;img alt=\\&quot;\\&quot; src=\\&quot;https:\/\/magwp.thimpress.com\/wp-content\/uploads\/2017\/04\/thimpress_magwp.png\\&quot; \/&gt;&lt;\/a&gt;","thetime":"1480006355","updated":"1492770409","author":"admin","imagetype":"","image":"","paid":"U","tracker":"Y","desktop":"Y","mobile":"Y","tablet":"Y","os_ios":"Y","os_android":"Y","os_other":"Y","responsive":"N","type":"active","weight":"6","autodelete":"N","budget":"0","crate":"0","irate":"0","cities":"a:0:{}","countries":"a:0:{}"},{"id":"3","title":"270x270 - 2","bannercode":"&lt;a href=\\&quot;https:\/\/themeforest.net\/item\/magazine-wordpress-theme-mag-wp\/19305239?ref=thimpress&amp;utm_source=demo&amp;utm_medium=adsbanner\\&quot;&gt;&lt;img alt=\\&quot;\\&quot; src=\\&quot;https:\/\/magwp.thimpress.com\/wp-content\/uploads\/2017\/02\/option4-270x270-min.png\\&quot; \/&gt;&lt;\/a&gt;","thetime":"1487338330","updated":"1487338361","author":"admin","imagetype":"","image":"","paid":"U","tracker":"Y","desktop":"Y","mobile":"Y","tablet":"Y","os_ios":"Y","os_android":"Y","os_other":"Y","responsive":"N","type":"active","weight":"6","autodelete":"N","budget":"0","crate":"0","irate":"0","cities":"a:0:{}","countries":"a:0:{}"},{"id":"4","title":"728x90 - 2","bannercode":"&lt;a href=\\&quot;https:\/\/themeforest.net\/item\/magazine-wordpress-theme-mag-wp\/19305239?ref=thimpress&amp;utm_source=demo&amp;utm_medium=adsbanner\\&quot;&gt;&lt;img alt=\\&quot;\\&quot; src=\\&quot;https:\/\/magwp.thimpress.com\/wp-content\/uploads\/2017\/04\/thim_magwp.png\\&quot; \/&gt;&lt;\/a&gt;","thetime":"1487338367","updated":"1492770417","author":"admin","imagetype":"","image":"","paid":"U","tracker":"Y","desktop":"Y","mobile":"Y","tablet":"Y","os_ios":"Y","os_android":"Y","os_other":"Y","responsive":"N","type":"active","weight":"6","autodelete":"N","budget":"0","crate":"0","irate":"0","cities":"a:0:{}","countries":"a:0:{}"}],"adrotate_groups":[{"id":"1","name":"270x270","modus":"1","fallback":"0","cat":"","cat_loc":"0","cat_par":"0","page":"","page_loc":"0","page_par":"0","mobile":"0","geo":"0","wrapper_before":"","wrapper_after":"","align":"3","gridrows":"1","gridcolumns":"1","admargin":"0","admargin_bottom":"0","admargin_left":"0","admargin_right":"0","adwidth":"270","adheight":"270","adspeed":"6000"},{"id":"2","name":"728x90","modus":"1","fallback":"0","cat":"","cat_loc":"0","cat_par":"0","page":"","page_loc":"0","page_par":"0","mobile":"0","geo":"0","wrapper_before":"","wrapper_after":"","align":"3","gridrows":"1","gridcolumns":"1","admargin":"0","admargin_bottom":"0","admargin_left":"0","admargin_right":"0","adwidth":"728","adheight":"90","adspeed":"6000"}],"adrotate_linkmeta":[{"id":"1","ad":"1","group":"0","user":"0","schedule":"1"},{"id":"2","ad":"2","group":"0","user":"0","schedule":"2"},{"id":"3","ad":"3","group":"0","user":"0","schedule":"3"},{"id":"4","ad":"4","group":"0","user":"0","schedule":"4"},{"id":"5","ad":"1","group":"1","user":"0","schedule":"0"},{"id":"6","ad":"3","group":"1","user":"0","schedule":"0"},{"id":"7","ad":"2","group":"2","user":"0","schedule":"0"},{"id":"8","ad":"4","group":"2","user":"0","schedule":"0"}],"adrotate_schedule":[{"id":"1","name":"Schedule for ad 1","starttime":"1480006320","stoptime":"2528643120","maxclicks":"0","maximpressions":"0","spread":"N","daystarttime":"0000","daystoptime":"0000","day_mon":"Y","day_tue":"Y","day_wed":"Y","day_thu":"Y","day_fri":"Y","day_sat":"Y","day_sun":"Y","autodelete":"N"},{"id":"2","name":"Schedule for ad 2","starttime":"1480006320","stoptime":"2528643120","maxclicks":"0","maximpressions":"0","spread":"N","daystarttime":"0000","daystoptime":"0000","day_mon":"Y","day_tue":"Y","day_wed":"Y","day_thu":"Y","day_fri":"Y","day_sat":"Y","day_sun":"Y","autodelete":"N"},{"id":"3","name":"Schedule for ad 3","starttime":"1487338320","stoptime":"2535975120","maxclicks":"0","maximpressions":"0","spread":"N","daystarttime":"0000","daystoptime":"0000","day_mon":"Y","day_tue":"Y","day_wed":"Y","day_thu":"Y","day_fri":"Y","day_sat":"Y","day_sun":"Y","autodelete":"N"},{"id":"4","name":"Schedule for ad 4","starttime":"1487338320","stoptime":"2535975120","maxclicks":"0","maximpressions":"0","spread":"N","daystarttime":"0000","daystoptime":"0000","day_mon":"Y","day_tue":"Y","day_wed":"Y","day_thu":"Y","day_fri":"Y","day_sat":"Y","day_sun":"Y","autodelete":"N"}],"adrotate_stats":[{"id":"1","ad":"1","group":"0","thetime":"1479945600","clicks":"0","impressions":"11"},{"id":"2","ad":"2","group":"0","thetime":"1479945600","clicks":"0","impressions":"8"},{"id":"3","ad":"2","group":"0","thetime":"1480032000","clicks":"0","impressions":"27"},{"id":"4","ad":"1","group":"0","thetime":"1480032000","clicks":"0","impressions":"28"},{"id":"5","ad":"2","group":"0","thetime":"1480291200","clicks":"0","impressions":"32"},{"id":"6","ad":"1","group":"0","thetime":"1480291200","clicks":"0","impressions":"37"},{"id":"7","ad":"2","group":"0","thetime":"1480377600","clicks":"0","impressions":"16"},{"id":"8","ad":"1","group":"0","thetime":"1480377600","clicks":"0","impressions":"17"},{"id":"9","ad":"2","group":"0","thetime":"1480464000","clicks":"0","impressions":"53"},{"id":"10","ad":"1","group":"0","thetime":"1480464000","clicks":"0","impressions":"54"},{"id":"11","ad":"1","group":"0","thetime":"1480550400","clicks":"0","impressions":"66"},{"id":"12","ad":"2","group":"0","thetime":"1480550400","clicks":"0","impressions":"61"},{"id":"13","ad":"2","group":"0","thetime":"1480636800","clicks":"0","impressions":"27"},{"id":"14","ad":"1","group":"0","thetime":"1480636800","clicks":"0","impressions":"25"},{"id":"15","ad":"2","group":"0","thetime":"1480896000","clicks":"0","impressions":"28"},{"id":"16","ad":"1","group":"0","thetime":"1480896000","clicks":"0","impressions":"25"},{"id":"17","ad":"2","group":"0","thetime":"1480982400","clicks":"0","impressions":"7"},{"id":"18","ad":"1","group":"0","thetime":"1480982400","clicks":"0","impressions":"7"},{"id":"19","ad":"2","group":"0","thetime":"1481068800","clicks":"0","impressions":"5"},{"id":"20","ad":"1","group":"0","thetime":"1481068800","clicks":"0","impressions":"5"},{"id":"21","ad":"2","group":"0","thetime":"1481155200","clicks":"0","impressions":"1"},{"id":"22","ad":"1","group":"0","thetime":"1481155200","clicks":"0","impressions":"1"},{"id":"23","ad":"2","group":"0","thetime":"1481241600","clicks":"0","impressions":"4"},{"id":"24","ad":"1","group":"0","thetime":"1481241600","clicks":"0","impressions":"4"},{"id":"25","ad":"2","group":"0","thetime":"1481500800","clicks":"0","impressions":"1"},{"id":"26","ad":"1","group":"0","thetime":"1481500800","clicks":"0","impressions":"1"},{"id":"27","ad":"2","group":"0","thetime":"1481587200","clicks":"0","impressions":"3"},{"id":"28","ad":"1","group":"0","thetime":"1481587200","clicks":"0","impressions":"3"},{"id":"29","ad":"2","group":"0","thetime":"1481760000","clicks":"0","impressions":"1"},{"id":"30","ad":"1","group":"0","thetime":"1481760000","clicks":"0","impressions":"1"},{"id":"31","ad":"2","group":"0","thetime":"1481846400","clicks":"0","impressions":"8"},{"id":"32","ad":"1","group":"0","thetime":"1481846400","clicks":"0","impressions":"8"},{"id":"33","ad":"2","group":"0","thetime":"1482019200","clicks":"0","impressions":"1"},{"id":"34","ad":"1","group":"0","thetime":"1482019200","clicks":"0","impressions":"1"},{"id":"35","ad":"2","group":"0","thetime":"1482105600","clicks":"0","impressions":"1"},{"id":"36","ad":"1","group":"0","thetime":"1482105600","clicks":"0","impressions":"1"},{"id":"37","ad":"2","group":"0","thetime":"1482278400","clicks":"0","impressions":"2"},{"id":"38","ad":"1","group":"0","thetime":"1482278400","clicks":"0","impressions":"2"},{"id":"39","ad":"2","group":"0","thetime":"1482364800","clicks":"0","impressions":"4"},{"id":"40","ad":"1","group":"0","thetime":"1482364800","clicks":"0","impressions":"4"},{"id":"41","ad":"2","group":"0","thetime":"1482451200","clicks":"0","impressions":"6"},{"id":"42","ad":"1","group":"0","thetime":"1482451200","clicks":"0","impressions":"6"},{"id":"43","ad":"2","group":"0","thetime":"1482710400","clicks":"0","impressions":"9"},{"id":"44","ad":"1","group":"0","thetime":"1482710400","clicks":"0","impressions":"9"},{"id":"45","ad":"2","group":"0","thetime":"1482883200","clicks":"0","impressions":"4"},{"id":"46","ad":"1","group":"0","thetime":"1482883200","clicks":"0","impressions":"4"},{"id":"47","ad":"2","group":"0","thetime":"1482969600","clicks":"0","impressions":"2"},{"id":"48","ad":"1","group":"0","thetime":"1482969600","clicks":"0","impressions":"2"},{"id":"49","ad":"2","group":"0","thetime":"1483441200","clicks":"0","impressions":"2"},{"id":"50","ad":"1","group":"0","thetime":"1483441200","clicks":"0","impressions":"2"},{"id":"51","ad":"2","group":"0","thetime":"1483455600","clicks":"0","impressions":"1"},{"id":"52","ad":"1","group":"0","thetime":"1483455600","clicks":"0","impressions":"1"},{"id":"53","ad":"2","group":"0","thetime":"1483459200","clicks":"0","impressions":"1"},{"id":"54","ad":"1","group":"0","thetime":"1483459200","clicks":"0","impressions":"1"},{"id":"55","ad":"2","group":"0","thetime":"1483606800","clicks":"0","impressions":"1"},{"id":"56","ad":"1","group":"0","thetime":"1483606800","clicks":"0","impressions":"1"},{"id":"57","ad":"2","group":"0","thetime":"1483621200","clicks":"0","impressions":"1"},{"id":"58","ad":"1","group":"0","thetime":"1483621200","clicks":"0","impressions":"1"},{"id":"59","ad":"2","group":"0","thetime":"1483624800","clicks":"0","impressions":"1"},{"id":"60","ad":"1","group":"0","thetime":"1483624800","clicks":"0","impressions":"1"},{"id":"61","ad":"2","group":"0","thetime":"1483628400","clicks":"0","impressions":"1"},{"id":"62","ad":"1","group":"0","thetime":"1483628400","clicks":"0","impressions":"1"},{"id":"63","ad":"2","group":"0","thetime":"1483632000","clicks":"0","impressions":"4"},{"id":"64","ad":"1","group":"0","thetime":"1483632000","clicks":"0","impressions":"4"},{"id":"65","ad":"2","group":"0","thetime":"1483635600","clicks":"0","impressions":"3"},{"id":"66","ad":"1","group":"0","thetime":"1483635600","clicks":"0","impressions":"3"},{"id":"67","ad":"2","group":"0","thetime":"1483700400","clicks":"0","impressions":"1"},{"id":"68","ad":"1","group":"0","thetime":"1483700400","clicks":"0","impressions":"1"},{"id":"69","ad":"2","group":"0","thetime":"1483714800","clicks":"0","impressions":"2"},{"id":"70","ad":"1","group":"0","thetime":"1483714800","clicks":"0","impressions":"2"},{"id":"71","ad":"2","group":"0","thetime":"1484226000","clicks":"0","impressions":"5"},{"id":"72","ad":"1","group":"0","thetime":"1484226000","clicks":"0","impressions":"5"},{"id":"73","ad":"2","group":"0","thetime":"1484229600","clicks":"0","impressions":"1"},{"id":"74","ad":"1","group":"0","thetime":"1484229600","clicks":"0","impressions":"1"},{"id":"75","ad":"2","group":"0","thetime":"1484323200","clicks":"0","impressions":"2"},{"id":"76","ad":"1","group":"0","thetime":"1484323200","clicks":"0","impressions":"3"},{"id":"77","ad":"2","group":"0","thetime":"1484326800","clicks":"0","impressions":"2"},{"id":"78","ad":"1","group":"0","thetime":"1484326800","clicks":"0","impressions":"2"},{"id":"79","ad":"2","group":"0","thetime":"1484330400","clicks":"0","impressions":"2"},{"id":"80","ad":"1","group":"0","thetime":"1484330400","clicks":"0","impressions":"2"},{"id":"81","ad":"2","group":"0","thetime":"1484557200","clicks":"0","impressions":"1"},{"id":"82","ad":"1","group":"0","thetime":"1484557200","clicks":"0","impressions":"1"},{"id":"83","ad":"2","group":"0","thetime":"1484571600","clicks":"0","impressions":"1"},{"id":"84","ad":"1","group":"0","thetime":"1484571600","clicks":"0","impressions":"1"},{"id":"85","ad":"1","group":"0","thetime":"1484575200","clicks":"0","impressions":"1"},{"id":"86","ad":"2","group":"0","thetime":"1484582400","clicks":"0","impressions":"2"},{"id":"87","ad":"1","group":"0","thetime":"1484582400","clicks":"0","impressions":"2"},{"id":"88","ad":"2","group":"0","thetime":"1484586000","clicks":"0","impressions":"3"},{"id":"89","ad":"1","group":"0","thetime":"1484586000","clicks":"0","impressions":"3"},{"id":"90","ad":"2","group":"0","thetime":"1484600400","clicks":"0","impressions":"1"},{"id":"91","ad":"1","group":"0","thetime":"1484600400","clicks":"0","impressions":"1"},{"id":"92","ad":"2","group":"0","thetime":"1484661600","clicks":"0","impressions":"1"},{"id":"93","ad":"1","group":"0","thetime":"1484661600","clicks":"0","impressions":"1"},{"id":"94","ad":"2","group":"0","thetime":"1484665200","clicks":"0","impressions":"2"},{"id":"95","ad":"1","group":"0","thetime":"1484665200","clicks":"0","impressions":"2"},{"id":"96","ad":"2","group":"0","thetime":"1484668800","clicks":"0","impressions":"2"},{"id":"97","ad":"1","group":"0","thetime":"1484668800","clicks":"0","impressions":"2"},{"id":"98","ad":"2","group":"0","thetime":"1484737200","clicks":"0","impressions":"4"},{"id":"99","ad":"1","group":"0","thetime":"1484737200","clicks":"0","impressions":"5"},{"id":"100","ad":"2","group":"0","thetime":"1484758800","clicks":"0","impressions":"1"},{"id":"101","ad":"1","group":"0","thetime":"1484758800","clicks":"0","impressions":"1"},{"id":"102","ad":"2","group":"0","thetime":"1484830800","clicks":"0","impressions":"1"},{"id":"103","ad":"1","group":"0","thetime":"1484830800","clicks":"0","impressions":"1"},{"id":"104","ad":"2","group":"0","thetime":"1484834400","clicks":"0","impressions":"3"},{"id":"105","ad":"1","group":"0","thetime":"1484834400","clicks":"0","impressions":"3"},{"id":"106","ad":"1","group":"0","thetime":"1484838000","clicks":"0","impressions":"13"},{"id":"107","ad":"2","group":"0","thetime":"1484838000","clicks":"0","impressions":"9"},{"id":"108","ad":"2","group":"0","thetime":"1484845200","clicks":"0","impressions":"1"},{"id":"109","ad":"1","group":"0","thetime":"1484845200","clicks":"0","impressions":"1"},{"id":"110","ad":"2","group":"0","thetime":"1484920800","clicks":"0","impressions":"1"},{"id":"111","ad":"1","group":"0","thetime":"1484920800","clicks":"0","impressions":"1"},{"id":"112","ad":"2","group":"0","thetime":"1484924400","clicks":"0","impressions":"3"},{"id":"113","ad":"1","group":"0","thetime":"1484924400","clicks":"0","impressions":"3"},{"id":"114","ad":"1","group":"0","thetime":"1484928000","clicks":"0","impressions":"1"},{"id":"115","ad":"2","group":"0","thetime":"1485165600","clicks":"0","impressions":"2"},{"id":"116","ad":"1","group":"0","thetime":"1485165600","clicks":"0","impressions":"2"},{"id":"117","ad":"2","group":"0","thetime":"1485180000","clicks":"0","impressions":"1"},{"id":"118","ad":"1","group":"0","thetime":"1485180000","clicks":"0","impressions":"2"},{"id":"119","ad":"2","group":"0","thetime":"1485183600","clicks":"0","impressions":"3"},{"id":"120","ad":"1","group":"0","thetime":"1485183600","clicks":"0","impressions":"3"},{"id":"121","ad":"2","group":"0","thetime":"1485252000","clicks":"0","impressions":"1"},{"id":"122","ad":"1","group":"0","thetime":"1485252000","clicks":"0","impressions":"1"},{"id":"123","ad":"2","group":"0","thetime":"1485273600","clicks":"0","impressions":"13"},{"id":"124","ad":"1","group":"0","thetime":"1485273600","clicks":"0","impressions":"13"},{"id":"125","ad":"2","group":"0","thetime":"1485277200","clicks":"0","impressions":"2"},{"id":"126","ad":"1","group":"0","thetime":"1485277200","clicks":"0","impressions":"2"},{"id":"127","ad":"2","group":"0","thetime":"1485334800","clicks":"0","impressions":"1"},{"id":"128","ad":"1","group":"0","thetime":"1485334800","clicks":"0","impressions":"1"},{"id":"129","ad":"2","group":"0","thetime":"1485338400","clicks":"0","impressions":"4"},{"id":"130","ad":"1","group":"0","thetime":"1485338400","clicks":"0","impressions":"4"},{"id":"131","ad":"2","group":"0","thetime":"1485352800","clicks":"0","impressions":"1"},{"id":"132","ad":"2","group":"0","thetime":"1486026000","clicks":"0","impressions":"2"},{"id":"133","ad":"1","group":"0","thetime":"1486026000","clicks":"0","impressions":"2"},{"id":"134","ad":"2","group":"0","thetime":"1486040400","clicks":"0","impressions":"4"},{"id":"135","ad":"1","group":"0","thetime":"1486040400","clicks":"0","impressions":"4"},{"id":"136","ad":"1","group":"0","thetime":"1486044000","clicks":"0","impressions":"8"},{"id":"137","ad":"2","group":"0","thetime":"1486044000","clicks":"0","impressions":"6"},{"id":"138","ad":"2","group":"0","thetime":"1486130400","clicks":"0","impressions":"5"},{"id":"139","ad":"1","group":"0","thetime":"1486130400","clicks":"0","impressions":"5"},{"id":"140","ad":"2","group":"0","thetime":"1486134000","clicks":"0","impressions":"1"},{"id":"141","ad":"1","group":"0","thetime":"1486134000","clicks":"0","impressions":"1"},{"id":"142","ad":"2","group":"0","thetime":"1486371600","clicks":"0","impressions":"3"},{"id":"143","ad":"1","group":"0","thetime":"1486371600","clicks":"0","impressions":"3"},{"id":"144","ad":"2","group":"0","thetime":"1486389600","clicks":"0","impressions":"1"},{"id":"145","ad":"1","group":"0","thetime":"1486389600","clicks":"0","impressions":"1"},{"id":"146","ad":"2","group":"0","thetime":"1486458000","clicks":"0","impressions":"5"},{"id":"147","ad":"1","group":"0","thetime":"1486458000","clicks":"0","impressions":"6"},{"id":"148","ad":"2","group":"0","thetime":"1486479600","clicks":"0","impressions":"1"},{"id":"149","ad":"1","group":"0","thetime":"1486479600","clicks":"0","impressions":"1"},{"id":"150","ad":"2","group":"0","thetime":"1486486800","clicks":"0","impressions":"1"},{"id":"151","ad":"1","group":"0","thetime":"1486486800","clicks":"0","impressions":"1"},{"id":"152","ad":"1","group":"0","thetime":"1486569600","clicks":"0","impressions":"1"},{"id":"153","ad":"2","group":"0","thetime":"1486591200","clicks":"0","impressions":"1"},{"id":"154","ad":"1","group":"0","thetime":"1486591200","clicks":"0","impressions":"1"},{"id":"155","ad":"2","group":"0","thetime":"1486630800","clicks":"0","impressions":"2"},{"id":"156","ad":"1","group":"0","thetime":"1486630800","clicks":"0","impressions":"2"},{"id":"157","ad":"2","group":"0","thetime":"1486634400","clicks":"0","impressions":"1"},{"id":"158","ad":"1","group":"0","thetime":"1486634400","clicks":"0","impressions":"1"},{"id":"159","ad":"2","group":"0","thetime":"1486720800","clicks":"0","impressions":"1"},{"id":"160","ad":"1","group":"0","thetime":"1486720800","clicks":"0","impressions":"1"},{"id":"161","ad":"2","group":"0","thetime":"1486724400","clicks":"0","impressions":"1"},{"id":"162","ad":"1","group":"0","thetime":"1486724400","clicks":"0","impressions":"1"},{"id":"163","ad":"2","group":"0","thetime":"1486731600","clicks":"0","impressions":"2"},{"id":"164","ad":"1","group":"0","thetime":"1486731600","clicks":"0","impressions":"2"},{"id":"165","ad":"2","group":"0","thetime":"1486738800","clicks":"0","impressions":"1"},{"id":"166","ad":"1","group":"0","thetime":"1486738800","clicks":"0","impressions":"1"},{"id":"167","ad":"2","group":"0","thetime":"1486983600","clicks":"0","impressions":"1"},{"id":"168","ad":"1","group":"0","thetime":"1486983600","clicks":"0","impressions":"1"},{"id":"169","ad":"2","group":"0","thetime":"1487062800","clicks":"0","impressions":"3"},{"id":"170","ad":"1","group":"0","thetime":"1487062800","clicks":"0","impressions":"3"},{"id":"171","ad":"2","group":"0","thetime":"1487084400","clicks":"0","impressions":"1"},{"id":"172","ad":"1","group":"0","thetime":"1487084400","clicks":"0","impressions":"1"},{"id":"173","ad":"2","group":"0","thetime":"1487167200","clicks":"0","impressions":"1"},{"id":"174","ad":"1","group":"0","thetime":"1487167200","clicks":"0","impressions":"1"},{"id":"175","ad":"2","group":"0","thetime":"1487170800","clicks":"0","impressions":"7"},{"id":"176","ad":"1","group":"0","thetime":"1487170800","clicks":"0","impressions":"6"},{"id":"177","ad":"2","group":"0","thetime":"1487174400","clicks":"0","impressions":"6"},{"id":"178","ad":"1","group":"0","thetime":"1487174400","clicks":"0","impressions":"6"},{"id":"179","ad":"2","group":"0","thetime":"1487178000","clicks":"0","impressions":"1"},{"id":"180","ad":"1","group":"0","thetime":"1487178000","clicks":"0","impressions":"1"},{"id":"181","ad":"2","group":"0","thetime":"1487242800","clicks":"0","impressions":"1"},{"id":"182","ad":"1","group":"0","thetime":"1487242800","clicks":"0","impressions":"1"},{"id":"183","ad":"2","group":"0","thetime":"1487246400","clicks":"0","impressions":"1"},{"id":"184","ad":"1","group":"0","thetime":"1487246400","clicks":"0","impressions":"1"},{"id":"185","ad":"2","group":"0","thetime":"1487250000","clicks":"0","impressions":"2"},{"id":"186","ad":"1","group":"0","thetime":"1487250000","clicks":"0","impressions":"2"},{"id":"187","ad":"2","group":"0","thetime":"1487253600","clicks":"0","impressions":"5"},{"id":"188","ad":"1","group":"0","thetime":"1487253600","clicks":"0","impressions":"6"},{"id":"189","ad":"2","group":"0","thetime":"1487257200","clicks":"0","impressions":"2"},{"id":"190","ad":"1","group":"0","thetime":"1487257200","clicks":"0","impressions":"1"},{"id":"191","ad":"2","group":"0","thetime":"1487325600","clicks":"0","impressions":"2"},{"id":"192","ad":"1","group":"0","thetime":"1487325600","clicks":"0","impressions":"2"},{"id":"193","ad":"2","group":"0","thetime":"1487336400","clicks":"0","impressions":"3"},{"id":"194","ad":"1","group":"0","thetime":"1487336400","clicks":"0","impressions":"4"},{"id":"195","ad":"4","group":"2","thetime":"1487336400","clicks":"0","impressions":"4"},{"id":"196","ad":"2","group":"2","thetime":"1487336400","clicks":"0","impressions":"3"},{"id":"197","ad":"1","group":"1","thetime":"1487336400","clicks":"0","impressions":"2"},{"id":"198","ad":"3","group":"1","thetime":"1487336400","clicks":"0","impressions":"2"},{"id":"199","ad":"3","group":"1","thetime":"1487340000","clicks":"0","impressions":"7"},{"id":"200","ad":"2","group":"2","thetime":"1487340000","clicks":"0","impressions":"6"},{"id":"201","ad":"1","group":"1","thetime":"1487340000","clicks":"0","impressions":"5"},{"id":"202","ad":"4","group":"2","thetime":"1487340000","clicks":"0","impressions":"6"},{"id":"203","ad":"4","group":"2","thetime":"1487599200","clicks":"0","impressions":"1"},{"id":"204","ad":"3","group":"1","thetime":"1487599200","clicks":"0","impressions":"1"},{"id":"205","ad":"1","group":"1","thetime":"1487599200","clicks":"0","impressions":"1"},{"id":"206","ad":"2","group":"2","thetime":"1487599200","clicks":"0","impressions":"1"},{"id":"207","ad":"1","group":"1","thetime":"1487606400","clicks":"0","impressions":"1"},{"id":"208","ad":"2","group":"2","thetime":"1487606400","clicks":"0","impressions":"1"},{"id":"209","ad":"4","group":"2","thetime":"1487667600","clicks":"0","impressions":"15"},{"id":"210","ad":"1","group":"1","thetime":"1487667600","clicks":"0","impressions":"15"},{"id":"211","ad":"2","group":"2","thetime":"1487667600","clicks":"0","impressions":"14"},{"id":"212","ad":"3","group":"1","thetime":"1487667600","clicks":"0","impressions":"14"},{"id":"213","ad":"4","group":"2","thetime":"1487671200","clicks":"0","impressions":"15"},{"id":"214","ad":"3","group":"1","thetime":"1487671200","clicks":"0","impressions":"15"},{"id":"215","ad":"1","group":"1","thetime":"1487671200","clicks":"0","impressions":"14"},{"id":"216","ad":"2","group":"2","thetime":"1487671200","clicks":"0","impressions":"15"},{"id":"217","ad":"3","group":"1","thetime":"1487674800","clicks":"0","impressions":"35"},{"id":"218","ad":"1","group":"1","thetime":"1487674800","clicks":"0","impressions":"33"},{"id":"219","ad":"4","group":"2","thetime":"1487674800","clicks":"0","impressions":"35"},{"id":"220","ad":"2","group":"2","thetime":"1487674800","clicks":"0","impressions":"35"},{"id":"221","ad":"4","group":"2","thetime":"1487678400","clicks":"0","impressions":"20"},{"id":"222","ad":"2","group":"2","thetime":"1487678400","clicks":"0","impressions":"21"},{"id":"223","ad":"1","group":"1","thetime":"1487678400","clicks":"0","impressions":"21"},{"id":"224","ad":"3","group":"1","thetime":"1487678400","clicks":"0","impressions":"21"},{"id":"225","ad":"1","group":"1","thetime":"1487682000","clicks":"0","impressions":"16"},{"id":"226","ad":"3","group":"1","thetime":"1487682000","clicks":"0","impressions":"14"},{"id":"227","ad":"2","group":"2","thetime":"1487682000","clicks":"0","impressions":"16"},{"id":"228","ad":"4","group":"2","thetime":"1487682000","clicks":"0","impressions":"14"},{"id":"229","ad":"1","group":"1","thetime":"1487689200","clicks":"0","impressions":"4"},{"id":"230","ad":"3","group":"1","thetime":"1487689200","clicks":"0","impressions":"4"},{"id":"231","ad":"2","group":"2","thetime":"1487689200","clicks":"0","impressions":"3"},{"id":"232","ad":"4","group":"2","thetime":"1487689200","clicks":"0","impressions":"4"},{"id":"233","ad":"2","group":"2","thetime":"1487692800","clicks":"0","impressions":"1"},{"id":"234","ad":"1","group":"1","thetime":"1487754000","clicks":"0","impressions":"5"},{"id":"235","ad":"3","group":"1","thetime":"1487754000","clicks":"0","impressions":"6"},{"id":"236","ad":"4","group":"2","thetime":"1487754000","clicks":"0","impressions":"5"},{"id":"237","ad":"2","group":"2","thetime":"1487754000","clicks":"0","impressions":"2"},{"id":"238","ad":"2","group":"2","thetime":"1487757600","clicks":"0","impressions":"2"},{"id":"239","ad":"4","group":"2","thetime":"1487757600","clicks":"0","impressions":"1"},{"id":"240","ad":"1","group":"1","thetime":"1487757600","clicks":"0","impressions":"1"},{"id":"241","ad":"2","group":"2","thetime":"1487840400","clicks":"0","impressions":"2"},{"id":"242","ad":"3","group":"1","thetime":"1487840400","clicks":"0","impressions":"2"},{"id":"243","ad":"1","group":"1","thetime":"1487840400","clicks":"0","impressions":"1"},{"id":"244","ad":"4","group":"2","thetime":"1487840400","clicks":"0","impressions":"1"},{"id":"245","ad":"1","group":"1","thetime":"1487858400","clicks":"0","impressions":"4"},{"id":"246","ad":"3","group":"1","thetime":"1487858400","clicks":"0","impressions":"4"},{"id":"247","ad":"4","group":"2","thetime":"1487858400","clicks":"0","impressions":"5"},{"id":"248","ad":"2","group":"2","thetime":"1487858400","clicks":"0","impressions":"1"},{"id":"249","ad":"3","group":"1","thetime":"1487865600","clicks":"0","impressions":"10"},{"id":"250","ad":"2","group":"2","thetime":"1487865600","clicks":"0","impressions":"9"},{"id":"251","ad":"1","group":"1","thetime":"1487865600","clicks":"0","impressions":"9"},{"id":"252","ad":"4","group":"2","thetime":"1487865600","clicks":"0","impressions":"9"},{"id":"253","ad":"1","group":"1","thetime":"1487869200","clicks":"0","impressions":"22"},{"id":"254","ad":"3","group":"1","thetime":"1487869200","clicks":"0","impressions":"18"},{"id":"255","ad":"4","group":"2","thetime":"1487869200","clicks":"0","impressions":"20"},{"id":"256","ad":"2","group":"2","thetime":"1487869200","clicks":"0","impressions":"19"},{"id":"257","ad":"3","group":"1","thetime":"1487926800","clicks":"0","impressions":"25"},{"id":"258","ad":"2","group":"2","thetime":"1487926800","clicks":"0","impressions":"24"},{"id":"259","ad":"4","group":"2","thetime":"1487926800","clicks":"0","impressions":"24"},{"id":"260","ad":"1","group":"1","thetime":"1487926800","clicks":"0","impressions":"24"},{"id":"261","ad":"4","group":"2","thetime":"1487930400","clicks":"0","impressions":"31"},{"id":"262","ad":"2","group":"2","thetime":"1487930400","clicks":"0","impressions":"31"},{"id":"263","ad":"3","group":"1","thetime":"1487930400","clicks":"0","impressions":"32"},{"id":"264","ad":"1","group":"1","thetime":"1487930400","clicks":"0","impressions":"31"},{"id":"265","ad":"4","group":"2","thetime":"1487934000","clicks":"0","impressions":"37"},{"id":"266","ad":"2","group":"2","thetime":"1487934000","clicks":"0","impressions":"35"},{"id":"267","ad":"3","group":"1","thetime":"1487934000","clicks":"0","impressions":"32"},{"id":"268","ad":"1","group":"1","thetime":"1487934000","clicks":"0","impressions":"34"},{"id":"269","ad":"4","group":"2","thetime":"1487937600","clicks":"0","impressions":"34"},{"id":"270","ad":"1","group":"1","thetime":"1487937600","clicks":"0","impressions":"31"},{"id":"271","ad":"2","group":"2","thetime":"1487937600","clicks":"0","impressions":"32"},{"id":"272","ad":"3","group":"1","thetime":"1487937600","clicks":"0","impressions":"30"},{"id":"273","ad":"1","group":"1","thetime":"1487941200","clicks":"0","impressions":"32"},{"id":"274","ad":"2","group":"2","thetime":"1487941200","clicks":"0","impressions":"31"},{"id":"275","ad":"3","group":"1","thetime":"1487941200","clicks":"0","impressions":"31"},{"id":"276","ad":"4","group":"2","thetime":"1487941200","clicks":"0","impressions":"34"},{"id":"277","ad":"2","group":"2","thetime":"1487944800","clicks":"0","impressions":"32"},{"id":"278","ad":"3","group":"1","thetime":"1487944800","clicks":"0","impressions":"30"},{"id":"279","ad":"1","group":"1","thetime":"1487944800","clicks":"0","impressions":"32"},{"id":"280","ad":"4","group":"2","thetime":"1487944800","clicks":"0","impressions":"31"},{"id":"281","ad":"3","group":"1","thetime":"1487948400","clicks":"0","impressions":"20"},{"id":"282","ad":"4","group":"2","thetime":"1487948400","clicks":"0","impressions":"20"},{"id":"283","ad":"2","group":"2","thetime":"1487948400","clicks":"0","impressions":"20"},{"id":"284","ad":"1","group":"1","thetime":"1487948400","clicks":"0","impressions":"21"},{"id":"285","ad":"1","group":"1","thetime":"1487952000","clicks":"0","impressions":"31"},{"id":"286","ad":"4","group":"2","thetime":"1487952000","clicks":"0","impressions":"31"},{"id":"287","ad":"2","group":"2","thetime":"1487952000","clicks":"0","impressions":"30"},{"id":"288","ad":"3","group":"1","thetime":"1487952000","clicks":"0","impressions":"31"},{"id":"289","ad":"4","group":"2","thetime":"1487955600","clicks":"0","impressions":"29"},{"id":"290","ad":"3","group":"1","thetime":"1487955600","clicks":"0","impressions":"32"},{"id":"291","ad":"1","group":"1","thetime":"1487955600","clicks":"0","impressions":"32"},{"id":"292","ad":"2","group":"2","thetime":"1487955600","clicks":"0","impressions":"32"},{"id":"293","ad":"2","group":"2","thetime":"1488027600","clicks":"0","impressions":"18"},{"id":"294","ad":"4","group":"2","thetime":"1488027600","clicks":"0","impressions":"18"},{"id":"295","ad":"1","group":"1","thetime":"1488027600","clicks":"0","impressions":"17"},{"id":"296","ad":"3","group":"1","thetime":"1488027600","clicks":"0","impressions":"19"},{"id":"297","ad":"2","group":"2","thetime":"1488031200","clicks":"0","impressions":"35"},{"id":"298","ad":"4","group":"2","thetime":"1488031200","clicks":"0","impressions":"32"},{"id":"299","ad":"1","group":"1","thetime":"1488031200","clicks":"0","impressions":"31"},{"id":"300","ad":"3","group":"1","thetime":"1488031200","clicks":"0","impressions":"34"},{"id":"301","ad":"2","group":"2","thetime":"1488034800","clicks":"0","impressions":"33"},{"id":"302","ad":"4","group":"2","thetime":"1488034800","clicks":"0","impressions":"32"},{"id":"303","ad":"3","group":"1","thetime":"1488034800","clicks":"0","impressions":"34"},{"id":"304","ad":"1","group":"1","thetime":"1488034800","clicks":"0","impressions":"30"},{"id":"305","ad":"2","group":"2","thetime":"1488038400","clicks":"0","impressions":"1"},{"id":"306","ad":"3","group":"1","thetime":"1488038400","clicks":"0","impressions":"1"},{"id":"307","ad":"4","group":"2","thetime":"1488038400","clicks":"0","impressions":"1"},{"id":"308","ad":"1","group":"1","thetime":"1488038400","clicks":"0","impressions":"1"},{"id":"309","ad":"4","group":"2","thetime":"1488117600","clicks":"0","impressions":"28"},{"id":"310","ad":"3","group":"1","thetime":"1488117600","clicks":"0","impressions":"28"},{"id":"311","ad":"1","group":"1","thetime":"1488117600","clicks":"0","impressions":"28"},{"id":"312","ad":"2","group":"2","thetime":"1488117600","clicks":"0","impressions":"30"},{"id":"313","ad":"3","group":"1","thetime":"1488121200","clicks":"0","impressions":"26"},{"id":"314","ad":"1","group":"1","thetime":"1488121200","clicks":"0","impressions":"28"},{"id":"315","ad":"4","group":"2","thetime":"1488121200","clicks":"0","impressions":"27"},{"id":"316","ad":"2","group":"2","thetime":"1488121200","clicks":"0","impressions":"28"},{"id":"317","ad":"1","group":"1","thetime":"1488128400","clicks":"0","impressions":"34"},{"id":"318","ad":"3","group":"1","thetime":"1488128400","clicks":"0","impressions":"32"},{"id":"319","ad":"4","group":"2","thetime":"1488128400","clicks":"0","impressions":"29"},{"id":"320","ad":"2","group":"2","thetime":"1488128400","clicks":"0","impressions":"28"},{"id":"321","ad":"2","group":"2","thetime":"1488175200","clicks":"0","impressions":"31"},{"id":"322","ad":"3","group":"1","thetime":"1488175200","clicks":"0","impressions":"33"},{"id":"323","ad":"1","group":"1","thetime":"1488175200","clicks":"0","impressions":"31"},{"id":"324","ad":"4","group":"2","thetime":"1488175200","clicks":"0","impressions":"31"},{"id":"325","ad":"3","group":"1","thetime":"1488178800","clicks":"0","impressions":"34"},{"id":"326","ad":"2","group":"2","thetime":"1488178800","clicks":"0","impressions":"32"},{"id":"327","ad":"4","group":"2","thetime":"1488178800","clicks":"0","impressions":"34"},{"id":"328","ad":"1","group":"1","thetime":"1488178800","clicks":"0","impressions":"32"},{"id":"329","ad":"3","group":"1","thetime":"1488182400","clicks":"0","impressions":"5"},{"id":"330","ad":"2","group":"2","thetime":"1488182400","clicks":"0","impressions":"5"},{"id":"331","ad":"1","group":"1","thetime":"1488182400","clicks":"0","impressions":"5"},{"id":"332","ad":"4","group":"2","thetime":"1488182400","clicks":"0","impressions":"3"},{"id":"333","ad":"2","group":"2","thetime":"1488193200","clicks":"0","impressions":"1"},{"id":"334","ad":"4","group":"2","thetime":"1488214800","clicks":"0","impressions":"1"},{"id":"335","ad":"2","group":"2","thetime":"1488214800","clicks":"0","impressions":"1"},{"id":"336","ad":"3","group":"1","thetime":"1488214800","clicks":"0","impressions":"1"},{"id":"337","ad":"1","group":"1","thetime":"1488214800","clicks":"0","impressions":"1"},{"id":"338","ad":"1","group":"1","thetime":"1488301200","clicks":"0","impressions":"21"},{"id":"339","ad":"2","group":"2","thetime":"1488301200","clicks":"0","impressions":"20"},{"id":"340","ad":"3","group":"1","thetime":"1488301200","clicks":"0","impressions":"20"},{"id":"341","ad":"4","group":"2","thetime":"1488301200","clicks":"0","impressions":"19"},{"id":"342","ad":"2","group":"2","thetime":"1488348000","clicks":"0","impressions":"1"},{"id":"343","ad":"1","group":"1","thetime":"1488348000","clicks":"0","impressions":"1"},{"id":"344","ad":"4","group":"2","thetime":"1488348000","clicks":"0","impressions":"1"},{"id":"345","ad":"3","group":"1","thetime":"1488348000","clicks":"0","impressions":"1"},{"id":"346","ad":"1","group":"1","thetime":"1488373200","clicks":"0","impressions":"5"},{"id":"347","ad":"2","group":"2","thetime":"1488373200","clicks":"0","impressions":"5"},{"id":"348","ad":"3","group":"1","thetime":"1488373200","clicks":"0","impressions":"5"},{"id":"349","ad":"4","group":"2","thetime":"1488373200","clicks":"0","impressions":"5"},{"id":"350","ad":"2","group":"2","thetime":"1488376800","clicks":"0","impressions":"1"},{"id":"351","ad":"2","group":"2","thetime":"1488384000","clicks":"0","impressions":"1"},{"id":"352","ad":"3","group":"1","thetime":"1490029200","clicks":"0","impressions":"1"},{"id":"353","ad":"2","group":"2","thetime":"1490101200","clicks":"0","impressions":"2"},{"id":"354","ad":"4","group":"2","thetime":"1490101200","clicks":"0","impressions":"2"},{"id":"355","ad":"1","group":"1","thetime":"1490101200","clicks":"0","impressions":"2"},{"id":"356","ad":"3","group":"1","thetime":"1490101200","clicks":"0","impressions":"1"},{"id":"357","ad":"4","group":"2","thetime":"1490104800","clicks":"0","impressions":"8"},{"id":"358","ad":"2","group":"2","thetime":"1490104800","clicks":"0","impressions":"8"},{"id":"359","ad":"3","group":"1","thetime":"1490104800","clicks":"0","impressions":"7"},{"id":"360","ad":"1","group":"1","thetime":"1490104800","clicks":"0","impressions":"7"},{"id":"361","ad":"3","group":"1","thetime":"1490108400","clicks":"0","impressions":"1"},{"id":"362","ad":"2","group":"2","thetime":"1490108400","clicks":"0","impressions":"1"},{"id":"363","ad":"1","group":"1","thetime":"1490108400","clicks":"0","impressions":"1"},{"id":"364","ad":"4","group":"2","thetime":"1490263200","clicks":"0","impressions":"1"},{"id":"365","ad":"2","group":"2","thetime":"1490608800","clicks":"0","impressions":"1"},{"id":"366","ad":"1","group":"1","thetime":"1490716800","clicks":"0","impressions":"5"},{"id":"367","ad":"4","group":"2","thetime":"1490716800","clicks":"0","impressions":"3"},{"id":"368","ad":"3","group":"1","thetime":"1490716800","clicks":"0","impressions":"3"},{"id":"369","ad":"2","group":"2","thetime":"1490716800","clicks":"0","impressions":"3"},{"id":"370","ad":"3","group":"1","thetime":"1490886000","clicks":"0","impressions":"1"},{"id":"371","ad":"1","group":"1","thetime":"1491292800","clicks":"0","impressions":"2"},{"id":"372","ad":"4","group":"2","thetime":"1491292800","clicks":"0","impressions":"2"},{"id":"373","ad":"2","group":"2","thetime":"1491292800","clicks":"0","impressions":"2"},{"id":"374","ad":"3","group":"1","thetime":"1491292800","clicks":"0","impressions":"2"},{"id":"375","ad":"1","group":"1","thetime":"1491307200","clicks":"0","impressions":"1"},{"id":"376","ad":"2","group":"2","thetime":"1491307200","clicks":"0","impressions":"1"},{"id":"377","ad":"2","group":"2","thetime":"1491318000","clicks":"0","impressions":"2"},{"id":"378","ad":"3","group":"1","thetime":"1491318000","clicks":"0","impressions":"1"},{"id":"379","ad":"4","group":"2","thetime":"1491318000","clicks":"0","impressions":"2"},{"id":"380","ad":"1","group":"1","thetime":"1491318000","clicks":"0","impressions":"2"},{"id":"381","ad":"2","group":"2","thetime":"1491325200","clicks":"0","impressions":"1"},{"id":"382","ad":"3","group":"1","thetime":"1491325200","clicks":"0","impressions":"1"},{"id":"383","ad":"2","group":"2","thetime":"1491332400","clicks":"0","impressions":"1"},{"id":"384","ad":"1","group":"1","thetime":"1491339600","clicks":"0","impressions":"2"},{"id":"385","ad":"4","group":"2","thetime":"1491339600","clicks":"0","impressions":"2"},{"id":"386","ad":"2","group":"2","thetime":"1491339600","clicks":"0","impressions":"1"},{"id":"387","ad":"3","group":"1","thetime":"1491339600","clicks":"0","impressions":"1"},{"id":"388","ad":"3","group":"1","thetime":"1491343200","clicks":"0","impressions":"1"},{"id":"389","ad":"1","group":"1","thetime":"1491343200","clicks":"0","impressions":"1"},{"id":"390","ad":"2","group":"2","thetime":"1491343200","clicks":"0","impressions":"1"},{"id":"391","ad":"4","group":"2","thetime":"1491343200","clicks":"0","impressions":"1"},{"id":"392","ad":"1","group":"1","thetime":"1491354000","clicks":"0","impressions":"1"},{"id":"393","ad":"4","group":"2","thetime":"1491361200","clicks":"0","impressions":"1"},{"id":"394","ad":"3","group":"1","thetime":"1491361200","clicks":"0","impressions":"1"},{"id":"395","ad":"2","group":"2","thetime":"1491364800","clicks":"0","impressions":"1"},{"id":"396","ad":"1","group":"1","thetime":"1491364800","clicks":"0","impressions":"1"},{"id":"397","ad":"3","group":"1","thetime":"1491364800","clicks":"0","impressions":"1"},{"id":"398","ad":"4","group":"2","thetime":"1491364800","clicks":"0","impressions":"1"},{"id":"399","ad":"4","group":"2","thetime":"1491368400","clicks":"0","impressions":"4"},{"id":"400","ad":"3","group":"1","thetime":"1491368400","clicks":"0","impressions":"1"},{"id":"401","ad":"2","group":"2","thetime":"1491368400","clicks":"0","impressions":"1"},{"id":"402","ad":"1","group":"1","thetime":"1491368400","clicks":"0","impressions":"2"},{"id":"403","ad":"1","group":"1","thetime":"1491379200","clicks":"0","impressions":"1"},{"id":"404","ad":"2","group":"2","thetime":"1491379200","clicks":"0","impressions":"8"},{"id":"405","ad":"3","group":"1","thetime":"1491379200","clicks":"0","impressions":"1"},{"id":"406","ad":"4","group":"2","thetime":"1491379200","clicks":"0","impressions":"8"},{"id":"407","ad":"4","group":"2","thetime":"1491386400","clicks":"0","impressions":"2"},{"id":"408","ad":"3","group":"1","thetime":"1491386400","clicks":"0","impressions":"2"},{"id":"409","ad":"1","group":"1","thetime":"1491386400","clicks":"0","impressions":"2"},{"id":"410","ad":"2","group":"2","thetime":"1491386400","clicks":"0","impressions":"2"},{"id":"411","ad":"3","group":"1","thetime":"1491393600","clicks":"0","impressions":"1"},{"id":"412","ad":"4","group":"2","thetime":"1491393600","clicks":"0","impressions":"1"},{"id":"413","ad":"1","group":"1","thetime":"1491404400","clicks":"0","impressions":"1"},{"id":"414","ad":"3","group":"1","thetime":"1491404400","clicks":"0","impressions":"1"},{"id":"415","ad":"4","group":"2","thetime":"1491404400","clicks":"0","impressions":"1"},{"id":"416","ad":"1","group":"1","thetime":"1491418800","clicks":"0","impressions":"1"},{"id":"417","ad":"2","group":"2","thetime":"1491418800","clicks":"0","impressions":"1"},{"id":"418","ad":"4","group":"2","thetime":"1491418800","clicks":"0","impressions":"1"},{"id":"419","ad":"3","group":"1","thetime":"1491418800","clicks":"0","impressions":"1"},{"id":"420","ad":"3","group":"1","thetime":"1491426000","clicks":"0","impressions":"1"},{"id":"421","ad":"4","group":"2","thetime":"1491426000","clicks":"0","impressions":"1"},{"id":"422","ad":"2","group":"2","thetime":"1491426000","clicks":"0","impressions":"1"},{"id":"423","ad":"1","group":"1","thetime":"1491426000","clicks":"0","impressions":"1"},{"id":"424","ad":"4","group":"2","thetime":"1491433200","clicks":"0","impressions":"1"},{"id":"425","ad":"3","group":"1","thetime":"1491433200","clicks":"0","impressions":"1"},{"id":"426","ad":"1","group":"1","thetime":"1491447600","clicks":"0","impressions":"1"},{"id":"427","ad":"3","group":"1","thetime":"1491458400","clicks":"0","impressions":"1"},{"id":"428","ad":"4","group":"2","thetime":"1491458400","clicks":"0","impressions":"1"},{"id":"429","ad":"3","group":"1","thetime":"1491480000","clicks":"0","impressions":"1"},{"id":"430","ad":"4","group":"2","thetime":"1491483600","clicks":"0","impressions":"1"},{"id":"431","ad":"4","group":"2","thetime":"1491487200","clicks":"0","impressions":"1"},{"id":"432","ad":"3","group":"1","thetime":"1491919200","clicks":"0","impressions":"1"},{"id":"433","ad":"1","group":"1","thetime":"1491919200","clicks":"0","impressions":"4"},{"id":"434","ad":"2","group":"2","thetime":"1491919200","clicks":"0","impressions":"3"},{"id":"435","ad":"2","group":"2","thetime":"1492160400","clicks":"0","impressions":"1"},{"id":"436","ad":"2","group":"2","thetime":"1492617600","clicks":"0","impressions":"15"},{"id":"437","ad":"4","group":"2","thetime":"1492617600","clicks":"0","impressions":"15"},{"id":"438","ad":"3","group":"1","thetime":"1492617600","clicks":"0","impressions":"14"},{"id":"439","ad":"1","group":"1","thetime":"1492617600","clicks":"0","impressions":"14"},{"id":"440","ad":"2","group":"2","thetime":"1492621200","clicks":"0","impressions":"1"},{"id":"441","ad":"4","group":"2","thetime":"1492621200","clicks":"0","impressions":"2"},{"id":"442","ad":"1","group":"1","thetime":"1492621200","clicks":"0","impressions":"1"},{"id":"443","ad":"3","group":"1","thetime":"1492621200","clicks":"0","impressions":"3"},{"id":"444","ad":"2","group":"2","thetime":"1492707600","clicks":"0","impressions":"1"},{"id":"445","ad":"1","group":"1","thetime":"1492707600","clicks":"0","impressions":"1"},{"id":"446","ad":"4","group":"2","thetime":"1492707600","clicks":"0","impressions":"1"},{"id":"447","ad":"3","group":"1","thetime":"1492783200","clicks":"0","impressions":"1"},{"id":"448","ad":"4","group":"2","thetime":"1492783200","clicks":"0","impressions":"1"},{"id":"449","ad":"3","group":"1","thetime":"1493118000","clicks":"0","impressions":"2"},{"id":"450","ad":"4","group":"2","thetime":"1493118000","clicks":"0","impressions":"1"},{"id":"451","ad":"1","group":"1","thetime":"1493118000","clicks":"0","impressions":"2"},{"id":"452","ad":"2","group":"2","thetime":"1493118000","clicks":"0","impressions":"2"},{"id":"453","ad":"3","group":"1","thetime":"1493121600","clicks":"0","impressions":"2"},{"id":"454","ad":"4","group":"2","thetime":"1493121600","clicks":"0","impressions":"2"},{"id":"455","ad":"1","group":"1","thetime":"1493121600","clicks":"0","impressions":"1"},{"id":"456","ad":"2","group":"2","thetime":"1493121600","clicks":"0","impressions":"1"}]}