[{"wp_inactive_widgets":["archives-2","meta-2","search-2","categories-2","recent-posts-2","recent-comments-2","categories-4","recent-posts-3","courses-searching-3","form-login-2","social-2","siteorigin-panels-builder-2","social-3","woocommerce_product_categories-2","woocommerce_products-2","course-categories-3","siteorigin-panels-builder-4","siteorigin-panels-builder-3","archives-2","meta-2","search-2","categories-2","recent-posts-2","recent-comments-2"],"sidebar-1":["categories-5","recent-posts-4"],"search_sidebar":["courses-searching-3"],"menu_right":["form-login-2","social-4","woocommerce_widget_cart-2"],"footer":["siteorigin-panels-builder-4"],"copyright":["siteorigin-panels-builder-5"],"shop":["woocommerce_product_categories-2","woocommerce_products-2"],"sidebar_courses":["course-categories-3"]},{"categories":{"5":{"title":"Categories","count":0,"hierarchical":0,"dropdown":0,"widget-class":""},"2":{"title":"","count":0,"hierarchical":0,"dropdown":0},"4":{"title":"Categories","count":0,"hierarchical":0,"dropdown":0,"widget-class":""},"_multiwidget":1},"recent-posts":{"4":{"title":"Recent Posts","number":5,"show_date":false,"widget-class":""},"2":{"title":"","number":5},"3":{"title":"Recent Posts","number":5,"show_date":false,"widget-class":""},"_multiwidget":1},"courses-searching":{"3":{"label":"What do you want to learn today ?","layout":"layout-top","widget-class":""},"_multiwidget":1},"form-login":{"2":{"text_login":"Login","text_logout":"Logout","widget-class":"","widget_logic":""},"_multiwidget":1},"social":{"4":{"title":"","link_face":"#","link_twitter":"#","link_google":"#","link_dribble":"","link_linkedin":"","link_pinterest":"","link_digg":"","link_youtube":"","link_target":"_self","widget_logic":"","widget-class":""},"2":{"title":"","link_face":"#","link_twitter":"#","link_google":"#","link_dribble":"","link_linkedin":"","link_pinterest":"","link_digg":"","link_youtube":"","link_target":"_self","widget_logic":"","widget-class":""},"3":{"title":"","link_face":"","link_twitter":"#","link_google":"#","link_dribble":"#","link_linkedin":"#","link_pinterest":"#","link_digg":"","link_youtube":"#","link_target":"_blank","widget_logic":"","widget-class":""},"_multiwidget":1},"woocommerce_widget_cart":{"2":{"hide_if_empty":0,"widget_logic":"","widget-class":""},"_multiwidget":1},"siteorigin-panels-builder":{"4":{"panels_data":{"widgets":[{"title":"","text":"<img src=\"http:\/\/elearningwp.thimpress.com\/demo-03\/wp-content\/uploads\/sites\/7\/2017\/06\/logo-footer.png\" alt=\"logo-footer\" \/>\n<ul class=\"list-contact\">\n \t<li><i class=\"fa fa-envelope-o\"><\/i><a href=\"emailto:info@thimpress.com\"> Info@thimpress.com<\/a><\/li>\n \t<li><i class=\"fa fa-phone\"><\/i><a href=\"tel:0123456789\">+ (0123) 456 789<\/a><\/li>\n \t<li><i class=\"fa fa-fax\"><\/i>+ (0122) 456 789<\/li>\n \t<li><i class=\"fa fa-map-marker\"><\/i> no 200 Joseob, Canada<\/li>\n<\/ul>","widget-class":"","filter":"content","widget_logic":"","panels_info":{"class":"WP_Widget_Text","raw":false,"grid":0,"cell":0,"id":0,"widget_id":"e873f956-e739-472b-9534-8bf0cb0e4b7e","style":{"id":"","class":"","widget_css":"","mobile_css":"","padding":"","mobile_padding":"","background":"","background_image_attachment":"0","background_display":"tile","border_color":"","font_color":"","link_color":""}}},{"title":"Company","nav_menu":93,"widget_logic":"","widget-class":"","panels_info":{"class":"WP_Nav_Menu_Widget","grid":0,"cell":1,"id":1,"widget_id":"6defad21-80ab-4dce-9793-93935cd16641","style":{"id":"","class":"","widget_css":"","mobile_css":"","padding":"","mobile_padding":"","background":"","background_image_attachment":"0","background_display":"tile","border_color":"","font_color":"","link_color":""}}},{"title":"Link","nav_menu":33,"widget_logic":"","widget-class":"","panels_info":{"class":"WP_Nav_Menu_Widget","raw":false,"grid":0,"cell":2,"id":2,"widget_id":"6defad21-80ab-4dce-9793-93935cd16641","style":{"id":"","class":"","widget_css":"","mobile_css":"","padding":"","mobile_padding":"","background":"","background_image_attachment":"0","background_display":"tile","border_color":"","font_color":"","link_color":""}}},{"title":"Support","nav_menu":94,"widget_logic":"","widget-class":"","panels_info":{"class":"WP_Nav_Menu_Widget","grid":0,"cell":3,"id":3,"widget_id":"6defad21-80ab-4dce-9793-93935cd16641","style":{"id":"","class":"","widget_css":"","mobile_css":"","padding":"","mobile_padding":"","background":"","background_image_attachment":"0","background_display":"tile","border_color":"","font_color":"","link_color":""}}},{"title":"Instagram","text":"[instagram-feed num=6 cols=3 showfollow=false  showheader=false showbutton=false]","widget_logic":"","widget-class":"","filter":false,"panels_info":{"class":"WP_Widget_Text","raw":false,"grid":0,"cell":4,"id":4,"widget_id":"2854a4c9-c7ae-4b55-9006-2f019f3882ae","style":{"id":"","class":"footer-instagram","widget_css":"","mobile_css":"","padding":"","mobile_padding":"","background":"","background_image_attachment":"0","background_display":"tile","border_color":"","font_color":"","link_color":""}}}],"grids":[{"cells":5,"style":{"id":"","class":"","cell_class":"","row_css":"","mobile_css":"","bottom_margin":"","gutter":"","padding":"","mobile_padding":"","row_stretch":"","collapse_behaviour":"","collapse_order":"","cell_alignment":"flex-start","background":"","background_image_attachment":"0","background_display":"tile","border_color":""}}],"grid_cells":[{"grid":0,"index":0,"weight":0.25045959195444,"style":[]},{"grid":0,"index":1,"weight":0.16625384924354,"style":[]},{"grid":0,"index":2,"weight":0.16683316683317,"style":[]},{"grid":0,"index":3,"weight":0.16618883693626,"style":[]},{"grid":0,"index":4,"weight":0.2502645550326,"style":[]}]},"builder_id":"594390bf229f9","widget_logic":"","widget-class":""},"5":{"panels_data":{"widgets":[{"title":"","map_center":"New York","api_key":"AIzaSyAJ114vRqQtWAzb4zeOIIcP5_FDqPKlhlw","settings":{"height":"480","zoom":17,"draggable":true,"scroll_zoom":false},"markers":{"marker_at_center":true,"marker_icon":0,"marker_positions":false},"widget_logic":"","widget-class":"","panels_info":{"class":"Google_Map_Widget","raw":false,"grid":0,"cell":0,"id":0,"widget_id":"be4bb360-4c56-4aaf-bb64-7d5ecdd3108a","style":{"id":"","class":"","widget_css":"","mobile_css":"","padding":"","mobile_padding":"","background":"","background_image_attachment":"0","background_display":"tile","border_color":"","font_color":"","link_color":""}}},{"title":"","text":"<h3>Subscribe To Our Newsletter<\/h3>\n<p>Phasellus nec dolor.Sed ornare semper ipsum. Sed pede orci volutpat sed congue vels gravida non lacus.<\/p>\n[mc4wp_form id=\"12019\"]","widget_logic":"","widget-class":"","filter":false,"panels_info":{"class":"WP_Widget_Text","raw":false,"grid":0,"cell":0,"id":1,"widget_id":"dd1619ed-0150-48b4-9aa0-88fabb19daf8","style":{"id":"","class":"","widget_css":"","mobile_css":"","padding":"","mobile_padding":"","background":"","background_image_attachment":"0","background_display":"tile","border_color":"","font_color":"","link_color":""}}},{"title":"","link_face":"https:\/\/www.facebook.com\/thimpress","link_twitter":"https:\/\/www.twitter.com\/thimpress","link_google":"https:\/\/plus.google.com\/thimpress","link_dribble":"","link_linkedin":"","link_pinterest":"","link_digg":"","link_youtube":"https:\/\/youtube.com\/thimpress","link_target":"_blank","widget_logic":"","widget-class":"","panels_info":{"class":"Thim_Social_Widget","raw":false,"grid":0,"cell":0,"id":2,"widget_id":"aa42f19c-520d-4950-b591-756a6d839730","style":{"id":"","class":"","widget_css":"","mobile_css":"","padding":"","mobile_padding":"","background":"","background_image_attachment":"0","background_display":"tile","border_color":"","font_color":"","link_color":""}}}],"grids":[{"cells":1,"style":{"id":"","class":"bg_maps","cell_class":"","row_css":"","mobile_css":"","bottom_margin":"","gutter":"","padding":"100px 0px 100px 0px","mobile_padding":"","row_stretch":"full-stretched","collapse_behaviour":"","collapse_order":"","cell_alignment":"flex-start","background":"","background_image_attachment":"0","background_display":"tile","border_color":""}}],"grid_cells":[{"grid":0,"index":0,"weight":1,"style":[]}]},"builder_id":"59366005b677f","widget_logic":"","widget-class":""},"2":{"panels_data":{"widgets":[{"title":"","text":"<p><img src=\"http:\/\/elearningwp.thimpress.com\/wp-content\/uploads\/sites\/7\/2015\/06\/logo-footer.png\" alt=\"logo-footer\" \/><\/p>\n<p>Integer lorem quam, adipiscing condiment tristique vel, eleifend sed turpispoliet amis. Pellentesque cursus arcu id magna euismod in elementum purus molestie. <\/p>\n<ul>\n<li><a href=\"#\">About Us<\/a><\/li>\n<li><a href=\"#\">Meet Our Team<\/a><\/li>\n<\/ul>","widget-class":"","filter":false,"panels_info":{"class":"WP_Widget_Text","raw":false,"grid":0,"cell":0,"id":0,"widget_id":"e873f956-e739-472b-9534-8bf0cb0e4b7e","style":{"class":"","widget_css":"","padding":"","mobile_padding":"","background":"","background_image_attachment":"0","background_display":"tile","border_color":"","font_color":"","link_color":""}}},{"title":"Latest Tweets","consumer_key":"8MLtU0vPrqY5ID5f9R5w","consumer_secret":"H7wIO5OUFgbNlq5h8pzXOhyubR7awP9VCO37b2JU1A","access_token":"624443553-wJTdW8WTORDnggzV9C0mUFJ1nbv4kCZgxy5JKlYu","access_token_secret":"dsLFF01Hn3a3YcDt0DjCofoxxABkoyJkhLSa302S3fzJj","twitter_id":"themeforest","count":2,"widget-class":"col-sm-3","panels_info":{"class":"Tweets_Feed_Widget","raw":false,"grid":0,"cell":1,"id":1,"widget_id":"7ddf42dc-5215-44a1-98ca-f6464f74c9f0","style":{"class":"","widget_css":"","padding":"","mobile_padding":"","background":"","background_image_attachment":"0","background_display":"tile","border_color":"","font_color":"","link_color":""}}},{"heading_group":{"title":"Popular Courses","textcolor":false,"size":"h3","font_heading":"default","custom_font_heading":{"custom_font_size":18,"custom_font_weight":"normal"}},"desc_group":{"des":"","des_color":false,"des_font_size":16,"des_font_weight":"normal"},"kind":"latest","layout":"layout-02","columns":"2","limit":2,"social_share":true,"slider-options":{"courses_slider":"yes","row":"1","show_page_nav":true,"show_navigation":false},"widget_logic":"","widget-class":"","panels_info":{"class":"Courses_Widget","grid":0,"cell":2,"id":2,"widget_id":"1e15aeff-d50c-4595-90b5-714ede9d991e","style":{"id":"","class":"","widget_css":"","mobile_css":"","padding":"","mobile_padding":"","background":"","background_image_attachment":"0","background_display":"tile","border_color":"","font_color":"","link_color":""}},"link_all_courses":false},{"title":"Link","nav_menu":33,"widget-class":"","panels_info":{"class":"WP_Nav_Menu_Widget","raw":false,"grid":0,"cell":3,"id":3,"widget_id":"6defad21-80ab-4dce-9793-93935cd16641","style":{"class":"","widget_css":"","padding":"","background":"","background_image_attachment":"0","background_display":"tile","border_color":"","font_color":"","link_color":""}}}],"grids":[{"cells":4,"style":[]}],"grid_cells":[{"grid":0,"index":0,"weight":0.25,"style":[]},{"grid":0,"index":1,"weight":0.25,"style":[]},{"grid":0,"index":2,"weight":0.25,"style":[]},{"grid":0,"index":3,"weight":0.25,"style":[]}]},"builder_id":"592f8b3e64721","widget_logic":"","widget-class":""},"3":{"panels_data":{"widgets":[{"title":"","map_center":"New York","api_key":"AIzaSyAJ114vRqQtWAzb4zeOIIcP5_FDqPKlhlw","settings":{"height":"480","zoom":17,"draggable":true,"scroll_zoom":false},"markers":{"marker_at_center":true,"marker_icon":0,"marker_positions":false},"widget_logic":"","widget-class":"","panels_info":{"class":"Google_Map_Widget","raw":false,"grid":0,"cell":0,"id":0,"widget_id":"be4bb360-4c56-4aaf-bb64-7d5ecdd3108a","style":{"id":"","class":"","widget_css":"","mobile_css":"","padding":"","mobile_padding":"","background":"","background_image_attachment":"0","background_display":"tile","border_color":"","font_color":"","link_color":""}}},{"title":"","text":"<h3>Subscribe To Our Newsletter<\/h3>\n<p>Phasellus nec dolor.Sed ornare semper ipsum. Sed pede orci volutpat sed congue vels gravida non lacus.<\/p>\n[mc4wp_form id=\"12019\"]","widget_logic":"","widget-class":"","filter":false,"panels_info":{"class":"WP_Widget_Text","raw":false,"grid":0,"cell":0,"id":1,"widget_id":"dd1619ed-0150-48b4-9aa0-88fabb19daf8","style":{"id":"","class":"","widget_css":"","mobile_css":"","padding":"","mobile_padding":"","background":"","background_image_attachment":"0","background_display":"tile","border_color":"","font_color":"","link_color":""}}},{"title":"","link_face":"https:\/\/www.facebook.com\/thimpress","link_twitter":"https:\/\/www.twitter.com\/thimpress","link_google":"https:\/\/plus.google.com\/thimpress","link_dribble":"","link_linkedin":"","link_pinterest":"","link_digg":"","link_youtube":"https:\/\/youtube.com\/thimpress","link_target":"_blank","widget_logic":"","widget-class":"","panels_info":{"class":"Thim_Social_Widget","raw":false,"grid":0,"cell":0,"id":2,"widget_id":"aa42f19c-520d-4950-b591-756a6d839730","style":{"id":"","class":"","widget_css":"","mobile_css":"","padding":"","mobile_padding":"","background":"","background_image_attachment":"0","background_display":"tile","border_color":"","font_color":"","link_color":""}}}],"grids":[{"cells":1,"style":{"id":"","class":"bg_maps","cell_class":"","row_css":"","mobile_css":"","bottom_margin":"","gutter":"","padding":"100px 0px 100px 0px","mobile_padding":"","row_stretch":"full-stretched","collapse_behaviour":"","collapse_order":"","cell_alignment":"flex-start","background":"","background_image_attachment":"0","background_display":"tile","border_color":""}}],"grid_cells":[{"grid":0,"index":0,"weight":1,"style":[]}]},"builder_id":"59366005b677f","widget_logic":"","widget-class":""},"_multiwidget":1},"woocommerce_product_categories":{"2":{"title":"Product Categories","orderby":"name","dropdown":0,"count":0,"hierarchical":"1","show_children_only":0,"widget-class":""},"_multiwidget":1},"woocommerce_products":{"2":{"title":"Products","number":"5","show":"","orderby":"date","order":"desc","hide_free":0,"show_hidden":0,"widget-class":""},"_multiwidget":1},"course-categories":{"3":{"title":"Categories","widget-class":"","show_counts":false,"hierarchical":false},"_multiwidget":1},"archives":{"2":{"title":"","count":0,"dropdown":0},"_multiwidget":1},"meta":{"2":{"title":""},"_multiwidget":1},"search":{"2":{"title":""},"_multiwidget":1},"recent-comments":{"2":{"title":"","number":5},"_multiwidget":1}}]