[{"realpress-single-property-sidebar":["realpress-schedule-tour-2","realpress-contact-form-2","realpress_mortgage_calculator-1","realpress_property_list-1","media_image-8"],"realpress-archive-property-sidebar":["realpress_property_list-2","realpress-term-1","media_image-7"],"realpress-agent-list-sidebar":["realpress_agent_search-1","media_image-9","text-3"],"realpress-agent-detail-sidebar":["text-4"],"sidebar":["search-1","categories-1"],"menu_right":["text-2"]},{"realpress-schedule-tour":{"2":{"title":"Schedule Tour"},"_multiwidget":1},"realpress-contact-form":{"2":{"title":"Contact"},"_multiwidget":1},"realpress_mortgage_calculator":{"1":{"title":"Mortgage Title","default_total_amount":"1000","default_down_payment":"5","default_loan_terms":"5","default_interest_rate":"10"},"_multiwidget":1},"realpress_property_list":{"1":{"title":"Latest Listing","posts_per_page":"4","order_by":"date","order":"DESC"},"2":{"title":"Featured Listings","posts_per_page":"1","order_by":"date","order":"DESC"},"_multiwidget":1},"media_image":{"8":{"size":"full","width":473,"height":736,"caption":"","alt":"","link_type":"custom","link_url":"\/","image_classes":"","link_classes":"","link_rel":"","link_target_blank":false,"image_title":"","attachment_id":27424,"url":"https:\/\/realpress.thimpress.com\/demo-agency\/wp-content\/uploads\/sites\/20\/2023\/01\/banner-sb.png","title":""},"7":{"size":"full","width":473,"height":736,"caption":"","alt":"","link_type":"custom","link_url":"https:\/\/realpress.thimpress.com\/demo-agency\/properties\/awesome-interior-apartment\/","image_classes":"","link_classes":"","link_rel":"","link_target_blank":false,"image_title":"","attachment_id":27424,"url":"https:\/\/realpress.thimpress.com\/demo-agency\/wp-content\/uploads\/sites\/20\/2023\/01\/banner-sb.png","title":""},"9":{"size":"full","width":473,"height":736,"caption":"","alt":"","link_type":"custom","link_url":"https:\/\/realpress.thimpress.com\/demo-agency\/properties\/awesome-interior-apartment\/","image_classes":"","link_classes":"","link_rel":"","link_target_blank":false,"image_title":"","attachment_id":27424,"url":"https:\/\/realpress.thimpress.com\/demo-agency\/wp-content\/uploads\/sites\/20\/2023\/01\/banner-sb.png","title":""},"_multiwidget":1},"realpress-term":{"1":{"title":"Types","taxonomy":"realpress-type","number":"10","orderby":"name","order":"asc"},"_multiwidget":1},"realpress_agent_search":{"1":{"title":"Agent Search"},"_multiwidget":1},"text":{"3":{"title":"","text":"[thim_ekit id=\"28614\"]","filter":true,"visual":true},"4":{"title":"","text":"[thim_ekit id=\"28614\"]","filter":true,"visual":true},"2":{"title":"","text":"[thim_ekit id=\"28632\"]","filter":true,"visual":true},"_multiwidget":1},"search":{"1":null,"_multiwidget":1},"categories":{"1":null,"_multiwidget":1}}]