[{"topbar-left":["text-2"],"topbar-right":["text-4","text-7"],"footer-sidebar-5":["nav_menu-5"],"sidebar":["search-2","categories-2","text-9","media_image-2","tag_cloud-2"],"footer-sidebar-1":["text-5"],"footer-sidebar-2":["nav_menu-2"],"footer-sidebar-3":["custom_html-2"],"footer-sidebar-4":["text-8"]},{"text":{"2":{"title":"","text":"<div class=\"thim-toolbar-help-info\"><i class=\"fa fa-phone\"><\/i> Need help? Call us Now: <a href=\"#\">+00 44 123 456 78910<\/a><\/div>","filter":true,"visual":true,"widget-class":""},"4":{"title":"","text":"<div class=\"thim-toolbar-help-info\"><i class=\"fa fa-envelope-o\"><\/i> <a href=\"#\">support@kidschool.com<\/a><\/div>","filter":true,"visual":true,"widget-class":""},"7":{"title":"","text":"[INSERT_ELEMENTOR id=\"739\"]","filter":true,"visual":true,"widget-class":""},"9":{"title":"","text":"[thim_ekit id=\"1209\"]","filter":true,"visual":true,"widget-class":""},"5":{"title":"","text":"[thim_ekit id=\"1200\"]","filter":true,"visual":true,"widget-class":""},"8":{"title":"","text":"[thim_ekit id=\"1205\"]","filter":true,"visual":true,"widget-class":""},"_multiwidget":1},"nav_menu":{"5":{"title":"Info for","nav_menu":28,"widget-class":""},"2":{"title":"Menu","nav_menu":30,"widget-class":""},"_multiwidget":1},"search":{"2":{"title":""},"_multiwidget":1},"categories":{"2":{"title":"","count":0,"hierarchical":0,"dropdown":0},"_multiwidget":1},"media_image":{"2":{"attachment_id":11,"url":"http:\/\/kindergarten.thimpress.com\/wp-content\/uploads\/2019\/02\/single-image-07.jpg","title":"","size":"full","width":260,"height":267,"caption":"","alt":"","link_type":"custom","link_url":"","image_classes":"","link_classes":"","link_rel":"","link_target_blank":false,"image_title":"","widget-class":""},"_multiwidget":1},"tag_cloud":{"2":{"title":"Tags","count":0,"taxonomy":"post_tag","widget-class":""},"_multiwidget":1},"custom_html":{"2":{"title":"Connect us","content":"<ul class=\"info-contact\">\r\n \t<li><i class=\"fa fa-phone\"><\/i><a href=\"#\">(04) 3245-6988<\/a><\/li>\r\n \t<li><i class=\"fa fa-envelope-o\"><\/i><a href=\"#\">support@constructor.com<\/a><\/li>\r\n \t<li><i class=\"fa fa-fax\"><\/i>(102) 6969 8888<\/li>\r\n \t<li><i class=\"fa fa-map-marker\"><\/i>A26BT5 Building, SilverC Street, London, England<\/li>\r\n<\/ul>","widget-class":""},"_multiwidget":1}}]