[{"sidebar":["search-2","categories-2","list-post-3","tag_cloud-4","single-images-6","text-14"],"toolbar":["text-12","woocommerce_widget_cart-4","login-popup-2"],"footer":["siteorigin-panels-builder-609620005"],"footer_bottom":["siteorigin-panels-builder-609620006"],"sidebar_courses":["courses-3","single-images-5","text-13"],"sidebar_shop":["woocommerce_product_categories-3","woocommerce_price_filter-3","woocommerce_products-3","woocommerce_product_tag_cloud-3"]},{"search":{"2":{"title":""},"_multiwidget":1},"categories":{"2":{"title":"","count":0,"hierarchical":0,"dropdown":0},"_multiwidget":1},"list-post":{"3":{"title":"Recent Posts","style":"no_style","cat_id":"6","image_size":"thumbnail","show_description":"no","number_posts":3,"orderby":"recent","order":"desc","feature_text":"Sticky Post","link":"","text_link":"","autoplayTimeout":0,"widget_logic":"","widget-class":"","autoplay":false},"_multiwidget":1},"tag_cloud":{"4":{"title":"Tags","count":0,"taxonomy":"post_tag","widget_logic":"","widget-class":""},"_multiwidget":1},"single-images":{"6":{"image":6646,"image_size":"full","image_link":"","link_target":"_self","image_alignment":"center","css_animation":false,"widget_logic":"","widget-class":""},"5":{"image":6646,"image_size":"full","image_link":"#","link_target":"_self","image_alignment":"center","css_animation":false,"widget_logic":"","widget-class":""},"_multiwidget":1},"text":{"14":{"title":"","text":"<iframe style=\"border: none; overflow: hidden;\" src=\"https:\/\/www.facebook.com\/plugins\/page.php?href=https%3A%2F%2Fwww.facebook.com%2FThimPress%2F&amp;tabs=timeline&amp;width=270&amp;height=500&amp;small_header=false&amp;adapt_container_width=true&amp;hide_cover=false&amp;show_facepile=true&amp;appId\" width=\"270\" height=\"322\"><\/iframe>","filter":true,"visual":true,"widget_logic":"","widget-class":""},"12":{"title":"","text":"<div class=\"thim-have-any-question\">\r\n<div class=\"mobile\"><i class=\"fa fa-phone\"><\/i><a class=\"value\" href=\"tel:00123456789\">(00) 123 456 789<\/a><\/div>\r\n<div class=\"email\"><i class=\"fa fa-envelope\"><\/i><a href=\"mailto:hello@eduma.com\">hello@eduma.com<\/a><\/div>\r\n<\/div>","filter":true,"visual":true,"widget_logic":"","widget-class":""},"13":{"title":"","text":"<iframe style=\"border: none; overflow: hidden;\" src=\"https:\/\/www.facebook.com\/plugins\/page.php?href=https%3A%2F%2Fwww.facebook.com%2FThimPress%2F&amp;tabs=timeline&amp;width=270&amp;height=500&amp;small_header=false&amp;adapt_container_width=true&amp;hide_cover=false&amp;show_facepile=true&amp;appId\" width=\"270\" height=\"322\"><\/iframe>","filter":true,"visual":true,"widget_logic":"","widget-class":""},"_multiwidget":0},"woocommerce_widget_cart":{"4":{"title":"","hide_if_empty":0,"widget-class":"","widget_logic":""},"_multiwidget":1},"login-popup":{"2":{"show_register":"1","text_register":"Register","text_login":"Login","text_logout":"Logout","shortcode":"[miniorange_social_login]","widget_logic":"","widget-class":""},"_multiwidget":1},"siteorigin-panels-builder":{"609620005":{"panels_data":{"widgets":[{"title":"","text":"<img src=\"https:\/\/coaching.thimpress.com\/demo-bussiness\/wp-content\/uploads\/sites\/16\/2017\/05\/logo.png\" alt=\"\" \/>Lorem ipsum is loroamo thef acker, ure fac kings hiet. Reference site about Lorem Ipsum, giving inform ation on its origins","widget_logic":"","widget-class":"","filter":true,"visual":true,"panels_info":{"class":"WP_Widget_Text","grid":0,"cell":0,"id":0,"widget_id":"f77f43cc-d5eb-4d24-98e8-493e2c603a90","style":{"id":"","class":"","widget_css":"","mobile_css":"","padding":"","mobile_padding":"","background":"","background_image_attachment":"0","background_display":"tile","border_color":"","font_color":"","link_color":""}}},{"title":"","link_face":"#","link_twitter":"#","link_google":"#","link_dribble":"","link_linkedin":"#","link_pinterest":"","link_instagram":"","link_youtube":"","link_target":"_self","style":false,"widget_logic":"","widget-class":"","show_text":false,"panels_info":{"class":"Thim_Social_Widget","raw":false,"grid":0,"cell":0,"id":1,"widget_id":"c6783648-2c8d-4999-9180-da79728c7a26","style":{"id":"","class":"","widget_css":"","mobile_css":"","padding":"","mobile_padding":"","background":"","background_image_attachment":"0","background_display":"tile","border_color":"","font_color":"","link_color":""}}},{"title":"Usefull Links","nav_menu":58,"widget_logic":"","widget-class":"","panels_info":{"class":"WP_Nav_Menu_Widget","raw":false,"grid":0,"cell":1,"id":2,"widget_id":"1c567c31-a36f-4066-add7-06928773cfd1","style":{"id":"","class":"","widget_css":"","mobile_css":"","padding":"","mobile_padding":"","background":"","background_image_attachment":"0","background_display":"tile","border_color":"","font_color":"","link_color":""}}},{"title":"Services","nav_menu":57,"widget_logic":"","widget-class":"","panels_info":{"class":"WP_Nav_Menu_Widget","raw":false,"grid":0,"cell":2,"id":3,"widget_id":"1873a8bf-24fd-44ec-b8ce-30435ceeddcb","style":{"id":"","class":"","widget_css":"","mobile_css":"","padding":"","mobile_padding":"","background":"","background_image_attachment":"0","background_display":"tile","border_color":"","font_color":"","link_color":""}}},{"title":"subscribe","text":"Subscribe to get updates right in your inbox. We promise to not send you.\n\n[mc4wp_form id=\"3101\"]","widget_logic":"","widget-class":"","filter":"content","panels_info":{"class":"WP_Widget_Text","raw":false,"grid":0,"cell":3,"id":4,"widget_id":"ce93bcfe-cf64-4520-b9a7-99b9291579b5","style":{"id":"","class":"","widget_css":"","mobile_css":"","padding":"","mobile_padding":"","background":"","background_image_attachment":"0","background_display":"tile","border_color":"","font_color":"","link_color":""}}},{"panels_data":{"widgets":[{"attachment_id":6757,"url":"https:\/\/coaching.thimpress.com\/demo-bussiness\/wp-content\/uploads\/sites\/16\/2017\/07\/footer-card-1.png","title":"","size":"full","width":35,"height":21,"caption":"","alt":"","link_type":"none","link_url":"","image_classes":"","link_classes":"","link_rel":"","link_target_blank":false,"image_title":"","widget_logic":"","widget-class":"","panels_info":{"class":"WP_Widget_Media_Image","grid":0,"cell":0,"id":0,"widget_id":"47fd614d-71ae-4ce1-8cb8-4fac60118afc","style":{"id":"","class":"","widget_css":"","mobile_css":"","padding":"","mobile_padding":"","background":"","background_image_attachment":"0","background_display":"tile","border_color":"","font_color":"","link_color":""}}},{"attachment_id":6567,"url":"https:\/\/coaching.thimpress.com\/demo-bussiness\/wp-content\/uploads\/sites\/16\/2017\/07\/footer-card-2.png","title":"","size":"full","width":35,"height":11,"caption":"","alt":"","link_type":"none","link_url":"","image_classes":"","link_classes":"","link_rel":"","link_target_blank":false,"image_title":"","widget_logic":"","widget-class":"","panels_info":{"class":"WP_Widget_Media_Image","grid":0,"cell":1,"id":1,"widget_id":"302f08d1-8512-469f-a667-71bc57d9f4ad","style":{"id":"","class":"","widget_css":"","mobile_css":"","padding":"","mobile_padding":"","background":"","background_image_attachment":"0","background_display":"tile","border_color":"","font_color":"","link_color":""}}},{"attachment_id":6568,"url":"https:\/\/coaching.thimpress.com\/demo-bussiness\/wp-content\/uploads\/sites\/16\/2017\/07\/footer-card-3.png","title":"","size":"full","width":35,"height":21,"caption":"","alt":"","link_type":"none","link_url":"","image_classes":"","link_classes":"","link_rel":"","link_target_blank":false,"image_title":"","widget_logic":"","widget-class":"","panels_info":{"class":"WP_Widget_Media_Image","grid":0,"cell":2,"id":2,"widget_id":"b72343e2-ddd1-44d5-b387-9c8fb4875a8b","style":{"id":"","class":"","widget_css":"","mobile_css":"","padding":"","mobile_padding":"","background":"","background_image_attachment":"0","background_display":"tile","border_color":"","font_color":"","link_color":""}}},{"attachment_id":6569,"url":"https:\/\/coaching.thimpress.com\/demo-bussiness\/wp-content\/uploads\/sites\/16\/2017\/07\/footer-card-4.png","title":"","size":"full","width":35,"height":12,"caption":"","alt":"","link_type":"none","link_url":"","image_classes":"","link_classes":"","link_rel":"","link_target_blank":false,"image_title":"","widget_logic":"","widget-class":"","panels_info":{"class":"WP_Widget_Media_Image","grid":0,"cell":3,"id":3,"widget_id":"4c36355f-760e-44f5-9eb3-506894afe053","style":{"id":"","class":"","widget_css":"","mobile_css":"","padding":"","mobile_padding":"","background":"","background_image_attachment":"0","background_display":"tile","border_color":"","font_color":"","link_color":""}}},{"attachment_id":6570,"url":"https:\/\/coaching.thimpress.com\/demo-bussiness\/wp-content\/uploads\/sites\/16\/2017\/07\/footer-card-5.png","title":"","size":"full","width":35,"height":9,"caption":"","alt":"","link_type":"none","link_url":"","image_classes":"","link_classes":"","link_rel":"","link_target_blank":false,"image_title":"","widget_logic":"","widget-class":"","panels_info":{"class":"WP_Widget_Media_Image","grid":0,"cell":4,"id":4,"widget_id":"d1f06ac9-f87b-48d4-b75e-d3a22b4e677e","style":{"id":"","class":"","widget_css":"","mobile_css":"","padding":"","mobile_padding":"","background":"","background_image_attachment":"0","background_display":"tile","border_color":"","font_color":"","link_color":""}}}],"grids":[{"cells":5,"style":{"id":"","class":"","cell_class":"","row_css":"","mobile_css":"","bottom_margin":"","gutter":"10px","padding":"","mobile_padding":"","row_stretch":"","collapse_behaviour":"","collapse_order":"","cell_alignment":"flex-start","background":"","background_image_attachment":"0","background_display":"tile","border_color":""}}],"grid_cells":[{"grid":0,"index":0,"weight":0.20000000000000001,"style":{"id":"","class":"","cell_css":"","mobile_css":"","padding":"","mobile_padding":"","vertical_alignment":"auto","background":"","background_image_attachment":"0","background_display":"tile","border_color":"","font_color":"","link_color":""}},{"grid":0,"index":1,"weight":0.20000000000000001,"style":[]},{"grid":0,"index":2,"weight":0.20000000000000001,"style":[]},{"grid":0,"index":3,"weight":0.20000000000000001,"style":[]},{"grid":0,"index":4,"weight":0.20000000000000001,"style":[]}]},"builder_id":"5a816d11e1f72","widget_logic":"","widget-class":"","panels_info":{"class":"SiteOrigin_Panels_Widgets_Layout","raw":false,"grid":0,"cell":3,"id":5,"widget_id":"4f745d1d-b845-4473-ab5f-60769daf162a","style":{"id":"","class":"list_images","widget_css":"","mobile_css":"","padding":"","mobile_padding":"","background":"","background_image_attachment":"0","background_display":"tile","border_color":"","font_color":"","link_color":""}}}],"grids":[{"cells":4,"style":{"id":"","class":"footer_business","cell_class":"","row_css":"","mobile_css":"","bottom_margin":"","gutter":"","padding":"","mobile_padding":"","row_stretch":"","collapse_behaviour":"","collapse_order":"","cell_alignment":"flex-start","background":"#111111","background_image_attachment":"0","background_display":"tile","border_color":""}}],"grid_cells":[{"grid":0,"index":0,"weight":0.25,"style":[]},{"grid":0,"index":1,"weight":0.24533437014000001,"style":[]},{"grid":0,"index":2,"weight":0.23367029549000001,"style":[]},{"grid":0,"index":3,"weight":0.27099533437000001,"style":[]}]},"builder_id":"5a816d83c852c","widget_logic":"","widget-class":""},"609620006":{"panels_data":{"widgets":[{"title":"Become a Coaching?","textcolor":"#ffffff","size":"h3","sub_heading":"Join your hand with us for a better life and beautiful future. And I don\u2019t know what I\u2019m going to do.","sub_heading_color":"#ffffff","font_heading":"default","custom_font_heading":{"custom_font_size":14,"custom_font_weight":"normal","custom_font_style":"inherit"},"type":false,"line":true,"bg_line":false,"text_align":"text-center","content":"","css_animation":false,"widget_logic":"","widget-class":"","panels_info":{"class":"Thim_Heading_Widget","raw":false,"grid":0,"cell":0,"id":0,"widget_id":"dfa0422c-9771-4edd-8638-f3fd6832abf5","style":{"id":"","class":"","widget_css":"","mobile_css":"","padding":"","mobile_padding":"","background":"","background_image_attachment":"0","background_display":"tile","border_color":"","font_color":"","link_color":""}}},{"height":40,"widget_logic":"","widget-class":"","panels_info":{"class":"Thim_Empty_Space_Widget","grid":0,"cell":0,"id":1,"widget_id":"4261c938-fe7a-4cb2-800a-14cfb04cba59","style":{"id":"","class":"","widget_css":"","mobile_css":"","padding":"","mobile_padding":"","background":"","background_image_attachment":"0","background_display":"tile","border_color":"","font_color":"","link_color":""}}},{"title":"Join us now","url":"#","custom_style":"custom_style","style_options":{"font_size":14,"font_weight":"bold","border_width":1,"color":"#ffffff","border_color":"#f0ba18","bg_color":"#f0ba18","hover_color":"#f0ba18","hover_border_color":"#f0ba18","hover_bg_color":false},"icon":{"icon":"","icon_size":14},"layout":{"button_size":"normal","rounding":false},"text_align":"text-center","widget_logic":"","widget-class":"","new_window":false,"panels_info":{"class":"Thim_Button_Widget","raw":false,"grid":0,"cell":0,"id":2,"widget_id":"c2ab64b4-9cd5-4a9e-bc37-949b9b2f8367","style":{"id":"","class":"","widget_css":"","mobile_css":"","padding":"","mobile_padding":"","background":"","background_image_attachment":"0","background_display":"tile","border_color":"","font_color":"","link_color":""}}}],"grids":[{"cells":1,"style":{"id":"","class":"thim-bg-overlay-color-half","cell_class":"","row_css":"min-height: 450px","mobile_css":"","bottom_margin":"0px","gutter":"","padding":"","mobile_padding":"","row_stretch":"full","collapse_behaviour":"","collapse_order":"","cell_alignment":"flex-start","background":"","background_image_attachment":"6571","background_display":"cover","border_color":""}}],"grid_cells":[{"grid":0,"index":0,"weight":1,"style":[]}]},"builder_id":"596d92c8c70d3","widget_logic":"","widget-class":""},"_multiwidget":1},"courses":{"3":{"title":"Popular Courses","order":"popular","cat_id":"all","layout":"list-sidebar","limit":3,"view_all_courses":"","slider-options":{"show_navigation":true,"item_visible":"4","show_pagination":false},"grid-options":{"columns":"4"},"widget_logic":"","widget-class":""},"_multiwidget":1},"woocommerce_product_categories":{"3":{"title":"Product categories","orderby":"name","dropdown":0,"count":0,"hierarchical":1,"show_children_only":0,"hide_empty":0,"widget_logic":"","widget-class":""},"_multiwidget":1},"woocommerce_price_filter":{"3":{"title":"Filter by price","widget_logic":"","widget-class":""},"_multiwidget":1},"woocommerce_products":{"3":{"title":"Best Sellers","number":3,"show":"","orderby":"sales","order":"desc","hide_free":0,"show_hidden":0,"widget_logic":"","widget-class":""},"_multiwidget":1},"woocommerce_product_tag_cloud":{"3":{"title":"Product tags","widget_logic":"","widget-class":""},"_multiwidget":1}}]