[{"wp_inactive_widgets":["search-4","categories-2","courses-2","single-images-2","text-2","courses-searching-2","course-categories-2"],"sidebar":["search-4","categories-2","courses-2","single-images-2"],"toolbar":["text-2","login-popup-2"],"menu_right":["login-popup-3","courses-searching-2","woocommerce_widget_cart-2","button-2"],"footer_top":["thim_layout_builder-3","thim_layout_builder-4"],"footer":["thim_layout_builder-5"],"copyright":["nav_menu-14"],"sidebar_courses":["course-categories-2","courses-5","single-images-5"]},{"search":{"4":{"title":"Search","widget-class":"","widget_logic":""},"_multiwidget":1},"categories":{"2":{"title":"","count":0,"hierarchical":0,"dropdown":0},"_multiwidget":1},"courses":{"2":{"heading_group":{"title":"Popular Courses","textcolor":false,"size":"h3","font_heading":"default","custom_font_heading":{"custom_font_size":18,"custom_font_weight":"normal"}},"desc_group":{"des":"","des_color":false,"des_font_size":16,"des_font_weight":"normal"},"order":"popular","layout":"list-sidebar","limit":3,"view_all_courses":"","slider-options":{"show_navigation":true,"item_visible":"4","show_pagination":false},"grid-options":{"columns":"2"},"widget-class":"","widget_logic":""},"5":{"heading_group":{"title":"Popular Courses","textcolor":false,"size":"h3","font_heading":"default","custom_font_heading":{"custom_font_size":18,"custom_font_weight":"normal"}},"desc_group":{"des":"","des_color":false,"des_font_size":16,"des_font_weight":"normal"},"order":"popular","layout":"list-sidebar","limit":3,"view_all_courses":"","slider-options":{"show_navigation":true,"item_visible":"4","show_pagination":false},"grid-options":{"columns":"2"},"widget-class":""},"_multiwidget":1},"single-images":{"2":{"image":3384,"image_size":"","image_link":"#","link_target":"_self","image_alignment":"left","css_animation":false,"widget-class":"","widget_logic":""},"5":{"image":3384,"image_size":"","image_link":"#","link_target":"_self","image_alignment":"left","css_animation":false,"widget-class":"","widget_logic":""},"_multiwidget":1},"text":{"2":{"title":"","text":"<div class=\"thim-have-any-question\">\r\nHave any question? \r\n<div class=\"mobile\"><i class=\"fa fa-phone\"><\/i><a href=\"tel:00123456789\" class=\"value\">(00) 123 456 789<\/a>\r\n<\/div>\r\n<div class=\"email\"><i class=\"fa fa-envelope\"><\/i><a href=\"mailto:hello@eduma.com\">hello@eduma.com<\/a>\r\n<\/div>\r\n<\/div>","filter":false,"widget-class":"","widget_logic":""},"_multiwidget":1},"login-popup":{"2":{"text_register":"Register","text_login":"Login","text_logout":"Logout","shortcode":"","widget-class":"","widget_logic":""},"3":{"text_register":"Register","text_login":"Login","text_logout":"Logout","shortcode":"","widget_logic":"","widget-class":""},"_multiwidget":1},"courses-searching":{"2":{"layout":"overlay","title":"","description":"","placeholder":"Search courses...","widget-class":"","widget_logic":"!is_page('home-version-2')"},"_multiwidget":1},"woocommerce_widget_cart":{"2":{"title":"Cart","hide_if_empty":0,"widget-class":"","widget_logic":"is_woocommerce()"},"_multiwidget":1},"button":{"2":{"title":"GET STARTED","url":"#","custom_style":"custom_style","style_options":{"font_size":16,"font_weight":"400","border_width":"1","color":"#ffffff","border_color":"#ffffff","bg_color":false,"hover_color":"#333333","hover_border_color":"#ffffff","hover_bg_color":"#ffffff"},"icon":{"icon":"","icon_size":14,"icon_position":false},"layout":{"button_size":"small","rounding":"very-rounded"},"widget_logic":"","widget-class":"","new_window":false},"_multiwidget":1},"thim_layout_builder":{"3":{"widget_logic":"!is_tax( 'course_category' ) && ! is_post_type_archive('lp_course') && ! is_singular('lp_course')","widget-class":"","content":"[vc_row full_width=\"stretch_row\" css=\".vc_custom_1515487772394{margin-bottom: 0px !important;padding-top: 200px !important;padding-bottom: 200px !important;background-image: url(https:\/\/import.thimpress.com\/wp-content\/uploads\/sites\/eduma\/2020\/11\/bg_newsletter-new.jpg?id=7383) !important;background-position: center !important;background-repeat: no-repeat !important;background-size: cover !important;}\" el_class=\"footer_newsletter thim_overlay_dark_30\"][vc_column][thim-heading title=\"Get Newsletter\" textcolor=\"#ffffff\" size=\"h2\" title_custom=\"custom\" font_size=\"50\" font_weight=\"200\" sub_heading=\"Your download should start automatically, if not Click here. Should I give up, huh?\" sub_heading_color=\"#cccccc\" clone_title=\"\" line=\"\" text_align=\"text-center\"][vc_column_text][mc4wp_form id=\"3101\"][\/vc_column_text][\/vc_column][\/vc_row]","custom_css":".vc_custom_1515487772394{margin-bottom: 0px !important;padding-top: 200px !important;padding-bottom: 200px !important;background-image: url(https:\/\/import.thimpress.com\/wp-content\/uploads\/sites\/eduma\/2020\/11\/bg_newsletter-new.jpg?id=7383) !important;background-position: center !important;background-repeat: no-repeat !important;background-size: cover !important;}"},"4":{"widget_logic":"is_tax( 'course_category' ) || is_post_type_archive('lp_course') || is_singular('lp_course')","widget-class":"","content":"[vc_row full_width=\"stretch_row\" content_placement=\"middle\" css=\".vc_custom_1513651835920{background-image: url(https:\/\/import.thimpress.com\/wp-content\/uploads\/sites\/eduma\/2020\/11\/bg_newsletter.jpg?id=7539) !important;}\" el_class=\"thim_footer_bottom_courses\"][vc_column width=\"1\/2\" css=\".vc_custom_1513651442697{margin-top: -40px !important;}\"][thim-single-images image=\"7363\" image_size=\"full\"][\/vc_column][vc_column width=\"1\/2\"][vc_wp_text]\r\n<h2>Become an Instructor<\/h2>\r\n<h4>Join our community of students around the world and sell your courses.<\/h4>\r\n[\/vc_wp_text][thim-button title=\"LEARN MORE\" new_window=\"\" custom_style=\"custom_style\" font_size=\"16\" font_weight=\"normal\" button_size=\"small\" rounding=\"very-rounded\" color=\"#333333\" bg_color=\"#ffffff\" hover_color=\"#ffffff\" hover_bg_color=\"#2575fc\"][\/vc_column][\/vc_row]","custom_css":".vc_custom_1513651835920{background-image: url(https:\/\/import.thimpress.com\/wp-content\/uploads\/sites\/eduma\/2020\/11\/bg_newsletter.jpg?id=7539) !important;}.vc_custom_1513651442697{margin-top: -40px !important;}"},"5":{"widget_logic":"","widget-class":"","content":"[vc_row css=\".vc_custom_1513649975574{padding-top: 20px !important;padding-bottom: 70px !important;}\"][vc_column width=\"1\/4\"][vc_wp_text title=\"Contact\"]\r\n<ul>\r\n \t<li><i class=\"lnr lnr-envelope\">\u00a0<\/i> <a href=\"mailto:infor@thimpress.com\">infor@thimpress.com<\/a><\/li>\r\n \t<li><i class=\"lnr lnr-phone-handset\">\u00a0<\/i> +(0123) 456 789<\/li>\r\n \t<li><i class=\"lnr lnr-phone\">\u00a0<\/i> +(0122) 456 789<\/li>\r\n \t<li><i class=\"lnr lnr-map-marker\">\u00a0<\/i> No 200 Joseob, Canada.<\/li>\r\n<\/ul>\r\n[\/vc_wp_text][\/vc_column][vc_column width=\"3\/4\"][vc_row_inner el_class=\"thim_vc_footer_column\"][vc_column_inner width=\"1\/4\"][vc_wp_custommenu title=\"Company\" nav_menu=\"7\"][\/vc_column_inner][vc_column_inner width=\"1\/4\"][vc_wp_custommenu title=\"Useful Links\" nav_menu=\"21\"][\/vc_column_inner][vc_column_inner width=\"1\/4\"][vc_wp_custommenu title=\"Support\" nav_menu=\"22\"][\/vc_column_inner][vc_column_inner width=\"1\/4\"][vc_wp_text title=\"Mobile\"]Click and Get started in seconds\r\n\r\n<a href=\"#\"><img class=\"alignnone size-medium wp-image-417\" src=\"https:\/\/educationwp.thimpress.com\/demo-vc-edtech\/wp-content\/uploads\/sites\/47\/2017\/12\/btn_appstore.png\" alt=\"\" width=\"132\" height=\"47\" \/><\/a> <a href=\"#\"><img class=\"alignnone size-full wp-image-416\" src=\"https:\/\/educationwp.thimpress.com\/demo-vc-edtech\/wp-content\/uploads\/sites\/47\/2017\/12\/btn_googleplay.png\" alt=\"\" width=\"132\" height=\"47\" \/><\/a>[\/vc_wp_text][\/vc_column_inner][\/vc_row_inner][\/vc_column][\/vc_row][vc_row el_class=\"thim_footer_second\" css=\".vc_custom_1513330177492{padding-top: 50px !important;}\"][vc_column width=\"1\/6\"][thim-single-images image=\"7359\" image_size=\"full\"][\/vc_column][vc_column width=\"2\/3\"][vc_wp_custommenu nav_menu=\"6\"][\/vc_column][vc_column width=\"1\/6\"][thim-social show_label=\"\" link_face=\"#\" link_twitter=\"#\" link_google=\"#\" link_linkedin=\"#\"][\/vc_column][\/vc_row]","custom_css":".vc_custom_1513649975574{padding-top: 20px !important;padding-bottom: 70px !important;}.vc_custom_1513330177492{padding-top: 50px !important;}"},"_multiwidget":1},"nav_menu":{"14":{"nav_menu":24,"widget-class":""},"_multiwidget":1},"course-categories":{"2":{"title":"All Courses","widget-class":"","show_counts":false,"hierarchical":false,"widget_logic":""},"_multiwidget":1}}]