[{"sidebar":["list-post-2","media_image-2"],"toolbar":["text-2"],"menu_right":["text-1210020"],"footer":["text-1210019"],"sidebar_shop":["woocommerce_price_filter-2","woocommerce_product_search-2","woocommerce_product_categories-2","woocommerce_products-2","media_image-3"],"sidebar_courses":["media_image-4"],"copyright":["nav_menu-14"]},{"list-post":{"2":{"title":"Latest Posts","cat_id":"9","image_size":"thumbnail","show_description":"no","number_posts":3,"orderby":"recent","order":"desc","link":"","text_link":"","style":"sidebar","widget-class":"","widget_logic":""},"_multiwidget":1},"media_image":{"2":{"size":"full","width":330,"height":359,"caption":"","alt":"","link_type":"custom","link_url":"https:\/\/1.envato.market\/Yx2YR","image_classes":"","link_classes":"","link_rel":"","link_target_blank":false,"image_title":"","attachment_id":13719,"url":"https:\/\/eduma.thimpress.com\/university\/wp-content\/uploads\/sites\/63\/2022\/12\/ads-sidebar.jpg","title":"","widget_logic":"","widget-class":""},"3":{"size":"full","width":330,"height":359,"caption":"","alt":"","link_type":"custom","link_url":"https:\/\/1.envato.market\/P0nPPY?utm_source=EM&utm_medium=LD&utm_campaign=EdumaMobile","image_classes":"","link_classes":"","link_rel":"","link_target_blank":false,"image_title":"","attachment_id":13719,"url":"https:\/\/eduma.thimpress.com\/university\/wp-content\/uploads\/sites\/63\/2022\/12\/ads-sidebar.jpg","title":"","widget_logic":"","widget-class":""},"4":{"size":"full","width":330,"height":359,"caption":"","alt":"","link_type":"custom","link_url":"https:\/\/1.envato.market\/P0nPPY?utm_source=EM&utm_medium=LD&utm_campaign=EdumaMobile","image_classes":"","link_classes":"","link_rel":"","link_target_blank":false,"image_title":"","attachment_id":13719,"url":"https:\/\/eduma.thimpress.com\/university\/wp-content\/uploads\/sites\/63\/2022\/12\/ads-sidebar.jpg","title":"","widget_logic":"","widget-class":""},"_multiwidget":1},"text":{"2":{"title":"","text":"[thim_ekit id=\"8959\"]","filter":false,"widget-class":"","widget_logic":"","visual":false},"1210020":{"title":"","text":"[thim_ekit id=\"12109\"]","filter":true,"visual":true,"widget_logic":"","widget-class":""},"1210019":{"title":"","text":"[thim_ekit id=\"10469\"]","filter":true,"visual":true,"widget_logic":"","widget-class":""},"_multiwidget":1},"woocommerce_price_filter":{"2":{"title":"Filter by price","widget_logic":"","widget-class":""},"_multiwidget":1},"woocommerce_product_search":{"2":{"title":"","widget_logic":"","widget-class":""},"_multiwidget":1},"woocommerce_product_categories":{"2":{"title":"Product categories","orderby":"name","dropdown":0,"count":1,"hierarchical":0,"show_children_only":0,"hide_empty":0,"max_depth":"","widget_logic":"","widget-class":""},"_multiwidget":1},"woocommerce_products":{"2":{"title":"Products","number":3,"show":"","orderby":"date","order":"desc","hide_free":0,"show_hidden":0,"widget_logic":"","widget-class":""},"_multiwidget":1},"nav_menu":{"14":{"nav_menu":24,"widget-class":""},"_multiwidget":1}}]