[{"sidebar":["search-1","recent-posts-1","recent-comments-1","archives-1","categories-1","meta-1"],"menu-right":["thim_layout_builder-1"],"footer-sidebar-1":["media_image-1","text-6","thim_layout_builder-2"],"footer-sidebar-2":["nav_menu-1"],"footer-sidebar-3":["custom_html-1"],"footer-sidebar-4":["text-7"]},{"search":{"1":{"title":""},"_multiwidget":1},"recent-posts":{"1":{"title":"","number":5},"_multiwidget":1},"recent-comments":{"1":{"title":"","number":5},"_multiwidget":1},"archives":{"1":{"title":"","count":0,"dropdown":0},"_multiwidget":1},"categories":{"1":{"title":"","count":0,"hierarchical":0,"dropdown":0},"_multiwidget":1},"meta":{"1":{"title":""},"_multiwidget":1},"thim_layout_builder":{"1":{"widget-class":"","content":"[vc_row][vc_column][thim-button title=\"RESERVATION\" style=\"outline\" shape=\"round\" link=\"url:http%3A%2F%2Fpenta.thimpress.com%2Fdemo-9%2Fcontact%2F||target:%20_blank|rel:nofollow\"][\/vc_column][\/vc_row]","custom_css":""},"2":{"widget-class":"","content":"[vc_row][vc_column][thim-social-links social_links=\"%5B%7B%22icon%22%3A%22fa%20fa-facebook%22%2C%22link%22%3A%22http%3A%2F%2Ffacebook.com%2Fthimpress%2F%22%7D%2C%7B%22icon%22%3A%22fa%20fa-twitter%22%2C%22link%22%3A%22http%3A%2F%2Ftwitter.com%2Fthimpress%2F%22%7D%2C%7B%22icon%22%3A%22fa%20fa-skype%22%2C%22link%22%3A%22http%3A%2F%2Fskype.com%2Fthimpress%2F%22%7D%2C%7B%22icon%22%3A%22fa%20fa-google-plus%22%2C%22link%22%3A%22http%3A%2F%2Fplus.google.com%2Fthimpress%2F%22%7D%5D\"][\/vc_column][\/vc_row]","custom_css":""},"_multiwidget":1},"media_image":{"1":{"attachment_id":625,"url":"http:\/\/penta.thimpress.com\/demo-9\/wp-content\/uploads\/sites\/9\/2018\/04\/Logo-1.png","title":"","size":"full","width":184,"height":45,"caption":"","alt":"","link_type":"none","link_url":"","image_classes":"","link_classes":"","link_rel":"","link_target_blank":false,"image_title":"","widget-class":"","widget_logic":""},"_multiwidget":1},"text":{"6":{"title":"","text":"MANTA is the best multi-purpose theme for any kind of website. With many features and functions, MANTA will perfectly fit your site.","filter":true,"visual":true,"widget-class":"","widget_logic":""},"7":{"title":"Newsletter","text":"Subscribe to ThimPress newsletter to be the first to receive special deals and offers\r\n\r\n[mc4wp_form]","filter":true,"visual":true,"widget-class":"mc4wp-inline-form","widget_logic":""},"_multiwidget":1},"nav_menu":{"1":{"title":"Useful Links","nav_menu":3,"widget-class":"column-2"},"_multiwidget":1},"custom_html":{"1":{"title":"Connect Us","content":"<ul class=\"thim-contact-list\">\r\n<li><i class=\"fa fa-phone\" aria-hidden=\"true\"><\/i> <a href=\"tel:00123456789\">(+00) 123456-789<\/a><\/li><li><i class=\"fa fa-envelope-o\" aria-hidden=\"true\"><\/i> <a href=\"mailto:info@thimpress.com\">info@thimpress.com<\/a><\/li><li><i class=\"fa fa-fax\" aria-hidden=\"true\"><\/i> <a href=\"tel:01123456789\">(+01) 123456-789<\/a><\/li><li><i class=\"fa fa-map-marker\" aria-hidden=\"true\"><\/i> PO Box 97845 Baker st. 567, Los Angeles, California, US.<\/li>\r\n<\/ul>","widget-class":""},"_multiwidget":1}}]