[{"sidebar":["search-4","categories-3","list-post-3","tag_cloud-4","single-images-4","text-9","social-counter-4"],"toolbar":["text-11","login-popup-7","text-619910006"],"menu_right":["search-5","social-4"],"footer":["thim_layout_builder-2"],"sidebar_courses":["courses-3","social-counter-5","single-images-5","text-10"],"sidebar_shop":["woocommerce_product_categories-2","woocommerce_price_filter-2","woocommerce_products-2","woocommerce_product_tag_cloud-2"]},{"search":{"4":{"title":""},"5":{"title":"","widget_logic":"","widget-class":""},"_multiwidget":1},"categories":{"3":{"title":"","count":0,"hierarchical":0,"dropdown":0},"_multiwidget":1},"list-post":{"3":{"title":"Recent Posts","cat_id":"all","image_size":"thumbnail","show_description":"no","number_posts":3,"orderby":"recent","order":"desc","link":"","text_link":"","style":false,"widget-class":""},"_multiwidget":1},"tag_cloud":{"4":{"title":"","taxonomy":"post_tag","widget-class":""},"_multiwidget":1},"single-images":{"4":{"image":5699,"image_size":"full","image_link":"https:\/\/coaching.thimpress.com\/coachingwp-2\/shop\/","link_target":"_blank","image_alignment":"left","css_animation":false,"widget-class":"shop-image"},"5":{"image":5699,"image_size":"full","image_link":"#","link_target":"_self","image_alignment":"left","css_animation":false,"widget-class":"","widget_logic":""},"_multiwidget":1},"text":{"9":{"title":"","text":"<iframe src=\"https:\/\/www.facebook.com\/plugins\/page.php?href=https%3A%2F%2Fwww.facebook.com%2FThimPress%2F&tabs=timeline&width=270&height=500&small_header=false&adapt_container_width=true&hide_cover=false&show_facepile=true&appId\" height=\"322\" style=\"border:none;overflow:hidden;width:270px;\"><\/iframe>","filter":false,"widget-class":"","widget_logic":""},"11":{"title":"","text":"<div class=\"thim-have-any-question\">\r\n<div class=\"mobile\"><i class=\"fa fa-phone\"><\/i>NEED HELP? CALL US NOW:<a href=\"tel:+8812345 6789\" class=\"value primary-color border-right\">  (+88) 12 345 6789<\/a>\r\n<\/div>\r\n<div class=\"email\"><i class=\"fa fa-envelope\"><\/i><a href=\"mailto:hello@coaching.com\">hello@coaching.com<\/a>\r\n<\/div>\r\n<\/div>","filter":false,"widget-class":"","widget_logic":"","visual":false},"619910006":{"title":"","text":"<div class=\"thim-have-any-question pull-right\">\r\n<div class=\"address border-right\"><i class=\"fa fa-map-marker\"><\/i>2130 Fulton Street San Francisco, USA<\/div>\r\n<\/div>","filter":true,"visual":true,"widget_logic":"","widget-class":""},"10":{"title":"","text":"<iframe src=\"https:\/\/www.facebook.com\/plugins\/page.php?href=https%3A%2F%2Fwww.facebook.com%2FThimPress%2F&tabs=timeline&width=270&height=500&small_header=false&adapt_container_width=true&hide_cover=false&show_facepile=true&appId\" width=\"270\" height=\"322\" style=\"border:none;overflow:hidden\"><\/iframe>","filter":false,"widget-class":"","widget_logic":""},"_multiwidget":1},"social-counter":{"4":{"title":"Follow Me","widget-class":""},"5":{"title":"Follow Me","widget-class":"","widget_logic":""},"_multiwidget":1},"login-popup":{"7":{"show_register":false,"text_register":"Register","text_login":"Login","text_logout":"Logout","style":false,"shortcode":"[miniorange_social_login]","widget_logic":"","widget-class":""},"_multiwidget":1},"social":{"4":{"title":"","link_face":"#","link_twitter":"#","link_google":"","link_dribble":"","link_linkedin":"#","link_pinterest":"","link_instagram":"#","link_youtube":"","link_target":"_self","style":"no-border","widget_logic":"","widget-class":"","show_text":false},"_multiwidget":1},"thim_layout_builder":{"2":{"widget_logic":"","widget-class":"","content":"[vc_row css=\".vc_custom_1531387706100{padding-top: 38px !important;}\"][vc_column width=\"1\/3\"][vc_column_text]<img class=\"alignnone size-full wp-image-6665\" src=\"https:\/\/coaching.thimpress.com\/demo-vc-gym-coaching\/wp-content\/uploads\/sites\/37\/2019\/05\/h3-logo-footer.png\" alt=\"\" width=\"233\" height=\"38\" \/>\r\n\r\nEnfold Gym leads the fitness industry when it es to helping peoplereach their fitness goals. have Crossfit coursesnatus error sit\r\n\r\n[\/vc_column_text][vc_column_text]\r\n<div class=\"thim-footer-info\">\r\n\r\n<i class=\"fa fa-phone primary-color\"><\/i><a href=\"tel:00123456789\">+00 123 456 789<\/a>\r\n\r\n<i class=\"fa fa-envelope primary-color\"><\/i><a href=\"mailto:hello@coaching.com\">hello@coaching.com<\/a>\r\n\r\n<i class=\"fa fa-map-marker primary-color\"><\/i>A26BT5 Building, SilverC Street, England.\r\n\r\n<\/div>\r\n[\/vc_column_text][\/vc_column][vc_column width=\"1\/6\"][vc_wp_custommenu title=\"PAGES\" nav_menu=\"33\"][\/vc_column][vc_column width=\"1\/6\"][vc_wp_custommenu title=\"support\" nav_menu=\"62\"][\/vc_column][vc_column width=\"1\/3\"][vc_wp_text title=\"INSTAGRAM\"][instagram-feed num=4 cols=4 imagepadding=0 showheader=false showbutton=false][\/vc_wp_text][thim-social style=\"no-border\" show_text=\"\" link_face=\"#\" link_twitter=\"#\" link_google=\"#\" link_linkedin=\"#\"][thim-empty-space height=\"30\"][\/vc_column][\/vc_row]","custom_css":".vc_custom_1531387706100{padding-top: 38px !important;}"},"_multiwidget":1},"courses":{"3":{"title":"Popular Courses","order":"popular","cat_id":"all","layout":"list-sidebar","limit":3,"view_all_courses":"","slider-options":{"show_navigation":true,"item_visible":"4","show_pagination":false},"grid-options":{"columns":"4"},"widget-class":"","widget_logic":""},"_multiwidget":1},"woocommerce_product_categories":{"2":{"title":"Categories","orderby":"name","dropdown":0,"count":0,"hierarchical":1,"show_children_only":0,"hide_empty":0,"widget-class":""},"_multiwidget":1},"woocommerce_price_filter":{"2":{"title":"Filter by price","widget-class":""},"_multiwidget":1},"woocommerce_products":{"2":{"title":"Best sellers","number":3,"show":"","orderby":"sales","order":"desc","hide_free":0,"show_hidden":0,"widget-class":""},"_multiwidget":1},"woocommerce_product_tag_cloud":{"2":{"title":"Product Tags","widget-class":""},"_multiwidget":1}}]