[{"mega-menu":["siteorigin-panels-builder-10"],"sidebar-1":["categories-3","events-2","campaign-2"],"toolbar":["siteorigin-panels-builder-8"],"top_sidebar":["siteorigin-panels-builder-2"],"footer":["siteorigin-panels-builder-7","siteorigin-panels-builder-6","siteorigin-panels-builder-9","siteorigin-panels-builder-3"]},{"siteorigin-panels-builder":{"10":{"panels_data":{"widgets":[{"title":"Featured Link","nav_menu":47,"widget-class":"","panels_info":{"class":"WP_Nav_Menu_Widget","grid":0,"cell":0,"id":0,"widget_id":"afd741fd-b721-4681-935c-a6c80a4d04d6","style":{"class":"","widget_css":"","padding":"","background":"","background_image_attachment":"0","background_display":"tile","border_color":"","font_color":"","link_color":""}}},{"title":"Latest Causes","template":"simple","number":3,"orderby":"recent","order":"asc","default_option":{"columns":"3"},"widget-class":"","panels_info":{"class":"thim_campaign_widget","raw":false,"grid":0,"cell":1,"id":1,"widget_id":"4f4c876e-e192-4205-aab2-2c47fb2a4aa5","style":{"class":"","widget_css":"","padding":"","background":"","background_image_attachment":"0","background_display":"tile","border_color":"","font_color":"","link_color":""}}},{"title":"Upcoming Events","number":3,"status":"tp-event-upcoming","orderby":"tp_event_date_start","order":"asc","template":"style3","default_option":{"columns":"2"},"widget-class":"","panels_info":{"class":"thim_events_widget","raw":false,"grid":0,"cell":2,"id":2,"widget_id":"1d1a7d31-e085-4643-bb2c-327aa7c599f4","style":{"class":"","widget_css":"","padding":"","background":"","background_image_attachment":"0","background_display":"tile","border_color":"","font_color":"","link_color":""}}},{"title":"Featured Video","text":"<iframe src=\"https:\/\/player.vimeo.com\/video\/154475367?color=ffffff&title=0&byline=0&portrait=0\" width=\"260\" height=\"150\" frameborder=\"0\" webkitallowfullscreen mozallowfullscreen allowfullscreen><\/iframe>","widget-class":"","filter":false,"panels_info":{"class":"WP_Widget_Text","raw":false,"grid":0,"cell":3,"id":3,"widget_id":"c0ead685-b5cb-480e-b83e-6f9823ff89b7","style":{"class":"","widget_css":"","padding":"","background":"","background_image_attachment":"0","background_display":"tile","border_color":"","font_color":"","link_color":""}}}],"grids":[{"cells":4,"style":[]}],"grid_cells":[{"grid":0,"weight":0.25},{"grid":0,"weight":0.25},{"grid":0,"weight":0.25},{"grid":0,"weight":0.25}]},"builder_id":"581aa91ea33f7","widget-class":"","widget_logic":""},"8":{"panels_data":{"widgets":[{"title":"","text":"<ul>\n\t<li style=\"font-size: 12px\"><i class=\"fa fa-map-marker\" style=\"font-size: 13px\"><\/i> 3766 Alton Pkwy, Irvine CA 92618 USA<\/li>\n\t<li style=\"font-size: 12px\"><i class=\"fa fa-phone\" style=\"font-size: 13px\"><\/i> <a href=\"tel:00123456789\">+(00) 123 456 789<\/a><\/li>\n\t<li style=\"font-size: 12px\"><i class=\"fa fa-clock-o\" style=\"font-size: 13px\"><\/i> Mon-Sat: \u00a08:00am-6:30pm \u00a0 Sun: \u00a0Closed<\/li>\n<\/ul>","text_selected_editor":"html","autop":true,"_sow_form_id":"56cfb3ec75813","widget-class":"","panels_info":{"class":"SiteOrigin_Widget_Editor_Widget","raw":false,"grid":0,"cell":0,"id":0,"widget_id":"d0203c7c-e329-469e-9b5c-2f6622dfd641","style":{"class":"","widget_css":"","padding":"","background":"","background_image_attachment":"0","background_display":"tile","border_color":"","font_color":"","link_color":""}}},{"panels_data":{"widgets":[{"title":"","link_face":"https:\/\/www.facebook.com\/thimpress","link_twitter":"https:\/\/www.twitter.com\/thimpress","link_google":"","link_dribble":"","link_linkedin":"https:\/\/www.thimpress.com","link_pinterest":"","link_digg":"","link_youtube":"","link_instagram":"https:\/\/www.thimpress.com","link_target":"_self","style":"default","align":"right","panels_info":{"class":"Thim_Social_Widget","raw":false,"grid":0,"cell":0,"id":0,"widget_id":"73e74096-8378-407e-89b0-688ffad0e8a0","style":{"class":"","widget_css":"","padding":"","background":"","background_image_attachment":"0","background_display":"tile","border_color":"","font_color":"","link_color":""}}}],"grids":[{"cells":1,"style":{"id":"","class":"","cell_class":"","row_css":"","bottom_margin":"","gutter":"","padding":"","row_stretch":"","collapse_order":"","background":"","background_image_attachment":"0","background_display":"tile","border_color":"","overlay":""}}],"grid_cells":[{"grid":0,"index":0,"weight":1,"style":[]}]},"builder_id":"5a0a5ccf28232","widget_logic":"","widget-class":"","panels_info":{"class":"SiteOrigin_Panels_Widgets_Layout","grid":0,"cell":1,"id":1,"widget_id":"8f98f6b5-a23b-4d7b-85d1-1e8a56f5fce3","style":{"id":"","class":"thim-float-right thim-hidden-768px","widget_css":"","mobile_css":"","padding":"","mobile_padding":"","background":"","background_image_attachment":"0","background_display":"tile","border_color":"","font_color":"","link_color":""}}}],"grids":[{"cells":2,"style":{"id":"","class":"thim-hidden-md-2","cell_class":"","row_css":"","bottom_margin":"","gutter":"0px","padding":"","row_stretch":"","collapse_order":"","background":"","background_image_attachment":"0","background_display":"tile","border_color":"","overlay":""}}],"grid_cells":[{"grid":0,"index":0,"weight":0.7,"style":[]},{"grid":0,"index":1,"weight":0.3,"style":[]}]},"builder_id":"5a0a5ccf280ee","widget_logic":"","widget-class":""},"2":{"panels_data":{"widgets":[{"title":"","widget-class":"","panels_info":{"class":"DN_Widget_Button","grid":0,"cell":0,"id":0,"widget_id":"c358b970-7118-4178-ac20-02d0eaa9426d","style":{"id":"","class":"","widget_css":"","mobile_css":"","padding":"","mobile_padding":"","background":"","background_image_attachment":"0","background_display":"tile","border_color":"","font_color":"","link_color":""}}},{"widget-class":"","panels_info":{"class":"thim_search_box_widget","raw":false,"grid":0,"cell":0,"id":1,"widget_id":"db2e6857-ac59-4df8-bec1-3bb2f8062421","style":{"class":"","widget_css":"","padding":"","background":"","background_image_attachment":"0","background_display":"tile","border_color":"","font_color":"","link_color":""}}}],"grids":[{"cells":1,"style":{"id":"","class":"","cell_class":"","row_css":"","mobile_css":"","bottom_margin":"","gutter":"","padding":"","mobile_padding":"","row_stretch":"","collapse_behaviour":"no_collapse","collapse_order":"","cell_alignment":"flex-start","background":"","background_image_attachment":"0","background_display":"tile","border_color":"","overlay":""}}],"grid_cells":[{"grid":0,"index":0,"weight":1,"style":[]}]},"builder_id":"58f41f4301cb8","widget-class":"","widget_logic":""},"7":{"panels_data":{"widgets":[{"title":"","text":"<h3 style=\"text-align: center; font-size: 36px; color: #fff;\">BECOME A VOLUNTEER<\/h3>\n<p style=\"text-align: center; font-size: 20px;\">Join your hand with us for a better life and beautiful future.<\/p>","text_selected_editor":"html","autop":"on","_sow_form_id":"56b172487f878","widget-class":"","panels_info":{"class":"SiteOrigin_Widget_Editor_Widget","raw":false,"grid":0,"cell":0,"id":0,"widget_id":"e1160141-114f-41e4-be8c-f1482e00fcea","style":{"class":"","widget_css":"","padding":"0px 0px 36px","background":"","background_image_attachment":"0","background_display":"tile","border_color":"","font_color":"","link_color":""}}},{"text":"Join Us Now","link":"http:\/\/charitywp.thimpress.com\/volunteer\/","align":"center","style":"style4","size":"default","button_option":{"custom":"no","button_color":"#333","text_color":"#FFF","button_hover_color":"#999","text_hover_color":"#FFF"},"panels_info":{"class":"Thim_Button_Widget","raw":false,"grid":0,"cell":0,"id":1,"widget_id":"a1e51a4c-46c1-4819-93da-6d1484b03327","style":{"class":"","widget_css":"","padding":"","background":"","background_image_attachment":"0","background_display":"tile","border_color":"","font_color":"","link_color":""}}}],"grids":[{"cells":1,"style":{"id":"","class":"","cell_class":"","row_css":"","bottom_margin":"","gutter":"","padding":"55px 0px 80px","row_stretch":"full","collapse_order":"","background":"","background_image_attachment":"103","background_display":"parallax","border_color":"","overlay":"thim-overlay-color"}}],"grid_cells":[{"grid":0,"weight":1}]},"builder_id":"5743cd40c8bb2","widget-class":""},"6":{"panels_data":{"widgets":[{"title":"","text":"<p style=\"text-align: center;\">Subscribe now and receive weekly newsletter with new events, interesting charity activities.<\/p>","text_selected_editor":"tinymce","autop":"on","_sow_form_id":"56aaf1aba26bf","panels_info":{"class":"SiteOrigin_Widget_Editor_Widget","raw":false,"grid":0,"cell":0,"id":0,"widget_id":"516c1922-fc61-47bc-b5c3-110e29102d04","style":{"class":"","widget_css":"max-width: 500px;\nmargin: auto;","padding":"25px 0px","background":"","background_image_attachment":"0","background_display":"tile","border_color":"","font_color":"","link_color":""}}},{"title":"","panels_info":{"class":"MC4WP_Form_Widget","raw":false,"grid":0,"cell":0,"id":1,"widget_id":"84b42fe1-e180-40cf-82ae-07b6c36ad349","style":{"class":"","widget_css":"max-width: 353px;\nmargin: auto;","padding":"25px 0px","background":"","background_image_attachment":"0","background_display":"tile","border_color":"","font_color":"","link_color":""}}},{"title":"","text":"<p style=\"text-align: center;\">Support OUR Today at <strong><a href=\"tel:00123456789\">+(00) 123 456 789<\/a><\/strong> or email <strong><a href=\"mailto:info@yourmail.com\">info@yourmail.com<\/a><\/strong><\/p>","text_selected_editor":"html","autop":true,"_sow_form_id":"56aaf286c6957","widget-class":"","panels_info":{"class":"SiteOrigin_Widget_Editor_Widget","raw":false,"grid":0,"cell":1,"id":2,"widget_id":"beedbd4e-2c30-4374-ac3b-846c2edc9bfc","style":{"class":"","widget_css":"max-width: 500px;\nmargin: auto;","padding":"25px 0px","background":"","background_image_attachment":"0","background_display":"tile","border_color":"","font_color":"","link_color":""}}},{"text":"DONATE TODAY","link":"http:\/\/charitywp.thimpress.com\/campaigns\/","align":"center","style":"style3","size":"default","button_option":{"custom":"no","button_color":"#333","text_color":"#FFF","button_hover_color":"#999","text_hover_color":"#FFF"},"widget-class":"","panels_info":{"class":"Thim_Button_Widget","grid":0,"cell":1,"id":3,"widget_id":"a5bb5e3e-e353-4fa2-932a-032d5b13dbaa","style":{"class":"","widget_css":"","padding":"25px 0px","background":"","background_image_attachment":"0","background_display":"tile","border_color":"","font_color":"","link_color":""}}}],"grids":[{"cells":2,"style":{"id":"","class":"thim-border-center","cell_class":"","row_css":"font-size: 18px;\nline-height: 26px;","bottom_margin":"0px","gutter":"","padding":"80px 0px","row_stretch":"full","collapse_order":"","background":"#ffffff","background_image_attachment":"0","background_display":"tile","border_color":"","overlay":""}}],"grid_cells":[{"grid":0,"weight":0.5},{"grid":0,"weight":0.5}]},"builder_id":"5819a4eaa322a","widget-class":"","widget_logic":""},"9":{"panels_data":{"widgets":[{"image":"420,421,422,423,424,422,421","image_size":"full","image_link":"#,#,#,#,#,#,#","link_target":"_self","items":"5","autoPlay":"true","panels_info":{"class":"Thim_Client_Logo_Widget","raw":false,"grid":0,"cell":0,"id":0,"widget_id":"b9808b4a-a527-4d8d-a03c-e28031566c55","style":{"class":"","widget_css":"","padding":"40px 0px","background":"","background_image_attachment":"0","background_display":"tile","border_color":"","font_color":"","link_color":""}}}],"grids":[{"cells":1,"style":{"id":"","class":"","cell_class":"","row_css":"","bottom_margin":"","gutter":"","padding":"","row_stretch":"full","collapse_order":"","background":"#f5f5f5","background_image_attachment":"0","background_display":"tile","border_color":"","overlay":""}}],"grid_cells":[{"grid":0,"weight":1}]},"builder_id":"5819a54662a0c","widget-class":"","widget_logic":""},"3":{"panels_data":{"widgets":[{"title":"","text":"<img src=\"http:\/\/charitywp.thimpress.com\/wp-content\/uploads\/2016\/03\/footer-logo.png\" width=\"155\" height=\"50\" class=\"alignnone size-full wp-image-419\" \/>\n\n<div style=\"font-size: 15px;\"><i class=\"fa fa-phone\"><\/i> &nbsp;&nbsp;<a href=\"tel:00123456789\"> +(00) 123 456 789<\/a>\n\n<i class=\"fa fa-envelope\"><\/i> &nbsp;&nbsp;<a href=\"mailto:hello@yourmail.com\"> hello@yourmail.com<\/a><\/div>","text_selected_editor":"html","autop":true,"_sow_form_id":"56ab1a4bf080a","widget-class":"","panels_info":{"class":"SiteOrigin_Widget_Editor_Widget","grid":0,"cell":0,"id":0,"widget_id":"34a3866f-5a4b-4fab-bd4f-e2cf5e191fe7","style":{"class":"","widget_css":"","padding":"","background":"","background_image_attachment":"0","background_display":"tile","border_color":"","font_color":"","link_color":""}}},{"title":"","link_face":"http:\/\/www.facebook.com\/thimpress","link_twitter":"http:\/\/www.twitter.com\/thimpress","link_google":"","link_dribble":"","link_linkedin":"#","link_pinterest":"","link_digg":"","link_youtube":"","link_instagram":"#","link_target":"_self","style":"default","align":"left","panels_info":{"class":"Thim_Social_Widget","raw":false,"grid":0,"cell":0,"id":1,"widget_id":"aec44cb1-9cd0-42b6-b6ab-c64addc76815","style":{"class":"","widget_css":"","padding":"38px 0px","background":"","background_image_attachment":"0","background_display":"tile","border_color":"","font_color":"","link_color":""}}},{"title":"Company","nav_menu":46,"widget-class":"","panels_info":{"class":"WP_Nav_Menu_Widget","raw":false,"grid":0,"cell":1,"id":2,"widget_id":"a0e61aaf-542f-4b52-a30c-7defa116f35e","style":{"class":"","widget_css":"","padding":"0px 0px 30px","background":"","background_image_attachment":"0","background_display":"tile","border_color":"","font_color":"","link_color":""}}},{"title":"Link","nav_menu":49,"widget-class":"","panels_info":{"class":"WP_Nav_Menu_Widget","raw":false,"grid":0,"cell":2,"id":3,"widget_id":"cf739e7a-66c0-408d-a642-8e09f241b5c1","style":{"class":"","widget_css":"","padding":"0px 0px 30px","background":"","background_image_attachment":"0","background_display":"tile","border_color":"","font_color":"","link_color":""}}},{"title":"our worldwide office","subtitle":"","description":"","image":"99","image_size":"","image_link":"","link_target":"_self","image_alignment":"center","effect_hover":"no-effect","panels_info":{"class":"Thim_Single_Images_Widget","raw":false,"grid":0,"cell":3,"id":4,"widget_id":"1b2de6cc-55a1-41e6-bae2-c41aaa08f584","style":{"class":"","widget_css":"","padding":"","background":"","background_image_attachment":"0","background_display":"tile","border_color":"","font_color":""}}},{"title":"","text":"<hr \/>","panels_info":{"class":"WP_Widget_Text","raw":false,"grid":1,"cell":0,"id":5,"widget_id":"04de46d6-d706-406c-ac71-5aec2d119d40","style":[]}},{"text_align":"left","panels_info":{"class":"Thim_Copyright_Widget","raw":false,"grid":2,"cell":0,"id":6,"widget_id":"6c617c90-f3b9-4fbc-872c-9f61869de544","style":{"class":"","widget_css":"","padding":"","background":"","background_image_attachment":"0","background_display":"tile","border_color":"","font_color":""}}},{"nav_menu":48,"widget-class":"","panels_info":{"class":"WP_Nav_Menu_Widget","raw":false,"grid":2,"cell":1,"id":7,"widget_id":"dc959138-bca4-492e-9a09-09c79cdaa0b1","style":{"class":"thim-float-list text-right","widget_css":"","padding":"","background":"","background_image_attachment":"0","background_display":"tile","border_color":"","font_color":"","link_color":""}}}],"grids":[{"cells":4,"style":{"id":"","class":"","cell_class":"","row_css":"","bottom_margin":"","gutter":"","padding":"80px 0px 0px","row_stretch":"","collapse_order":"","background":"","background_image_attachment":"0","background_display":"tile","border_color":"","overlay":""}},{"cells":1,"style":{"class":"","cell_class":"","row_css":"","bottom_margin":"","gutter":"","padding":"","row_stretch":"","background":"","background_image_attachment":"0","background_display":"tile","border_color":"","overlay":""}},{"cells":2,"style":{"class":"","cell_class":"","row_css":"padding-top: 6px;\npadding-bottom: 20px;","bottom_margin":"","gutter":"","padding":"","row_stretch":"","background":"","background_image_attachment":"0","background_display":"tile","border_color":"","overlay":""}}],"grid_cells":[{"grid":0,"weight":0.33349833065762},{"grid":0,"weight":0.16666656109273},{"grid":0,"weight":0.16685120007877},{"grid":0,"weight":0.33298390817087},{"grid":1,"weight":1},{"grid":2,"weight":0.5},{"grid":2,"weight":0.5}]},"builder_id":"581a90142be31","widget-class":"","widget_logic":""},"_multiwidget":1},"categories":{"3":{"title":"Blog Categories","count":1,"hierarchical":0,"dropdown":0,"widget-class":""},"_multiwidget":1},"events":{"2":{"title":"Event Upcoming","number":3,"status":"tp-event-upcoming","time_format":"24h","orderby":"recent","order":"asc","template":"style3","thumbnail_size":"475x276","default_option":{"columns":"2"},"widget_logic":"","widget-class":""},"_multiwidget":1},"campaign":{"2":{"title":"Campaigns","template":"simple","title_group":{"title":"LATEST CAMPAIGNS.","sub-title":"Our Causes.","line":"false","content":"Write a short list, that will describe the title or something informational and useful."},"number":3,"orderby":"popular","order":"asc","border":"false","default_option":{"columns":"3"},"widget_logic":"","widget-class":""},"_multiwidget":1}}]