[{"sidebar":["search-2","categories-2","thim-posts-2","tag_cloud-2","media_image-3"],"footer-sidebar-before":["thim_layout_builder-3"],"footer-sidebar-1":["thim_layout_builder-2"],"footer-sidebar-2":["nav_menu-3"],"footer-sidebar-3":["nav_menu-2"],"footer-sidebar-4":["media_image-2"]},{"search":{"2":{"title":""},"_multiwidget":1},"categories":{"2":{"title":"Categories","count":1,"hierarchical":0,"dropdown":0,"widget-class":""},"_multiwidget":1},"thim-posts":{"2":{"title":"Popular Post","number":4,"show_date":true,"widget-class":""},"_multiwidget":1},"tag_cloud":{"2":{"title":"Tags","count":0,"taxonomy":"post_tag","widget-class":""},"_multiwidget":1},"media_image":{"3":{"attachment_id":389,"url":"http:\/\/penta.thimpress.com\/wp-content\/uploads\/2018\/03\/ads-276x300.jpg","title":"","size":"medium","width":318,"height":346,"caption":"","alt":"","link_type":"custom","link_url":"","image_classes":"","link_classes":"","link_rel":"","link_target_blank":false,"image_title":"","widget-class":""},"2":{"attachment_id":26,"url":"http:\/\/penta.thimpress.com\/wp-content\/uploads\/2017\/12\/group-9.png","title":"Worldwide Offices","size":"full","width":317,"height":152,"caption":"","alt":"","link_type":"none","link_url":"","image_classes":"","link_classes":"","link_rel":"","link_target_blank":false,"image_title":"","widget-class":""},"_multiwidget":1},"thim_layout_builder":{"3":{"widget-class":"","content":"<p>[vc_row el_class=\"thim-contact-box\"][vc_column width=\"1\/2\"][thim-heading title=\"Talk to Our Investment Consultant\" sub_title=\"Request a quote\" description=\"\"][\/vc_column][vc_column width=\"1\/2\"][vc_wp_text][contact-form-7 id=\"73\" title=\"Request a quote\"][\/vc_wp_text][\/vc_column][\/vc_row][vc_row full_width=\"stretch_row\" parallax=\"content-moving\" parallax_image=\"47\" css_animation=\"fadeInUp\" overlay_color=\"rgba(7,22,48,0.8)\" css=\".vc_custom_1514275821403{background-position: center;background-repeat: no-repeat;background-size:contain;}\"][vc_column][thim-testimonials testimonials=\"%5B%7B%22name%22%3A%22Leona%20Cristina%22%2C%22image%22%3A%2241%22%2C%22website%22%3A%22http%3A%2F%2Fthimpress.com%22%2C%22content%22%3A%22%5C%22Working%20with%20CorPress%20has%20been%20a%20pleasure.%20Their%20expertise%20and%20focus%20on%20results%20helped%20us%20enhancing%20our%20business.%20A%20WordPress%20theme%20maker%20company%20I%20would%20always%20recommend.%5C%22%22%7D%2C%7B%22name%22%3A%22Jacky%20Cristina%22%2C%22image%22%3A%2242%22%2C%22website%22%3A%22http%3A%2F%2Fthimpress.com%22%2C%22content%22%3A%22%E2%80%9CTheir%20expertise%20and%20focus%20on%20results%20helped%20us%20enhancing%20our%20business.%20A%20WordPress%20theme%20maker%20I%20would%20always%20recommend.%20Working%20with%20CorPress%20has%20been%20a%20pleasure.%20%E2%80%9D%22%7D%2C%7B%22name%22%3A%22Kita%20janchi%22%2C%22image%22%3A%2243%22%2C%22website%22%3A%22http%3A%2F%2Fthimpress.com%22%2C%22content%22%3A%22%5C%22They%20helped%20me%20a%20lot%20in%20my%20business%20and%20thanks%20to%20Galax%2C%20I%20boosted%20my%20sales%20to%20the%20top%5C%22%22%7D%2C%7B%22name%22%3A%22Peter%20Packer%22%2C%22image%22%3A%2242%22%2C%22website%22%3A%22http%3A%2F%2Fthimpress.com%22%2C%22content%22%3A%22%5C%22I%20was%20taking%20photos%20of%20Spider-Man%20and%20an%20advertisement%20popped%20up%2C%20it%20was%20Galax%20and%20I%20was%20immediately%20attracted%20by%20the%20theme%5C%22%22%7D%5D\"][\/vc_column][\/vc_row][vc_row full_width=\"stretch_row\" css_animation=\"fadeInUp\" css=\".vc_custom_1514254737161{padding-top: 10px !important;padding-bottom: 45px !important;background-color: #071630 !important;}\"][vc_column][thim-brands items=\"%5B%7B%22brand_img%22%3A%2245%22%2C%22brand_link%22%3A%22http%3A%2F%2Ffacebook.com%22%7D%2C%7B%22brand_img%22%3A%2249%22%2C%22brand_link%22%3A%22http%3A%2F%2Ffacebook.com%22%7D%2C%7B%22brand_img%22%3A%2250%22%2C%22brand_link%22%3A%22http%3A%2F%2Ffacebook.com%22%7D%2C%7B%22brand_img%22%3A%2251%22%2C%22brand_link%22%3A%22http%3A%2F%2Ffacebook.com%22%7D%2C%7B%22brand_img%22%3A%2252%22%2C%22brand_link%22%3A%22http%3A%2F%2Ffacebook.com%22%7D%2C%7B%22brand_img%22%3A%2253%22%2C%22brand_link%22%3A%22http%3A%2F%2Ffacebook.com%22%7D%2C%7B%22brand_img%22%3A%2250%22%2C%22brand_link%22%3A%22http%3A%2F%2Ffacebook.com%22%7D%5D\"][\/vc_column][\/vc_row]<\/p>\r\n","custom_css":".vc_custom_1514275821403{background-position: center;background-repeat: no-repeat;background-size:contain;}.vc_custom_1514254737161{padding-top: 10px !important;padding-bottom: 45px !important;background-color: #071630 !important;}","widget_logic":"!is_page('about-us') && !is_single() && !is_home()"},"2":{"widget-class":"","content":"<p>[vc_row][vc_column][vc_single_image image=\"705\" img_size=\"full\"][vc_wp_text]<\/p>\r\n<ul class=\"thim-contact-list\">\r\n<li><i class=\"ion-ios-telephone-outline\"><\/i> <a href=\"tel:00123456789\">+00 123 456 789<\/a><\/li>\r\n<li><i class=\"ion-ios-email-outline\"><\/i> <a href=\"mailto:info@thimpress.com\">info@thimpress.com<\/a><\/li>\r\n<li><i class=\"ion-ios-location-outline\"><\/i> PO Box 97845 Baker st. 567, Los Angeles, California, US.<\/li>\r\n<\/ul>\r\n<p>[\/vc_wp_text][thim-social-links social_links=\"%5B%7B%22icon%22%3A%22fa%20fa-facebook%22%2C%22link%22%3A%22http%3A%2F%2Ffacebook.com%2Fthimpress%2F%22%7D%2C%7B%22icon%22%3A%22fa%20fa-twitter%22%2C%22link%22%3A%22http%3A%2F%2Ftwitter.com%2Fthimpress%2F%22%7D%2C%7B%22icon%22%3A%22fa%20fa-skype%22%2C%22link%22%3A%22http%3A%2F%2Fskype.com%2Fthimpress%2F%22%7D%2C%7B%22icon%22%3A%22fa%20fa-google-plus%22%2C%22link%22%3A%22http%3A%2F%2Fplus.google.com%2Fthimpress%2F%22%7D%5D\"][\/vc_column][\/vc_row]<\/p>\r\n","custom_css":""},"_multiwidget":1},"nav_menu":{"3":{"title":"Services","nav_menu":4,"widget-class":""},"2":{"title":"Useful Links","nav_menu":3,"widget-class":"column-2"},"_multiwidget":1}}]