[{"wp_inactive_widgets":["text-2"],"topbar_left":["text-3"],"topbar_right":["thim_layout_builder-1"],"sidebar":["search-1","categories-1","thim-posts-3","tag_cloud-3","media_image-4"],"footer-sidebar-1":["media_image-1","text-4","thim_layout_builder-2"],"footer-sidebar-2":["nav_menu-1"],"footer-sidebar-3":["custom_html-1"],"footer-sidebar-4":["nav_menu-2"]},{"text":{"3":{"title":"","text":"<ul class=\"list-inline\">\r\n \t<li class=\"list-inline-item\"><i class=\"ion-ios-location\"><\/i> PO Box 97845 Baker st. 567, Los Angeles, California, US.<\/li>\r\n \t<li class=\"list-inline-item\"><i class=\"ion-android-call\"><\/i> <a href=\"tel:00123456789\">(00) 123 456 789<\/a><\/li>\r\n<\/ul>","filter":true,"visual":true,"widget-class":""},"4":{"title":"","text":"Let's subscribe to receive emails our newest events and updates\r\n\r\n[mc4wp_form]","filter":true,"visual":true,"widget-class":"mc4wp-inline-form","widget_logic":""},"2":{"title":"Newsletter","text":"<small>SIGN UP FOR SPECIAL OFFERS<\/small>\r\n\r\n[mc4wp_form]","filter":true,"visual":true,"widget-class":""},"_multiwidget":1},"thim_layout_builder":{"1":{"widget-class":"","content":"[vc_row][vc_column][thim-login-popup text_register=\"Registration\" text_login=\"Login\"][thim-social-links social_links=\"%5B%7B%22icon%22%3A%22fa%20fa-facebook%22%2C%22link%22%3A%22http%3A%2F%2Ffb.com%2Fthimpress%2F%22%7D%2C%7B%22icon%22%3A%22fa%20fa-google-plus%22%2C%22link%22%3A%22%23%22%7D%2C%7B%22icon%22%3A%22fa%20fa-twitter%22%2C%22link%22%3A%22http%3A%2F%2Ftwitter.com%2Fthimpress%2F%22%7D%2C%7B%22icon%22%3A%22fa%20fa-youtube-play%22%2C%22link%22%3A%22http%3A%2F%2Fyoutube.com%2Fthimpress%2F%22%7D%5D\" el_class=\"thim-skew\"][\/vc_column][\/vc_row]","custom_css":""},"2":{"widget-class":"","content":"[vc_row][vc_column][thim-social-links social_links=\"%5B%7B%22icon%22%3A%22fa%20fa-facebook%22%2C%22link%22%3A%22http%3A%2F%2Ffb.com%2Fthimpress%2F%22%7D%2C%7B%22icon%22%3A%22fa%20fa-twitter%22%2C%22link%22%3A%22http%3A%2F%2Ftwitter.com%2Fthimpress%2F%22%7D%2C%7B%22icon%22%3A%22fa%20fa-pinterest-p%22%2C%22link%22%3A%22http%3A%2F%2Fpinterest.com%2Fthimpress%2F%22%7D%2C%7B%22icon%22%3A%22fa%20fa-linkedin%22%2C%22link%22%3A%22%23%22%7D%5D\"][\/vc_column][\/vc_row]","custom_css":""},"_multiwidget":1},"search":{"1":{"title":""},"_multiwidget":1},"categories":{"1":{"title":"","count":0,"hierarchical":0,"dropdown":0},"_multiwidget":1},"thim-posts":{"3":{"title":"POPULAR POSTS","number":4,"show_date":true,"widget_logic":"","widget-class":""},"_multiwidget":1},"tag_cloud":{"3":[],"_multiwidget":1},"media_image":{"4":{"attachment_id":850,"url":"http:\/\/galax.thimpress.com\/demo-13\/wp-content\/uploads\/sites\/13\/2018\/04\/banner-275x300.jpg","title":"","size":"medium","width":298,"height":325,"caption":"","alt":"","link_type":"custom","link_url":"","image_classes":"","link_classes":"","link_rel":"","link_target_blank":false,"image_title":"","widget_logic":"","widget-class":""},"1":{"attachment_id":855,"url":"http:\/\/galax.thimpress.com\/demo-13\/wp-content\/uploads\/sites\/13\/2018\/05\/Logo-medical.png","title":"","size":"full","width":137,"height":44,"caption":"","alt":"","link_type":"none","link_url":"","image_classes":"","link_classes":"","link_rel":"","link_target_blank":false,"image_title":"","widget-class":"","widget_logic":""},"_multiwidget":1},"nav_menu":{"1":{"title":"USEFUL LINKS","nav_menu":3,"widget-class":"column-2 title-style-2"},"2":{"title":"MEDICAL DEPARTMENTS","nav_menu":4,"widget-class":"title-style-2"},"_multiwidget":1},"custom_html":{"1":{"title":"CONNECT US","content":"<ul class=\"thim-contact-list\">\r\n<li><i class=\"fa fa-phone\" aria-hidden=\"true\"><\/i> <a href=\"tel:00123456789\">(+00) 123456-789<\/a><\/li><li><i class=\"fa fa-envelope-o\" aria-hidden=\"true\"><\/i> <a href=\"mailto:info@thimpress.com\">info@thimpress.com<\/a><\/li><li><i class=\"fa fa-fax\" aria-hidden=\"true\"><\/i> <a href=\"tel:01123456789\">(+01) 123456-789<\/a><\/li><li><i class=\"fa fa-map-marker\" aria-hidden=\"true\"><\/i> PO Box 97845 Baker st. 567, Los Angeles, California, US.<\/li>\r\n<\/ul>","widget-class":"title-style-2"},"_multiwidget":1}}]