[{"sidebar":["search-4","categories-2","single-images-2","list-post-2"],"menu_right":["woocommerce_widget_cart-2","login-popup-2"],"footer":["text-3","nav_menu-15"],"sidebar_courses":["search-4","categories-3","single-images-5","list-post-7"],"sidebar_events":["book-event-2"]},{"search":{"4":{"title":"Search","widget-class":"","widget_logic":""},"_multiwidget":1},"categories":{"2":{"title":"","count":0,"hierarchical":0,"dropdown":0},"3":{"title":"","count":0,"hierarchical":0,"dropdown":0,"widget-class":"","widget_logic":""},"_multiwidget":1},"single-images":{"2":{"image":3384,"image_size":"","image_link":"#","link_target":"_self","image_alignment":"left","css_animation":false,"widget-class":"","widget_logic":""},"5":{"image":3384,"image_size":"","image_link":"#","link_target":"_self","image_alignment":"left","css_animation":false,"widget-class":"","widget_logic":""},"_multiwidget":1},"list-post":{"2":{"title":"Latest Posts","cat_id":"9","image_size":"thumbnail","show_description":"no","number_posts":3,"orderby":"recent","order":"desc","link":"","text_link":"","style":"sidebar","widget-class":"","widget_logic":""},"7":{"title":"Latest Posts","cat_id":"9","image_size":"thumbnail","show_description":"no","number_posts":3,"orderby":"recent","order":"desc","link":"","text_link":"","style":"sidebar","widget-class":""},"_multiwidget":1},"woocommerce_widget_cart":{"2":{"title":"Cart","hide_if_empty":0,"widget-class":"","widget_logic":"is_woocommerce()"},"_multiwidget":1},"login-popup":{"2":{"text_register":"Register","text_login":"Login","text_logout":"Logout","shortcode":"","widget-class":"","widget_logic":""},"_multiwidget":1},"text":{"3":{"title":"","text":"<div class=\"thim-footer-info\">\r\n<div class=\"footer-logo\"><img class=\"alignnone size-full wp-image-10\" src=\"\/\/importeduma.thimpress.com\/wp-content\/uploads\/2015\/11\/logo.png\" alt=\"logo-eduma-the-best-lms-wordpress-theme\" width=\"145\" height=\"40\" \/><\/div>\r\n<div class=\"info-email\"><i class=\"fa fa-envelope\"><\/i><a href=\"mailto:hello@eduma.com\">hello@eduma.com<\/a><\/div>\r\n<div class=\"info-phone\"><i class=\"fa fa-phone\"><\/i><a href=\"tel:00123456789\" title=\"phone\">(00) 123 456 789<\/a><\/div>\r\n<div class=\"info-social\"><a href=\"#\" class=\"fa fa-facebook\" title=\"facebook\"><\/a><a href=\"#\" class=\"fa fa-twitter\" title=\"twitter\"><\/a><a href=\"#\" class=\"fa fa-google-plus\" title=\"google-plus\"><\/a><\/div>\r\n<\/div>","filter":false,"widget-class":"col-sm-8 thim-footer-one-course","widget_logic":""},"_multiwidget":1},"nav_menu":{"15":{"nav_menu":24,"widget-class":"col-sm-4 thim-footer-one-course","widget_logic":""},"_multiwidget":1},"book-event":{"2":{"title":"","widget-class":"","widget_logic":""},"_multiwidget":1}}]