[{"wp_inactive_widgets":["archives-2","meta-2","search-2","categories-2","recent-posts-2","recent-comments-2"],"topbar":["text-8"],"logo-right":["categories-4","search-6"],"sidebar":["search-4","thim_layout_builder-8","categories-3","tag_cloud-3"],"sidebar-courses":["search-3","tag_cloud-4","thim_layout_builder-12"],"sidebar-events":["search-5","thim_layout_builder-13","tag_cloud-2"],"menu-right":["thim-login-popup-2","thim-button-2"],"footer-sidebar-1":["text-10"],"footer-sidebar-2":["nav_menu-4"],"footer-sidebar-3":["nav_menu-5"],"footer-sidebar-4":["nav_menu-6"],"footer-sidebar-5":["text-9"],"copy-right":["thim-social-links-2"]},{"text":{"8":{"title":"","text":"Learn cutting-edge security skills in our new Cybersecurity Nanodegree program.\u00a0<a href=\"#\">Enroll today!<\/a>","filter":true,"visual":true,"widget-class":""},"10":{"title":"","text":"<img class=\"alignnone size-full wp-image-1205\" src=\"http:\/\/ivy-school.thimpress.com\/demo-so-4\/wp-content\/uploads\/sites\/14\/2018\/10\/logo-footer-home4.png\" alt=\"\" width=\"163\" height=\"138\" \/>","filter":true,"visual":true,"widget-class":""},"9":{"title":"Newsletter","text":"[yikes-mailchimp form=\"1\"]","filter":true,"visual":true,"widget-class":"text-left"},"_multiwidget":1},"categories":{"4":{"title":"categories","count":0,"hierarchical":0,"dropdown":0,"widget-class":"js-dropdown-click"},"3":{"title":"Categories","count":1,"hierarchical":0,"dropdown":0,"widget-class":""},"2":{"title":"","count":0,"hierarchical":0,"dropdown":0},"_multiwidget":1},"search":{"6":{"title":"","widget-class":""},"4":{"title":"","widget-class":""},"3":{"title":""},"5":{"title":"","widget-class":""},"2":{"title":""},"_multiwidget":1},"thim_layout_builder":{"8":{"widget-class":"","content":"[vc_row css=\".vc_custom_1539864043089{padding-bottom: 50px !important;}\"][vc_column][thim-testimonials layout=\"layout-slider-3\" testimonials=\"%5B%7B%22name%22%3A%22John%20Doe%22%2C%22website%22%3A%22%23%22%2C%22works%22%3A%22Founder%22%2C%22content%22%3A%22This%20is%20my%20first%20time%20to%20consult%20in%20this%20hospital%20and%20I%E2%80%99m%20lucky%20I%20got%20a%20perfect%20doctor%20who%20takes%20care%20of%20me%20since%20day%20one%20of%20my%20consultation%2C%20until%20the%20day%20of%20my%20surgery.%22%7D%2C%7B%22name%22%3A%22John%20Doe%22%2C%22website%22%3A%22%23%22%2C%22works%22%3A%22Founder%22%2C%22content%22%3A%22This%20is%20my%20first%20time%20to%20consult%20in%20this%20hospital%20and%20I%E2%80%99m%20lucky%20I%20got%20a%20perfect%20doctor%20who%20takes%20care%20of%20me%20since%20day%20one%20of%20my%20consultation%2C%20until%20the%20day%20of%20my%20surgery.%22%7D%2C%7B%22name%22%3A%22John%20Doe%22%2C%22website%22%3A%22%23%22%2C%22works%22%3A%22Founder%22%2C%22content%22%3A%22This%20is%20my%20first%20time%20to%20consult%20in%20this%20hospital%20and%20I%E2%80%99m%20lucky%20I%20got%20a%20perfect%20doctor%20who%20takes%20care%20of%20me%20since%20day%20one%20of%20my%20consultation%2C%20until%20the%20day%20of%20my%20surgery.%22%7D%5D\" items_visible=\"1\" items_tablet=\"1\" items_mobile=\"1\"][\/vc_column][\/vc_row][vc_row][vc_column][thim-posts layout=\"layout-list-2\" title=\"Latest posts\" number=\"3\" show_date=\"\" show_author=\"\" show_number_comments=\"\"][\/vc_column][\/vc_row]","custom_css":".vc_custom_1539864043089{padding-bottom: 50px !important;}"},"12":{"widget-class":"","content":"[vc_row css=\".vc_custom_1539864043089{padding-bottom: 50px !important;}\"][vc_column][thim-testimonials layout=\"layout-slider-3\" testimonials=\"%5B%7B%22name%22%3A%22John%20Doe%22%2C%22website%22%3A%22%23%22%2C%22works%22%3A%22Founder%22%2C%22content%22%3A%22This%20is%20my%20first%20time%20to%20consult%20in%20this%20hospital%20and%20I%E2%80%99m%20lucky%20I%20got%20a%20perfect%20doctor%20who%20takes%20care%20of%20me%20since%20day%20one%20of%20my%20consultation%2C%20until%20the%20day%20of%20my%20surgery.%22%7D%2C%7B%22name%22%3A%22John%20Doe%22%2C%22website%22%3A%22%23%22%2C%22works%22%3A%22Founder%22%2C%22content%22%3A%22This%20is%20my%20first%20time%20to%20consult%20in%20this%20hospital%20and%20I%E2%80%99m%20lucky%20I%20got%20a%20perfect%20doctor%20who%20takes%20care%20of%20me%20since%20day%20one%20of%20my%20consultation%2C%20until%20the%20day%20of%20my%20surgery.%22%7D%2C%7B%22name%22%3A%22John%20Doe%22%2C%22website%22%3A%22%23%22%2C%22works%22%3A%22Founder%22%2C%22content%22%3A%22This%20is%20my%20first%20time%20to%20consult%20in%20this%20hospital%20and%20I%E2%80%99m%20lucky%20I%20got%20a%20perfect%20doctor%20who%20takes%20care%20of%20me%20since%20day%20one%20of%20my%20consultation%2C%20until%20the%20day%20of%20my%20surgery.%22%7D%5D\" items_visible=\"1\" items_tablet=\"1\" items_mobile=\"1\"][\/vc_column][\/vc_row][vc_row css=\".vc_custom_1539864043089{padding-bottom: 50px !important;}\"][vc_column][thim-course-categories title=\"Categories\" show_count=\"true\" show_hierarchy=\"\"][\/vc_column][\/vc_row][vc_row][vc_column][thim-list-courses title=\"Recent Courses\" number_items=\"3\"][\/vc_column][\/vc_row]","custom_css":".vc_custom_1539864043089{padding-bottom: 50px !important;}.vc_custom_1539864043089{padding-bottom: 50px !important;}"},"13":{"widget-class":"","content":"[vc_row css=\".vc_custom_1539864935419{padding-bottom: 50px !important;}\"][vc_column][thim-testimonials layout=\"layout-slider-3\" testimonials=\"%5B%7B%22name%22%3A%22John%20Doe%22%2C%22website%22%3A%22%23%22%2C%22works%22%3A%22Founder%22%2C%22content%22%3A%22This%20is%20my%20first%20time%20to%20consult%20in%20this%20hospital%20and%20I%E2%80%99m%20lucky%20I%20got%20a%20perfect%20doctor%20who%20takes%20care%20of%20me%20since%20day%20one%20of%20my%20consultation%2C%20until%20the%20day%20of%20my%20surgery.%22%7D%2C%7B%22name%22%3A%22John%20Doe%22%2C%22website%22%3A%22%23%22%2C%22works%22%3A%22Founder%22%2C%22content%22%3A%22This%20is%20my%20first%20time%20to%20consult%20in%20this%20hospital%20and%20I%E2%80%99m%20lucky%20I%20got%20a%20perfect%20doctor%20who%20takes%20care%20of%20me%20since%20day%20one%20of%20my%20consultation%2C%20until%20the%20day%20of%20my%20surgery.%22%7D%5D\" items_visible=\"1\" items_tablet=\"1\" items_mobile=\"1\"][\/vc_column][\/vc_row][vc_row css=\".vc_custom_1539864935419{padding-bottom: 50px !important;}\"][vc_column][thim-event-categories title=\"Categories\" show_count=\"true\" show_hierarchy=\"\"][\/vc_column][\/vc_row][vc_row][vc_column][thim-event-calendar title=\"Calendar\"][\/vc_column][\/vc_row]","custom_css":".vc_custom_1539864935419{padding-bottom: 50px !important;}.vc_custom_1539864935419{padding-bottom: 50px !important;}"},"_multiwidget":1},"tag_cloud":{"3":{"title":"Tags","count":0,"taxonomy":"post_tag","widget-class":""},"4":{"title":"Tags","count":0,"taxonomy":"course_tag","widget-class":""},"2":{"title":"Tags","count":0,"taxonomy":"tp_event_tag","widget-class":""},"_multiwidget":1},"thim-login-popup":{"2":{"layout":"layout-1","text_login":"Login","text_register":"","text_logout":"Account","shortcode":"","popup_image":0,"el_class":"","el_id":"","widget-class":"","design_options":{"bp_css":""}},"_multiwidget":1},"thim-button":{"2":{"link":{"title":"Apply Now","url":"#","target":"","rel":""},"style":"","size":"normal","shape":"round","button_border_width":0,"align":"align-left","typography":{"button_font_size":0,"button_font_weight":""},"color":{"bg_color":"#ffffff","text_color":"#292929","bg_hover_color":"#efc452","text_hover_color":"#292929","border_color":false,"border_hover_color":false},"spacing":{"button_margin":"0px","button_padding":"","button_line_height":0},"icon_type":"icon_fontawesome","icon_fontawesome":"","icon_ionicon":"","icon_upload":0,"icon_alignment":"left","el_class":"","el_id":"","widget-class":"  ","design_options":{"bp_css":"","bp_css_tablet":"","bp_css_mobile":""}},"_multiwidget":1},"nav_menu":{"4":{"nav_menu":28,"widget-class":""},"5":{"nav_menu":29,"widget-class":""},"6":{"nav_menu":30,"widget-class":""},"_multiwidget":1},"thim-social-links":{"2":{"title":"","links":{"#links#":{"icon":"","url":""},"0":{"url":"","icon":""},"1":{"url":"#","icon":""},"2":{"url":"#","icon":""},"3":{"url":"#","icon":""}},"el_class":"","el_id":"","widget-class":" ","design_options":{"bp_css":""}},"_multiwidget":1},"archives":{"2":{"title":"","count":0,"dropdown":0},"_multiwidget":1},"meta":{"2":{"title":""},"_multiwidget":1},"recent-posts":{"2":{"title":"","number":5},"_multiwidget":1},"recent-comments":{"2":{"title":"","number":5},"_multiwidget":1}}]