[{"wp_inactive_widgets":["archives-2","meta-2","recent-posts-2","recent-comments-2"],"sidebar":["search-2","categories-2","single-images-7","list-post-8"],"toolbar":["login-popup-2","woocommerce_widget_cart-2","nav_menu-2","text-2"],"menu_right":["button-2"],"footer":["thim_layout_builder-4"],"sidebar_courses":["courses-5","single-images-5","list-post-7"]},{"search":{"2":{"title":"Search","widget_logic":"","widget-class":""},"_multiwidget":1},"categories":{"2":{"title":"","count":0,"hierarchical":0,"dropdown":0,"widget_logic":"","widget-class":""},"_multiwidget":1},"single-images":{"7":{"image":3384,"image_size":"full","image_link":"#","link_target":"_self","image_alignment":"left","css_animation":false,"widget_logic":"","widget-class":""},"5":{"image":3384,"image_size":"","image_link":"#","link_target":"_self","image_alignment":"left","css_animation":false,"widget-class":"","widget_logic":""},"_multiwidget":1},"list-post":{"8":{"title":"Latest Posts","cat_id":"9","number_posts":3,"show_description":"no","orderby":"recent","order":"desc","layout":"base","display_feature":"no","image_size":"thumbnail","img_w":"","img_h":"","item_vertical":0,"link":"","text_link":"","style":"sidebar","widget_logic":"","widget-class":""},"7":{"title":"Latest Posts","cat_id":"9","image_size":"thumbnail","show_description":"no","number_posts":3,"orderby":"recent","order":"desc","link":"","text_link":"","style":"sidebar","widget-class":""},"_multiwidget":1},"login-popup":{"2":{"text_register":"Register","text_login":"Login","text_logout":"Logout","layout":"icon","shortcode":"","widget_logic":"","widget-class":""},"_multiwidget":1},"woocommerce_widget_cart":{"2":{"title":"Cart","hide_if_empty":0,"widget-class":"","widget_logic":"is_woocommerce()"},"_multiwidget":1},"nav_menu":{"2":{"nav_menu":3459,"widget_logic":"","widget-class":""},"_multiwidget":1},"text":{"2":{"title":"","text":"<div class=\"thim-have-any-question\">\r\n<div class=\"mobile\"><i class=\"fa fa-phone\"><\/i> NEED HELP? CALL US NOW <a class=\"value\" href=\"tel:00123456789\">(00) 123 456 789<\/a><\/div>\r\n<div class=\"email\"><i class=\"fa fa-envelope\"><\/i><a href=\"mailto:hello@eduma.com\">hello@eduma.com<\/a><\/div>\r\n<\/div>","filter":true,"visual":true,"widget_logic":"","widget-class":""},"_multiwidget":1},"button":{"2":{"title":"Apply Now","url":"#","custom_style":"custom_style","style_options":{"font_size":14,"font_weight":"400","border_width":"","color":"#ffffff","border_color":false,"bg_color":"#2ec4b6","hover_color":"#ffffff","hover_border_color":false,"hover_bg_color":"#1c9b8e"},"icon":{"icon":"","icon_size":14,"icon_position":false},"layout":{"button_size":"normal","rounding":"very-rounded"},"widget_logic":"","widget-class":"","new_window":false},"_multiwidget":1},"thim_layout_builder":{"4":{"widget_logic":"","widget-class":"","content":"[vc_row][vc_column width=\"1\/4\"][vc_column_text]<a href=\"https:\/\/educationwp.thimpress.com\/demo-vc-grad-school\/wp-content\/uploads\/sites\/53\/2018\/07\/logo-footer.png\"><img class=\"alignnone size-full wp-image-10560\" src=\"https:\/\/educationwp.thimpress.com\/demo-vc-grad-school\/wp-content\/uploads\/sites\/53\/2018\/07\/logo-footer.png\" alt=\"\" width=\"194\" height=\"46\" \/><\/a>\r\n\r\nLorem ipsum dolor. Mauris fermentum dictum magna. Sed laoreet aliquam leo. Ut tellus dolor, dapibus eget, elementum vel, cursus eleifend, elit. Aenean auctor wisi et urna. Aliquam erat volutpat.[\/vc_column_text][\/vc_column][vc_column width=\"1\/4\"][vc_wp_custommenu title=\"Useful Links\" nav_menu=\"3457\"][\/vc_column][vc_column width=\"1\/4\"][vc_wp_text title=\"Connect us\"]\r\n<div class=\"thim-footer-location\">\r\n<p class=\"info\"><i class=\"fa fa-phone\"><\/i><a href=\"tel:00123456789\">(00) 123 456 789<\/a><\/p>\r\n<p class=\"info\"><i class=\"fa fa-envelope\"><\/i><a href=\"mailto:support@educationwp.com\">support@education.com<\/a><\/p>\r\n<p class=\"info\"><i class=\"fa fa-fax\"><\/i><a href=\"tel:00123456789\">(00) 123 456 789<\/a><\/p>\r\n<p class=\"info\"><i class=\"fa fa-envelope\"><\/i>A26BT5 Building, SilverC Street, London, England<\/p>\r\n\r\n<\/div>\r\n[\/vc_wp_text][\/vc_column][vc_column width=\"1\/4\"][vc_wp_text title=\"Our WorldWide Office\"]<a href=\"https:\/\/educationwp.thimpress.com\/demo-vc-grad-school\/wp-content\/uploads\/sites\/53\/2018\/07\/map.png\"><img class=\"alignnone size-medium wp-image-10559\" src=\"https:\/\/educationwp.thimpress.com\/demo-vc-grad-school\/wp-content\/uploads\/sites\/53\/2018\/07\/map-300x145.png\" alt=\"\" width=\"300\" height=\"145\" \/><\/a>[\/vc_wp_text][\/vc_column][\/vc_row]","custom_css":""},"_multiwidget":1},"courses":{"5":{"heading_group":{"title":"Popular Courses","textcolor":false,"size":"h3","font_heading":"default","custom_font_heading":{"custom_font_size":18,"custom_font_weight":"normal"}},"desc_group":{"des":"","des_color":false,"des_font_size":16,"des_font_weight":"normal"},"order":"popular","layout":"list-sidebar","limit":3,"view_all_courses":"","slider-options":{"show_navigation":true,"item_visible":"4","show_pagination":false},"grid-options":{"columns":"2"},"widget-class":""},"_multiwidget":1},"archives":{"2":{"title":"","count":0,"dropdown":0},"_multiwidget":1},"meta":{"2":{"title":""},"_multiwidget":1},"recent-posts":{"2":{"title":"","number":5},"_multiwidget":1},"recent-comments":{"2":{"title":"","number":5},"_multiwidget":1}}]