[{"mega-menu":["siteorigin-panels-builder-12"],"sidebar-1":["events-1","campaign-categories-1","categories-3","list-post-4","campaign-1","single-images-2","list-post-5"],"toolbar":["siteorigin-panels-builder-8"],"top_sidebar":["siteorigin-panels-builder-2"],"menu_sidebar":["siteorigin-panels-builder-11"],"footer":["siteorigin-panels-builder-7","siteorigin-panels-builder-6","siteorigin-panels-builder-9","siteorigin-panels-builder-3"],"footer-bottom":["siteorigin-panels-builder-10"]},{"siteorigin-panels-builder":{"12":{"panels_data":{"widgets":[{"title":"Featured Link","nav_menu":47,"widget-class":"","panels_info":{"class":"WP_Nav_Menu_Widget","raw":false,"grid":0,"cell":0,"id":0,"widget_id":"afd741fd-b721-4681-935c-a6c80a4d04d6","style":{"class":"","widget_css":"","padding":"","background":"","background_image_attachment":"0","background_display":"tile","border_color":"","font_color":"","link_color":""}}},{"title":"Latest Causes","template":"simple","number":3,"orderby":"recent","order":"asc","default_option":{"columns":"3"},"widget-class":"","panels_info":{"class":"thim_campaign_widget","raw":false,"grid":0,"cell":1,"id":1,"widget_id":"4f4c876e-e192-4205-aab2-2c47fb2a4aa5","style":{"class":"","widget_css":"","padding":"","background":"","background_image_attachment":"0","background_display":"tile","border_color":"","font_color":"","link_color":""}}},{"title":"Upcoming Events","number":3,"status":"tp-event-upcoming","orderby":"tp_event_date_start","order":"asc","template":"style3","default_option":{"columns":"2"},"widget-class":"","panels_info":{"class":"thim_events_widget","raw":false,"grid":0,"cell":2,"id":2,"widget_id":"1d1a7d31-e085-4643-bb2c-327aa7c599f4","style":{"class":"","widget_css":"","padding":"","background":"","background_image_attachment":"0","background_display":"tile","border_color":"","font_color":"","link_color":""}}},{"title":"Featured Video","text":"<iframe src=\"https:\/\/player.vimeo.com\/video\/154475367?color=ffffff&title=0&byline=0&portrait=0\" width=\"260\" height=\"150\" frameborder=\"0\" webkitallowfullscreen mozallowfullscreen allowfullscreen><\/iframe>","widget-class":"","filter":false,"panels_info":{"class":"WP_Widget_Text","raw":false,"grid":0,"cell":3,"id":3,"widget_id":"c0ead685-b5cb-480e-b83e-6f9823ff89b7","style":{"class":"","widget_css":"","padding":"","background":"","background_image_attachment":"0","background_display":"tile","border_color":"","font_color":"","link_color":""}}}],"grids":[{"cells":4,"style":[]}],"grid_cells":[{"grid":0,"weight":0.25},{"grid":0,"weight":0.25},{"grid":0,"weight":0.25},{"grid":0,"weight":0.25}]},"builder_id":"581b54cb71b78","widget-class":"","widget_logic":""},"8":{"panels_data":{"widgets":[{"panels_data":{"widgets":[{"title":"","link_face":"https:\/\/www.facebook.com\/thimpress","link_twitter":"https:\/\/www.twitter.com\/thimpress","link_google":"","link_dribble":"","link_linkedin":"https:\/\/www.thimpress.com","link_pinterest":"","link_digg":"","link_youtube":"","link_instagram":"https:\/\/www.thimpress.com","link_target":"_self","style":"default","align":"right","panels_info":{"class":"Thim_Social_Widget","raw":false,"grid":0,"cell":0,"id":0,"widget_id":"ab1ee496-d4b6-484c-b374-6b127670b505","style":{"class":"","widget_css":"","padding":"","background":"","background_image_attachment":"0","background_display":"tile","border_color":"","font_color":"","link_color":""}}}],"grids":[{"cells":1,"style":{"id":"","class":"","cell_class":"","row_css":"","bottom_margin":"","gutter":"","padding":"","row_stretch":"","collapse_order":"","background":"","background_image_attachment":"0","background_display":"tile","border_color":"","overlay":""}}],"grid_cells":[{"grid":0,"weight":1}]},"builder_id":"5763a28212404","widget-class":"","panels_info":{"class":"SiteOrigin_Panels_Widgets_Layout","raw":false,"grid":0,"cell":1,"id":0,"widget_id":"1ce67184-1a3f-4ca4-92da-0c589b7b1eb9","style":{"class":"thim-float-right thim-hidden-768px","widget_css":"","padding":"","background":"","background_image_attachment":"0","background_display":"tile","border_color":"","font_color":"","link_color":""}}}],"grids":[{"cells":2,"style":{"id":"","class":"thim-hidden-md-2","cell_class":"","row_css":"","bottom_margin":"","gutter":"0px","padding":"","row_stretch":"","collapse_order":"","background":"","background_image_attachment":"0","background_display":"tile","border_color":"","overlay":""}}],"grid_cells":[{"grid":0,"index":0,"weight":0.5,"style":[]},{"grid":0,"index":1,"weight":0.5,"style":[]}]},"builder_id":"5a0a64d0a4339","widget_logic":"","widget-class":""},"2":{"panels_data":{"widgets":[{"box_style":"iconbox","title_group":{"title":"1422 1st St. Santa Rosa","font_family":"default","text_color":"#444444","font_size":13,"font_weight":"bold","line":"true"},"desc_group":{"content":"CA 94559. United States","text_color":"#7a7a7a"},"readmore_group":{"link":"","read_more":"more","button_readmore_group":{"read_text":"Read More","button_style":"default"}},"box_style_default":{"background_image":0,"overlay_style":"overlay","overlay_color":"#000000","overlay_opacity":0.5},"box_style_video":{"url":""},"box_style_simple":{"background_image":0,"layout":"image-at-top","overflow":"hidden"},"box_style_iconbox":{"icon":"map-marker","icon_size":16,"icon_color":"#f8b864","icon_line_height":50,"icon_width":40,"icon_height":50,"pos":"left"},"widget-class":"","panels_info":{"class":"Thim_Box_Widget","grid":0,"cell":0,"id":0,"widget_id":"92bf5db5-b7b8-477c-b13e-95d39c282e6e","style":{"class":"","widget_css":"","padding":"","background":"","background_image_attachment":"0","background_display":"tile","border_color":"","font_color":"","link_color":""}}},{"box_style":"iconbox","title_group":{"title":"Mon - Sat: 9:00 - 18:00 ","font_family":"default","text_color":"#444444","font_size":"13","font_weight":"bold","line":"true"},"desc_group":{"content":"Sunday: Closed","text_color":"#7a7a7a"},"readmore_group":{"link":"","read_more":"more","button_readmore_group":{"read_text":"Read More","button_style":"default"}},"box_style_default":{"background_image":"","overlay_style":"overlay","overlay_color":"#000000","overlay_opacity":"0.5"},"box_style_video":{"url":""},"box_style_simple":{"background_image":"","layout":"image-at-top","overflow":"hidden"},"box_style_iconbox":{"icon":"clock-o","icon_size":"16","icon_color":"#f8b864","icon_line_height":"50","icon_width":"40","icon_height":"50","pos":"left"},"panels_info":{"class":"Thim_Box_Widget","raw":false,"grid":0,"cell":0,"id":1,"widget_id":"952d162d-1a9f-49ff-be35-fd44c3ca3ebd","style":{"class":"","widget_css":"","padding":"","background":"","background_image_attachment":"0","background_display":"tile","border_color":"","font_color":"","link_color":""}}},{"box_style":"iconbox","title_group":{"title":"Hotline: <a href=\"tel:00123456789\">+(00) 123 456 789<\/a>","font_family":"default","text_color":"#444444","font_size":13,"font_weight":"bold","line":"true"},"desc_group":{"content":"<a href=\"mailto:hello@yourmail.com\" class=\"thim-color-1\">hello@yourmail.com<\/a>","text_color":"#7a7a7a"},"readmore_group":{"link":"","read_more":"more","button_readmore_group":{"read_text":"Read More","button_style":"default"}},"box_style_default":{"background_image":0,"overlay_style":"overlay","overlay_color":"#000000","overlay_opacity":0.5},"box_style_video":{"url":""},"box_style_simple":{"background_image":0,"layout":"image-at-top","overflow":"hidden"},"box_style_iconbox":{"icon":"phone","icon_size":16,"icon_color":"#f8b864","icon_line_height":50,"icon_width":40,"icon_height":50,"pos":"left"},"widget-class":"","panels_info":{"class":"Thim_Box_Widget","grid":0,"cell":0,"id":2,"widget_id":"45393957-cb95-4be2-8683-a3fef2eaa828","style":{"class":"","widget_css":"","padding":"","background":"","background_image_attachment":"0","background_display":"tile","border_color":"","font_color":"","link_color":""}}}],"grids":[{"cells":1,"style":{"id":"","class":"thim-pull-right","cell_class":"","row_css":"","bottom_margin":"","gutter":"10px","padding":"","row_stretch":"","collapse_order":"","background":"","background_image_attachment":"0","background_display":"tile","border_color":"","overlay":""}}],"grid_cells":[{"grid":0,"weight":1}]},"builder_id":"5744206411809","widget-class":""},"11":{"panels_data":{"widgets":[{"text":"DONATE TODAY","link":"https:\/\/charitywp.thimpress.com\/demo-5\/campaigns\/","align":"center","style":"style8","size":"large","button_option":{"custom":"yes","button_color":"#dd9a42","text_color":"#FFF","button_hover_color":"#333333","text_hover_color":"#FFF"},"widget-class":"","panels_info":{"class":"Thim_Button_Widget","grid":0,"cell":0,"id":0,"widget_id":"fc0ef5f5-8593-440e-885d-4f9f69f86763","style":{"class":"","widget_css":"","padding":"","background":"","background_image_attachment":"0","background_display":"tile","border_color":"","font_color":"","link_color":""}}}],"grids":[{"cells":1,"style":{"id":"","class":"","cell_class":"","row_css":"","bottom_margin":"","gutter":"","padding":"","row_stretch":"","collapse_order":"","background":"#dd9a42","background_image_attachment":"0","background_display":"tile","border_color":"","overlay":""}}],"grid_cells":[{"grid":0,"weight":1}]},"builder_id":"581b56850e334","widget-class":"","widget_logic":""},"7":{"panels_data":{"widgets":[{"title":"","text":"<h3 style=\"text-align: center; font-size: 36px; color: #fff;\">BECOME A VOLUNTEER<\/h3>\n<p style=\"text-align: center; font-size: 20px;\">Join your hand with us for a better life and beautiful future.<\/p>","text_selected_editor":"html","autop":"on","_sow_form_id":"56b172487f878","widget-class":"","panels_info":{"class":"SiteOrigin_Widget_Editor_Widget","raw":false,"grid":0,"cell":0,"id":0,"widget_id":"5ab17bc9-4263-491e-a6a9-9d16362bd875","style":{"class":"","widget_css":"","padding":"0px 0px 36px","background":"","background_image_attachment":"0","background_display":"tile","border_color":"","font_color":"","link_color":""}}},{"text":"Join Us Now","link":"https:\/\/charitywp.thimpress.com\/demo-5\/volunteer\/","align":"center","style":"style4","size":"default","button_option":{"custom":"no","button_color":"#333","text_color":"#FFF","button_hover_color":"#999","text_hover_color":"#FFF"},"panels_info":{"class":"Thim_Button_Widget","raw":false,"grid":0,"cell":0,"id":1,"widget_id":"156efb81-37b3-4616-b351-1ee7a18f26fb","style":{"class":"","widget_css":"","padding":"","background":"","background_image_attachment":"0","background_display":"tile","border_color":"","font_color":"","link_color":""}}}],"grids":[{"cells":1,"style":{"id":"","class":"","cell_class":"","row_css":"","bottom_margin":"","gutter":"","padding":"55px 0px 80px","row_stretch":"full","collapse_order":"","background":"","background_image_attachment":"103","background_display":"parallax","border_color":"","overlay":"thim-overlay-color"}}],"grid_cells":[{"grid":0,"weight":1}]},"builder_id":"5743d07d7a7cd","widget-class":""},"6":{"panels_data":{"widgets":[{"title":"","text":"<p style=\"text-align: center;\">Subscribe now and receive weekly newsletter with new events, interesting charity activities.<\/p>","text_selected_editor":"tinymce","autop":"on","_sow_form_id":"56aaf1aba26bf","panels_info":{"class":"SiteOrigin_Widget_Editor_Widget","raw":false,"grid":0,"cell":0,"id":0,"widget_id":"63b30175-7745-4b55-96e2-83db7119dbba","style":{"class":"","widget_css":"max-width: 500px;\nmargin: auto;","padding":"25px 0px","background":"","background_image_attachment":"0","background_display":"tile","border_color":"","font_color":"","link_color":""}}},{"title":"","panels_info":{"class":"MC4WP_Form_Widget","raw":false,"grid":0,"cell":0,"id":1,"widget_id":"ab6e683c-b404-4579-8d56-47ed852c9dd7","style":{"class":"","widget_css":"max-width: 353px;\nmargin: auto;","padding":"25px 0px","background":"","background_image_attachment":"0","background_display":"tile","border_color":"","font_color":"","link_color":""}}},{"title":"","text":"<p style=\"text-align: center;\">Support OUR Today at <strong><a href=\"tel:00123456789\">+(00) 123 456 789<\/a><\/strong> or email <strong><a href=\"mailto:info@yourmail.com\">info@yourmail.com<\/a><\/strong><\/p>","text_selected_editor":"html","autop":true,"_sow_form_id":"56aaf286c6957","widget-class":"","panels_info":{"class":"SiteOrigin_Widget_Editor_Widget","grid":0,"cell":1,"id":2,"widget_id":"a8392679-a12b-4728-ba3c-e57d30cd1497","style":{"class":"","widget_css":"max-width: 500px;\nmargin: auto;","padding":"25px 0px","background":"","background_image_attachment":"0","background_display":"tile","border_color":"","font_color":"","link_color":""}}},{"text":"DONATE TODAY","link":"https:\/\/charitywp.thimpress.com\/demo-5\/campaign-cat\/our-causes\/","align":"center","style":"style3","size":"default","button_option":{"custom":"no","button_color":"#333","text_color":"#FFF","button_hover_color":"#999","text_hover_color":"#FFF"},"panels_info":{"class":"Thim_Button_Widget","raw":false,"grid":0,"cell":1,"id":3,"widget_id":"6e9102be-8abf-453b-9cc2-2ccabf783c84","style":{"class":"","widget_css":"","padding":"25px 0px","background":"","background_image_attachment":"0","background_display":"tile","border_color":"","font_color":"","link_color":""}}}],"grids":[{"cells":2,"style":{"id":"","class":"thim-border-center","cell_class":"","row_css":"font-size: 18px;\nline-height: 26px;","bottom_margin":"0px","gutter":"","padding":"80px 0px","row_stretch":"full","collapse_order":"","background":"#ffffff","background_image_attachment":"0","background_display":"tile","border_color":"","overlay":""}}],"grid_cells":[{"grid":0,"weight":0.5},{"grid":0,"weight":0.5}]},"builder_id":"57441eed6df48","widget-class":""},"9":{"panels_data":"{\"widgets\":[{\"image\":\"420,421,422,423,424,422,421\",\"image_size\":\"full\",\"image_link\":\"#,#,#,#,#,#,#\",\"link_target\":\"_self\",\"items\":\"5\",\"autoPlay\":\"true\",\"panels_info\":{\"class\":\"Thim_Client_Logo_Widget\",\"raw\":true,\"grid\":0,\"cell\":0,\"id\":0,\"style\":{\"class\":\"\",\"widget_css\":\"\",\"padding\":\"40px 0px\",\"background\":\"\",\"background_image_attachment\":\"0\",\"background_display\":\"tile\",\"border_color\":\"\",\"font_color\":\"\",\"link_color\":\"\"}}}],\"grids\":[{\"cells\":1,\"style\":{\"id\":\"\",\"class\":\"\",\"cell_class\":\"\",\"row_css\":\"\",\"bottom_margin\":\"\",\"gutter\":\"\",\"padding\":\"\",\"row_stretch\":\"full\",\"collapse_order\":\"\",\"background\":\"#f5f5f5\",\"background_image_attachment\":\"0\",\"background_display\":\"tile\",\"border_color\":\"\",\"overlay\":\"\"}}],\"grid_cells\":[{\"grid\":0,\"weight\":1}]}","builder_id":"56dd4ce038627","widget-class":""},"3":{"panels_data":{"widgets":[{"title":"","text":"<img src=\"https:\/\/charitywp.thimpress.com\/demo-5\/wp-content\/uploads\/sites\/5\/2016\/03\/footer-logo.png\" alt=\"footer-logo\" width=\"155\" height=\"50\" class=\"alignnone size-full wp-image-419\" \/>\n\n<div style=\"font-size: 15px;\"><i class=\"fa fa-phone\"><\/i> &nbsp;&nbsp;<a href=\"tel:00123456789\"> +(00) 123 456 789<\/a>\n\n<i class=\"fa fa-envelope\"><\/i> &nbsp;&nbsp;<a href=\"mailto:hello@yourmail.com\"> hello@yourmail.com<\/a><\/div>","text_selected_editor":"html","autop":true,"_sow_form_id":"56ab1a4bf080a","widget-class":"","panels_info":{"class":"SiteOrigin_Widget_Editor_Widget","grid":0,"cell":0,"id":0,"widget_id":"2c7605ca-076a-44ee-8dcf-75a1d5a7bd93","style":{"class":"","widget_css":"","padding":"","background":"","background_image_attachment":"0","background_display":"tile","border_color":"","font_color":"","link_color":""}}},{"title":"","link_face":"https:\/\/www.facebook.com\/thimpress","link_twitter":"https:\/\/www.twitter.com\/thimpress","link_google":"","link_dribble":"","link_linkedin":"#","link_pinterest":"","link_digg":"","link_youtube":"","link_instagram":"#","link_target":"_self","style":"default","align":"left","panels_info":{"class":"Thim_Social_Widget","raw":false,"grid":0,"cell":0,"id":1,"widget_id":"031e70e3-2972-46e7-aa1c-2ec997d22be5","style":{"class":"","widget_css":"","padding":"38px 0px","background":"","background_image_attachment":"0","background_display":"tile","border_color":"","font_color":"","link_color":""}}},{"title":"Company","nav_menu":46,"widget-class":"","panels_info":{"class":"WP_Nav_Menu_Widget","grid":0,"cell":1,"id":2,"widget_id":"672fafae-fbc2-400e-8282-8074c8f0b3be","style":{"class":"","widget_css":"","padding":"0px 0px 30px","background":"","background_image_attachment":"0","background_display":"tile","border_color":"","font_color":"","link_color":""}}},{"title":"Link","nav_menu":49,"widget-class":"","panels_info":{"class":"WP_Nav_Menu_Widget","grid":0,"cell":2,"id":3,"widget_id":"4b9462b1-feeb-4074-921c-5ec2f3775072","style":{"class":"","widget_css":"","padding":"0px 0px 30px","background":"","background_image_attachment":"0","background_display":"tile","border_color":"","font_color":"","link_color":""}}},{"title":"our worldwide office","subtitle":"","description":"","image":"99","image_size":"","image_link":"","link_target":"_self","image_alignment":"center","effect_hover":"no-effect","panels_info":{"class":"Thim_Single_Images_Widget","raw":false,"grid":0,"cell":3,"id":4,"widget_id":"cad30909-682f-4046-94aa-495d0843f88d","style":{"class":"","widget_css":"","padding":"","background":"","background_image_attachment":"0","background_display":"tile","border_color":"","font_color":""}}},{"title":"","text":"<hr \/>","panels_info":{"class":"WP_Widget_Text","raw":false,"grid":1,"cell":0,"id":5,"widget_id":"cda5a79d-2142-46fe-940c-e5c1f916127d","style":[]}},{"text_align":"left","panels_info":{"class":"Thim_Copyright_Widget","raw":false,"grid":2,"cell":0,"id":6,"widget_id":"0308eaa0-516a-427c-800d-c7af24e8526a","style":{"class":"","widget_css":"","padding":"","background":"","background_image_attachment":"0","background_display":"tile","border_color":"","font_color":""}}},{"nav_menu":48,"widget-class":"","panels_info":{"class":"WP_Nav_Menu_Widget","grid":2,"cell":1,"id":7,"widget_id":"f46f8247-eb2f-4406-a733-b5b798f7d242","style":{"class":"thim-float-list text-right","widget_css":"","padding":"","background":"","background_image_attachment":"0","background_display":"tile","border_color":"","font_color":"","link_color":""}}}],"grids":[{"cells":4,"style":{"id":"","class":"","cell_class":"","row_css":"","bottom_margin":"","gutter":"","padding":"80px 0px 0px","row_stretch":"","collapse_order":"","background":"","background_image_attachment":"0","background_display":"tile","border_color":"","overlay":""}},{"cells":1,"style":{"class":"","cell_class":"","row_css":"","bottom_margin":"","gutter":"","padding":"","row_stretch":"","background":"","background_image_attachment":"0","background_display":"tile","border_color":"","overlay":""}},{"cells":2,"style":{"class":"","cell_class":"","row_css":"padding-top: 6px;\npadding-bottom: 20px;","bottom_margin":"","gutter":"","padding":"","row_stretch":"","background":"","background_image_attachment":"0","background_display":"tile","border_color":"","overlay":""}}],"grid_cells":[{"grid":0,"weight":0.33349833065762335},{"grid":0,"weight":0.16666656109273167},{"grid":0,"weight":0.16685120007877166},{"grid":0,"weight":0.33298390817087331},{"grid":1,"weight":1},{"grid":2,"weight":0.5},{"grid":2,"weight":0.5}]},"builder_id":"581b54b48cadd","widget-class":"","widget_logic":""},"10":{"panels_data":"{\"widgets\":[{\"title\":\"\",\"text\":\"<h3 style=\\\"text-align: center; font-size: 36px; color: #fff;\\\">BECOME A VOLUNTEER<\/h3>\\n<p style=\\\"text-align: center; font-size: 20px;\\\">Join your hand with us for a better life and beautiful future<\/p>\",\"text_selected_editor\":\"html\",\"autop\":\"on\",\"_sow_form_id\":\"56b172487f878\",\"panels_info\":{\"class\":\"SiteOrigin_Widget_Editor_Widget\",\"raw\":false,\"grid\":0,\"cell\":0,\"id\":0,\"style\":{\"class\":\"\",\"widget_css\":\"\",\"padding\":\"0px 0px 36px\",\"background\":\"\",\"background_image_attachment\":\"0\",\"background_display\":\"tile\",\"border_color\":\"\",\"font_color\":\"\",\"link_color\":\"\"}}},{\"text\":\"Join Us Now\",\"link\":\"https:\/\/charitywp.thimpress.com\/demo-5\/volunteer\/\",\"align\":\"center\",\"style\":\"style4\",\"size\":\"default\",\"button_option\":{\"custom\":\"no\",\"button_color\":\"#333\",\"text_color\":\"#FFF\",\"button_hover_color\":\"#999\",\"text_hover_color\":\"#FFF\"},\"panels_info\":{\"class\":\"Thim_Button_Widget\",\"raw\":false,\"grid\":0,\"cell\":0,\"id\":1,\"style\":{\"class\":\"\",\"widget_css\":\"\",\"padding\":\"\",\"background\":\"\",\"background_image_attachment\":\"0\",\"background_display\":\"tile\",\"border_color\":\"\",\"font_color\":\"\",\"link_color\":\"\"}}}],\"grids\":[{\"cells\":1,\"style\":{\"id\":\"\",\"class\":\"\",\"cell_class\":\"\",\"row_css\":\"\",\"bottom_margin\":\"\",\"gutter\":\"\",\"padding\":\"160px 0px 185px\",\"row_stretch\":\"full\",\"collapse_order\":\"\",\"background\":\"\",\"background_image_attachment\":\"103\",\"background_display\":\"cover\",\"border_color\":\"\",\"overlay\":\"thim-overlay-color\"}}],\"grid_cells\":[{\"grid\":0,\"weight\":1}]}","builder_id":"570229f4a57df","widget-class":""},"_multiwidget":1},"events":{"1":{"title":"Upcoming Event","number":4,"status":"tp-event-upcoming","time_format":"24h","orderby":"tp_event_date_start","order":"asc","template":"style3","thumbnail_size":"475x276","default_option":{"columns":"2"},"widget_logic":""},"_multiwidget":1},"campaign-categories":{"1":{"title":"Cause Categories","show_all":"show","show_count":"show","widget-class":""},"_multiwidget":1},"categories":{"3":{"title":"Blog Categories","count":1,"hierarchical":0,"dropdown":0,"widget-class":""},"_multiwidget":1},"list-post":{"4":{"title":"Popular Posts","cat_id":"8","number_posts":3,"orderby":"popular","order":"asc","date":"hidden","template":"base","columns":3,"widget-class":""},"5":{"title":"Latest Posts","cat_id":"1","number_posts":3,"orderby":"recent","order":"asc","date":"show","template":"base","columns":3,"widget-class":""},"_multiwidget":1},"campaign":{"1":{"title":"Popular Causes","template":"simple","number":3,"orderby":"popular","order":"desc","default_option":{"columns":"3"},"widget-class":""},"_multiwidget":1},"single-images":{"2":{"title":"","subtitle":"","description":"","image":260,"image_size":"full","image_link":"#","link_target":"_self","image_alignment":"center","effect_hover":"effect-hover","widget-class":""},"_multiwidget":1}}]