[{"sidebar":["search-4","categories-3","list-post-3","tag_cloud-4","single-images-4","text-9"],"toolbar":["text-12","text-14"],"menu_right":["login-popup-5","button-2"],"footer":["siteorigin-panels-builder-2"],"copyright":["social-3"],"sidebar_courses":["courses-3","single-images-6","text-13"],"sidebar_shop":["woocommerce_product_categories-2","woocommerce_price_filter-2","woocommerce_products-2","woocommerce_product_tag_cloud-2"]},{"search":{"4":{"title":"","widget_logic":"","widget-class":""},"_multiwidget":1},"categories":{"3":{"title":"","count":0,"hierarchical":0,"dropdown":0,"widget_logic":"","widget-class":""},"_multiwidget":1},"list-post":{"3":{"title":"Recent Posts","style":"no_style","cat_id":"all","image_size":"thumbnail","size_w":400,"size_h":400,"show_description":"no","number_posts":3,"orderby":"recent","order":"desc","feature_text":"Sticky Post","link":"","text_link":"","autoplayTimeout":0,"widget_logic":"","widget-class":"","autoplay":false},"_multiwidget":1},"tag_cloud":{"4":{"title":"","count":0,"taxonomy":"post_tag","widget_logic":"","widget-class":""},"_multiwidget":1},"single-images":{"4":{"image":5699,"image_size":"full","image_link":"https:\/\/coaching.thimpress.com\/shop\/","link_target":"_blank","image_alignment":"left","css_animation":false,"widget_logic":"","widget-class":"shop-image"},"6":{"image":5699,"image_size":"full","image_link":"#","link_target":"_self","image_alignment":"left","css_animation":false,"widget-class":"","widget_logic":""},"_multiwidget":1},"text":{"9":{"title":"","text":"<iframe src=\"https:\/\/www.facebook.com\/plugins\/page.php?href=https%3A%2F%2Fwww.facebook.com%2FThimPress%2F&tabs=timeline&width=270&height=500&small_header=false&adapt_container_width=true&hide_cover=false&show_facepile=true&appId\" height=\"322\" style=\"border:none;overflow:hidden;width:270px;\"><\/iframe>","filter":false,"visual":false,"widget_logic":"","widget-class":""},"12":{"title":"","text":"<div class=\"thim-have-any-question\">\r\n<div class=\"mobile\"><i class=\"fa fa-phone\"><\/i>NEED HELP? CALL US NOW:<a href=\"tel:+8812345 6789\" class=\"value primary-color border-right\">  (+88) 12 345 6789<\/a>\r\n<\/div>\r\n<div class=\"email\"><i class=\"fa fa-envelope\"><\/i><a href=\"mailto:hello@coaching.com\">hello@coaching.com<\/a>\r\n<\/div>\r\n<\/div>","filter":false,"widget-class":"","widget_logic":"","visual":false},"14":{"title":"","text":"<div class=\"thim-have-any-question pull-right\">\r\n<div class=\"address border-right\"><i class=\"fa fa-map-marker\"><\/i>2130 Fulton Street San Francisco, USA<\/div>\r\n<\/div>","filter":true,"visual":true,"widget_logic":"","widget-class":""},"13":{"title":"","text":"<iframe src=\"https:\/\/www.facebook.com\/plugins\/page.php?href=https%3A%2F%2Fwww.facebook.com%2FThimPress%2F&tabs=timeline&width=270&height=500&small_header=false&adapt_container_width=true&hide_cover=false&show_facepile=true&appId\" width=\"270\" height=\"322\" style=\"border:none;overflow:hidden\"><\/iframe>","filter":false,"widget-class":"","widget_logic":""},"_multiwidget":1},"login-popup":{"5":{"show_register":false,"text_register":"Register","text_login":"Login","text_logout":"Logout","style":"layout_3","shortcode":"[miniorange_social_login]","widget_logic":"","widget-class":""},"_multiwidget":1},"button":{"2":{"title":"Make an appointment","url":"#","custom_style":"custom_style","style_options":{"font_size":14,"font_weight":"normal","border_width":1,"color":"#ffffff","border_color":"#ff9b9a","bg_color":"#ff9b9a","hover_color":"#ffffff","hover_border_color":"#ff4a48","hover_bg_color":"#ff4a48","custom_button_style":""},"icon":{"icon":"","icon_size":14},"layout":{"button_size":"regular","rounding":false},"text_align":"text-center","widget_logic":"","widget-class":"thim-button-gradient  ","new_window":false},"_multiwidget":1},"siteorigin-panels-builder":{"2":{"panels_data":{"widgets":[{"height":70,"widget_logic":"","widget-class":"","panels_info":{"class":"Thim_Empty_Space_Widget","raw":false,"grid":0,"cell":0,"id":0,"widget_id":"40c3a925-67e8-465d-ba14-0206de46c0f8","style":{"background_image_attachment":false,"background_display":"tile"}}},{"image":6789,"image_size":"full","image_link":"","link_target":"_self","image_alignment":"left","css_animation":false,"widget_logic":"","widget-class":"","panels_info":{"class":"Thim_Single_Images_Widget","raw":false,"grid":1,"cell":0,"id":1,"widget_id":"d7df73ce-9f03-48e2-a101-a2948285f0fa","style":{"background_image_attachment":false,"background_display":"tile"}}},{"nav_menu":68,"widget_logic":"","widget-class":"","panels_info":{"class":"WP_Nav_Menu_Widget","raw":false,"grid":1,"cell":1,"id":2,"widget_id":"5e99bcc0-b8b1-4f17-b676-3ec57d21ac2a","style":{"background_image_attachment":false,"background_display":"tile"}}},{"nav_menu":69,"widget_logic":"","widget-class":"","panels_info":{"class":"WP_Nav_Menu_Widget","raw":false,"grid":1,"cell":2,"id":3,"widget_id":"7d5f269f-93aa-48cf-a1b5-c1255135ba9f","style":{"background_image_attachment":false,"background_display":"tile"}}},{"nav_menu":70,"widget_logic":"","widget-class":"","panels_info":{"class":"WP_Nav_Menu_Widget","raw":false,"grid":1,"cell":3,"id":4,"widget_id":"4985a012-1c50-4ac0-af52-71a31916cf83","style":{"background_image_attachment":false,"background_display":"tile"}}},{"nav_menu":71,"widget_logic":"","widget-class":"","panels_info":{"class":"WP_Nav_Menu_Widget","raw":false,"grid":1,"cell":4,"id":5,"widget_id":"2932f7be-264c-4a0b-89f9-9b52a46c4f1d","style":{"background_image_attachment":false,"background_display":"tile"}}},{"type":"html","title":"","text":"<!-- Mailchimp for WordPress v4.5.2 - https:\/\/wordpress.org\/plugins\/mailchimp-for-wp\/ -->\n\n<form id=\"mc4wp-form-1\" class=\"mc4wp-form mc4wp-form-3383 mc4wp-form-basic\" method=\"post\" data-id=\"3383\" data-name=\"Footer form\">\n<div class=\"mc4wp-form-fields\">\n<div class=\"sign-up-therapist\">\n<h4>Newsletter<\/h4>\n<div class=\"fields-signup clearfix\">\n<div class=\"field-email\"><input name=\"EMAIL\" required=\"\" type=\"email\" placeholder=\"Your email address\" \/><\/div>\n<div class=\"field-submit\"><input type=\"submit\" value=\"Subscribe\" \/><\/div>\n<\/div>\n<\/div>\n<\/div>\n<label style=\"display: none !important;\">Leave this field empty if you\u2019re human: <input tabindex=\"-1\" autocomplete=\"off\" name=\"_mc4wp_honeypot\" type=\"text\" value=\"\" \/><\/label><input name=\"_mc4wp_timestamp\" type=\"hidden\" value=\"1558627014\" \/><input name=\"_mc4wp_form_id\" type=\"hidden\" value=\"3383\" \/><input name=\"_mc4wp_form_element_id\" type=\"hidden\" value=\"mc4wp-form-1\" \/>\n<div class=\"mc4wp-response\"><\/div>\n<\/form><!-- \/ Mailchimp for WordPress Plugin -->","filter":"1","widget_logic":"","widget-class":"","panels_info":{"class":"WP_Widget_Black_Studio_TinyMCE","raw":false,"grid":1,"cell":5,"id":6,"widget_id":"68d0fa3e-7090-4e69-9e01-97cd806dfdcb","style":{"background_image_attachment":false,"background_display":"tile"}}},{"height":70,"widget_logic":"","widget-class":"","panels_info":{"class":"Thim_Empty_Space_Widget","raw":false,"grid":2,"cell":0,"id":7,"widget_id":"feed74dc-1cf3-4a3a-91c5-91194deb6590","style":{"background_image_attachment":false,"background_display":"tile"}}}],"grids":[{"cells":1,"style":{"background_image_attachment":false,"background_display":"tile","cell_alignment":"flex-start"},"ratio":1,"ratio_direction":"right"},{"cells":6,"style":{"class":"thim-newletter-therapist thim_2_col_tablet ","padding":"0px 0px 0px 40px","background_image_attachment":false,"background_display":"tile","cell_alignment":"flex-start"},"ratio":1,"ratio_direction":"right"},{"cells":1,"style":{"background_image_attachment":false,"background_display":"tile","cell_alignment":"flex-start"},"ratio":1,"ratio_direction":"right"}],"grid_cells":[{"grid":0,"index":0,"weight":1,"style":[]},{"grid":1,"index":0,"weight":0.16666666666666666,"style":[]},{"grid":1,"index":1,"weight":0.16666666666666666,"style":[]},{"grid":1,"index":2,"weight":0.16666666666666666,"style":[]},{"grid":1,"index":3,"weight":0.16666666666666666,"style":[]},{"grid":1,"index":4,"weight":0.16666666666666666,"style":[]},{"grid":1,"index":5,"weight":0.16666666666666666,"style":[]},{"grid":2,"index":0,"weight":1,"style":[]}]},"builder_id":"5cee937a50c7f","widget_logic":"","widget-class":""},"_multiwidget":1},"social":{"3":{"title":"","link_face":"#","link_twitter":"#","link_google":"","link_dribble":"","link_linkedin":"","link_pinterest":"#","link_instagram":"#","link_youtube":"","link_target":"_self","style":"no-border","widget_logic":"","widget-class":"","show_text":false},"_multiwidget":1},"courses":{"3":{"title":"Popular Courses ","order":"latest","cat_id":"all","layout":"list-sidebar","thumbnail_width":400,"thumbnail_height":300,"limit":3,"view_all_courses":"","view_all_position":"top","slider-options":{"show_navigation":true,"item_visible":"4","show_pagination":false},"grid-options":{"columns":"4"},"widget_logic":" ","widget-class":""},"_multiwidget":1},"woocommerce_product_categories":{"2":{"title":"Categories","orderby":"name","dropdown":0,"count":0,"hierarchical":1,"show_children_only":0,"hide_empty":0,"max_depth":"","widget_logic":"","widget-class":""},"_multiwidget":1},"woocommerce_price_filter":{"2":{"title":"Filter by price","widget_logic":"","widget-class":""},"_multiwidget":1},"woocommerce_products":{"2":{"title":"Best sellers","number":3,"show":"","orderby":"sales","order":"desc","hide_free":0,"show_hidden":0,"widget_logic":"","widget-class":""},"_multiwidget":1},"woocommerce_product_tag_cloud":{"2":{"title":"Product Tags","widget_logic":"","widget-class":""},"_multiwidget":1}}]