[{"sidebar":["search-4","categories-3","list-post-3","tag_cloud-4","single-images-4","text-9"],"toolbar":["text-12","text-14"],"menu_right":["login-popup-5","button-2"],"footer":["thim_layout_builder-2"],"copyright":["social-3"],"sidebar_courses":["courses-3","single-images-6","text-13"],"sidebar_shop":["woocommerce_product_categories-2","woocommerce_price_filter-2","woocommerce_products-2","woocommerce_product_tag_cloud-2"]},{"search":{"4":{"title":"","widget_logic":"","widget-class":""},"_multiwidget":1},"categories":{"3":{"title":"","count":0,"hierarchical":0,"dropdown":0,"widget_logic":"","widget-class":""},"_multiwidget":1},"list-post":{"3":{"title":"Recent Posts","style":"no_style","cat_id":"all","image_size":"thumbnail","size_w":400,"size_h":400,"show_description":"no","number_posts":3,"orderby":"recent","order":"desc","feature_text":"Sticky Post","link":"","text_link":"","autoplayTimeout":0,"widget_logic":"","widget-class":"","autoplay":false},"_multiwidget":1},"tag_cloud":{"4":{"title":"","count":0,"taxonomy":"post_tag","widget_logic":"","widget-class":""},"_multiwidget":1},"single-images":{"4":{"image":5699,"image_size":"full","image_link":"http:\/\/coachingwp.staging.wpengine.com\/shop\/","link_target":"_blank","image_alignment":"left","css_animation":false,"widget_logic":"","widget-class":"shop-image"},"6":{"image":5699,"image_size":"full","image_link":"#","link_target":"_self","image_alignment":"left","css_animation":false,"widget-class":"","widget_logic":""},"_multiwidget":1},"text":{"9":{"title":"","text":"<iframe src=\"https:\/\/www.facebook.com\/plugins\/page.php?href=https%3A%2F%2Fwww.facebook.com%2FThimPress%2F&tabs=timeline&width=270&height=500&small_header=false&adapt_container_width=true&hide_cover=false&show_facepile=true&appId\" height=\"322\" style=\"border:none;overflow:hidden;width:270px;\"><\/iframe>","filter":false,"visual":false,"widget_logic":"","widget-class":""},"12":{"title":"","text":"<div class=\"thim-have-any-question\">\r\n<div class=\"mobile\"><i class=\"fa fa-phone\"><\/i>NEED HELP? CALL US NOW:<a href=\"tel:+8812345 6789\" class=\"value primary-color border-right\">  (+88) 12 345 6789<\/a>\r\n<\/div>\r\n<div class=\"email\"><i class=\"fa fa-envelope\"><\/i><a href=\"mailto:hello@coaching.com\">hello@coaching.com<\/a>\r\n<\/div>\r\n<\/div>","filter":false,"widget-class":"","widget_logic":"","visual":false},"14":{"title":"","text":"<div class=\"thim-have-any-question pull-right\">\r\n<div class=\"address border-right\"><i class=\"fa fa-map-marker\"><\/i>2130 Fulton Street San Francisco, USA<\/div>\r\n<\/div>","filter":true,"visual":true,"widget_logic":"","widget-class":""},"13":{"title":"","text":"<iframe src=\"https:\/\/www.facebook.com\/plugins\/page.php?href=https%3A%2F%2Fwww.facebook.com%2FThimPress%2F&tabs=timeline&width=270&height=500&small_header=false&adapt_container_width=true&hide_cover=false&show_facepile=true&appId\" width=\"270\" height=\"322\" style=\"border:none;overflow:hidden\"><\/iframe>","filter":false,"widget-class":"","widget_logic":""},"_multiwidget":1},"login-popup":{"5":{"show_register":false,"text_register":"Register","text_login":"Login","text_logout":"Logout","style":"layout_3","shortcode":"[miniorange_social_login]","widget_logic":"","widget-class":""},"_multiwidget":1},"button":{"2":{"title":"Make an appointment","url":"#","custom_style":"custom_style","style_options":{"font_size":14,"font_weight":"normal","border_width":1,"color":"#ffffff","border_color":"#ff9b9a","bg_color":"#ff9b9a","hover_color":"#ffffff","hover_border_color":"#ff4a48","hover_bg_color":"#ff4a48","custom_button_style":""},"icon":{"icon":"","icon_size":14},"layout":{"button_size":"regular","rounding":false},"text_align":"text-center","widget_logic":"","widget-class":"thim-button-gradient  ","new_window":false},"_multiwidget":1},"thim_layout_builder":{"2":{"widget_logic":"","widget-class":"","content":"<div id=\"pl-6836\"  class=\"panel-layout\" ><div id=\"pg-6836-0\"  class=\"panel-grid panel-has-style\"  data-style=\"{&quot;background&quot;:&quot;#dd3333&quot;,&quot;background_image_attachment&quot;:false,&quot;background_display&quot;:&quot;tile&quot;,&quot;cell_alignment&quot;:&quot;flex-start&quot;}\"  data-ratio=\"1\"  data-ratio-direction=\"right\" ><div class=\"panel-row-style panel-row-style-for-6836-0\" ><div id=\"pgc-6836-0-0\"  class=\"panel-grid-cell\"  data-weight=\"1\" ><div id=\"panel-6836-0-0-0\" class=\"so-panel widget widget_empty-space panel-first-child panel-last-child\" data-index=\"0\" data-style=\"{&quot;background_image_attachment&quot;:false,&quot;background_display&quot;:&quot;tile&quot;}\" >[siteorigin_widget class=\"Thim_Empty_Space_Widget\"]<input type=\"hidden\" value=\"{&quot;instance&quot;:{&quot;height&quot;:90,&quot;widget-class&quot;:&quot;&quot;,&quot;so_sidebar_emulator_id&quot;:&quot;empty-space-683610000&quot;,&quot;option_name&quot;:&quot;widget_empty-space&quot;},&quot;args&quot;:{&quot;before_widget&quot;:&quot;&lt;div id=\\&quot;panel-6836-0-0-0\\&quot; class=\\&quot;so-panel widget widget_empty-space panel-first-child panel-last-child\\&quot; data-index=\\&quot;0\\&quot; data-style=\\&quot;{&amp;quot;background_image_attachment&amp;quot;:false,&amp;quot;background_display&amp;quot;:&amp;quot;tile&amp;quot;}\\&quot; &gt;&quot;,&quot;after_widget&quot;:&quot;&lt;\\\/div&gt;&quot;,&quot;before_title&quot;:&quot;&lt;h3 class=\\&quot;widget-title\\&quot;&gt;&quot;,&quot;after_title&quot;:&quot;&lt;\\\/h3&gt;&quot;,&quot;widget_id&quot;:&quot;widget-0-0-0&quot;}}\" \/>[\/siteorigin_widget]<\/div><\/div><\/div><\/div><div id=\"pg-6836-1\"  class=\"panel-grid panel-has-style\"  data-style=\"{&quot;background&quot;:&quot;#dd3333&quot;,&quot;background_image_attachment&quot;:false,&quot;background_display&quot;:&quot;tile&quot;,&quot;gutter&quot;:&quot;0px&quot;,&quot;cell_alignment&quot;:&quot;flex-start&quot;}\"  data-ratio=\"1\"  data-ratio-direction=\"right\" ><div class=\"panel-row-style panel-row-style-for-6836-1\" ><div id=\"pgc-6836-1-0\"  class=\"panel-grid-cell\"  data-weight=\"0.166666666667\" ><div id=\"panel-6836-1-0-0\" class=\"so-panel widget widget_single-images panel-first-child panel-last-child\" data-index=\"1\" data-style=\"{&quot;widget_css&quot;:&quot;padding-left:40px;&quot;,&quot;background_image_attachment&quot;:false,&quot;background_display&quot;:&quot;tile&quot;}\" ><div class=\"panel-widget-style panel-widget-style-for-6836-1-0-0\" >[siteorigin_widget class=\"Thim_Single_Images_Widget\"]<input type=\"hidden\" value=\"{&quot;instance&quot;:{&quot;image&quot;:6789,&quot;image_size&quot;:&quot;full&quot;,&quot;image_link&quot;:&quot;#&quot;,&quot;link_target&quot;:&quot;_self&quot;,&quot;image_alignment&quot;:&quot;right&quot;,&quot;css_animation&quot;:false,&quot;widget_logic&quot;:&quot;&quot;,&quot;widget-class&quot;:&quot;&quot;,&quot;so_sidebar_emulator_id&quot;:&quot;single-images-683610001&quot;,&quot;option_name&quot;:&quot;widget_single-images&quot;},&quot;args&quot;:{&quot;before_widget&quot;:&quot;&lt;div id=\\&quot;panel-6836-1-0-0\\&quot; class=\\&quot;so-panel widget widget_single-images panel-first-child panel-last-child\\&quot; data-index=\\&quot;1\\&quot; data-style=\\&quot;{&amp;quot;widget_css&amp;quot;:&amp;quot;padding-left:40px;&amp;quot;,&amp;quot;background_image_attachment&amp;quot;:false,&amp;quot;background_display&amp;quot;:&amp;quot;tile&amp;quot;}\\&quot; &gt;&lt;div class=\\&quot;panel-widget-style panel-widget-style-for-6836-1-0-0\\&quot; &gt;&quot;,&quot;after_widget&quot;:&quot;&lt;\\\/div&gt;&lt;\\\/div&gt;&quot;,&quot;before_title&quot;:&quot;&lt;h3 class=\\&quot;widget-title\\&quot;&gt;&quot;,&quot;after_title&quot;:&quot;&lt;\\\/h3&gt;&quot;,&quot;widget_id&quot;:&quot;widget-1-0-0&quot;}}\" \/>[\/siteorigin_widget]<\/div><\/div><\/div><div id=\"pgc-6836-1-1\"  class=\"panel-grid-cell\"  data-weight=\"0.166666666667\" ><div id=\"panel-6836-1-1-0\" class=\"so-panel widget widget_nav_menu panel-first-child panel-last-child\" data-index=\"2\" data-style=\"{&quot;background_image_attachment&quot;:false,&quot;background_display&quot;:&quot;tile&quot;}\" >[siteorigin_widget class=\"WP_Nav_Menu_Widget\"]<input type=\"hidden\" value=\"{&quot;instance&quot;:{&quot;nav_menu&quot;:68,&quot;widget_logic&quot;:&quot;&quot;,&quot;widget-class&quot;:&quot;&quot;,&quot;so_sidebar_emulator_id&quot;:&quot;nav_menu-683610002&quot;,&quot;option_name&quot;:&quot;widget_nav_menu&quot;},&quot;args&quot;:{&quot;before_widget&quot;:&quot;&lt;div id=\\&quot;panel-6836-1-1-0\\&quot; class=\\&quot;so-panel widget widget_nav_menu panel-first-child panel-last-child\\&quot; data-index=\\&quot;2\\&quot; data-style=\\&quot;{&amp;quot;background_image_attachment&amp;quot;:false,&amp;quot;background_display&amp;quot;:&amp;quot;tile&amp;quot;}\\&quot; &gt;&quot;,&quot;after_widget&quot;:&quot;&lt;\\\/div&gt;&quot;,&quot;before_title&quot;:&quot;&lt;h3 class=\\&quot;widget-title\\&quot;&gt;&quot;,&quot;after_title&quot;:&quot;&lt;\\\/h3&gt;&quot;,&quot;widget_id&quot;:&quot;widget-1-1-0&quot;}}\" \/>[\/siteorigin_widget]<\/div><\/div><div id=\"pgc-6836-1-2\"  class=\"panel-grid-cell\"  data-weight=\"0.166666666667\" ><div id=\"panel-6836-1-2-0\" class=\"so-panel widget widget_nav_menu panel-first-child panel-last-child\" data-index=\"3\" data-style=\"{&quot;background_image_attachment&quot;:false,&quot;background_display&quot;:&quot;tile&quot;}\" >[siteorigin_widget class=\"WP_Nav_Menu_Widget\"]<input type=\"hidden\" value=\"{&quot;instance&quot;:{&quot;nav_menu&quot;:69,&quot;widget_logic&quot;:&quot;&quot;,&quot;widget-class&quot;:&quot;&quot;,&quot;so_sidebar_emulator_id&quot;:&quot;nav_menu-683610003&quot;,&quot;option_name&quot;:&quot;widget_nav_menu&quot;},&quot;args&quot;:{&quot;before_widget&quot;:&quot;&lt;div id=\\&quot;panel-6836-1-2-0\\&quot; class=\\&quot;so-panel widget widget_nav_menu panel-first-child panel-last-child\\&quot; data-index=\\&quot;3\\&quot; data-style=\\&quot;{&amp;quot;background_image_attachment&amp;quot;:false,&amp;quot;background_display&amp;quot;:&amp;quot;tile&amp;quot;}\\&quot; &gt;&quot;,&quot;after_widget&quot;:&quot;&lt;\\\/div&gt;&quot;,&quot;before_title&quot;:&quot;&lt;h3 class=\\&quot;widget-title\\&quot;&gt;&quot;,&quot;after_title&quot;:&quot;&lt;\\\/h3&gt;&quot;,&quot;widget_id&quot;:&quot;widget-1-2-0&quot;}}\" \/>[\/siteorigin_widget]<\/div><\/div><div id=\"pgc-6836-1-3\"  class=\"panel-grid-cell\"  data-weight=\"0.166666666667\" ><div id=\"panel-6836-1-3-0\" class=\"so-panel widget widget_nav_menu panel-first-child panel-last-child\" data-index=\"4\" data-style=\"{&quot;background_image_attachment&quot;:false,&quot;background_display&quot;:&quot;tile&quot;}\" >[siteorigin_widget class=\"WP_Nav_Menu_Widget\"]<input type=\"hidden\" value=\"{&quot;instance&quot;:{&quot;nav_menu&quot;:70,&quot;widget_logic&quot;:&quot;&quot;,&quot;widget-class&quot;:&quot;&quot;,&quot;so_sidebar_emulator_id&quot;:&quot;nav_menu-683610004&quot;,&quot;option_name&quot;:&quot;widget_nav_menu&quot;},&quot;args&quot;:{&quot;before_widget&quot;:&quot;&lt;div id=\\&quot;panel-6836-1-3-0\\&quot; class=\\&quot;so-panel widget widget_nav_menu panel-first-child panel-last-child\\&quot; data-index=\\&quot;4\\&quot; data-style=\\&quot;{&amp;quot;background_image_attachment&amp;quot;:false,&amp;quot;background_display&amp;quot;:&amp;quot;tile&amp;quot;}\\&quot; &gt;&quot;,&quot;after_widget&quot;:&quot;&lt;\\\/div&gt;&quot;,&quot;before_title&quot;:&quot;&lt;h3 class=\\&quot;widget-title\\&quot;&gt;&quot;,&quot;after_title&quot;:&quot;&lt;\\\/h3&gt;&quot;,&quot;widget_id&quot;:&quot;widget-1-3-0&quot;}}\" \/>[\/siteorigin_widget]<\/div><\/div><div id=\"pgc-6836-1-4\"  class=\"panel-grid-cell\"  data-weight=\"0.166666666667\" ><div id=\"panel-6836-1-4-0\" class=\"so-panel widget widget_nav_menu panel-first-child panel-last-child\" data-index=\"5\" data-style=\"{&quot;background_image_attachment&quot;:false,&quot;background_display&quot;:&quot;tile&quot;}\" >[siteorigin_widget class=\"WP_Nav_Menu_Widget\"]<input type=\"hidden\" value=\"{&quot;instance&quot;:{&quot;nav_menu&quot;:71,&quot;widget_logic&quot;:&quot;&quot;,&quot;widget-class&quot;:&quot;&quot;,&quot;so_sidebar_emulator_id&quot;:&quot;nav_menu-683610005&quot;,&quot;option_name&quot;:&quot;widget_nav_menu&quot;},&quot;args&quot;:{&quot;before_widget&quot;:&quot;&lt;div id=\\&quot;panel-6836-1-4-0\\&quot; class=\\&quot;so-panel widget widget_nav_menu panel-first-child panel-last-child\\&quot; data-index=\\&quot;5\\&quot; data-style=\\&quot;{&amp;quot;background_image_attachment&amp;quot;:false,&amp;quot;background_display&amp;quot;:&amp;quot;tile&amp;quot;}\\&quot; &gt;&quot;,&quot;after_widget&quot;:&quot;&lt;\\\/div&gt;&quot;,&quot;before_title&quot;:&quot;&lt;h3 class=\\&quot;widget-title\\&quot;&gt;&quot;,&quot;after_title&quot;:&quot;&lt;\\\/h3&gt;&quot;,&quot;widget_id&quot;:&quot;widget-1-4-0&quot;}}\" \/>[\/siteorigin_widget]<\/div><\/div><div id=\"pgc-6836-1-5\"  class=\"panel-grid-cell\"  data-weight=\"0.166666666667\" ><div id=\"panel-6836-1-5-0\" class=\"so-panel widget widget_custom_html panel-first-child panel-last-child\" data-index=\"6\" data-style=\"{&quot;background_image_attachment&quot;:false,&quot;background_display&quot;:&quot;tile&quot;}\" >[siteorigin_widget class=\"WP_Widget_Custom_HTML\"]<input type=\"hidden\" value=\"{&quot;instance&quot;:{&quot;title&quot;:&quot;&quot;,&quot;content&quot;:&quot;&lt;!-- Mailchimp for WordPress v4.5.2 - https:\\\/\\\/wordpress.org\\\/plugins\\\/mailchimp-for-wp\\\/ --&gt;\\n\\n&lt;form id=\\&quot;mc4wp-form-1\\&quot; class=\\&quot;mc4wp-form mc4wp-form-3383 mc4wp-form-basic\\&quot; method=\\&quot;post\\&quot; data-id=\\&quot;3383\\&quot; data-name=\\&quot;Footer form\\&quot;&gt;\\n&lt;div class=\\&quot;mc4wp-form-fields\\&quot;&gt;\\n&lt;div class=\\&quot;sign-up-therapist\\&quot;&gt;\\n&lt;h4&gt;Newsletter&lt;\\\/h4&gt;\\n&lt;div class=\\&quot;fields-signup clearfix\\&quot;&gt;\\n&lt;div class=\\&quot;field-email\\&quot;&gt;&lt;input name=\\&quot;EMAIL\\&quot; required=\\&quot;\\&quot; type=\\&quot;email\\&quot; placeholder=\\&quot;Your email address\\&quot; \\\/&gt;&lt;\\\/div&gt;\\n&lt;div class=\\&quot;field-submit\\&quot;&gt;&lt;input type=\\&quot;submit\\&quot; value=\\&quot;Subscribe\\&quot; \\\/&gt;&lt;\\\/div&gt;\\n&lt;\\\/div&gt;\\n&lt;\\\/div&gt;\\n&lt;\\\/div&gt;\\n&lt;label style=\\&quot;display: none !important;\\&quot;&gt;Leave this field empty if you\\u2019re human: &lt;input tabindex=\\&quot;-1\\&quot; autocomplete=\\&quot;off\\&quot; name=\\&quot;_mc4wp_honeypot\\&quot; type=\\&quot;text\\&quot; value=\\&quot;\\&quot; \\\/&gt;&lt;\\\/label&gt;&lt;input name=\\&quot;_mc4wp_timestamp\\&quot; type=\\&quot;hidden\\&quot; value=\\&quot;1558627014\\&quot; \\\/&gt;&lt;input name=\\&quot;_mc4wp_form_id\\&quot; type=\\&quot;hidden\\&quot; value=\\&quot;3383\\&quot; \\\/&gt;&lt;input name=\\&quot;_mc4wp_form_element_id\\&quot; type=\\&quot;hidden\\&quot; value=\\&quot;mc4wp-form-1\\&quot; \\\/&gt;\\n&lt;div class=\\&quot;mc4wp-response\\&quot;&gt;&lt;\\\/div&gt;\\n&lt;\\\/form&gt;&lt;!-- \\\/ Mailchimp for WordPress Plugin --&gt;&quot;,&quot;widget_logic&quot;:&quot;&quot;,&quot;widget-class&quot;:&quot;&quot;,&quot;so_sidebar_emulator_id&quot;:&quot;custom_html-683610006&quot;,&quot;option_name&quot;:&quot;widget_custom_html&quot;},&quot;args&quot;:{&quot;before_widget&quot;:&quot;&lt;div id=\\&quot;panel-6836-1-5-0\\&quot; class=\\&quot;so-panel widget widget_custom_html panel-first-child panel-last-child\\&quot; data-index=\\&quot;6\\&quot; data-style=\\&quot;{&amp;quot;background_image_attachment&amp;quot;:false,&amp;quot;background_display&amp;quot;:&amp;quot;tile&amp;quot;}\\&quot; &gt;&quot;,&quot;after_widget&quot;:&quot;&lt;\\\/div&gt;&quot;,&quot;before_title&quot;:&quot;&lt;h3 class=\\&quot;widget-title\\&quot;&gt;&quot;,&quot;after_title&quot;:&quot;&lt;\\\/h3&gt;&quot;,&quot;widget_id&quot;:&quot;widget-1-5-0&quot;}}\" \/>[\/siteorigin_widget]<\/div><\/div><\/div><\/div><div id=\"pg-6836-2\"  class=\"panel-grid panel-has-style\"  data-style=\"{&quot;background&quot;:&quot;#dd3333&quot;,&quot;background_image_attachment&quot;:false,&quot;background_display&quot;:&quot;tile&quot;,&quot;cell_alignment&quot;:&quot;flex-start&quot;}\"  data-ratio=\"1\"  data-ratio-direction=\"right\" ><div class=\"panel-row-style panel-row-style-for-6836-2\" ><div id=\"pgc-6836-2-0\"  class=\"panel-grid-cell\"  data-weight=\"1\" ><div id=\"panel-6836-2-0-0\" class=\"so-panel widget widget_empty-space panel-first-child panel-last-child\" data-index=\"7\" data-style=\"{&quot;background_image_attachment&quot;:false,&quot;background_display&quot;:&quot;tile&quot;}\" >[siteorigin_widget class=\"Thim_Empty_Space_Widget\"]<input type=\"hidden\" value=\"{&quot;instance&quot;:{&quot;height&quot;:90,&quot;widget-class&quot;:&quot;&quot;,&quot;so_sidebar_emulator_id&quot;:&quot;empty-space-683610007&quot;,&quot;option_name&quot;:&quot;widget_empty-space&quot;},&quot;args&quot;:{&quot;before_widget&quot;:&quot;&lt;div id=\\&quot;panel-6836-2-0-0\\&quot; class=\\&quot;so-panel widget widget_empty-space panel-first-child panel-last-child\\&quot; data-index=\\&quot;7\\&quot; data-style=\\&quot;{&amp;quot;background_image_attachment&amp;quot;:false,&amp;quot;background_display&amp;quot;:&amp;quot;tile&amp;quot;}\\&quot; &gt;&quot;,&quot;after_widget&quot;:&quot;&lt;\\\/div&gt;&quot;,&quot;before_title&quot;:&quot;&lt;h3 class=\\&quot;widget-title\\&quot;&gt;&quot;,&quot;after_title&quot;:&quot;&lt;\\\/h3&gt;&quot;,&quot;widget_id&quot;:&quot;widget-2-0-0&quot;}}\" \/>[\/siteorigin_widget]<\/div><\/div><\/div><\/div><\/div>","custom_css":""},"_multiwidget":1},"social":{"3":{"title":"","link_face":"#","link_twitter":"#","link_google":"","link_dribble":"","link_linkedin":"","link_pinterest":"#","link_instagram":"#","link_youtube":"","link_target":"_self","style":"no-border","widget_logic":"","widget-class":"","show_text":false},"_multiwidget":1},"courses":{"3":{"title":"Popular Courses ","order":"latest","cat_id":"all","layout":"list-sidebar","thumbnail_width":400,"thumbnail_height":300,"limit":3,"view_all_courses":"","view_all_position":"top","slider-options":{"show_navigation":true,"item_visible":"4","show_pagination":false},"grid-options":{"columns":"4"},"widget_logic":" ","widget-class":""},"_multiwidget":1},"woocommerce_product_categories":{"2":{"title":"Categories","orderby":"name","dropdown":0,"count":0,"hierarchical":1,"show_children_only":0,"hide_empty":0,"max_depth":"","widget_logic":"","widget-class":""},"_multiwidget":1},"woocommerce_price_filter":{"2":{"title":"Filter by price","widget_logic":"","widget-class":""},"_multiwidget":1},"woocommerce_products":{"2":{"title":"Best sellers","number":3,"show":"","orderby":"sales","order":"desc","hide_free":0,"show_hidden":0,"widget_logic":"","widget-class":""},"_multiwidget":1},"woocommerce_product_tag_cloud":{"2":{"title":"Product Tags","widget_logic":"","widget-class":""},"_multiwidget":1}}]