[{"sidebar":["block-2","block-3","block-4"],"sidebar_shop":["block-5","block-6"]},{"block":{"2":{"content":"<!-- wp:search \/-->"},"3":{"content":"<!-- wp:group --><div class=\"wp-block-group\"><!-- wp:heading --><h2>Recent Posts<\/h2><!-- \/wp:heading --><!-- wp:latest-posts \/--><\/div><!-- \/wp:group -->"},"4":{"content":"<!-- wp:group --><div class=\"wp-block-group\"><!-- wp:heading --><h2>Recent Comments<\/h2><!-- \/wp:heading --><!-- wp:latest-comments {\"displayAvatar\":false,\"displayDate\":false,\"displayExcerpt\":false} \/--><\/div><!-- \/wp:group -->"},"5":{"content":"<!-- wp:group --><div class=\"wp-block-group\"><!-- wp:heading --><h2>Archives<\/h2><!-- \/wp:heading --><!-- wp:archives \/--><\/div><!-- \/wp:group -->"},"6":{"content":"<!-- wp:group --><div class=\"wp-block-group\"><!-- wp:heading --><h2>Categories<\/h2><!-- \/wp:heading --><!-- wp:categories \/--><\/div><!-- \/wp:group -->"},"_multiwidget":1}}]