[{"topbar_left":["text-2"],"topbar_right":["thim_layout_builder-2"],"sidebar":["thim_search-2","categories-2","thim-posts-3","tag_cloud-2"],"menu-right":["thim_layout_builder-4"],"footer-sidebar-1":["thim_layout_builder-3"],"footer-sidebar-2":["nav_menu-2"],"footer-sidebar-3":["nav_menu-3"],"footer-sidebar-4":["thim-posts-2"]},{"text":{"2":{"title":"","text":"<ul class=\"list-inline\">\r\n     <li class=\"list-inline-item\">Welcome to the Medical<\/li>\r\n \t<li class=\"list-inline-item\"><i class=\"ion-ios-location\"><\/i> PO Box 97845 Baker st. 567, Los Angeles, California, US.<\/li>\r\n<\/ul>","filter":true,"visual":true,"widget-class":""},"_multiwidget":1},"thim_layout_builder":{"2":{"widget-class":"","content":"<p>[vc_row][vc_column][thim-login-popup show_icon=\"\" mc_image=\"235\" popup_image=\"766\"][thim-social-links links=\"%5B%7B%22icon%22%3A%22fa%20fa-facebook-official%22%2C%22url%22%3A%22%23%22%7D%2C%7B%22icon%22%3A%22fa%20fa-twitter%22%2C%22url%22%3A%22%23%22%7D%2C%7B%22icon%22%3A%22fa%20fa-google-plus%22%2C%22url%22%3A%22%23%22%7D%5D\"][\/vc_column][\/vc_row]<\/p>\r\n","custom_css":""},"4":{"widget-class":"","content":"[vc_row][vc_column][thim-search-posts show_popup=\"true\"][thim-button style=\"primary\" shape=\"round\" link=\"url:%23|title:Book%20Appointment|target:%20_blank|\"][\/vc_column][\/vc_row]","custom_css":""},"3":{"widget-class":"","content":"[vc_row][vc_column][vc_single_image image=\"705\" img_size=\"full\" css=\".vc_custom_1536137390273{margin-bottom: 15px !important;}\"][vc_column_text css=\".vc_custom_1536137397888{margin-bottom: 20px !important;}\"]I am text block. Click edit button to change this text.[\/vc_column_text][vc_column_text css=\".vc_custom_1536137404636{margin-bottom: 20px !important;}\"][mc4wp_form id=\"429\"][\/vc_column_text][thim-social-links links=\"%5B%7B%22icon%22%3A%22fa%20fa-facebook-official%22%2C%22url%22%3A%22%23%22%7D%2C%7B%22icon%22%3A%22fa%20fa-twitter%22%2C%22url%22%3A%22%23%22%7D%2C%7B%22icon%22%3A%22fa%20fa-pinterest-p%22%2C%22url%22%3A%22%23%22%7D%2C%7B%22icon%22%3A%22fa%20fa-linkedin%22%2C%22url%22%3A%22%23%22%7D%5D\"][\/vc_column][\/vc_row]","custom_css":".vc_custom_1536137390273{margin-bottom: 15px !important;}.vc_custom_1536137397888{margin-bottom: 20px !important;}.vc_custom_1536137404636{margin-bottom: 20px !important;}"},"_multiwidget":1},"thim_search":{"2":{"title":"","popup":0,"widget-class":""},"_multiwidget":1},"categories":{"2":{"title":"","count":1,"hierarchical":0,"dropdown":0,"widget-class":""},"_multiwidget":1},"thim-posts":{"3":{"title":"Related posts","number":5,"show_date":true,"show_author":false,"show_number_comment":false,"widget-class":""},"2":{"title":"","number":2,"show_date":true,"show_author":true,"show_number_comment":false,"widget-class":""},"_multiwidget":1},"tag_cloud":{"2":{"title":"TAGS","count":0,"taxonomy":"post_tag","widget-class":""},"_multiwidget":1},"nav_menu":{"2":{"title":"Useful Links","nav_menu":28,"widget-class":"menu-column-2"},"3":{"title":"Medical Departments","nav_menu":29,"widget-class":""},"_multiwidget":1}}]