[{"wcbt-product-archive-sidebar":["learnpress_widget_course_filter-2"],"footer":["text-1210021"],"sidebar_courses":["learnpress_widget_course_filter-3","course-categories-2","courses-2"]},{"learnpress_widget_course_filter":{"2":{"title":"Course Filter","show_in_rest":1,"hide_count_zero":1,"search_suggestion":1,"fields_order":"","fields":["search","price","category","tag","author","level","btn_submit","btn_reset"]},"3":{"title":"","show_in_rest":1,"hide_count_zero":1,"search_suggestion":1,"fields_order":"search,category,author,price,tag,level,btn_submit,btn_reset","fields":["category","author","price","btn_submit","btn_reset"]},"_multiwidget":1},"text":{"1210021":{"title":"","text":"[thim_ekit id=\"8920\"]","filter":true,"visual":true,"widget_logic":"","widget-class":""},"_multiwidget":false},"course-categories":{"2":{"title":"ALL COURSES","layout":"base","limit":8,"grid-options":{"grid_limit":6,"grid_column":"3"},"image_size":"","slider-options":{"limit":15,"auto_play":0,"responsive-options":{"item_visible":"7","item_small_desktop_visible":"6","item_tablet_visible":"4","item_mobile_visible":"2"},"show_pagination":false,"show_navigation":false},"sub_categories":true,"list-options":{"show_counts":false,"hierarchical":false}},"_multiwidget":1},"courses":{"2":{"title":"Latest Courses","limit":3,"order":"","cat_id":"all","layout":"list-sidebar","item_tab_slider_style":"style_1","before_heading":"","thumbnail_width":400,"thumbnail_height":300,"slider-options":{"item_visible":4,"auto_play":"","show_navigation":true,"show_pagination":false},"grid-options":{"columns":1},"view_all_courses":"","view_all_position":"","tabs-options":{"limit_tab":4,"cat_id_tab":""},"featured":false,"grid_hide_author":false},"_multiwidget":1}}]