{"adrotate":[{"id":"1","title":"Ad 270x270","bannercode":"&lt;a href=\\&quot;https:\/\/themeforest.net\/item\/magazine-wordpress-theme-mag-wp\/19305239?ref=thimpress&amp;utm_source=demo&amp;utm_medium=adsbanner\\&quot;&gt;&lt;img alt=\\&quot;\\&quot; src=\\&quot;https:\/\/magwp.thimpress.com\/wp-content\/uploads\/2017\/02\/option1-270x270-min.png\\&quot; \/&gt;&lt;\/a&gt;","thetime":"1480006355","updated":"1487331493","author":"admin","imagetype":"","image":"","paid":"U","tracker":"Y","desktop":"Y","mobile":"Y","tablet":"Y","os_ios":"Y","os_android":"Y","os_other":"Y","responsive":"N","type":"active","weight":"6","autodelete":"N","budget":"0","crate":"0","irate":"0","cities":"a:0:{}","countries":"a:0:{}"},{"id":"2","title":"Ad 728x90","bannercode":"&lt;a href=\\&quot;https:\/\/themeforest.net\/item\/magazine-wordpress-theme-mag-wp\/19305239?ref=thimpress&amp;utm_source=demo&amp;utm_medium=adsbanner\\&quot;&gt;&lt;img alt=\\&quot;\\&quot; src=\\&quot;https:\/\/magwp.thimpress.com\/wp-content\/uploads\/2017\/04\/thimpress_magwp.png\\&quot; \/&gt;&lt;\/a&gt;","thetime":"1480006355","updated":"1492770357","author":"admin","imagetype":"","image":"","paid":"U","tracker":"Y","desktop":"Y","mobile":"Y","tablet":"Y","os_ios":"Y","os_android":"Y","os_other":"Y","responsive":"N","type":"active","weight":"6","autodelete":"N","budget":"0","crate":"0","irate":"0","cities":"a:0:{}","countries":"a:0:{}"},{"id":"3","title":"270x270 - 2","bannercode":"&lt;a href=\\&quot;https:\/\/themeforest.net\/item\/magazine-wordpress-theme-mag-wp\/19305239?ref=thimpress&amp;utm_source=demo&amp;utm_medium=adsbanner\\&quot;&gt;&lt;img alt=\\&quot;\\&quot; src=\\&quot;https:\/\/magwp.thimpress.com\/wp-content\/uploads\/2017\/02\/option4-270x270-min.png\\&quot; \/&gt;&lt;\/a&gt;","thetime":"1487331530","updated":"1487331623","author":"admin","imagetype":"","image":"","paid":"U","tracker":"Y","desktop":"Y","mobile":"Y","tablet":"Y","os_ios":"Y","os_android":"Y","os_other":"Y","responsive":"N","type":"active","weight":"6","autodelete":"N","budget":"0","crate":"0","irate":"0","cities":"a:0:{}","countries":"a:0:{}"},{"id":"4","title":"728x90 - 2","bannercode":"&lt;a href=\\&quot;https:\/\/themeforest.net\/item\/magazine-wordpress-theme-mag-wp\/19305239?ref=thimpress&amp;utm_source=demo&amp;utm_medium=adsbanner\\&quot;&gt;&lt;img alt=\\&quot;\\&quot; src=\\&quot;https:\/\/magwp.thimpress.com\/wp-content\/uploads\/2017\/04\/thim_magwp.png\\&quot; \/&gt;&lt;\/a&gt;","thetime":"1487331572","updated":"1492770364","author":"admin","imagetype":"","image":"","paid":"U","tracker":"Y","desktop":"Y","mobile":"Y","tablet":"Y","os_ios":"Y","os_android":"Y","os_other":"Y","responsive":"N","type":"active","weight":"6","autodelete":"N","budget":"0","crate":"0","irate":"0","cities":"a:0:{}","countries":"a:0:{}"}],"adrotate_groups":[{"id":"1","name":"270x270","modus":"1","fallback":"0","cat":"","cat_loc":"0","cat_par":"0","page":"","page_loc":"0","page_par":"0","mobile":"0","geo":"0","wrapper_before":"","wrapper_after":"","align":"3","gridrows":"1","gridcolumns":"1","admargin":"0","admargin_bottom":"0","admargin_left":"0","admargin_right":"0","adwidth":"270","adheight":"270","adspeed":"6000"},{"id":"2","name":"728x90","modus":"1","fallback":"0","cat":"","cat_loc":"0","cat_par":"0","page":"2170","page_loc":"1","page_par":"0","mobile":"0","geo":"0","wrapper_before":"","wrapper_after":"","align":"3","gridrows":"1","gridcolumns":"1","admargin":"0","admargin_bottom":"0","admargin_left":"0","admargin_right":"0","adwidth":"728","adheight":"90","adspeed":"6000"}],"adrotate_linkmeta":[{"id":"1","ad":"1","group":"0","user":"0","schedule":"1"},{"id":"2","ad":"2","group":"0","user":"0","schedule":"2"},{"id":"3","ad":"3","group":"0","user":"0","schedule":"3"},{"id":"4","ad":"4","group":"0","user":"0","schedule":"4"},{"id":"5","ad":"1","group":"1","user":"0","schedule":"0"},{"id":"6","ad":"3","group":"1","user":"0","schedule":"0"},{"id":"7","ad":"2","group":"2","user":"0","schedule":"0"},{"id":"8","ad":"4","group":"2","user":"0","schedule":"0"}],"adrotate_schedule":[{"id":"1","name":"Schedule for ad 1","starttime":"1480006320","stoptime":"2528643120","maxclicks":"0","maximpressions":"0","spread":"N","daystarttime":"0000","daystoptime":"0000","day_mon":"Y","day_tue":"Y","day_wed":"Y","day_thu":"Y","day_fri":"Y","day_sat":"Y","day_sun":"Y","autodelete":"N"},{"id":"2","name":"Schedule for ad 2","starttime":"1480006320","stoptime":"2528643120","maxclicks":"0","maximpressions":"0","spread":"N","daystarttime":"0000","daystoptime":"0000","day_mon":"Y","day_tue":"Y","day_wed":"Y","day_thu":"Y","day_fri":"Y","day_sat":"Y","day_sun":"Y","autodelete":"N"},{"id":"3","name":"Schedule for ad 3","starttime":"1487331480","stoptime":"2535968280","maxclicks":"0","maximpressions":"0","spread":"N","daystarttime":"0000","daystoptime":"0000","day_mon":"Y","day_tue":"Y","day_wed":"Y","day_thu":"Y","day_fri":"Y","day_sat":"Y","day_sun":"Y","autodelete":"N"},{"id":"4","name":"Schedule for ad 4","starttime":"1487331540","stoptime":"2535968340","maxclicks":"0","maximpressions":"0","spread":"N","daystarttime":"0000","daystoptime":"0000","day_mon":"Y","day_tue":"Y","day_wed":"Y","day_thu":"Y","day_fri":"Y","day_sat":"Y","day_sun":"Y","autodelete":"N"}],"adrotate_stats":[{"id":"1","ad":"1","group":"0","thetime":"1479945600","clicks":"0","impressions":"11"},{"id":"2","ad":"2","group":"0","thetime":"1479945600","clicks":"0","impressions":"8"},{"id":"3","ad":"2","group":"0","thetime":"1480032000","clicks":"0","impressions":"27"},{"id":"4","ad":"1","group":"0","thetime":"1480032000","clicks":"0","impressions":"28"},{"id":"5","ad":"2","group":"0","thetime":"1480291200","clicks":"0","impressions":"32"},{"id":"6","ad":"1","group":"0","thetime":"1480291200","clicks":"0","impressions":"37"},{"id":"7","ad":"2","group":"0","thetime":"1480377600","clicks":"0","impressions":"16"},{"id":"8","ad":"1","group":"0","thetime":"1480377600","clicks":"0","impressions":"17"},{"id":"9","ad":"2","group":"0","thetime":"1480464000","clicks":"0","impressions":"53"},{"id":"10","ad":"1","group":"0","thetime":"1480464000","clicks":"0","impressions":"54"},{"id":"11","ad":"1","group":"0","thetime":"1480550400","clicks":"0","impressions":"66"},{"id":"12","ad":"2","group":"0","thetime":"1480550400","clicks":"0","impressions":"61"},{"id":"13","ad":"2","group":"0","thetime":"1480636800","clicks":"0","impressions":"27"},{"id":"14","ad":"1","group":"0","thetime":"1480636800","clicks":"0","impressions":"25"},{"id":"15","ad":"2","group":"0","thetime":"1480896000","clicks":"0","impressions":"23"},{"id":"16","ad":"1","group":"0","thetime":"1480896000","clicks":"0","impressions":"21"},{"id":"17","ad":"1","group":"0","thetime":"1480982400","clicks":"0","impressions":"8"},{"id":"18","ad":"1","group":"0","thetime":"1481068800","clicks":"0","impressions":"2"},{"id":"19","ad":"1","group":"0","thetime":"1481155200","clicks":"0","impressions":"1"},{"id":"20","ad":"1","group":"0","thetime":"1481241600","clicks":"0","impressions":"3"},{"id":"21","ad":"1","group":"0","thetime":"1481587200","clicks":"0","impressions":"4"},{"id":"22","ad":"1","group":"0","thetime":"1481673600","clicks":"0","impressions":"12"},{"id":"23","ad":"1","group":"0","thetime":"1481760000","clicks":"0","impressions":"2"},{"id":"24","ad":"1","group":"0","thetime":"1481846400","clicks":"0","impressions":"6"},{"id":"25","ad":"1","group":"0","thetime":"1482019200","clicks":"0","impressions":"1"},{"id":"26","ad":"1","group":"0","thetime":"1482105600","clicks":"0","impressions":"4"},{"id":"27","ad":"1","group":"0","thetime":"1482278400","clicks":"0","impressions":"4"},{"id":"28","ad":"1","group":"0","thetime":"1482364800","clicks":"0","impressions":"7"},{"id":"29","ad":"1","group":"0","thetime":"1482451200","clicks":"0","impressions":"22"},{"id":"30","ad":"1","group":"0","thetime":"1482710400","clicks":"0","impressions":"24"},{"id":"31","ad":"1","group":"0","thetime":"1482796800","clicks":"0","impressions":"5"},{"id":"32","ad":"1","group":"0","thetime":"1482883200","clicks":"0","impressions":"7"},{"id":"33","ad":"1","group":"0","thetime":"1482969600","clicks":"0","impressions":"6"},{"id":"34","ad":"2","group":"0","thetime":"1482969600","clicks":"0","impressions":"6"},{"id":"35","ad":"1","group":"0","thetime":"1483426800","clicks":"0","impressions":"2"},{"id":"36","ad":"1","group":"0","thetime":"1483430400","clicks":"0","impressions":"1"},{"id":"37","ad":"2","group":"0","thetime":"1483430400","clicks":"0","impressions":"2"},{"id":"38","ad":"1","group":"0","thetime":"1483441200","clicks":"0","impressions":"4"},{"id":"39","ad":"1","group":"0","thetime":"1483448400","clicks":"0","impressions":"3"},{"id":"40","ad":"1","group":"0","thetime":"1483452000","clicks":"0","impressions":"2"},{"id":"41","ad":"2","group":"0","thetime":"1483452000","clicks":"0","impressions":"2"},{"id":"42","ad":"1","group":"0","thetime":"1483455600","clicks":"0","impressions":"3"},{"id":"43","ad":"2","group":"0","thetime":"1483455600","clicks":"0","impressions":"3"},{"id":"44","ad":"1","group":"0","thetime":"1483459200","clicks":"0","impressions":"2"},{"id":"45","ad":"2","group":"0","thetime":"1483459200","clicks":"0","impressions":"1"},{"id":"46","ad":"2","group":"0","thetime":"1483520400","clicks":"0","impressions":"1"},{"id":"47","ad":"1","group":"0","thetime":"1483545600","clicks":"0","impressions":"1"},{"id":"48","ad":"1","group":"0","thetime":"1483606800","clicks":"0","impressions":"2"},{"id":"49","ad":"1","group":"0","thetime":"1483617600","clicks":"0","impressions":"1"},{"id":"50","ad":"1","group":"0","thetime":"1483621200","clicks":"0","impressions":"6"},{"id":"51","ad":"1","group":"0","thetime":"1483624800","clicks":"0","impressions":"5"},{"id":"52","ad":"1","group":"0","thetime":"1483628400","clicks":"0","impressions":"4"},{"id":"53","ad":"1","group":"0","thetime":"1483632000","clicks":"0","impressions":"2"},{"id":"54","ad":"1","group":"0","thetime":"1483696800","clicks":"0","impressions":"2"},{"id":"55","ad":"1","group":"0","thetime":"1483700400","clicks":"0","impressions":"2"},{"id":"56","ad":"1","group":"0","thetime":"1483714800","clicks":"0","impressions":"1"},{"id":"57","ad":"1","group":"0","thetime":"1483920000","clicks":"0","impressions":"1"},{"id":"58","ad":"1","group":"0","thetime":"1483956000","clicks":"0","impressions":"1"},{"id":"59","ad":"2","group":"0","thetime":"1483956000","clicks":"0","impressions":"1"},{"id":"60","ad":"1","group":"0","thetime":"1484218800","clicks":"0","impressions":"1"},{"id":"61","ad":"1","group":"0","thetime":"1484226000","clicks":"0","impressions":"4"},{"id":"62","ad":"1","group":"0","thetime":"1484229600","clicks":"0","impressions":"2"},{"id":"63","ad":"1","group":"0","thetime":"1484557200","clicks":"0","impressions":"2"},{"id":"64","ad":"1","group":"0","thetime":"1484571600","clicks":"0","impressions":"3"},{"id":"65","ad":"1","group":"0","thetime":"1484575200","clicks":"0","impressions":"2"},{"id":"66","ad":"1","group":"0","thetime":"1484582400","clicks":"0","impressions":"2"},{"id":"67","ad":"1","group":"0","thetime":"1484586000","clicks":"0","impressions":"3"},{"id":"68","ad":"1","group":"0","thetime":"1484661600","clicks":"0","impressions":"3"},{"id":"69","ad":"1","group":"0","thetime":"1484672400","clicks":"0","impressions":"2"},{"id":"70","ad":"1","group":"0","thetime":"1484737200","clicks":"0","impressions":"4"},{"id":"71","ad":"1","group":"0","thetime":"1484744400","clicks":"0","impressions":"1"},{"id":"72","ad":"1","group":"0","thetime":"1484758800","clicks":"0","impressions":"1"},{"id":"73","ad":"1","group":"0","thetime":"1484830800","clicks":"0","impressions":"8"},{"id":"74","ad":"1","group":"0","thetime":"1484834400","clicks":"0","impressions":"3"},{"id":"75","ad":"1","group":"0","thetime":"1484841600","clicks":"0","impressions":"4"},{"id":"76","ad":"1","group":"0","thetime":"1484920800","clicks":"0","impressions":"5"},{"id":"77","ad":"1","group":"0","thetime":"1484924400","clicks":"0","impressions":"6"},{"id":"78","ad":"2","group":"0","thetime":"1484924400","clicks":"0","impressions":"2"},{"id":"79","ad":"2","group":"0","thetime":"1484928000","clicks":"0","impressions":"2"},{"id":"80","ad":"1","group":"0","thetime":"1485165600","clicks":"0","impressions":"2"},{"id":"81","ad":"1","group":"0","thetime":"1485183600","clicks":"0","impressions":"1"},{"id":"82","ad":"2","group":"0","thetime":"1485183600","clicks":"0","impressions":"1"},{"id":"83","ad":"1","group":"0","thetime":"1485252000","clicks":"0","impressions":"1"},{"id":"84","ad":"1","group":"0","thetime":"1485270000","clicks":"0","impressions":"9"},{"id":"85","ad":"1","group":"0","thetime":"1485273600","clicks":"0","impressions":"19"},{"id":"86","ad":"1","group":"0","thetime":"1485334800","clicks":"0","impressions":"1"},{"id":"87","ad":"1","group":"0","thetime":"1485338400","clicks":"0","impressions":"7"},{"id":"88","ad":"1","group":"0","thetime":"1485349200","clicks":"0","impressions":"1"},{"id":"89","ad":"2","group":"0","thetime":"1485352800","clicks":"0","impressions":"2"},{"id":"90","ad":"1","group":"0","thetime":"1485352800","clicks":"0","impressions":"2"},{"id":"91","ad":"1","group":"0","thetime":"1486026000","clicks":"0","impressions":"2"},{"id":"92","ad":"1","group":"0","thetime":"1486029600","clicks":"0","impressions":"2"},{"id":"93","ad":"1","group":"0","thetime":"1486044000","clicks":"0","impressions":"1"},{"id":"94","ad":"1","group":"0","thetime":"1486130400","clicks":"0","impressions":"6"},{"id":"95","ad":"1","group":"0","thetime":"1486371600","clicks":"0","impressions":"3"},{"id":"96","ad":"1","group":"0","thetime":"1486389600","clicks":"0","impressions":"1"},{"id":"97","ad":"1","group":"0","thetime":"1486454400","clicks":"0","impressions":"3"},{"id":"98","ad":"1","group":"0","thetime":"1486458000","clicks":"0","impressions":"6"},{"id":"99","ad":"2","group":"0","thetime":"1486458000","clicks":"0","impressions":"5"},{"id":"100","ad":"1","group":"0","thetime":"1486479600","clicks":"0","impressions":"1"},{"id":"101","ad":"2","group":"0","thetime":"1486573200","clicks":"0","impressions":"1"},{"id":"102","ad":"1","group":"0","thetime":"1486627200","clicks":"0","impressions":"1"},{"id":"103","ad":"1","group":"0","thetime":"1486630800","clicks":"0","impressions":"2"},{"id":"104","ad":"1","group":"0","thetime":"1486634400","clicks":"0","impressions":"1"},{"id":"105","ad":"1","group":"0","thetime":"1486720800","clicks":"0","impressions":"1"},{"id":"106","ad":"1","group":"0","thetime":"1486724400","clicks":"0","impressions":"2"},{"id":"107","ad":"1","group":"0","thetime":"1486731600","clicks":"0","impressions":"2"},{"id":"108","ad":"2","group":"0","thetime":"1486731600","clicks":"0","impressions":"1"},{"id":"109","ad":"1","group":"0","thetime":"1486738800","clicks":"0","impressions":"1"},{"id":"110","ad":"1","group":"0","thetime":"1486983600","clicks":"0","impressions":"1"},{"id":"111","ad":"1","group":"0","thetime":"1486990800","clicks":"0","impressions":"1"},{"id":"112","ad":"1","group":"0","thetime":"1487062800","clicks":"0","impressions":"3"},{"id":"113","ad":"1","group":"0","thetime":"1487167200","clicks":"0","impressions":"1"},{"id":"114","ad":"1","group":"0","thetime":"1487170800","clicks":"0","impressions":"3"},{"id":"115","ad":"2","group":"0","thetime":"1487170800","clicks":"0","impressions":"2"},{"id":"116","ad":"1","group":"0","thetime":"1487174400","clicks":"0","impressions":"3"},{"id":"117","ad":"1","group":"0","thetime":"1487242800","clicks":"0","impressions":"1"},{"id":"118","ad":"1","group":"0","thetime":"1487246400","clicks":"0","impressions":"1"},{"id":"119","ad":"1","group":"0","thetime":"1487250000","clicks":"0","impressions":"1"},{"id":"120","ad":"1","group":"0","thetime":"1487253600","clicks":"0","impressions":"10"},{"id":"121","ad":"2","group":"0","thetime":"1487253600","clicks":"0","impressions":"1"},{"id":"122","ad":"1","group":"0","thetime":"1487257200","clicks":"0","impressions":"1"},{"id":"123","ad":"1","group":"0","thetime":"1487325600","clicks":"0","impressions":"4"},{"id":"124","ad":"1","group":"0","thetime":"1487329200","clicks":"0","impressions":"4"},{"id":"125","ad":"3","group":"1","thetime":"1487329200","clicks":"0","impressions":"10"},{"id":"126","ad":"1","group":"1","thetime":"1487329200","clicks":"0","impressions":"11"},{"id":"127","ad":"2","group":"2","thetime":"1487329200","clicks":"0","impressions":"1"},{"id":"128","ad":"4","group":"2","thetime":"1487329200","clicks":"0","impressions":"1"},{"id":"129","ad":"3","group":"1","thetime":"1487332800","clicks":"0","impressions":"2"},{"id":"130","ad":"1","group":"1","thetime":"1487332800","clicks":"0","impressions":"2"},{"id":"131","ad":"3","group":"1","thetime":"1487336400","clicks":"0","impressions":"19"},{"id":"132","ad":"1","group":"1","thetime":"1487336400","clicks":"0","impressions":"18"},{"id":"133","ad":"2","group":"2","thetime":"1487336400","clicks":"0","impressions":"1"},{"id":"134","ad":"4","group":"2","thetime":"1487336400","clicks":"0","impressions":"1"},{"id":"135","ad":"2","group":"2","thetime":"1487340000","clicks":"0","impressions":"9"},{"id":"136","ad":"3","group":"1","thetime":"1487340000","clicks":"0","impressions":"8"},{"id":"137","ad":"4","group":"2","thetime":"1487340000","clicks":"0","impressions":"7"},{"id":"138","ad":"1","group":"1","thetime":"1487340000","clicks":"0","impressions":"9"},{"id":"139","ad":"4","group":"2","thetime":"1487343600","clicks":"0","impressions":"6"},{"id":"140","ad":"2","group":"2","thetime":"1487343600","clicks":"0","impressions":"8"},{"id":"141","ad":"3","group":"1","thetime":"1487343600","clicks":"0","impressions":"7"},{"id":"142","ad":"1","group":"1","thetime":"1487343600","clicks":"0","impressions":"6"},{"id":"143","ad":"3","group":"1","thetime":"1487595600","clicks":"0","impressions":"7"},{"id":"144","ad":"1","group":"1","thetime":"1487595600","clicks":"0","impressions":"6"},{"id":"145","ad":"4","group":"2","thetime":"1487595600","clicks":"0","impressions":"6"},{"id":"146","ad":"2","group":"2","thetime":"1487595600","clicks":"0","impressions":"7"},{"id":"147","ad":"2","group":"2","thetime":"1487599200","clicks":"0","impressions":"5"},{"id":"148","ad":"3","group":"1","thetime":"1487599200","clicks":"0","impressions":"5"},{"id":"149","ad":"1","group":"1","thetime":"1487599200","clicks":"0","impressions":"6"},{"id":"150","ad":"4","group":"2","thetime":"1487599200","clicks":"0","impressions":"6"},{"id":"151","ad":"3","group":"1","thetime":"1487667600","clicks":"0","impressions":"4"},{"id":"152","ad":"1","group":"1","thetime":"1487667600","clicks":"0","impressions":"4"},{"id":"153","ad":"4","group":"2","thetime":"1487667600","clicks":"0","impressions":"4"},{"id":"154","ad":"2","group":"2","thetime":"1487667600","clicks":"0","impressions":"4"},{"id":"155","ad":"4","group":"2","thetime":"1487674800","clicks":"0","impressions":"1"},{"id":"156","ad":"2","group":"2","thetime":"1487674800","clicks":"0","impressions":"1"},{"id":"157","ad":"3","group":"1","thetime":"1487674800","clicks":"0","impressions":"1"},{"id":"158","ad":"1","group":"1","thetime":"1487674800","clicks":"0","impressions":"1"},{"id":"159","ad":"1","group":"1","thetime":"1487682000","clicks":"0","impressions":"1"},{"id":"160","ad":"2","group":"2","thetime":"1487682000","clicks":"0","impressions":"1"},{"id":"161","ad":"3","group":"1","thetime":"1487682000","clicks":"0","impressions":"1"},{"id":"162","ad":"4","group":"2","thetime":"1487682000","clicks":"0","impressions":"1"},{"id":"163","ad":"2","group":"2","thetime":"1487689200","clicks":"0","impressions":"2"},{"id":"164","ad":"4","group":"2","thetime":"1487689200","clicks":"0","impressions":"1"},{"id":"165","ad":"1","group":"1","thetime":"1487689200","clicks":"0","impressions":"1"},{"id":"166","ad":"3","group":"1","thetime":"1487689200","clicks":"0","impressions":"1"},{"id":"167","ad":"2","group":"2","thetime":"1487754000","clicks":"0","impressions":"4"},{"id":"168","ad":"4","group":"2","thetime":"1487754000","clicks":"0","impressions":"2"},{"id":"169","ad":"3","group":"1","thetime":"1487754000","clicks":"0","impressions":"1"},{"id":"170","ad":"3","group":"1","thetime":"1487757600","clicks":"0","impressions":"2"},{"id":"171","ad":"2","group":"2","thetime":"1487757600","clicks":"0","impressions":"1"},{"id":"172","ad":"4","group":"2","thetime":"1487840400","clicks":"0","impressions":"1"},{"id":"173","ad":"1","group":"1","thetime":"1487840400","clicks":"0","impressions":"1"},{"id":"174","ad":"2","group":"2","thetime":"1487840400","clicks":"0","impressions":"1"},{"id":"175","ad":"2","group":"2","thetime":"1487869200","clicks":"0","impressions":"3"},{"id":"176","ad":"3","group":"1","thetime":"1487869200","clicks":"0","impressions":"4"},{"id":"177","ad":"1","group":"1","thetime":"1487869200","clicks":"0","impressions":"5"},{"id":"178","ad":"4","group":"2","thetime":"1487869200","clicks":"0","impressions":"2"},{"id":"179","ad":"3","group":"1","thetime":"1487948400","clicks":"0","impressions":"1"},{"id":"180","ad":"2","group":"2","thetime":"1487948400","clicks":"0","impressions":"1"},{"id":"181","ad":"1","group":"1","thetime":"1488193200","clicks":"0","impressions":"1"},{"id":"182","ad":"4","group":"2","thetime":"1488214800","clicks":"0","impressions":"1"},{"id":"183","ad":"1","group":"1","thetime":"1488214800","clicks":"0","impressions":"1"},{"id":"184","ad":"3","group":"1","thetime":"1488214800","clicks":"0","impressions":"1"},{"id":"185","ad":"2","group":"2","thetime":"1488290400","clicks":"0","impressions":"2"},{"id":"186","ad":"4","group":"2","thetime":"1488297600","clicks":"0","impressions":"1"},{"id":"187","ad":"2","group":"2","thetime":"1488297600","clicks":"0","impressions":"1"},{"id":"188","ad":"4","group":"2","thetime":"1488373200","clicks":"0","impressions":"6"},{"id":"189","ad":"3","group":"1","thetime":"1488373200","clicks":"0","impressions":"5"},{"id":"190","ad":"2","group":"2","thetime":"1488373200","clicks":"0","impressions":"5"},{"id":"191","ad":"1","group":"1","thetime":"1488373200","clicks":"0","impressions":"5"},{"id":"192","ad":"4","group":"2","thetime":"1488376800","clicks":"0","impressions":"6"},{"id":"193","ad":"3","group":"1","thetime":"1488376800","clicks":"0","impressions":"5"},{"id":"194","ad":"1","group":"1","thetime":"1488376800","clicks":"0","impressions":"4"},{"id":"195","ad":"2","group":"2","thetime":"1488376800","clicks":"0","impressions":"3"},{"id":"196","ad":"2","group":"2","thetime":"1490101200","clicks":"0","impressions":"1"},{"id":"197","ad":"4","group":"2","thetime":"1490101200","clicks":"0","impressions":"1"},{"id":"198","ad":"1","group":"1","thetime":"1490101200","clicks":"0","impressions":"1"},{"id":"199","ad":"3","group":"1","thetime":"1490101200","clicks":"0","impressions":"1"},{"id":"200","ad":"4","group":"2","thetime":"1490108400","clicks":"0","impressions":"1"},{"id":"201","ad":"1","group":"1","thetime":"1490263200","clicks":"0","impressions":"1"},{"id":"202","ad":"1","group":"1","thetime":"1490608800","clicks":"0","impressions":"1"},{"id":"203","ad":"3","group":"1","thetime":"1490716800","clicks":"0","impressions":"4"},{"id":"204","ad":"2","group":"2","thetime":"1490716800","clicks":"0","impressions":"4"},{"id":"205","ad":"4","group":"2","thetime":"1490716800","clicks":"0","impressions":"2"},{"id":"206","ad":"3","group":"1","thetime":"1490886000","clicks":"0","impressions":"1"},{"id":"207","ad":"1","group":"1","thetime":"1490886000","clicks":"0","impressions":"1"},{"id":"208","ad":"2","group":"2","thetime":"1490886000","clicks":"0","impressions":"1"},{"id":"209","ad":"1","group":"1","thetime":"1491238800","clicks":"0","impressions":"1"},{"id":"210","ad":"2","group":"2","thetime":"1491238800","clicks":"0","impressions":"1"},{"id":"211","ad":"3","group":"1","thetime":"1491238800","clicks":"0","impressions":"1"},{"id":"212","ad":"4","group":"2","thetime":"1491238800","clicks":"0","impressions":"1"},{"id":"213","ad":"4","group":"2","thetime":"1491307200","clicks":"0","impressions":"5"},{"id":"214","ad":"3","group":"1","thetime":"1491307200","clicks":"0","impressions":"6"},{"id":"215","ad":"1","group":"1","thetime":"1491307200","clicks":"0","impressions":"5"},{"id":"216","ad":"2","group":"2","thetime":"1491307200","clicks":"0","impressions":"5"},{"id":"217","ad":"3","group":"1","thetime":"1491310800","clicks":"0","impressions":"3"},{"id":"218","ad":"2","group":"2","thetime":"1491310800","clicks":"0","impressions":"2"},{"id":"219","ad":"1","group":"1","thetime":"1491310800","clicks":"0","impressions":"2"},{"id":"220","ad":"4","group":"2","thetime":"1491310800","clicks":"0","impressions":"2"},{"id":"221","ad":"1","group":"1","thetime":"1491314400","clicks":"0","impressions":"33"},{"id":"222","ad":"2","group":"2","thetime":"1491314400","clicks":"0","impressions":"32"},{"id":"223","ad":"4","group":"2","thetime":"1491314400","clicks":"0","impressions":"31"},{"id":"224","ad":"3","group":"1","thetime":"1491314400","clicks":"0","impressions":"30"},{"id":"225","ad":"4","group":"2","thetime":"1491318000","clicks":"0","impressions":"34"},{"id":"226","ad":"3","group":"1","thetime":"1491318000","clicks":"0","impressions":"32"},{"id":"227","ad":"2","group":"2","thetime":"1491318000","clicks":"0","impressions":"34"},{"id":"228","ad":"1","group":"1","thetime":"1491318000","clicks":"0","impressions":"31"},{"id":"229","ad":"4","group":"2","thetime":"1491321600","clicks":"0","impressions":"31"},{"id":"230","ad":"1","group":"1","thetime":"1491321600","clicks":"0","impressions":"31"},{"id":"231","ad":"3","group":"1","thetime":"1491321600","clicks":"0","impressions":"30"},{"id":"232","ad":"2","group":"2","thetime":"1491321600","clicks":"0","impressions":"30"},{"id":"233","ad":"3","group":"1","thetime":"1491325200","clicks":"0","impressions":"26"},{"id":"234","ad":"2","group":"2","thetime":"1491325200","clicks":"0","impressions":"25"},{"id":"235","ad":"4","group":"2","thetime":"1491325200","clicks":"0","impressions":"27"},{"id":"236","ad":"1","group":"1","thetime":"1491325200","clicks":"0","impressions":"25"},{"id":"237","ad":"3","group":"1","thetime":"1491332400","clicks":"0","impressions":"3"},{"id":"238","ad":"4","group":"2","thetime":"1491332400","clicks":"0","impressions":"2"},{"id":"239","ad":"1","group":"1","thetime":"1491332400","clicks":"0","impressions":"2"},{"id":"240","ad":"2","group":"2","thetime":"1491332400","clicks":"0","impressions":"2"},{"id":"241","ad":"3","group":"1","thetime":"1491336000","clicks":"0","impressions":"35"},{"id":"242","ad":"1","group":"1","thetime":"1491336000","clicks":"0","impressions":"37"},{"id":"243","ad":"4","group":"2","thetime":"1491336000","clicks":"0","impressions":"34"},{"id":"244","ad":"2","group":"2","thetime":"1491336000","clicks":"0","impressions":"38"},{"id":"245","ad":"4","group":"2","thetime":"1491339600","clicks":"0","impressions":"63"},{"id":"246","ad":"3","group":"1","thetime":"1491339600","clicks":"0","impressions":"63"},{"id":"247","ad":"2","group":"2","thetime":"1491339600","clicks":"0","impressions":"65"},{"id":"248","ad":"1","group":"1","thetime":"1491339600","clicks":"0","impressions":"64"},{"id":"249","ad":"4","group":"2","thetime":"1491343200","clicks":"0","impressions":"70"},{"id":"250","ad":"3","group":"1","thetime":"1491343200","clicks":"0","impressions":"75"},{"id":"251","ad":"1","group":"1","thetime":"1491343200","clicks":"0","impressions":"72"},{"id":"252","ad":"2","group":"2","thetime":"1491343200","clicks":"0","impressions":"74"},{"id":"253","ad":"2","group":"2","thetime":"1491346800","clicks":"0","impressions":"69"},{"id":"254","ad":"1","group":"1","thetime":"1491346800","clicks":"0","impressions":"71"},{"id":"255","ad":"3","group":"1","thetime":"1491346800","clicks":"0","impressions":"68"},{"id":"256","ad":"4","group":"2","thetime":"1491346800","clicks":"0","impressions":"69"},{"id":"257","ad":"1","group":"1","thetime":"1491350400","clicks":"0","impressions":"95"},{"id":"258","ad":"2","group":"2","thetime":"1491350400","clicks":"0","impressions":"75"},{"id":"259","ad":"3","group":"1","thetime":"1491350400","clicks":"0","impressions":"89"},{"id":"260","ad":"4","group":"2","thetime":"1491350400","clicks":"0","impressions":"91"},{"id":"261","ad":"3","group":"1","thetime":"1491354000","clicks":"0","impressions":"66"},{"id":"262","ad":"4","group":"2","thetime":"1491354000","clicks":"0","impressions":"69"},{"id":"263","ad":"2","group":"2","thetime":"1491354000","clicks":"0","impressions":"69"},{"id":"264","ad":"1","group":"1","thetime":"1491354000","clicks":"0","impressions":"63"},{"id":"265","ad":"3","group":"1","thetime":"1491357600","clicks":"0","impressions":"66"},{"id":"266","ad":"1","group":"1","thetime":"1491357600","clicks":"0","impressions":"66"},{"id":"267","ad":"2","group":"2","thetime":"1491357600","clicks":"0","impressions":"65"},{"id":"268","ad":"4","group":"2","thetime":"1491357600","clicks":"0","impressions":"64"},{"id":"269","ad":"2","group":"2","thetime":"1491361200","clicks":"0","impressions":"69"},{"id":"270","ad":"4","group":"2","thetime":"1491361200","clicks":"0","impressions":"69"},{"id":"271","ad":"1","group":"1","thetime":"1491361200","clicks":"0","impressions":"69"},{"id":"272","ad":"3","group":"1","thetime":"1491361200","clicks":"0","impressions":"67"},{"id":"273","ad":"4","group":"2","thetime":"1491364800","clicks":"0","impressions":"35"},{"id":"274","ad":"1","group":"1","thetime":"1491364800","clicks":"0","impressions":"34"},{"id":"275","ad":"2","group":"2","thetime":"1491364800","clicks":"0","impressions":"35"},{"id":"276","ad":"3","group":"1","thetime":"1491364800","clicks":"0","impressions":"36"},{"id":"277","ad":"4","group":"2","thetime":"1491368400","clicks":"0","impressions":"60"},{"id":"278","ad":"3","group":"1","thetime":"1491368400","clicks":"0","impressions":"60"},{"id":"279","ad":"1","group":"1","thetime":"1491368400","clicks":"0","impressions":"61"},{"id":"280","ad":"2","group":"2","thetime":"1491368400","clicks":"0","impressions":"61"},{"id":"281","ad":"4","group":"2","thetime":"1491372000","clicks":"0","impressions":"38"},{"id":"282","ad":"3","group":"1","thetime":"1491372000","clicks":"0","impressions":"38"},{"id":"283","ad":"1","group":"1","thetime":"1491372000","clicks":"0","impressions":"37"},{"id":"284","ad":"2","group":"2","thetime":"1491372000","clicks":"0","impressions":"37"},{"id":"285","ad":"3","group":"1","thetime":"1491375600","clicks":"0","impressions":"54"},{"id":"286","ad":"2","group":"2","thetime":"1491375600","clicks":"0","impressions":"55"},{"id":"287","ad":"4","group":"2","thetime":"1491375600","clicks":"0","impressions":"55"},{"id":"288","ad":"1","group":"1","thetime":"1491375600","clicks":"0","impressions":"56"},{"id":"289","ad":"2","group":"2","thetime":"1491379200","clicks":"0","impressions":"9"},{"id":"290","ad":"1","group":"1","thetime":"1491379200","clicks":"0","impressions":"10"},{"id":"291","ad":"3","group":"1","thetime":"1491379200","clicks":"0","impressions":"9"},{"id":"292","ad":"4","group":"2","thetime":"1491379200","clicks":"0","impressions":"10"},{"id":"293","ad":"2","group":"2","thetime":"1491382800","clicks":"0","impressions":"12"},{"id":"294","ad":"3","group":"1","thetime":"1491382800","clicks":"0","impressions":"12"},{"id":"295","ad":"4","group":"2","thetime":"1491382800","clicks":"0","impressions":"12"},{"id":"296","ad":"1","group":"1","thetime":"1491382800","clicks":"0","impressions":"13"},{"id":"297","ad":"2","group":"2","thetime":"1491390000","clicks":"0","impressions":"10"},{"id":"298","ad":"3","group":"1","thetime":"1491390000","clicks":"0","impressions":"11"},{"id":"299","ad":"4","group":"2","thetime":"1491390000","clicks":"0","impressions":"12"},{"id":"300","ad":"1","group":"1","thetime":"1491390000","clicks":"0","impressions":"10"},{"id":"301","ad":"4","group":"2","thetime":"1491393600","clicks":"0","impressions":"27"},{"id":"302","ad":"2","group":"2","thetime":"1491393600","clicks":"0","impressions":"27"},{"id":"303","ad":"1","group":"1","thetime":"1491393600","clicks":"0","impressions":"28"},{"id":"304","ad":"3","group":"1","thetime":"1491393600","clicks":"0","impressions":"25"},{"id":"305","ad":"1","group":"1","thetime":"1491397200","clicks":"0","impressions":"11"},{"id":"306","ad":"2","group":"2","thetime":"1491397200","clicks":"0","impressions":"6"},{"id":"307","ad":"4","group":"2","thetime":"1491397200","clicks":"0","impressions":"6"},{"id":"308","ad":"3","group":"1","thetime":"1491397200","clicks":"0","impressions":"9"},{"id":"309","ad":"1","group":"1","thetime":"1491400800","clicks":"0","impressions":"38"},{"id":"310","ad":"3","group":"1","thetime":"1491400800","clicks":"0","impressions":"34"},{"id":"311","ad":"4","group":"2","thetime":"1491400800","clicks":"0","impressions":"36"},{"id":"312","ad":"2","group":"2","thetime":"1491400800","clicks":"0","impressions":"35"},{"id":"313","ad":"1","group":"1","thetime":"1491404400","clicks":"0","impressions":"44"},{"id":"314","ad":"4","group":"2","thetime":"1491404400","clicks":"0","impressions":"47"},{"id":"315","ad":"2","group":"2","thetime":"1491404400","clicks":"0","impressions":"46"},{"id":"316","ad":"3","group":"1","thetime":"1491404400","clicks":"0","impressions":"46"},{"id":"317","ad":"4","group":"2","thetime":"1491408000","clicks":"0","impressions":"36"},{"id":"318","ad":"3","group":"1","thetime":"1491408000","clicks":"0","impressions":"41"},{"id":"319","ad":"1","group":"1","thetime":"1491408000","clicks":"0","impressions":"40"},{"id":"320","ad":"2","group":"2","thetime":"1491408000","clicks":"0","impressions":"35"},{"id":"321","ad":"4","group":"2","thetime":"1491411600","clicks":"0","impressions":"34"},{"id":"322","ad":"2","group":"2","thetime":"1491411600","clicks":"0","impressions":"33"},{"id":"323","ad":"1","group":"1","thetime":"1491411600","clicks":"0","impressions":"33"},{"id":"324","ad":"3","group":"1","thetime":"1491411600","clicks":"0","impressions":"32"},{"id":"325","ad":"4","group":"2","thetime":"1491415200","clicks":"0","impressions":"17"},{"id":"326","ad":"3","group":"1","thetime":"1491415200","clicks":"0","impressions":"16"},{"id":"327","ad":"2","group":"2","thetime":"1491415200","clicks":"0","impressions":"18"},{"id":"328","ad":"1","group":"1","thetime":"1491415200","clicks":"0","impressions":"17"},{"id":"329","ad":"1","group":"1","thetime":"1491422400","clicks":"0","impressions":"5"},{"id":"330","ad":"2","group":"2","thetime":"1491422400","clicks":"0","impressions":"5"},{"id":"331","ad":"3","group":"1","thetime":"1491422400","clicks":"0","impressions":"5"},{"id":"332","ad":"4","group":"2","thetime":"1491422400","clicks":"0","impressions":"5"},{"id":"333","ad":"2","group":"2","thetime":"1491426000","clicks":"0","impressions":"10"},{"id":"334","ad":"1","group":"1","thetime":"1491426000","clicks":"0","impressions":"9"},{"id":"335","ad":"3","group":"1","thetime":"1491426000","clicks":"0","impressions":"10"},{"id":"336","ad":"4","group":"2","thetime":"1491426000","clicks":"0","impressions":"9"},{"id":"337","ad":"3","group":"1","thetime":"1491429600","clicks":"0","impressions":"34"},{"id":"338","ad":"2","group":"2","thetime":"1491429600","clicks":"0","impressions":"33"},{"id":"339","ad":"4","group":"2","thetime":"1491429600","clicks":"0","impressions":"33"},{"id":"340","ad":"1","group":"1","thetime":"1491429600","clicks":"0","impressions":"31"},{"id":"341","ad":"2","group":"2","thetime":"1491433200","clicks":"0","impressions":"37"},{"id":"342","ad":"3","group":"1","thetime":"1491433200","clicks":"0","impressions":"35"},{"id":"343","ad":"4","group":"2","thetime":"1491433200","clicks":"0","impressions":"34"},{"id":"344","ad":"1","group":"1","thetime":"1491433200","clicks":"0","impressions":"36"},{"id":"345","ad":"4","group":"2","thetime":"1491436800","clicks":"0","impressions":"41"},{"id":"346","ad":"3","group":"1","thetime":"1491436800","clicks":"0","impressions":"40"},{"id":"347","ad":"1","group":"1","thetime":"1491436800","clicks":"0","impressions":"41"},{"id":"348","ad":"2","group":"2","thetime":"1491436800","clicks":"0","impressions":"43"},{"id":"349","ad":"3","group":"1","thetime":"1491440400","clicks":"0","impressions":"33"},{"id":"350","ad":"1","group":"1","thetime":"1491440400","clicks":"0","impressions":"34"},{"id":"351","ad":"2","group":"2","thetime":"1491440400","clicks":"0","impressions":"33"},{"id":"352","ad":"4","group":"2","thetime":"1491440400","clicks":"0","impressions":"32"},{"id":"353","ad":"4","group":"2","thetime":"1491444000","clicks":"0","impressions":"32"},{"id":"354","ad":"2","group":"2","thetime":"1491444000","clicks":"0","impressions":"31"},{"id":"355","ad":"3","group":"1","thetime":"1491444000","clicks":"0","impressions":"30"},{"id":"356","ad":"1","group":"1","thetime":"1491444000","clicks":"0","impressions":"34"},{"id":"357","ad":"3","group":"1","thetime":"1491447600","clicks":"0","impressions":"16"},{"id":"358","ad":"4","group":"2","thetime":"1491447600","clicks":"0","impressions":"17"},{"id":"359","ad":"1","group":"1","thetime":"1491447600","clicks":"0","impressions":"17"},{"id":"360","ad":"2","group":"2","thetime":"1491447600","clicks":"0","impressions":"16"},{"id":"361","ad":"4","group":"2","thetime":"1491465600","clicks":"0","impressions":"1"},{"id":"362","ad":"2","group":"2","thetime":"1491465600","clicks":"0","impressions":"1"},{"id":"363","ad":"1","group":"1","thetime":"1491465600","clicks":"0","impressions":"1"},{"id":"364","ad":"2","group":"2","thetime":"1491480000","clicks":"0","impressions":"1"},{"id":"365","ad":"1","group":"1","thetime":"1491480000","clicks":"0","impressions":"1"},{"id":"366","ad":"2","group":"2","thetime":"1491483600","clicks":"0","impressions":"18"},{"id":"367","ad":"4","group":"2","thetime":"1491483600","clicks":"0","impressions":"18"},{"id":"368","ad":"1","group":"1","thetime":"1491483600","clicks":"0","impressions":"19"},{"id":"369","ad":"3","group":"1","thetime":"1491483600","clicks":"0","impressions":"19"},{"id":"370","ad":"1","group":"1","thetime":"1491487200","clicks":"0","impressions":"32"},{"id":"371","ad":"4","group":"2","thetime":"1491487200","clicks":"0","impressions":"31"},{"id":"372","ad":"2","group":"2","thetime":"1491487200","clicks":"0","impressions":"31"},{"id":"373","ad":"3","group":"1","thetime":"1491487200","clicks":"0","impressions":"33"},{"id":"374","ad":"1","group":"1","thetime":"1491490800","clicks":"0","impressions":"24"},{"id":"375","ad":"2","group":"2","thetime":"1491490800","clicks":"0","impressions":"26"},{"id":"376","ad":"3","group":"1","thetime":"1491490800","clicks":"0","impressions":"24"},{"id":"377","ad":"4","group":"2","thetime":"1491490800","clicks":"0","impressions":"24"},{"id":"378","ad":"2","group":"2","thetime":"1491919200","clicks":"0","impressions":"1"},{"id":"379","ad":"1","group":"1","thetime":"1492160400","clicks":"0","impressions":"1"},{"id":"380","ad":"3","group":"1","thetime":"1492160400","clicks":"0","impressions":"1"},{"id":"381","ad":"3","group":"1","thetime":"1492599600","clicks":"0","impressions":"1"},{"id":"382","ad":"2","group":"2","thetime":"1492599600","clicks":"0","impressions":"1"},{"id":"383","ad":"4","group":"2","thetime":"1492599600","clicks":"0","impressions":"1"},{"id":"384","ad":"1","group":"1","thetime":"1492599600","clicks":"0","impressions":"1"},{"id":"385","ad":"1","group":"1","thetime":"1492617600","clicks":"0","impressions":"1"},{"id":"386","ad":"2","group":"2","thetime":"1492617600","clicks":"0","impressions":"2"},{"id":"387","ad":"2","group":"2","thetime":"1492621200","clicks":"0","impressions":"1"},{"id":"388","ad":"1","group":"1","thetime":"1492707600","clicks":"0","impressions":"1"},{"id":"389","ad":"3","group":"1","thetime":"1492783200","clicks":"0","impressions":"2"},{"id":"390","ad":"2","group":"2","thetime":"1492783200","clicks":"0","impressions":"2"},{"id":"391","ad":"4","group":"2","thetime":"1492783200","clicks":"0","impressions":"2"},{"id":"392","ad":"1","group":"1","thetime":"1492783200","clicks":"0","impressions":"2"},{"id":"393","ad":"4","group":"2","thetime":"1493118000","clicks":"0","impressions":"1"},{"id":"394","ad":"3","group":"1","thetime":"1493121600","clicks":"0","impressions":"1"},{"id":"395","ad":"4","group":"2","thetime":"1493125200","clicks":"0","impressions":"1"}]}