[{"right-menu":["custom_html-2"],"sidebar":["search-2","categories-2","custom_html-4","tag_cloud-2","media_image-2"],"canvas":["nav_menu-2","media_image-3","text-2"],"sidebar-shop":["woocommerce_product_categories-2","custom_html-5","tag_cloud-3","media_image-4"],"footer-sidebar-1":["custom_html-3"],"footer-sidebar-2":["thim_layout_builder-3"],"footer-sidebar-3":["categories-3"]},{"custom_html":{"2":{"title":"","content":"[INSERT_ELEMENTOR id=\"762\"]","widget-class":""},"4":{"title":"","content":"[INSERT_ELEMENTOR id=\"933\"]","widget-class":""},"5":{"title":"","content":"[INSERT_ELEMENTOR id=\"933\"]","widget-class":""},"3":{"title":"","content":"[INSERT_ELEMENTOR id=\"934\"]","widget-class":""},"_multiwidget":1},"search":{"2":{"title":""},"_multiwidget":1},"categories":{"2":{"title":"","count":1,"hierarchical":0,"dropdown":0,"widget-class":""},"3":{"title":"Popular Categories","count":1,"hierarchical":0,"dropdown":0,"widget-class":""},"_multiwidget":1},"tag_cloud":{"2":{"title":"TAGS CLOUD","count":0,"taxonomy":"post_tag","widget-class":""},"3":{"title":"Tags","count":0,"taxonomy":"product_tag","widget-class":""},"_multiwidget":1},"media_image":{"2":{"attachment_id":58,"url":"https:\/\/video-blog.thimpress.com\/wp-content\/uploads\/sites\/27\/2019\/01\/ads-04-262x300.jpg","title":"","size":"medium","width":270,"height":309,"caption":"","alt":"","link_type":"custom","link_url":"","image_classes":"","link_classes":"","link_rel":"","link_target_blank":false,"image_title":"","widget-class":""},"3":{"attachment_id":58,"url":"https:\/\/video-blog.thimpress.com\/wp-content\/uploads\/sites\/27\/2019\/01\/ads-04-262x300.jpg","title":"","size":"medium","width":270,"height":309,"caption":"","alt":"","link_type":"custom","link_url":"https:\/\/thimpress.com\/","image_classes":"","link_classes":"","link_rel":"","link_target_blank":false,"image_title":"","widget-class":""},"4":{"attachment_id":58,"url":"https:\/\/video-blog.thimpress.com\/wp-content\/uploads\/sites\/27\/2019\/01\/ads-04-262x300.jpg","title":"","size":"medium","width":270,"height":309,"caption":"","alt":"","link_type":"custom","link_url":"","image_classes":"","link_classes":"","link_rel":"","link_target_blank":false,"image_title":"","widget-class":""},"_multiwidget":1},"nav_menu":{"2":{"title":"Canvas menu","nav_menu":30,"widget-class":""},"_multiwidget":1},"text":{"2":{"title":"","text":"<div class=\"copyright-text\">Copyright 2018 Corporate WordPress Theme by ThimPress. <a href=\"#\">ThimPress<\/a><\/div>","filter":true,"visual":true,"widget-class":""},"_multiwidget":1},"woocommerce_product_categories":{"2":{"title":"Product categories","orderby":"name","dropdown":0,"count":1,"hierarchical":0,"show_children_only":0,"hide_empty":0,"max_depth":"","widget-class":""},"_multiwidget":1},"thim_layout_builder":{"3":{"widget-class":"","content":"[vc_row][vc_column][thim-posts layout=\"vblog-layout-list-footer\" title=\"Latest Posts\" number=\"3\"][\/vc_column][\/vc_row]","custom_css":""},"_multiwidget":1}}]