{"adrotate":[{"id":"1","title":"Ad 270x270","bannercode":"&lt;a href=\\&quot;https:\/\/themeforest.net\/item\/magazine-wordpress-theme-mag-wp\/19305239?ref=thimpress&amp;utm_source=demo&amp;utm_medium=adsbanner\\&quot;&gt;&lt;img alt=\\&quot;\\&quot; src=\\&quot;https:\/\/magwp.thimpress.com\/wp-content\/uploads\/2017\/02\/option1-270x270-min.png\\&quot; \/&gt;&lt;\/a&gt;","thetime":"1480006355","updated":"1487341135","author":"admin","imagetype":"","image":"","paid":"U","tracker":"Y","desktop":"Y","mobile":"Y","tablet":"Y","os_ios":"Y","os_android":"Y","os_other":"Y","responsive":"N","type":"active","weight":"6","budget":"0","crate":"0","irate":"0","cities":"a:0:{}","countries":"a:0:{}"},{"id":"2","title":"Ad 728x90","bannercode":"&lt;a href=\\&quot;https:\/\/themeforest.net\/item\/magazine-wordpress-theme-mag-wp\/19305239?ref=thimpress&amp;utm_source=demo&amp;utm_medium=adsbanner\\&quot;&gt;&lt;img alt=\\&quot;\\&quot; src=\\&quot;https:\/\/magwp.thimpress.com\/wp-content\/uploads\/2017\/04\/thimpress_magwp.png\\&quot; \/&gt;&lt;\/a&gt;","thetime":"1480006355","updated":"1492770717","author":"admin","imagetype":"","image":"","paid":"U","tracker":"Y","desktop":"Y","mobile":"Y","tablet":"Y","os_ios":"Y","os_android":"Y","os_other":"Y","responsive":"N","type":"active","weight":"6","budget":"0","crate":"0","irate":"0","cities":"a:0:{}","countries":"a:0:{}"},{"id":"3","title":"Ad 270x270 (2)","bannercode":"&lt;a href=\\&quot;https:\/\/themeforest.net\/item\/magazine-wordpress-theme-mag-wp\/19305239?ref=thimpress&amp;utm_source=demo&amp;utm_medium=adsbanner\\&quot;&gt;&lt;img alt=\\&quot;\\&quot; src=\\&quot;https:\/\/magwp.thimpress.com\/wp-content\/uploads\/2017\/02\/option4-270x270-min.png\\&quot; \/&gt;&lt;\/a&gt;","thetime":"1483110542","updated":"1487341195","author":"admin","imagetype":"","image":"","paid":"U","tracker":"Y","desktop":"Y","mobile":"Y","tablet":"Y","os_ios":"Y","os_android":"Y","os_other":"Y","responsive":"N","type":"active","weight":"6","budget":"0","crate":"0","irate":"0","cities":"a:0:{}","countries":"a:0:{}"},{"id":"4","title":"728x90 - 2","bannercode":"&lt;a href=\\&quot;https:\/\/themeforest.net\/item\/magazine-wordpress-theme-mag-wp\/19305239?ref=thimpress&amp;utm_source=demo&amp;utm_medium=adsbanner\\&quot;&gt;&lt;img alt=\\&quot;\\&quot; src=\\&quot;https:\/\/magwp.thimpress.com\/wp-content\/uploads\/2017\/04\/thim_magwp.png\\&quot; \/&gt;&lt;\/a&gt;","thetime":"1483111516","updated":"1492770724","author":"admin","imagetype":"","image":"","paid":"U","tracker":"Y","desktop":"Y","mobile":"Y","tablet":"Y","os_ios":"Y","os_android":"Y","os_other":"Y","responsive":"N","type":"active","weight":"6","budget":"0","crate":"0","irate":"0","cities":"a:0:{}","countries":"a:0:{}"},{"id":"5","title":"","bannercode":"","thetime":"1485267438","updated":"1485267438","author":"admin","imagetype":"dropdown","image":"","paid":"U","tracker":"N","desktop":"Y","mobile":"Y","tablet":"Y","os_ios":"Y","os_android":"Y","os_other":"Y","responsive":"N","type":"empty","weight":"6","budget":"0","crate":"0","irate":"0","cities":"a:0:{}","countries":"a:0:{}"}],"adrotate_groups":[{"id":"1","name":"270x270","modus":"1","fallback":"0","cat":"","cat_loc":"0","cat_par":"0","page":"","page_loc":"0","page_par":"0","mobile":"0","geo":"0","wrapper_before":"","wrapper_after":"","align":"3","gridrows":"1","gridcolumns":"1","admargin":"0","admargin_bottom":"0","admargin_left":"0","admargin_right":"0","adwidth":"270","adheight":"270","adspeed":"6000"},{"id":"2","name":"728x90","modus":"1","fallback":"0","cat":"","cat_loc":"0","cat_par":"0","page":"","page_loc":"0","page_par":"0","mobile":"0","geo":"0","wrapper_before":"","wrapper_after":"","align":"3","gridrows":"1","gridcolumns":"1","admargin":"0","admargin_bottom":"0","admargin_left":"0","admargin_right":"0","adwidth":"728","adheight":"90","adspeed":"6000"}],"adrotate_linkmeta":[{"id":"1","ad":"1","group":"0","user":"0","schedule":"1"},{"id":"2","ad":"2","group":"0","user":"0","schedule":"2"},{"id":"3","ad":"1","group":"1","user":"0","schedule":"0"},{"id":"4","ad":"3","group":"0","user":"0","schedule":"3"},{"id":"5","ad":"3","group":"1","user":"0","schedule":"0"},{"id":"6","ad":"4","group":"0","user":"0","schedule":"4"},{"id":"8","ad":"5","group":"0","user":"0","schedule":"5"},{"id":"9","ad":"2","group":"2","user":"0","schedule":"0"},{"id":"10","ad":"4","group":"2","user":"0","schedule":"0"}],"adrotate_schedule":[{"id":"1","name":"Schedule for ad 1","starttime":"1480006320","stoptime":"2528643120","maxclicks":"0","maximpressions":"0","spread":"N","daystarttime":"0000","daystoptime":"0000","day_mon":"Y","day_tue":"Y","day_wed":"Y","day_thu":"Y","day_fri":"Y","day_sat":"Y","day_sun":"Y"},{"id":"2","name":"Schedule for ad 2","starttime":"1480006320","stoptime":"2528643120","maxclicks":"0","maximpressions":"0","spread":"N","daystarttime":"0000","daystoptime":"0000","day_mon":"Y","day_tue":"Y","day_wed":"Y","day_thu":"Y","day_fri":"Y","day_sat":"Y","day_sun":"Y"},{"id":"3","name":"Schedule for ad 3","starttime":"1483110540","stoptime":"2531747340","maxclicks":"0","maximpressions":"0","spread":"N","daystarttime":"0000","daystoptime":"0000","day_mon":"Y","day_tue":"Y","day_wed":"Y","day_thu":"Y","day_fri":"Y","day_sat":"Y","day_sun":"Y"},{"id":"4","name":"Schedule for ad 4","starttime":"1483111500","stoptime":"2531748300","maxclicks":"0","maximpressions":"0","spread":"N","daystarttime":"0000","daystoptime":"0000","day_mon":"Y","day_tue":"Y","day_wed":"Y","day_thu":"Y","day_fri":"Y","day_sat":"Y","day_sun":"Y"},{"id":"5","name":"Schedule for ad 5","starttime":"1485267438","stoptime":"1492525038","maxclicks":"0","maximpressions":"0","spread":"N","daystarttime":"0000","daystoptime":"0000","day_mon":"Y","day_tue":"Y","day_wed":"Y","day_thu":"Y","day_fri":"Y","day_sat":"Y","day_sun":"Y"}],"adrotate_stats":[{"id":"1","ad":"1","group":"0","thetime":"1479945600","clicks":"0","impressions":"11"},{"id":"2","ad":"2","group":"0","thetime":"1479945600","clicks":"0","impressions":"8"},{"id":"3","ad":"2","group":"0","thetime":"1480032000","clicks":"0","impressions":"27"},{"id":"4","ad":"1","group":"0","thetime":"1480032000","clicks":"0","impressions":"28"},{"id":"5","ad":"2","group":"0","thetime":"1480291200","clicks":"0","impressions":"32"},{"id":"6","ad":"1","group":"0","thetime":"1480291200","clicks":"0","impressions":"37"},{"id":"7","ad":"2","group":"0","thetime":"1480377600","clicks":"0","impressions":"16"},{"id":"8","ad":"1","group":"0","thetime":"1480377600","clicks":"0","impressions":"17"},{"id":"9","ad":"2","group":"0","thetime":"1480464000","clicks":"0","impressions":"53"},{"id":"10","ad":"1","group":"0","thetime":"1480464000","clicks":"0","impressions":"54"},{"id":"11","ad":"1","group":"0","thetime":"1480550400","clicks":"0","impressions":"66"},{"id":"12","ad":"2","group":"0","thetime":"1480550400","clicks":"0","impressions":"61"},{"id":"13","ad":"2","group":"0","thetime":"1480636800","clicks":"0","impressions":"27"},{"id":"14","ad":"1","group":"0","thetime":"1480636800","clicks":"0","impressions":"25"},{"id":"15","ad":"2","group":"0","thetime":"1480896000","clicks":"0","impressions":"49"},{"id":"16","ad":"1","group":"0","thetime":"1480896000","clicks":"0","impressions":"46"},{"id":"17","ad":"2","group":"0","thetime":"1480982400","clicks":"0","impressions":"20"},{"id":"18","ad":"1","group":"0","thetime":"1480982400","clicks":"0","impressions":"20"},{"id":"19","ad":"2","group":"0","thetime":"1481068800","clicks":"0","impressions":"18"},{"id":"20","ad":"1","group":"0","thetime":"1481068800","clicks":"0","impressions":"18"},{"id":"21","ad":"2","group":"0","thetime":"1481155200","clicks":"0","impressions":"8"},{"id":"22","ad":"1","group":"0","thetime":"1481155200","clicks":"0","impressions":"8"},{"id":"23","ad":"2","group":"0","thetime":"1481241600","clicks":"0","impressions":"17"},{"id":"24","ad":"1","group":"0","thetime":"1481241600","clicks":"0","impressions":"17"},{"id":"25","ad":"2","group":"0","thetime":"1481414400","clicks":"0","impressions":"3"},{"id":"26","ad":"1","group":"0","thetime":"1481414400","clicks":"0","impressions":"3"},{"id":"27","ad":"2","group":"0","thetime":"1481500800","clicks":"0","impressions":"15"},{"id":"28","ad":"1","group":"0","thetime":"1481500800","clicks":"0","impressions":"15"},{"id":"29","ad":"2","group":"0","thetime":"1481587200","clicks":"0","impressions":"41"},{"id":"30","ad":"1","group":"0","thetime":"1481587200","clicks":"0","impressions":"41"},{"id":"31","ad":"2","group":"0","thetime":"1481673600","clicks":"0","impressions":"8"},{"id":"32","ad":"1","group":"0","thetime":"1481673600","clicks":"0","impressions":"8"},{"id":"33","ad":"2","group":"0","thetime":"1481760000","clicks":"0","impressions":"33"},{"id":"34","ad":"1","group":"0","thetime":"1481760000","clicks":"0","impressions":"33"},{"id":"35","ad":"2","group":"0","thetime":"1481846400","clicks":"0","impressions":"32"},{"id":"36","ad":"1","group":"0","thetime":"1481846400","clicks":"0","impressions":"32"},{"id":"37","ad":"2","group":"0","thetime":"1481932800","clicks":"0","impressions":"1"},{"id":"38","ad":"1","group":"0","thetime":"1481932800","clicks":"0","impressions":"1"},{"id":"39","ad":"1","group":"0","thetime":"1481932800","clicks":"0","impressions":"1"},{"id":"40","ad":"2","group":"0","thetime":"1482019200","clicks":"0","impressions":"9"},{"id":"41","ad":"1","group":"0","thetime":"1482019200","clicks":"0","impressions":"9"},{"id":"42","ad":"2","group":"0","thetime":"1482105600","clicks":"0","impressions":"60"},{"id":"43","ad":"1","group":"0","thetime":"1482105600","clicks":"0","impressions":"60"},{"id":"44","ad":"2","group":"0","thetime":"1482192000","clicks":"0","impressions":"30"},{"id":"45","ad":"1","group":"0","thetime":"1482192000","clicks":"0","impressions":"30"},{"id":"46","ad":"2","group":"0","thetime":"1482278400","clicks":"0","impressions":"14"},{"id":"47","ad":"1","group":"0","thetime":"1482278400","clicks":"0","impressions":"14"},{"id":"48","ad":"2","group":"0","thetime":"1482364800","clicks":"0","impressions":"14"},{"id":"49","ad":"1","group":"0","thetime":"1482364800","clicks":"0","impressions":"14"},{"id":"50","ad":"2","group":"0","thetime":"1482451200","clicks":"0","impressions":"55"},{"id":"51","ad":"1","group":"0","thetime":"1482451200","clicks":"0","impressions":"55"},{"id":"52","ad":"2","group":"0","thetime":"1482537600","clicks":"0","impressions":"1"},{"id":"53","ad":"1","group":"0","thetime":"1482537600","clicks":"0","impressions":"1"},{"id":"54","ad":"2","group":"0","thetime":"1482624000","clicks":"0","impressions":"1"},{"id":"55","ad":"1","group":"0","thetime":"1482624000","clicks":"0","impressions":"1"},{"id":"56","ad":"2","group":"0","thetime":"1482710400","clicks":"0","impressions":"24"},{"id":"57","ad":"1","group":"0","thetime":"1482710400","clicks":"0","impressions":"24"},{"id":"58","ad":"2","group":"0","thetime":"1482796800","clicks":"0","impressions":"5"},{"id":"59","ad":"1","group":"0","thetime":"1482796800","clicks":"0","impressions":"6"},{"id":"60","ad":"2","group":"0","thetime":"1482883200","clicks":"0","impressions":"17"},{"id":"61","ad":"1","group":"0","thetime":"1482883200","clicks":"0","impressions":"17"},{"id":"62","ad":"2","group":"0","thetime":"1482969600","clicks":"0","impressions":"13"},{"id":"63","ad":"2","group":"0","thetime":"1482969600","clicks":"0","impressions":"1"},{"id":"64","ad":"1","group":"0","thetime":"1482969600","clicks":"0","impressions":"14"},{"id":"65","ad":"2","group":"0","thetime":"1483056000","clicks":"0","impressions":"1"},{"id":"66","ad":"1","group":"0","thetime":"1483056000","clicks":"0","impressions":"1"},{"id":"67","ad":"2","group":"0","thetime":"1483084800","clicks":"0","impressions":"1"},{"id":"68","ad":"1","group":"0","thetime":"1483084800","clicks":"0","impressions":"1"},{"id":"69","ad":"2","group":"0","thetime":"1483102800","clicks":"0","impressions":"1"},{"id":"70","ad":"1","group":"0","thetime":"1483102800","clicks":"0","impressions":"1"},{"id":"71","ad":"2","group":"0","thetime":"1483106400","clicks":"0","impressions":"3"},{"id":"72","ad":"1","group":"0","thetime":"1483106400","clicks":"0","impressions":"3"},{"id":"73","ad":"2","group":"0","thetime":"1483110000","clicks":"0","impressions":"4"},{"id":"74","ad":"1","group":"0","thetime":"1483110000","clicks":"0","impressions":"5"},{"id":"75","ad":"4","group":"1","thetime":"1483110000","clicks":"0","impressions":"1"},{"id":"76","ad":"2","group":"0","thetime":"1483347600","clicks":"0","impressions":"1"},{"id":"77","ad":"1","group":"0","thetime":"1483347600","clicks":"0","impressions":"1"},{"id":"78","ad":"2","group":"0","thetime":"1483437600","clicks":"0","impressions":"1"},{"id":"79","ad":"1","group":"0","thetime":"1483437600","clicks":"0","impressions":"1"},{"id":"80","ad":"2","group":"0","thetime":"1483448400","clicks":"0","impressions":"8"},{"id":"81","ad":"1","group":"0","thetime":"1483448400","clicks":"0","impressions":"8"},{"id":"82","ad":"2","group":"0","thetime":"1483455600","clicks":"0","impressions":"3"},{"id":"83","ad":"1","group":"0","thetime":"1483455600","clicks":"0","impressions":"3"},{"id":"84","ad":"2","group":"0","thetime":"1483459200","clicks":"0","impressions":"7"},{"id":"85","ad":"1","group":"0","thetime":"1483459200","clicks":"0","impressions":"7"},{"id":"86","ad":"2","group":"0","thetime":"1483462800","clicks":"0","impressions":"6"},{"id":"87","ad":"1","group":"0","thetime":"1483462800","clicks":"0","impressions":"6"},{"id":"88","ad":"2","group":"0","thetime":"1483488000","clicks":"0","impressions":"2"},{"id":"89","ad":"1","group":"0","thetime":"1483488000","clicks":"0","impressions":"2"},{"id":"90","ad":"2","group":"0","thetime":"1483516800","clicks":"0","impressions":"2"},{"id":"91","ad":"1","group":"0","thetime":"1483516800","clicks":"0","impressions":"2"},{"id":"92","ad":"2","group":"0","thetime":"1483520400","clicks":"0","impressions":"3"},{"id":"93","ad":"1","group":"0","thetime":"1483520400","clicks":"0","impressions":"3"},{"id":"94","ad":"2","group":"0","thetime":"1483524000","clicks":"0","impressions":"3"},{"id":"95","ad":"1","group":"0","thetime":"1483524000","clicks":"0","impressions":"3"},{"id":"96","ad":"2","group":"0","thetime":"1483527600","clicks":"0","impressions":"3"},{"id":"97","ad":"1","group":"0","thetime":"1483527600","clicks":"0","impressions":"4"},{"id":"98","ad":"2","group":"0","thetime":"1483531200","clicks":"0","impressions":"2"},{"id":"99","ad":"1","group":"0","thetime":"1483531200","clicks":"0","impressions":"2"},{"id":"100","ad":"2","group":"0","thetime":"1483534800","clicks":"0","impressions":"7"},{"id":"101","ad":"1","group":"0","thetime":"1483534800","clicks":"0","impressions":"7"},{"id":"102","ad":"2","group":"0","thetime":"1483542000","clicks":"0","impressions":"2"},{"id":"103","ad":"1","group":"0","thetime":"1483542000","clicks":"0","impressions":"2"},{"id":"104","ad":"2","group":"0","thetime":"1483545600","clicks":"0","impressions":"2"},{"id":"105","ad":"1","group":"0","thetime":"1483545600","clicks":"0","impressions":"2"},{"id":"106","ad":"2","group":"0","thetime":"1483549200","clicks":"0","impressions":"4"},{"id":"107","ad":"1","group":"0","thetime":"1483549200","clicks":"0","impressions":"4"},{"id":"108","ad":"2","group":"0","thetime":"1483606800","clicks":"0","impressions":"7"},{"id":"109","ad":"1","group":"0","thetime":"1483606800","clicks":"0","impressions":"7"},{"id":"110","ad":"1","group":"0","thetime":"1483606800","clicks":"0","impressions":"1"},{"id":"111","ad":"2","group":"0","thetime":"1483610400","clicks":"0","impressions":"3"},{"id":"112","ad":"1","group":"0","thetime":"1483610400","clicks":"0","impressions":"3"},{"id":"113","ad":"2","group":"0","thetime":"1483614000","clicks":"0","impressions":"3"},{"id":"114","ad":"1","group":"0","thetime":"1483614000","clicks":"0","impressions":"3"},{"id":"115","ad":"2","group":"0","thetime":"1483621200","clicks":"0","impressions":"3"},{"id":"116","ad":"1","group":"0","thetime":"1483621200","clicks":"0","impressions":"3"},{"id":"117","ad":"2","group":"0","thetime":"1483624800","clicks":"0","impressions":"1"},{"id":"118","ad":"1","group":"0","thetime":"1483624800","clicks":"0","impressions":"1"},{"id":"119","ad":"2","group":"0","thetime":"1483628400","clicks":"0","impressions":"3"},{"id":"120","ad":"1","group":"0","thetime":"1483628400","clicks":"0","impressions":"3"},{"id":"121","ad":"2","group":"0","thetime":"1483632000","clicks":"0","impressions":"2"},{"id":"122","ad":"1","group":"0","thetime":"1483632000","clicks":"0","impressions":"2"},{"id":"123","ad":"2","group":"0","thetime":"1483635600","clicks":"0","impressions":"1"},{"id":"124","ad":"1","group":"0","thetime":"1483635600","clicks":"0","impressions":"1"},{"id":"125","ad":"2","group":"0","thetime":"1483686000","clicks":"0","impressions":"1"},{"id":"126","ad":"1","group":"0","thetime":"1483686000","clicks":"0","impressions":"1"},{"id":"127","ad":"2","group":"0","thetime":"1483689600","clicks":"0","impressions":"8"},{"id":"128","ad":"1","group":"0","thetime":"1483689600","clicks":"0","impressions":"8"},{"id":"129","ad":"2","group":"0","thetime":"1483693200","clicks":"0","impressions":"1"},{"id":"130","ad":"1","group":"0","thetime":"1483693200","clicks":"0","impressions":"1"},{"id":"131","ad":"2","group":"0","thetime":"1483696800","clicks":"0","impressions":"3"},{"id":"132","ad":"1","group":"0","thetime":"1483696800","clicks":"0","impressions":"3"},{"id":"133","ad":"2","group":"0","thetime":"1483700400","clicks":"0","impressions":"1"},{"id":"134","ad":"1","group":"0","thetime":"1483700400","clicks":"0","impressions":"1"},{"id":"135","ad":"2","group":"0","thetime":"1483711200","clicks":"0","impressions":"4"},{"id":"136","ad":"1","group":"0","thetime":"1483711200","clicks":"0","impressions":"4"},{"id":"137","ad":"2","group":"0","thetime":"1483714800","clicks":"0","impressions":"2"},{"id":"138","ad":"1","group":"0","thetime":"1483714800","clicks":"0","impressions":"2"},{"id":"139","ad":"2","group":"0","thetime":"1483718400","clicks":"0","impressions":"1"},{"id":"140","ad":"1","group":"0","thetime":"1483718400","clicks":"0","impressions":"1"},{"id":"141","ad":"2","group":"0","thetime":"1483920000","clicks":"0","impressions":"1"},{"id":"142","ad":"1","group":"0","thetime":"1483920000","clicks":"0","impressions":"1"},{"id":"143","ad":"1","group":"0","thetime":"1483945200","clicks":"0","impressions":"2"},{"id":"144","ad":"2","group":"0","thetime":"1483945200","clicks":"0","impressions":"1"},{"id":"145","ad":"2","group":"0","thetime":"1483948800","clicks":"0","impressions":"2"},{"id":"146","ad":"1","group":"0","thetime":"1483948800","clicks":"0","impressions":"2"},{"id":"147","ad":"2","group":"0","thetime":"1483952400","clicks":"0","impressions":"1"},{"id":"148","ad":"1","group":"0","thetime":"1483952400","clicks":"0","impressions":"1"},{"id":"149","ad":"2","group":"0","thetime":"1483956000","clicks":"0","impressions":"1"},{"id":"150","ad":"1","group":"0","thetime":"1483956000","clicks":"0","impressions":"1"},{"id":"151","ad":"2","group":"0","thetime":"1483966800","clicks":"0","impressions":"2"},{"id":"152","ad":"1","group":"0","thetime":"1483966800","clicks":"0","impressions":"2"},{"id":"153","ad":"2","group":"0","thetime":"1483970400","clicks":"0","impressions":"2"},{"id":"154","ad":"1","group":"0","thetime":"1483970400","clicks":"0","impressions":"3"},{"id":"155","ad":"2","group":"0","thetime":"1483981200","clicks":"0","impressions":"2"},{"id":"156","ad":"1","group":"0","thetime":"1483981200","clicks":"0","impressions":"4"},{"id":"157","ad":"2","group":"0","thetime":"1484035200","clicks":"0","impressions":"2"},{"id":"158","ad":"1","group":"0","thetime":"1484035200","clicks":"0","impressions":"3"},{"id":"159","ad":"2","group":"0","thetime":"1484038800","clicks":"0","impressions":"4"},{"id":"160","ad":"1","group":"0","thetime":"1484038800","clicks":"0","impressions":"15"},{"id":"161","ad":"2","group":"0","thetime":"1484046000","clicks":"0","impressions":"1"},{"id":"162","ad":"1","group":"0","thetime":"1484046000","clicks":"0","impressions":"1"},{"id":"163","ad":"2","group":"0","thetime":"1484060400","clicks":"0","impressions":"9"},{"id":"164","ad":"1","group":"0","thetime":"1484060400","clicks":"0","impressions":"11"},{"id":"165","ad":"2","group":"0","thetime":"1484064000","clicks":"0","impressions":"10"},{"id":"166","ad":"1","group":"0","thetime":"1484064000","clicks":"0","impressions":"11"},{"id":"167","ad":"1","group":"0","thetime":"1484067600","clicks":"0","impressions":"4"},{"id":"168","ad":"2","group":"0","thetime":"1484067600","clicks":"0","impressions":"2"},{"id":"169","ad":"1","group":"0","thetime":"1484078400","clicks":"0","impressions":"3"},{"id":"170","ad":"2","group":"0","thetime":"1484078400","clicks":"0","impressions":"2"},{"id":"171","ad":"1","group":"0","thetime":"1484092800","clicks":"0","impressions":"1"},{"id":"172","ad":"2","group":"0","thetime":"1484121600","clicks":"0","impressions":"2"},{"id":"173","ad":"1","group":"0","thetime":"1484121600","clicks":"0","impressions":"2"},{"id":"174","ad":"2","group":"0","thetime":"1484125200","clicks":"0","impressions":"2"},{"id":"175","ad":"1","group":"0","thetime":"1484125200","clicks":"0","impressions":"2"},{"id":"176","ad":"2","group":"0","thetime":"1484150400","clicks":"0","impressions":"7"},{"id":"177","ad":"2","group":"0","thetime":"1484150400","clicks":"0","impressions":"1"},{"id":"178","ad":"1","group":"0","thetime":"1484150400","clicks":"0","impressions":"6"},{"id":"179","ad":"2","group":"0","thetime":"1484208000","clicks":"0","impressions":"2"},{"id":"180","ad":"1","group":"0","thetime":"1484208000","clicks":"0","impressions":"2"},{"id":"181","ad":"2","group":"0","thetime":"1484211600","clicks":"0","impressions":"8"},{"id":"182","ad":"1","group":"0","thetime":"1484211600","clicks":"0","impressions":"8"},{"id":"183","ad":"2","group":"0","thetime":"1484215200","clicks":"0","impressions":"2"},{"id":"184","ad":"1","group":"0","thetime":"1484215200","clicks":"0","impressions":"2"},{"id":"185","ad":"2","group":"0","thetime":"1484218800","clicks":"0","impressions":"2"},{"id":"186","ad":"2","group":"0","thetime":"1484218800","clicks":"0","impressions":"1"},{"id":"187","ad":"1","group":"0","thetime":"1484218800","clicks":"0","impressions":"1"},{"id":"188","ad":"1","group":"0","thetime":"1484218800","clicks":"0","impressions":"1"},{"id":"189","ad":"2","group":"0","thetime":"1484226000","clicks":"0","impressions":"4"},{"id":"190","ad":"1","group":"0","thetime":"1484226000","clicks":"0","impressions":"4"},{"id":"191","ad":"2","group":"0","thetime":"1484229600","clicks":"0","impressions":"2"},{"id":"192","ad":"1","group":"0","thetime":"1484229600","clicks":"0","impressions":"2"},{"id":"193","ad":"2","group":"0","thetime":"1484233200","clicks":"0","impressions":"7"},{"id":"194","ad":"1","group":"0","thetime":"1484233200","clicks":"0","impressions":"8"},{"id":"195","ad":"2","group":"0","thetime":"1484236800","clicks":"0","impressions":"1"},{"id":"196","ad":"1","group":"0","thetime":"1484236800","clicks":"0","impressions":"1"},{"id":"197","ad":"2","group":"0","thetime":"1484240400","clicks":"0","impressions":"1"},{"id":"198","ad":"1","group":"0","thetime":"1484240400","clicks":"0","impressions":"2"},{"id":"199","ad":"2","group":"0","thetime":"1484298000","clicks":"0","impressions":"3"},{"id":"200","ad":"1","group":"0","thetime":"1484298000","clicks":"0","impressions":"3"},{"id":"201","ad":"1","group":"0","thetime":"1484301600","clicks":"0","impressions":"4"},{"id":"202","ad":"2","group":"0","thetime":"1484301600","clicks":"0","impressions":"3"},{"id":"203","ad":"2","group":"0","thetime":"1484305200","clicks":"0","impressions":"3"},{"id":"204","ad":"1","group":"0","thetime":"1484305200","clicks":"0","impressions":"3"},{"id":"205","ad":"2","group":"0","thetime":"1484312400","clicks":"0","impressions":"8"},{"id":"206","ad":"1","group":"0","thetime":"1484312400","clicks":"0","impressions":"8"},{"id":"207","ad":"2","group":"0","thetime":"1484316000","clicks":"0","impressions":"3"},{"id":"208","ad":"1","group":"0","thetime":"1484316000","clicks":"0","impressions":"3"},{"id":"209","ad":"2","group":"0","thetime":"1484319600","clicks":"0","impressions":"4"},{"id":"210","ad":"1","group":"0","thetime":"1484319600","clicks":"0","impressions":"5"},{"id":"211","ad":"2","group":"0","thetime":"1484323200","clicks":"0","impressions":"11"},{"id":"212","ad":"1","group":"0","thetime":"1484323200","clicks":"0","impressions":"11"},{"id":"213","ad":"1","group":"0","thetime":"1484326800","clicks":"0","impressions":"14"},{"id":"214","ad":"2","group":"0","thetime":"1484326800","clicks":"0","impressions":"10"},{"id":"215","ad":"2","group":"0","thetime":"1484362800","clicks":"0","impressions":"2"},{"id":"216","ad":"1","group":"0","thetime":"1484362800","clicks":"0","impressions":"2"},{"id":"217","ad":"2","group":"0","thetime":"1484488800","clicks":"0","impressions":"3"},{"id":"218","ad":"1","group":"0","thetime":"1484488800","clicks":"0","impressions":"2"},{"id":"219","ad":"1","group":"0","thetime":"1484488800","clicks":"0","impressions":"1"},{"id":"220","ad":"2","group":"0","thetime":"1484553600","clicks":"0","impressions":"1"},{"id":"221","ad":"1","group":"0","thetime":"1484553600","clicks":"0","impressions":"1"},{"id":"222","ad":"2","group":"0","thetime":"1484557200","clicks":"0","impressions":"1"},{"id":"223","ad":"1","group":"0","thetime":"1484557200","clicks":"0","impressions":"1"},{"id":"224","ad":"2","group":"0","thetime":"1484560800","clicks":"0","impressions":"1"},{"id":"225","ad":"1","group":"0","thetime":"1484560800","clicks":"0","impressions":"1"},{"id":"226","ad":"2","group":"0","thetime":"1484571600","clicks":"0","impressions":"4"},{"id":"227","ad":"1","group":"0","thetime":"1484571600","clicks":"0","impressions":"4"},{"id":"228","ad":"2","group":"0","thetime":"1484575200","clicks":"0","impressions":"4"},{"id":"229","ad":"1","group":"0","thetime":"1484575200","clicks":"0","impressions":"7"},{"id":"230","ad":"2","group":"0","thetime":"1484578800","clicks":"0","impressions":"2"},{"id":"231","ad":"1","group":"0","thetime":"1484578800","clicks":"0","impressions":"2"},{"id":"232","ad":"2","group":"0","thetime":"1484582400","clicks":"0","impressions":"2"},{"id":"233","ad":"1","group":"0","thetime":"1484582400","clicks":"0","impressions":"3"},{"id":"234","ad":"2","group":"0","thetime":"1484586000","clicks":"0","impressions":"3"},{"id":"235","ad":"1","group":"0","thetime":"1484586000","clicks":"0","impressions":"4"},{"id":"236","ad":"2","group":"0","thetime":"1484600400","clicks":"0","impressions":"8"},{"id":"237","ad":"1","group":"0","thetime":"1484600400","clicks":"0","impressions":"13"},{"id":"238","ad":"2","group":"0","thetime":"1484643600","clicks":"0","impressions":"8"},{"id":"239","ad":"1","group":"0","thetime":"1484643600","clicks":"0","impressions":"12"},{"id":"240","ad":"2","group":"0","thetime":"1484650800","clicks":"0","impressions":"2"},{"id":"241","ad":"1","group":"0","thetime":"1484650800","clicks":"0","impressions":"2"},{"id":"242","ad":"2","group":"0","thetime":"1484658000","clicks":"0","impressions":"2"},{"id":"243","ad":"1","group":"0","thetime":"1484658000","clicks":"0","impressions":"2"},{"id":"244","ad":"2","group":"0","thetime":"1484661600","clicks":"0","impressions":"1"},{"id":"245","ad":"1","group":"0","thetime":"1484661600","clicks":"0","impressions":"1"},{"id":"246","ad":"2","group":"0","thetime":"1484665200","clicks":"0","impressions":"3"},{"id":"247","ad":"1","group":"0","thetime":"1484665200","clicks":"0","impressions":"6"},{"id":"248","ad":"2","group":"0","thetime":"1484668800","clicks":"0","impressions":"1"},{"id":"249","ad":"1","group":"0","thetime":"1484668800","clicks":"0","impressions":"1"},{"id":"250","ad":"2","group":"0","thetime":"1484672400","clicks":"0","impressions":"4"},{"id":"251","ad":"1","group":"0","thetime":"1484672400","clicks":"0","impressions":"6"},{"id":"252","ad":"2","group":"0","thetime":"1484730000","clicks":"0","impressions":"2"},{"id":"253","ad":"1","group":"0","thetime":"1484730000","clicks":"0","impressions":"2"},{"id":"254","ad":"2","group":"0","thetime":"1484733600","clicks":"0","impressions":"5"},{"id":"255","ad":"1","group":"0","thetime":"1484733600","clicks":"0","impressions":"5"},{"id":"256","ad":"1","group":"0","thetime":"1484737200","clicks":"0","impressions":"15"},{"id":"257","ad":"2","group":"0","thetime":"1484737200","clicks":"0","impressions":"9"},{"id":"258","ad":"2","group":"0","thetime":"1484744400","clicks":"0","impressions":"6"},{"id":"259","ad":"1","group":"0","thetime":"1484744400","clicks":"0","impressions":"8"},{"id":"260","ad":"2","group":"0","thetime":"1484748000","clicks":"0","impressions":"3"},{"id":"261","ad":"1","group":"0","thetime":"1484748000","clicks":"0","impressions":"3"},{"id":"262","ad":"2","group":"0","thetime":"1484751600","clicks":"0","impressions":"3"},{"id":"263","ad":"1","group":"0","thetime":"1484751600","clicks":"0","impressions":"3"},{"id":"264","ad":"2","group":"0","thetime":"1484755200","clicks":"0","impressions":"7"},{"id":"265","ad":"1","group":"0","thetime":"1484755200","clicks":"0","impressions":"7"},{"id":"266","ad":"2","group":"0","thetime":"1484758800","clicks":"0","impressions":"10"},{"id":"267","ad":"1","group":"0","thetime":"1484758800","clicks":"0","impressions":"13"},{"id":"268","ad":"2","group":"0","thetime":"1484784000","clicks":"0","impressions":"1"},{"id":"269","ad":"1","group":"0","thetime":"1484784000","clicks":"0","impressions":"1"},{"id":"270","ad":"2","group":"0","thetime":"1484805600","clicks":"0","impressions":"2"},{"id":"271","ad":"1","group":"0","thetime":"1484805600","clicks":"0","impressions":"2"},{"id":"272","ad":"2","group":"0","thetime":"1484812800","clicks":"0","impressions":"3"},{"id":"273","ad":"1","group":"0","thetime":"1484812800","clicks":"0","impressions":"4"},{"id":"274","ad":"2","group":"0","thetime":"1484816400","clicks":"0","impressions":"14"},{"id":"275","ad":"1","group":"0","thetime":"1484816400","clicks":"0","impressions":"18"},{"id":"276","ad":"1","group":"0","thetime":"1484820000","clicks":"0","impressions":"14"},{"id":"277","ad":"2","group":"0","thetime":"1484820000","clicks":"0","impressions":"13"},{"id":"278","ad":"2","group":"0","thetime":"1484823600","clicks":"0","impressions":"13"},{"id":"279","ad":"1","group":"0","thetime":"1484823600","clicks":"0","impressions":"14"},{"id":"280","ad":"1","group":"0","thetime":"1484827200","clicks":"0","impressions":"2"},{"id":"281","ad":"2","group":"0","thetime":"1484827200","clicks":"0","impressions":"2"},{"id":"282","ad":"1","group":"0","thetime":"1484830800","clicks":"0","impressions":"7"},{"id":"283","ad":"2","group":"0","thetime":"1484830800","clicks":"0","impressions":"4"},{"id":"284","ad":"2","group":"0","thetime":"1484838000","clicks":"0","impressions":"2"},{"id":"285","ad":"1","group":"0","thetime":"1484838000","clicks":"0","impressions":"2"},{"id":"286","ad":"2","group":"0","thetime":"1484841600","clicks":"0","impressions":"10"},{"id":"287","ad":"1","group":"0","thetime":"1484841600","clicks":"0","impressions":"10"},{"id":"288","ad":"2","group":"0","thetime":"1484845200","clicks":"0","impressions":"23"},{"id":"289","ad":"1","group":"0","thetime":"1484845200","clicks":"0","impressions":"23"},{"id":"290","ad":"2","group":"0","thetime":"1484899200","clicks":"0","impressions":"5"},{"id":"291","ad":"1","group":"0","thetime":"1484899200","clicks":"0","impressions":"5"},{"id":"292","ad":"2","group":"0","thetime":"1484902800","clicks":"0","impressions":"5"},{"id":"293","ad":"1","group":"0","thetime":"1484902800","clicks":"0","impressions":"5"},{"id":"294","ad":"2","group":"0","thetime":"1484906400","clicks":"0","impressions":"15"},{"id":"295","ad":"1","group":"0","thetime":"1484906400","clicks":"0","impressions":"16"},{"id":"296","ad":"2","group":"0","thetime":"1484910000","clicks":"0","impressions":"1"},{"id":"297","ad":"1","group":"0","thetime":"1484910000","clicks":"0","impressions":"1"},{"id":"298","ad":"2","group":"0","thetime":"1484917200","clicks":"0","impressions":"27"},{"id":"299","ad":"2","group":"0","thetime":"1484917200","clicks":"0","impressions":"1"},{"id":"300","ad":"1","group":"0","thetime":"1484917200","clicks":"0","impressions":"33"},{"id":"301","ad":"1","group":"0","thetime":"1484920800","clicks":"0","impressions":"25"},{"id":"302","ad":"2","group":"0","thetime":"1484920800","clicks":"0","impressions":"17"},{"id":"303","ad":"2","group":"0","thetime":"1484924400","clicks":"0","impressions":"17"},{"id":"304","ad":"1","group":"0","thetime":"1484924400","clicks":"0","impressions":"18"},{"id":"305","ad":"2","group":"0","thetime":"1484928000","clicks":"0","impressions":"3"},{"id":"306","ad":"1","group":"0","thetime":"1484928000","clicks":"0","impressions":"3"},{"id":"307","ad":"2","group":"0","thetime":"1484931600","clicks":"0","impressions":"3"},{"id":"308","ad":"1","group":"0","thetime":"1484931600","clicks":"0","impressions":"3"},{"id":"309","ad":"2","group":"0","thetime":"1485154800","clicks":"0","impressions":"1"},{"id":"310","ad":"1","group":"0","thetime":"1485154800","clicks":"0","impressions":"1"},{"id":"311","ad":"2","group":"0","thetime":"1485158400","clicks":"0","impressions":"2"},{"id":"312","ad":"1","group":"0","thetime":"1485158400","clicks":"0","impressions":"2"},{"id":"313","ad":"2","group":"0","thetime":"1485162000","clicks":"0","impressions":"12"},{"id":"314","ad":"1","group":"0","thetime":"1485162000","clicks":"0","impressions":"12"},{"id":"315","ad":"2","group":"0","thetime":"1485165600","clicks":"0","impressions":"2"},{"id":"316","ad":"1","group":"0","thetime":"1485165600","clicks":"0","impressions":"2"},{"id":"317","ad":"2","group":"0","thetime":"1485169200","clicks":"0","impressions":"27"},{"id":"318","ad":"1","group":"0","thetime":"1485169200","clicks":"0","impressions":"27"},{"id":"319","ad":"2","group":"0","thetime":"1485172800","clicks":"0","impressions":"4"},{"id":"320","ad":"1","group":"0","thetime":"1485172800","clicks":"0","impressions":"4"},{"id":"321","ad":"2","group":"0","thetime":"1485176400","clicks":"0","impressions":"4"},{"id":"322","ad":"1","group":"0","thetime":"1485176400","clicks":"0","impressions":"12"},{"id":"323","ad":"1","group":"0","thetime":"1485180000","clicks":"0","impressions":"19"},{"id":"324","ad":"2","group":"0","thetime":"1485180000","clicks":"0","impressions":"17"},{"id":"325","ad":"2","group":"0","thetime":"1485183600","clicks":"0","impressions":"3"},{"id":"326","ad":"1","group":"0","thetime":"1485183600","clicks":"0","impressions":"3"},{"id":"327","ad":"2","group":"0","thetime":"1485187200","clicks":"0","impressions":"21"},{"id":"328","ad":"1","group":"0","thetime":"1485187200","clicks":"0","impressions":"26"},{"id":"329","ad":"1","group":"0","thetime":"1485190800","clicks":"0","impressions":"7"},{"id":"330","ad":"2","group":"0","thetime":"1485190800","clicks":"0","impressions":"5"},{"id":"331","ad":"2","group":"0","thetime":"1485205200","clicks":"0","impressions":"1"},{"id":"332","ad":"1","group":"0","thetime":"1485205200","clicks":"0","impressions":"2"},{"id":"333","ad":"1","group":"0","thetime":"1485208800","clicks":"0","impressions":"2"},{"id":"334","ad":"2","group":"0","thetime":"1485208800","clicks":"0","impressions":"1"},{"id":"335","ad":"2","group":"0","thetime":"1485212400","clicks":"0","impressions":"5"},{"id":"336","ad":"1","group":"0","thetime":"1485212400","clicks":"0","impressions":"5"},{"id":"337","ad":"2","group":"0","thetime":"1485244800","clicks":"0","impressions":"7"},{"id":"338","ad":"1","group":"0","thetime":"1485244800","clicks":"0","impressions":"7"},{"id":"339","ad":"2","group":"0","thetime":"1485248400","clicks":"0","impressions":"18"},{"id":"340","ad":"1","group":"0","thetime":"1485248400","clicks":"0","impressions":"18"},{"id":"341","ad":"2","group":"0","thetime":"1485252000","clicks":"0","impressions":"15"},{"id":"342","ad":"1","group":"0","thetime":"1485252000","clicks":"0","impressions":"15"},{"id":"343","ad":"2","group":"0","thetime":"1485255600","clicks":"0","impressions":"5"},{"id":"344","ad":"1","group":"0","thetime":"1485255600","clicks":"0","impressions":"5"},{"id":"345","ad":"2","group":"0","thetime":"1485259200","clicks":"0","impressions":"2"},{"id":"346","ad":"1","group":"0","thetime":"1485259200","clicks":"0","impressions":"2"},{"id":"347","ad":"2","group":"0","thetime":"1485262800","clicks":"0","impressions":"10"},{"id":"348","ad":"1","group":"0","thetime":"1485262800","clicks":"0","impressions":"10"},{"id":"349","ad":"2","group":"0","thetime":"1485266400","clicks":"0","impressions":"1"},{"id":"350","ad":"1","group":"0","thetime":"1485266400","clicks":"0","impressions":"1"},{"id":"351","ad":"2","group":"0","thetime":"1485270000","clicks":"0","impressions":"10"},{"id":"352","ad":"1","group":"0","thetime":"1485270000","clicks":"0","impressions":"11"},{"id":"353","ad":"2","group":"0","thetime":"1485273600","clicks":"0","impressions":"3"},{"id":"354","ad":"1","group":"0","thetime":"1485273600","clicks":"0","impressions":"3"},{"id":"355","ad":"2","group":"0","thetime":"1485291600","clicks":"0","impressions":"3"},{"id":"356","ad":"1","group":"0","thetime":"1485291600","clicks":"0","impressions":"3"},{"id":"357","ad":"2","group":"0","thetime":"1485331200","clicks":"0","impressions":"3"},{"id":"358","ad":"1","group":"0","thetime":"1485331200","clicks":"0","impressions":"3"},{"id":"359","ad":"2","group":"0","thetime":"1485334800","clicks":"0","impressions":"10"},{"id":"360","ad":"1","group":"0","thetime":"1485334800","clicks":"0","impressions":"9"},{"id":"361","ad":"2","group":"0","thetime":"1485338400","clicks":"0","impressions":"12"},{"id":"362","ad":"1","group":"0","thetime":"1485338400","clicks":"0","impressions":"13"},{"id":"363","ad":"2","group":"0","thetime":"1485342000","clicks":"0","impressions":"7"},{"id":"364","ad":"1","group":"0","thetime":"1485342000","clicks":"0","impressions":"7"},{"id":"365","ad":"2","group":"0","thetime":"1485349200","clicks":"0","impressions":"10"},{"id":"366","ad":"1","group":"0","thetime":"1485349200","clicks":"0","impressions":"15"},{"id":"367","ad":"2","group":"0","thetime":"1485352800","clicks":"0","impressions":"10"},{"id":"368","ad":"1","group":"0","thetime":"1485352800","clicks":"0","impressions":"10"},{"id":"369","ad":"2","group":"0","thetime":"1485356400","clicks":"0","impressions":"1"},{"id":"370","ad":"1","group":"0","thetime":"1485356400","clicks":"0","impressions":"1"},{"id":"371","ad":"2","group":"0","thetime":"1486022400","clicks":"0","impressions":"2"},{"id":"372","ad":"1","group":"0","thetime":"1486022400","clicks":"0","impressions":"3"},{"id":"373","ad":"2","group":"0","thetime":"1486026000","clicks":"0","impressions":"14"},{"id":"374","ad":"1","group":"0","thetime":"1486026000","clicks":"0","impressions":"15"},{"id":"375","ad":"2","group":"0","thetime":"1486029600","clicks":"0","impressions":"4"},{"id":"376","ad":"1","group":"0","thetime":"1486029600","clicks":"0","impressions":"9"},{"id":"377","ad":"2","group":"0","thetime":"1486036800","clicks":"0","impressions":"4"},{"id":"378","ad":"2","group":"0","thetime":"1486036800","clicks":"0","impressions":"1"},{"id":"379","ad":"1","group":"0","thetime":"1486036800","clicks":"0","impressions":"3"},{"id":"380","ad":"2","group":"0","thetime":"1486044000","clicks":"0","impressions":"7"},{"id":"381","ad":"1","group":"0","thetime":"1486044000","clicks":"0","impressions":"7"},{"id":"382","ad":"2","group":"0","thetime":"1486054800","clicks":"0","impressions":"2"},{"id":"383","ad":"1","group":"0","thetime":"1486054800","clicks":"0","impressions":"2"},{"id":"384","ad":"2","group":"0","thetime":"1486108800","clicks":"0","impressions":"3"},{"id":"385","ad":"1","group":"0","thetime":"1486108800","clicks":"0","impressions":"4"},{"id":"386","ad":"2","group":"0","thetime":"1486112400","clicks":"0","impressions":"16"},{"id":"387","ad":"1","group":"0","thetime":"1486112400","clicks":"0","impressions":"19"},{"id":"388","ad":"2","group":"0","thetime":"1486116000","clicks":"0","impressions":"5"},{"id":"389","ad":"1","group":"0","thetime":"1486116000","clicks":"0","impressions":"8"},{"id":"390","ad":"2","group":"0","thetime":"1486119600","clicks":"0","impressions":"1"},{"id":"391","ad":"1","group":"0","thetime":"1486119600","clicks":"0","impressions":"2"},{"id":"392","ad":"1","group":"0","thetime":"1486123200","clicks":"0","impressions":"1"},{"id":"393","ad":"2","group":"0","thetime":"1486126800","clicks":"0","impressions":"3"},{"id":"394","ad":"1","group":"0","thetime":"1486126800","clicks":"0","impressions":"4"},{"id":"395","ad":"2","group":"0","thetime":"1486130400","clicks":"0","impressions":"3"},{"id":"396","ad":"1","group":"0","thetime":"1486130400","clicks":"0","impressions":"3"},{"id":"397","ad":"2","group":"0","thetime":"1486134000","clicks":"0","impressions":"2"},{"id":"398","ad":"1","group":"0","thetime":"1486134000","clicks":"0","impressions":"2"},{"id":"399","ad":"2","group":"0","thetime":"1486137600","clicks":"0","impressions":"3"},{"id":"400","ad":"1","group":"0","thetime":"1486137600","clicks":"0","impressions":"3"},{"id":"401","ad":"2","group":"0","thetime":"1486141200","clicks":"0","impressions":"9"},{"id":"402","ad":"1","group":"0","thetime":"1486141200","clicks":"0","impressions":"12"},{"id":"403","ad":"2","group":"0","thetime":"1486292400","clicks":"0","impressions":"1"},{"id":"404","ad":"1","group":"0","thetime":"1486292400","clicks":"0","impressions":"1"},{"id":"405","ad":"2","group":"0","thetime":"1486368000","clicks":"0","impressions":"4"},{"id":"406","ad":"1","group":"0","thetime":"1486368000","clicks":"0","impressions":"4"},{"id":"407","ad":"2","group":"0","thetime":"1486371600","clicks":"0","impressions":"12"},{"id":"408","ad":"1","group":"0","thetime":"1486371600","clicks":"0","impressions":"13"},{"id":"409","ad":"2","group":"0","thetime":"1486375200","clicks":"0","impressions":"5"},{"id":"410","ad":"1","group":"0","thetime":"1486375200","clicks":"0","impressions":"5"},{"id":"411","ad":"2","group":"0","thetime":"1486378800","clicks":"0","impressions":"1"},{"id":"412","ad":"1","group":"0","thetime":"1486378800","clicks":"0","impressions":"1"},{"id":"413","ad":"2","group":"0","thetime":"1486386000","clicks":"0","impressions":"6"},{"id":"414","ad":"1","group":"0","thetime":"1486386000","clicks":"0","impressions":"7"},{"id":"415","ad":"2","group":"0","thetime":"1486389600","clicks":"0","impressions":"13"},{"id":"416","ad":"1","group":"0","thetime":"1486389600","clicks":"0","impressions":"24"},{"id":"417","ad":"1","group":"0","thetime":"1486393200","clicks":"0","impressions":"14"},{"id":"418","ad":"2","group":"0","thetime":"1486393200","clicks":"0","impressions":"11"},{"id":"419","ad":"2","group":"0","thetime":"1486396800","clicks":"0","impressions":"9"},{"id":"420","ad":"1","group":"0","thetime":"1486396800","clicks":"0","impressions":"13"},{"id":"421","ad":"1","group":"0","thetime":"1486400400","clicks":"0","impressions":"5"},{"id":"422","ad":"2","group":"0","thetime":"1486400400","clicks":"0","impressions":"2"},{"id":"423","ad":"2","group":"0","thetime":"1486454400","clicks":"0","impressions":"4"},{"id":"424","ad":"1","group":"0","thetime":"1486454400","clicks":"0","impressions":"11"},{"id":"425","ad":"2","group":"0","thetime":"1486458000","clicks":"0","impressions":"7"},{"id":"426","ad":"1","group":"0","thetime":"1486458000","clicks":"0","impressions":"10"},{"id":"427","ad":"2","group":"0","thetime":"1486461600","clicks":"0","impressions":"6"},{"id":"428","ad":"1","group":"0","thetime":"1486461600","clicks":"0","impressions":"10"},{"id":"429","ad":"2","group":"0","thetime":"1486472400","clicks":"0","impressions":"2"},{"id":"430","ad":"1","group":"0","thetime":"1486472400","clicks":"0","impressions":"2"},{"id":"431","ad":"2","group":"0","thetime":"1486476000","clicks":"0","impressions":"22"},{"id":"432","ad":"1","group":"0","thetime":"1486476000","clicks":"0","impressions":"24"},{"id":"433","ad":"2","group":"0","thetime":"1486479600","clicks":"0","impressions":"17"},{"id":"434","ad":"1","group":"0","thetime":"1486479600","clicks":"0","impressions":"16"},{"id":"435","ad":"2","group":"0","thetime":"1486483200","clicks":"0","impressions":"14"},{"id":"436","ad":"1","group":"0","thetime":"1486483200","clicks":"0","impressions":"11"},{"id":"437","ad":"2","group":"0","thetime":"1486486800","clicks":"0","impressions":"2"},{"id":"438","ad":"1","group":"0","thetime":"1486486800","clicks":"0","impressions":"2"},{"id":"439","ad":"2","group":"0","thetime":"1486508400","clicks":"0","impressions":"1"},{"id":"440","ad":"1","group":"0","thetime":"1486508400","clicks":"0","impressions":"1"},{"id":"441","ad":"2","group":"0","thetime":"1486537200","clicks":"0","impressions":"7"},{"id":"442","ad":"1","group":"0","thetime":"1486537200","clicks":"0","impressions":"6"},{"id":"443","ad":"2","group":"0","thetime":"1486540800","clicks":"0","impressions":"3"},{"id":"444","ad":"1","group":"0","thetime":"1486540800","clicks":"0","impressions":"6"},{"id":"445","ad":"2","group":"0","thetime":"1486544400","clicks":"0","impressions":"8"},{"id":"446","ad":"1","group":"0","thetime":"1486544400","clicks":"0","impressions":"8"},{"id":"447","ad":"1","group":"0","thetime":"1486551600","clicks":"0","impressions":"1"},{"id":"448","ad":"1","group":"0","thetime":"1486558800","clicks":"0","impressions":"4"},{"id":"449","ad":"2","group":"0","thetime":"1486558800","clicks":"0","impressions":"1"},{"id":"450","ad":"2","group":"0","thetime":"1486562400","clicks":"0","impressions":"2"},{"id":"451","ad":"1","group":"0","thetime":"1486562400","clicks":"0","impressions":"3"},{"id":"452","ad":"2","group":"0","thetime":"1486566000","clicks":"0","impressions":"2"},{"id":"453","ad":"1","group":"0","thetime":"1486566000","clicks":"0","impressions":"2"},{"id":"454","ad":"1","group":"0","thetime":"1486569600","clicks":"0","impressions":"22"},{"id":"455","ad":"2","group":"0","thetime":"1486569600","clicks":"0","impressions":"18"},{"id":"456","ad":"2","group":"0","thetime":"1486576800","clicks":"0","impressions":"3"},{"id":"457","ad":"1","group":"0","thetime":"1486576800","clicks":"0","impressions":"3"},{"id":"458","ad":"2","group":"0","thetime":"1486598400","clicks":"0","impressions":"2"},{"id":"459","ad":"2","group":"0","thetime":"1486598400","clicks":"0","impressions":"1"},{"id":"460","ad":"1","group":"0","thetime":"1486598400","clicks":"0","impressions":"1"},{"id":"461","ad":"1","group":"0","thetime":"1486598400","clicks":"0","impressions":"1"},{"id":"462","ad":"2","group":"0","thetime":"1486627200","clicks":"0","impressions":"8"},{"id":"463","ad":"1","group":"0","thetime":"1486627200","clicks":"0","impressions":"8"},{"id":"464","ad":"2","group":"0","thetime":"1486630800","clicks":"0","impressions":"5"},{"id":"465","ad":"1","group":"0","thetime":"1486630800","clicks":"0","impressions":"5"},{"id":"466","ad":"2","group":"0","thetime":"1486634400","clicks":"0","impressions":"9"},{"id":"467","ad":"1","group":"0","thetime":"1486634400","clicks":"0","impressions":"9"},{"id":"468","ad":"2","group":"0","thetime":"1486638000","clicks":"0","impressions":"8"},{"id":"469","ad":"1","group":"0","thetime":"1486638000","clicks":"0","impressions":"5"},{"id":"470","ad":"2","group":"0","thetime":"1486645200","clicks":"0","impressions":"5"},{"id":"471","ad":"1","group":"0","thetime":"1486645200","clicks":"0","impressions":"2"},{"id":"472","ad":"2","group":"0","thetime":"1486648800","clicks":"0","impressions":"21"},{"id":"473","ad":"1","group":"0","thetime":"1486648800","clicks":"0","impressions":"6"},{"id":"474","ad":"2","group":"0","thetime":"1486652400","clicks":"0","impressions":"3"},{"id":"475","ad":"1","group":"0","thetime":"1486652400","clicks":"0","impressions":"1"},{"id":"476","ad":"2","group":"0","thetime":"1486656000","clicks":"0","impressions":"2"},{"id":"477","ad":"1","group":"0","thetime":"1486656000","clicks":"0","impressions":"2"},{"id":"478","ad":"2","group":"0","thetime":"1486659600","clicks":"0","impressions":"3"},{"id":"479","ad":"1","group":"0","thetime":"1486659600","clicks":"0","impressions":"3"},{"id":"480","ad":"2","group":"0","thetime":"1486717200","clicks":"0","impressions":"2"},{"id":"481","ad":"1","group":"0","thetime":"1486717200","clicks":"0","impressions":"2"},{"id":"482","ad":"2","group":"0","thetime":"1486720800","clicks":"0","impressions":"11"},{"id":"483","ad":"1","group":"0","thetime":"1486720800","clicks":"0","impressions":"9"},{"id":"484","ad":"2","group":"0","thetime":"1486724400","clicks":"0","impressions":"3"},{"id":"485","ad":"1","group":"0","thetime":"1486724400","clicks":"0","impressions":"2"},{"id":"486","ad":"2","group":"0","thetime":"1486731600","clicks":"0","impressions":"9"},{"id":"487","ad":"1","group":"0","thetime":"1486731600","clicks":"0","impressions":"8"},{"id":"488","ad":"2","group":"0","thetime":"1486735200","clicks":"0","impressions":"8"},{"id":"489","ad":"1","group":"0","thetime":"1486735200","clicks":"0","impressions":"6"},{"id":"490","ad":"2","group":"0","thetime":"1486738800","clicks":"0","impressions":"3"},{"id":"491","ad":"1","group":"0","thetime":"1486738800","clicks":"0","impressions":"3"},{"id":"492","ad":"2","group":"0","thetime":"1486893600","clicks":"0","impressions":"1"},{"id":"493","ad":"1","group":"0","thetime":"1486893600","clicks":"0","impressions":"1"},{"id":"494","ad":"2","group":"0","thetime":"1486976400","clicks":"0","impressions":"13"},{"id":"495","ad":"1","group":"0","thetime":"1486976400","clicks":"0","impressions":"7"},{"id":"496","ad":"2","group":"0","thetime":"1486980000","clicks":"0","impressions":"3"},{"id":"497","ad":"1","group":"0","thetime":"1486980000","clicks":"0","impressions":"2"},{"id":"498","ad":"2","group":"0","thetime":"1486983600","clicks":"0","impressions":"4"},{"id":"499","ad":"1","group":"0","thetime":"1486983600","clicks":"0","impressions":"4"},{"id":"500","ad":"2","group":"0","thetime":"1486990800","clicks":"0","impressions":"8"},{"id":"501","ad":"1","group":"0","thetime":"1486990800","clicks":"0","impressions":"7"},{"id":"502","ad":"2","group":"0","thetime":"1486994400","clicks":"0","impressions":"11"},{"id":"503","ad":"1","group":"0","thetime":"1486994400","clicks":"0","impressions":"5"},{"id":"504","ad":"2","group":"0","thetime":"1486998000","clicks":"0","impressions":"13"},{"id":"505","ad":"1","group":"0","thetime":"1486998000","clicks":"0","impressions":"10"},{"id":"506","ad":"2","group":"0","thetime":"1487001600","clicks":"0","impressions":"10"},{"id":"507","ad":"1","group":"0","thetime":"1487001600","clicks":"0","impressions":"10"},{"id":"508","ad":"2","group":"0","thetime":"1487062800","clicks":"0","impressions":"6"},{"id":"509","ad":"1","group":"0","thetime":"1487062800","clicks":"0","impressions":"5"},{"id":"510","ad":"2","group":"0","thetime":"1487170800","clicks":"0","impressions":"2"},{"id":"511","ad":"1","group":"0","thetime":"1487170800","clicks":"0","impressions":"1"},{"id":"512","ad":"2","group":"0","thetime":"1487174400","clicks":"0","impressions":"4"},{"id":"513","ad":"1","group":"0","thetime":"1487174400","clicks":"0","impressions":"4"},{"id":"514","ad":"2","group":"0","thetime":"1487178000","clicks":"0","impressions":"1"},{"id":"515","ad":"1","group":"0","thetime":"1487178000","clicks":"0","impressions":"1"},{"id":"516","ad":"2","group":"0","thetime":"1487250000","clicks":"0","impressions":"1"},{"id":"517","ad":"1","group":"0","thetime":"1487250000","clicks":"0","impressions":"1"},{"id":"518","ad":"2","group":"0","thetime":"1487253600","clicks":"0","impressions":"3"},{"id":"519","ad":"2","group":"0","thetime":"1487257200","clicks":"0","impressions":"2"},{"id":"520","ad":"1","group":"0","thetime":"1487257200","clicks":"0","impressions":"1"},{"id":"521","ad":"2","group":"0","thetime":"1487340000","clicks":"0","impressions":"13"},{"id":"522","ad":"1","group":"0","thetime":"1487340000","clicks":"0","impressions":"12"},{"id":"523","ad":"3","group":"1","thetime":"1487340000","clicks":"0","impressions":"3"},{"id":"524","ad":"1","group":"1","thetime":"1487340000","clicks":"0","impressions":"1"},{"id":"525","ad":"2","group":"0","thetime":"1487343600","clicks":"0","impressions":"5"},{"id":"526","ad":"1","group":"0","thetime":"1487343600","clicks":"0","impressions":"3"},{"id":"527","ad":"1","group":"1","thetime":"1487343600","clicks":"0","impressions":"3"},{"id":"528","ad":"3","group":"1","thetime":"1487343600","clicks":"0","impressions":"2"},{"id":"529","ad":"2","group":"0","thetime":"1487347200","clicks":"0","impressions":"8"},{"id":"530","ad":"1","group":"0","thetime":"1487347200","clicks":"0","impressions":"8"},{"id":"531","ad":"2","group":"0","thetime":"1487581200","clicks":"0","impressions":"2"},{"id":"532","ad":"1","group":"0","thetime":"1487581200","clicks":"0","impressions":"2"},{"id":"533","ad":"2","group":"0","thetime":"1487584800","clicks":"0","impressions":"9"},{"id":"534","ad":"1","group":"0","thetime":"1487584800","clicks":"0","impressions":"9"},{"id":"535","ad":"2","group":"0","thetime":"1487588400","clicks":"0","impressions":"2"},{"id":"536","ad":"1","group":"0","thetime":"1487588400","clicks":"0","impressions":"2"},{"id":"537","ad":"2","group":"0","thetime":"1487599200","clicks":"0","impressions":"7"},{"id":"538","ad":"1","group":"0","thetime":"1487599200","clicks":"0","impressions":"7"},{"id":"539","ad":"2","group":"0","thetime":"1487606400","clicks":"0","impressions":"1"},{"id":"540","ad":"1","group":"0","thetime":"1487606400","clicks":"0","impressions":"1"},{"id":"541","ad":"2","group":"0","thetime":"1487610000","clicks":"0","impressions":"8"},{"id":"542","ad":"1","group":"0","thetime":"1487610000","clicks":"0","impressions":"8"},{"id":"543","ad":"2","group":"0","thetime":"1487664000","clicks":"0","impressions":"4"},{"id":"544","ad":"1","group":"0","thetime":"1487664000","clicks":"0","impressions":"4"},{"id":"545","ad":"2","group":"0","thetime":"1487674800","clicks":"0","impressions":"1"},{"id":"546","ad":"1","group":"0","thetime":"1487674800","clicks":"0","impressions":"1"},{"id":"547","ad":"2","group":"0","thetime":"1487682000","clicks":"0","impressions":"6"},{"id":"548","ad":"1","group":"0","thetime":"1487682000","clicks":"0","impressions":"5"},{"id":"549","ad":"2","group":"0","thetime":"1487685600","clicks":"0","impressions":"11"},{"id":"550","ad":"1","group":"0","thetime":"1487685600","clicks":"0","impressions":"11"},{"id":"551","ad":"2","group":"0","thetime":"1487689200","clicks":"0","impressions":"11"},{"id":"552","ad":"1","group":"0","thetime":"1487689200","clicks":"0","impressions":"10"},{"id":"553","ad":"3","group":"1","thetime":"1487689200","clicks":"0","impressions":"3"},{"id":"554","ad":"1","group":"1","thetime":"1487689200","clicks":"0","impressions":"2"},{"id":"555","ad":"2","group":"0","thetime":"1487692800","clicks":"1","impressions":"13"},{"id":"556","ad":"1","group":"0","thetime":"1487692800","clicks":"0","impressions":"13"},{"id":"557","ad":"2","group":"0","thetime":"1487696400","clicks":"0","impressions":"7"},{"id":"558","ad":"1","group":"0","thetime":"1487696400","clicks":"0","impressions":"7"},{"id":"559","ad":"2","group":"0","thetime":"1487754000","clicks":"0","impressions":"7"},{"id":"560","ad":"1","group":"0","thetime":"1487754000","clicks":"0","impressions":"7"},{"id":"561","ad":"2","group":"0","thetime":"1487757600","clicks":"0","impressions":"3"},{"id":"562","ad":"1","group":"0","thetime":"1487757600","clicks":"0","impressions":"3"},{"id":"563","ad":"2","group":"0","thetime":"1487840400","clicks":"0","impressions":"5"},{"id":"564","ad":"1","group":"0","thetime":"1487840400","clicks":"0","impressions":"3"},{"id":"565","ad":"1","group":"1","thetime":"1487840400","clicks":"0","impressions":"1"},{"id":"566","ad":"2","group":"0","thetime":"1487926800","clicks":"0","impressions":"1"},{"id":"567","ad":"1","group":"0","thetime":"1487926800","clicks":"0","impressions":"1"},{"id":"568","ad":"2","group":"0","thetime":"1487948400","clicks":"0","impressions":"2"},{"id":"569","ad":"1","group":"0","thetime":"1487948400","clicks":"0","impressions":"1"},{"id":"570","ad":"2","group":"0","thetime":"1488193200","clicks":"0","impressions":"1"},{"id":"571","ad":"1","group":"0","thetime":"1488193200","clicks":"0","impressions":"1"},{"id":"572","ad":"2","group":"0","thetime":"1488200400","clicks":"0","impressions":"2"},{"id":"573","ad":"1","group":"0","thetime":"1488200400","clicks":"0","impressions":"2"},{"id":"574","ad":"2","group":"0","thetime":"1488214800","clicks":"0","impressions":"3"},{"id":"575","ad":"1","group":"0","thetime":"1488214800","clicks":"0","impressions":"3"},{"id":"576","ad":"2","group":"0","thetime":"1488290400","clicks":"0","impressions":"1"},{"id":"577","ad":"1","group":"0","thetime":"1488290400","clicks":"0","impressions":"1"},{"id":"578","ad":"2","group":"0","thetime":"1488297600","clicks":"0","impressions":"1"},{"id":"579","ad":"1","group":"0","thetime":"1488297600","clicks":"0","impressions":"1"},{"id":"580","ad":"2","group":"0","thetime":"1488384000","clicks":"0","impressions":"1"},{"id":"581","ad":"1","group":"0","thetime":"1488384000","clicks":"0","impressions":"1"},{"id":"582","ad":"2","group":"0","thetime":"1490029200","clicks":"0","impressions":"1"},{"id":"583","ad":"1","group":"0","thetime":"1490029200","clicks":"0","impressions":"1"},{"id":"584","ad":"2","group":"0","thetime":"1490101200","clicks":"0","impressions":"18"},{"id":"585","ad":"1","group":"0","thetime":"1490101200","clicks":"0","impressions":"6"},{"id":"586","ad":"2","group":"0","thetime":"1490108400","clicks":"0","impressions":"12"},{"id":"587","ad":"1","group":"0","thetime":"1490108400","clicks":"0","impressions":"4"},{"id":"588","ad":"2","group":"0","thetime":"1490263200","clicks":"0","impressions":"6"},{"id":"589","ad":"1","group":"0","thetime":"1490263200","clicks":"0","impressions":"2"},{"id":"590","ad":"2","group":"0","thetime":"1490608800","clicks":"0","impressions":"6"},{"id":"591","ad":"1","group":"0","thetime":"1490608800","clicks":"0","impressions":"2"},{"id":"592","ad":"2","group":"0","thetime":"1490716800","clicks":"0","impressions":"6"},{"id":"593","ad":"1","group":"0","thetime":"1490716800","clicks":"0","impressions":"2"},{"id":"594","ad":"2","group":"0","thetime":"1490886000","clicks":"0","impressions":"6"},{"id":"595","ad":"1","group":"0","thetime":"1490886000","clicks":"0","impressions":"2"},{"id":"596","ad":"2","group":"0","thetime":"1491310800","clicks":"0","impressions":"3"},{"id":"597","ad":"1","group":"0","thetime":"1491310800","clicks":"0","impressions":"1"},{"id":"598","ad":"2","group":"0","thetime":"1491318000","clicks":"0","impressions":"3"},{"id":"599","ad":"1","group":"0","thetime":"1491318000","clicks":"0","impressions":"1"},{"id":"600","ad":"2","group":"0","thetime":"1491321600","clicks":"0","impressions":"3"},{"id":"601","ad":"1","group":"0","thetime":"1491321600","clicks":"0","impressions":"1"},{"id":"602","ad":"2","group":"0","thetime":"1491332400","clicks":"0","impressions":"5"},{"id":"603","ad":"1","group":"0","thetime":"1491332400","clicks":"0","impressions":"1"},{"id":"604","ad":"3","group":"1","thetime":"1491332400","clicks":"0","impressions":"1"},{"id":"605","ad":"2","group":"0","thetime":"1491339600","clicks":"0","impressions":"3"},{"id":"606","ad":"1","group":"0","thetime":"1491339600","clicks":"0","impressions":"1"},{"id":"607","ad":"2","group":"0","thetime":"1491346800","clicks":"0","impressions":"3"},{"id":"608","ad":"1","group":"0","thetime":"1491346800","clicks":"0","impressions":"1"},{"id":"609","ad":"2","group":"0","thetime":"1491350400","clicks":"0","impressions":"3"},{"id":"610","ad":"1","group":"0","thetime":"1491350400","clicks":"0","impressions":"1"},{"id":"611","ad":"2","group":"0","thetime":"1491354000","clicks":"0","impressions":"3"},{"id":"612","ad":"1","group":"0","thetime":"1491354000","clicks":"0","impressions":"1"},{"id":"613","ad":"2","group":"0","thetime":"1491361200","clicks":"0","impressions":"3"},{"id":"614","ad":"1","group":"0","thetime":"1491361200","clicks":"0","impressions":"1"},{"id":"615","ad":"2","group":"0","thetime":"1491364800","clicks":"0","impressions":"6"},{"id":"616","ad":"1","group":"0","thetime":"1491364800","clicks":"0","impressions":"2"},{"id":"617","ad":"2","group":"0","thetime":"1491368400","clicks":"0","impressions":"3"},{"id":"618","ad":"1","group":"0","thetime":"1491368400","clicks":"0","impressions":"1"},{"id":"619","ad":"2","group":"0","thetime":"1491386400","clicks":"0","impressions":"3"},{"id":"620","ad":"1","group":"0","thetime":"1491386400","clicks":"0","impressions":"1"},{"id":"621","ad":"2","group":"0","thetime":"1491400800","clicks":"0","impressions":"7"},{"id":"622","ad":"1","group":"0","thetime":"1491400800","clicks":"0","impressions":"1"},{"id":"623","ad":"1","group":"1","thetime":"1491400800","clicks":"0","impressions":"1"},{"id":"624","ad":"3","group":"1","thetime":"1491400800","clicks":"0","impressions":"1"},{"id":"625","ad":"2","group":"0","thetime":"1491408000","clicks":"0","impressions":"5"},{"id":"626","ad":"1","group":"0","thetime":"1491408000","clicks":"0","impressions":"1"},{"id":"627","ad":"1","group":"1","thetime":"1491408000","clicks":"0","impressions":"1"},{"id":"628","ad":"3","group":"1","thetime":"1491408000","clicks":"0","impressions":"1"},{"id":"629","ad":"2","group":"0","thetime":"1491415200","clicks":"0","impressions":"3"},{"id":"630","ad":"1","group":"0","thetime":"1491415200","clicks":"0","impressions":"1"},{"id":"631","ad":"2","group":"0","thetime":"1491436800","clicks":"0","impressions":"3"},{"id":"632","ad":"1","group":"0","thetime":"1491436800","clicks":"0","impressions":"1"},{"id":"633","ad":"2","group":"0","thetime":"1491444000","clicks":"0","impressions":"5"},{"id":"634","ad":"1","group":"0","thetime":"1491444000","clicks":"0","impressions":"1"},{"id":"635","ad":"3","group":"1","thetime":"1491444000","clicks":"0","impressions":"10"},{"id":"636","ad":"1","group":"1","thetime":"1491444000","clicks":"0","impressions":"10"},{"id":"637","ad":"2","group":"0","thetime":"1491447600","clicks":"0","impressions":"6"},{"id":"638","ad":"1","group":"0","thetime":"1491447600","clicks":"0","impressions":"2"},{"id":"639","ad":"2","group":"0","thetime":"1491462000","clicks":"0","impressions":"6"},{"id":"640","ad":"1","group":"0","thetime":"1491462000","clicks":"0","impressions":"2"},{"id":"641","ad":"2","group":"0","thetime":"1491465600","clicks":"0","impressions":"3"},{"id":"642","ad":"1","group":"0","thetime":"1491465600","clicks":"0","impressions":"1"},{"id":"643","ad":"2","group":"0","thetime":"1491469200","clicks":"0","impressions":"3"},{"id":"644","ad":"1","group":"0","thetime":"1491469200","clicks":"0","impressions":"1"},{"id":"645","ad":"2","group":"0","thetime":"1491487200","clicks":"0","impressions":"6"},{"id":"646","ad":"1","group":"0","thetime":"1491487200","clicks":"0","impressions":"2"},{"id":"647","ad":"2","group":"0","thetime":"1491919200","clicks":"0","impressions":"6"},{"id":"648","ad":"1","group":"0","thetime":"1491919200","clicks":"0","impressions":"2"},{"id":"649","ad":"2","group":"0","thetime":"1492077600","clicks":"0","impressions":"6"},{"id":"650","ad":"1","group":"0","thetime":"1492077600","clicks":"0","impressions":"2"},{"id":"651","ad":"2","group":"0","thetime":"1492092000","clicks":"0","impressions":"9"},{"id":"652","ad":"1","group":"0","thetime":"1492092000","clicks":"0","impressions":"3"},{"id":"653","ad":"2","group":"0","thetime":"1492160400","clicks":"0","impressions":"12"},{"id":"654","ad":"1","group":"0","thetime":"1492160400","clicks":"0","impressions":"4"},{"id":"655","ad":"2","group":"0","thetime":"1492599600","clicks":"0","impressions":"6"},{"id":"656","ad":"1","group":"0","thetime":"1492599600","clicks":"0","impressions":"2"},{"id":"657","ad":"2","group":"0","thetime":"1492617600","clicks":"0","impressions":"6"},{"id":"658","ad":"1","group":"0","thetime":"1492617600","clicks":"0","impressions":"2"},{"id":"659","ad":"2","group":"0","thetime":"1493118000","clicks":"0","impressions":"3"},{"id":"660","ad":"1","group":"0","thetime":"1493118000","clicks":"0","impressions":"1"},{"id":"661","ad":"2","group":"0","thetime":"1493121600","clicks":"0","impressions":"3"},{"id":"662","ad":"1","group":"0","thetime":"1493121600","clicks":"0","impressions":"1"}]}