[{"wp_inactive_widgets":["nav_menu-4","nav_menu-5","nav_menu-3","nav_menu-6","single-images-3","courses-3","list-post-5","search-4","categories-2","courses-2","single-images-2","list-post-2","text-2","search-3","courses-searching-2","nav_menu-7","nav_menu-8","nav_menu-9","nav_menu-10","course-categories-2","courses-4","single-images-4","list-post-6"],"sidebar":["search-4","categories-2","courses-2","single-images-2","list-post-2"],"menu_right":["woocommerce_widget_cart-2","login-popup-2"],"footer":["text-3","nav_menu-15","nav_menu-16","nav_menu-17","nav_menu-18"],"footer_bottom":["heading-2","button-2"],"copyright":["nav_menu-14"],"sidebar_courses":["course-categories-2","courses-5","single-images-5","list-post-7"],"sidebar_events":["book-event-2"]},{"search":{"4":{"title":"Search","widget-class":""},"3":{"title":"","widget-class":""},"_multiwidget":1},"categories":{"2":{"title":"","count":0,"hierarchical":0,"dropdown":0},"_multiwidget":1},"courses":{"2":{"heading_group":{"title":"Popular Courses","textcolor":false,"size":"h3","font_heading":"default","custom_font_heading":{"custom_font_size":18,"custom_font_weight":"normal"}},"desc_group":{"des":"","des_color":false,"des_font_size":16,"des_font_weight":"normal"},"order":"popular","layout":"list-sidebar","limit":3,"view_all_courses":"","slider-options":{"show_navigation":true,"item_visible":"4","show_pagination":false},"grid-options":{"columns":"2"},"widget-class":""},"5":{"heading_group":{"title":"Popular Courses","textcolor":false,"size":"h3","font_heading":"default","custom_font_heading":{"custom_font_size":18,"custom_font_weight":"normal"}},"desc_group":{"des":"","des_color":false,"des_font_size":16,"des_font_weight":"normal"},"order":"popular","layout":"list-sidebar","limit":3,"view_all_courses":"","slider-options":{"show_navigation":true,"item_visible":"4","show_pagination":false},"grid-options":{"columns":"2"},"widget-class":""},"3":{"heading_group":{"title":"Popular Courses","textcolor":false,"size":"h3","font_heading":"default","custom_font_heading":{"custom_font_size":18,"custom_font_weight":"normal"}},"desc_group":{"des":"","des_color":false,"des_font_size":16,"des_font_weight":"normal"},"order":"popular","layout":"list-sidebar","limit":3,"view_all_courses":"","slider-options":{"show_navigation":true,"item_visible":"4","show_pagination":false},"grid-options":{"columns":"2"},"widget-class":""},"4":{"heading_group":{"title":"Popular Courses","textcolor":false,"size":"h3","font_heading":"default","custom_font_heading":{"custom_font_size":18,"custom_font_weight":"normal"}},"desc_group":{"des":"","des_color":false,"des_font_size":16,"des_font_weight":"normal"},"order":"popular","layout":"list-sidebar","limit":3,"view_all_courses":"","slider-options":{"show_navigation":true,"item_visible":"4","show_pagination":false},"grid-options":{"columns":"2"},"widget-class":""},"_multiwidget":1},"single-images":{"2":{"image":3384,"image_size":"","image_link":"#","link_target":"_self","image_alignment":"left","css_animation":false,"widget-class":""},"5":{"image":3384,"image_size":"","image_link":"#","link_target":"_self","image_alignment":"left","css_animation":false,"widget-class":""},"3":{"image":1772,"image_size":"","image_link":"#","link_target":"_self","image_alignment":"left","css_animation":false,"widget-class":""},"4":{"image":1772,"image_size":"","image_link":"#","link_target":"_self","image_alignment":"left","css_animation":false,"widget-class":""},"_multiwidget":1},"list-post":{"2":{"title":"Latest Posts","cat_id":"9","image_size":"thumbnail","show_description":"no","number_posts":3,"orderby":"recent","order":"desc","link":"","text_link":"","style":"sidebar","widget-class":""},"7":{"title":"Latest Posts","cat_id":"9","image_size":"thumbnail","show_description":"no","number_posts":3,"orderby":"recent","order":"desc","link":"","text_link":"","style":"sidebar","widget-class":""},"5":{"title":"Latest Posts","cat_id":"9","image_size":"thumbnail","show_description":"no","number_posts":3,"orderby":"recent","order":"desc","link":"","text_link":"","style":"sidebar","widget-class":""},"6":{"title":"Latest Posts","cat_id":"9","image_size":"thumbnail","show_description":"no","number_posts":3,"orderby":"recent","order":"desc","link":"","text_link":"","style":"sidebar","widget-class":""},"_multiwidget":1},"woocommerce_widget_cart":{"2":{"title":"Cart","hide_if_empty":0,"widget-class":""},"_multiwidget":1},"login-popup":{"2":{"text_register":"Register","text_login":"Login","text_logout":"Logout","shortcode":"[miniorange_social_login shape=\"longbuttonwithtext\" theme=\"default\" space=\"4\" width=\"240\" height=\"40\"]","widget-class":""},"_multiwidget":1},"text":{"3":{"title":"","text":"<div class=\"thim-footer-location\">\r\n\r\n<img class=\"alignnone size-full wp-image-10\" src=\"http:\/\/thim.staging.wpengine.com\/wp-content\/uploads\/2015\/11\/logo.png\" alt=\"logo-eduma-the-best-lms-wordpress-theme\" width=\"145\" height=\"40\" \/>\r\n<p class=\"info\"><i class=\"fa fa-phone\"><\/i><a href=\"tel:00123456789\">(00) 123 456 789<\/a><\/p>\r\n<p class=\"info\"><i class=\"fa fa-envelope\"><\/i><a href=\"mailto:hello@eduma.com\">hello@eduma.com<\/a><\/p>\r\n\r\n<\/div>\r\n<div class=\"thim-social\">\r\n\t<ul class=\"social_link\">\r\n\t\t<li><a class=\"facebook hasTooltip\" href=\"https:\/\/www.facebook.com\/ThimPress\" target=\"_self\"><i class=\"fa fa-facebook\"><\/i><\/a><\/li>\r\n\t\t<li><a class=\"twitter hasTooltip\" href=\"https:\/\/twitter.com\/thimpress\" target=\"_self\"><i class=\"fa fa-twitter\"><\/i><\/a><\/li>\r\n\t\t<li><a class=\"google-plus hasTooltip\" href=\"https:\/\/plus.google.com\/+Thimpress\" target=\"_self\"><i class=\"fa fa-google-plus\"><\/i><\/a><\/li>\r\n\t\t<li><a class=\"pinterest hasTooltip\" href=\"#\" target=\"_self\"><i class=\"fa fa-pinterest\"><\/i><\/a><\/li>\r\n\t<\/ul>\r\n<\/div>","filter":false,"widget-class":"col-sm-4"},"2":null,"_multiwidget":1},"nav_menu":{"15":{"title":"Company","nav_menu":7,"widget-class":"col-sm-2"},"16":{"title":"Links","nav_menu":21,"widget-class":"col-sm-2"},"17":{"title":"Support","nav_menu":22,"widget-class":"col-sm-2"},"18":{"title":"Recommend","nav_menu":23,"widget-class":"col-sm-2"},"14":{"nav_menu":24,"widget-class":""},"4":{"title":"Support","nav_menu":22,"widget-class":"col-sm-2"},"5":{"title":"Recommend","nav_menu":23,"widget-class":"col-sm-2"},"3":{"title":"Products","nav_menu":21,"widget-class":"col-sm-2"},"6":{"nav_menu":24,"widget-class":""},"7":{"title":"Products","nav_menu":21,"widget-class":"col-sm-2"},"8":{"title":"Support","nav_menu":22,"widget-class":"col-sm-2"},"9":{"title":"Recommend","nav_menu":23,"widget-class":"col-sm-2"},"10":{"nav_menu":24,"widget-class":""},"_multiwidget":1},"heading":{"2":{"title":"Become an instructor?","textcolor":"#333333","size":"h3","sub_heading":"Join thousand of instructors and earn money hassle free!","sub_heading_color":"#333333","font_heading":"default","custom_font_heading":{"custom_font_size":14,"custom_font_weight":"normal","custom_font_style":"inherit"},"line":true,"bg_line":false,"text_align":"text-center","css_animation":false,"widget-class":""},"_multiwidget":1},"button":{"2":{"title":"Get Started Now","url":"https:\/\/themeforest.net\/item\/education-wordpress-theme-education-wp\/14058034?ref=ThimPress&utm_source=demo&utm_medium=demofooter","custom_style":"default","style_options":{"font_size":14,"font_weight":"normal","border_width":"","color":false,"border_color":false,"bg_color":false,"hover_color":false,"hover_border_color":false,"hover_bg_color":false},"icon":{"icon":"","icon_size":14},"layout":{"button_size":"normal","rounding":false},"widget-class":"","new_window":false},"_multiwidget":1},"course-categories":{"2":{"title":"All Courses","widget-class":"","show_counts":false,"hierarchical":false},"_multiwidget":1},"book-event":{"2":{"title":"","widget-class":""},"_multiwidget":1},"courses-searching":{"2":null,"_multiwidget":1}}]