[{"megamenu_sidebar":["siteorigin-panels-builder-11"],"sidebar-1":["events-1","campaign-categories-1","categories-3","list-post-4","campaign-1","single-images-2","list-post-5"],"top_sidebar":["siteorigin-panels-builder-2"],"footer":["siteorigin-panels-builder-497820008"]},{"siteorigin-panels-builder":{"11":{"panels_data":{"widgets":[{"title":"Featured Link","nav_menu":47,"widget-class":"","panels_info":{"class":"WP_Nav_Menu_Widget","raw":false,"grid":0,"cell":0,"id":0,"widget_id":"afd741fd-b721-4681-935c-a6c80a4d04d6","style":{"class":"","widget_css":"","padding":"","background":"","background_image_attachment":"0","background_display":"tile","border_color":"","font_color":"","link_color":""}}},{"title":"Latest Causes","template":"simple","number":3,"orderby":"recent","order":"asc","default_option":{"columns":"3"},"widget-class":"","panels_info":{"class":"thim_campaign_widget","raw":false,"grid":0,"cell":1,"id":1,"widget_id":"4f4c876e-e192-4205-aab2-2c47fb2a4aa5","style":{"class":"","widget_css":"","padding":"","background":"","background_image_attachment":"0","background_display":"tile","border_color":"","font_color":"","link_color":""}}},{"title":"Upcoming Events","number":3,"status":"tp-event-upcoming","orderby":"tp_event_date_start","order":"asc","template":"style3","default_option":{"columns":"2"},"widget-class":"","panels_info":{"class":"thim_events_widget","raw":false,"grid":0,"cell":2,"id":2,"widget_id":"1d1a7d31-e085-4643-bb2c-327aa7c599f4","style":{"class":"","widget_css":"","padding":"","background":"","background_image_attachment":"0","background_display":"tile","border_color":"","font_color":"","link_color":""}}},{"title":"Featured Video","text":"<iframe src=\"https:\/\/player.vimeo.com\/video\/154475367?color=ffffff&title=0&byline=0&portrait=0\" width=\"260\" height=\"150\" frameborder=\"0\" webkitallowfullscreen mozallowfullscreen allowfullscreen><\/iframe>","widget-class":"","filter":false,"panels_info":{"class":"WP_Widget_Text","raw":false,"grid":0,"cell":3,"id":3,"widget_id":"c0ead685-b5cb-480e-b83e-6f9823ff89b7","style":{"class":"","widget_css":"","padding":"","background":"","background_image_attachment":"0","background_display":"tile","border_color":"","font_color":"","link_color":""}}}],"grids":[{"cells":4,"style":[]}],"grid_cells":[{"grid":0,"weight":0.25},{"grid":0,"weight":0.25},{"grid":0,"weight":0.25},{"grid":0,"weight":0.25}]},"builder_id":"581b502ee8ac5","widget-class":"","widget_logic":""},"2":{"panels_data":{"widgets":[{"title":"","widget-class":"","panels_info":{"class":"DN_Widget_Button","grid":0,"cell":0,"id":0,"widget_id":"24065854-ecd2-4df1-ab51-0e0732008c6f","style":{"class":"","widget_css":"","padding":"","background":"","background_image_attachment":"0","background_display":"tile","border_color":"","font_color":"","link_color":""}}},{"widget-class":"","panels_info":{"class":"thim_search_box_widget","grid":0,"cell":0,"id":1,"widget_id":"e8958e2e-6091-463e-bfff-f8aaeb08e4d6","style":{"class":"","widget_css":"","padding":"","background":"","background_image_attachment":"0","background_display":"tile","border_color":"","font_color":"","link_color":""}}}],"grids":[{"cells":1,"style":{"id":"","class":"","cell_class":"","row_css":"","bottom_margin":"","gutter":"","padding":"","row_stretch":"","collapse_order":"","background":"","background_image_attachment":"0","background_display":"tile","border_color":"","overlay":""}}],"grid_cells":[{"grid":0,"weight":1}]},"builder_id":"5b209997f0ddd","widget_logic":"","widget-class":"has-border"},"497820008":{"panels_data":{"widgets":[{"title":"","text":"<img src=\"https:\/\/charitywp.thimpress.com\/demo-7\/wp-content\/uploads\/sites\/7\/2018\/06\/home7-logo-ft.png\" alt=\"\" width=\"213\" height=\"42\" class=\"alignnone size-full wp-image-5691\" \/>\n<p style=\"margin:20px 0;\">Lorem ipsum dolor sit amet, consecte adip sicing elit, sed do eiusmod<\/p>\n[mc4wp_form id=\"74\"]","text_selected_editor":"html","autop":true,"_sow_form_id":"2119103205b29b24a27ecf230950366","_sow_form_timestamp":"1529459283876","widget_logic":"","widget-class":"","panels_info":{"class":"SiteOrigin_Widget_Editor_Widget","raw":false,"grid":0,"cell":0,"id":0,"widget_id":"40e9fbe2-7441-405c-8480-20078f7f6be5","style":{"id":"","class":"","widget_css":"","mobile_css":"","margin":"","padding":"","mobile_padding":"","background":"","background_image_attachment":"0","background_image_attachment_fallback":"","background_display":"tile","border_color":"","font_color":"","link_color":""}}},{"title":"","link_face":"#","link_twitter":"#","link_google":"#","link_dribble":"","link_linkedin":"","link_pinterest":"","link_digg":"","link_youtube":"","link_instagram":"#","link_flickr":"","link_target":"_self","style":"default","align":"left","widget_logic":"","widget-class":"","panels_info":{"class":"Thim_Social_Widget","grid":0,"cell":0,"id":1,"widget_id":"be939ad6-2f56-4dfc-aeb5-5919199d080c","style":{"id":"","class":"","widget_css":"","mobile_css":"","margin":"","padding":"20px 0px 0px 0px","mobile_padding":"","background":"","background_image_attachment":"0","background_image_attachment_fallback":"","background_display":"tile","border_color":"","font_color":"","link_color":""}}},{"title":"company","nav_menu":46,"widget_logic":"","widget-class":"","panels_info":{"class":"WP_Nav_Menu_Widget","raw":false,"grid":0,"cell":1,"id":2,"widget_id":"bce945c3-0ddc-4bd8-918c-3066bb8dff58","style":{"id":"","class":"count-menu","widget_css":"","mobile_css":"","margin":"","padding":"","mobile_padding":"","background":"","background_image_attachment":"0","background_image_attachment_fallback":"","background_display":"tile","border_color":"","font_color":"","link_color":""}}},{"title":"connect us","text":"<ul class=\"footer-info\">\n\t\t<li><i class=\"fa fa-phone\"><\/i><a href=\"tel:00123456789\"> +(00) 123 456 789<\/a><\/li>\n\t\t<li><i class=\"fa fa-envelope\"><\/i><a href=\"mailto:hello@yourmail.com\"> hello@thimpress.com<\/a><\/li>\n\t\t<li><i class=\"fa fa-fax\"><\/i><a href=\"tel:10269698888\">(102) 6969 8888<\/a><\/li>\n\t\t<li><i class=\"fa fa-map-marker\"><\/i><span>A26BT5 Silver , London, England<\/span><\/li>\n\t<\/ul>","text_selected_editor":"html","autop":true,"_sow_form_id":"416173075b29b200bbf0e012405341","_sow_form_timestamp":"1529459207570","widget_logic":"","widget-class":"","panels_info":{"class":"SiteOrigin_Widget_Editor_Widget","raw":false,"grid":0,"cell":2,"id":3,"widget_id":"4f665185-52ce-443b-a858-a8fadcc53140","style":{"id":"","class":"","widget_css":"","mobile_css":"","margin":"","padding":"","mobile_padding":"","background":"","background_image_attachment":"0","background_image_attachment_fallback":"","background_display":"tile","border_color":"","font_color":"","link_color":""}}},{"title":"OUR WORLDWIDE OFFICE","subtitle":"","description":"","image":99,"image_size":"","image_link":"","link_target":"_self","image_alignment":"left","effect_hover":"effect-hover","widget_logic":"","widget-class":"","panels_info":{"class":"Thim_Single_Images_Widget","raw":false,"grid":0,"cell":3,"id":4,"widget_id":"fc55ab1f-46a6-4d39-b56f-0962f09b5cd6","style":{"id":"","class":"","widget_css":"","mobile_css":"","margin":"","padding":"","mobile_padding":"","background":"","background_image_attachment":"0","background_image_attachment_fallback":"","background_display":"tile","border_color":"","font_color":"","link_color":""}}},{"text_align":"center","widget_logic":"","widget-class":"","panels_info":{"class":"Thim_Copyright_Widget","raw":false,"grid":1,"cell":0,"id":5,"widget_id":"b91922a7-62b5-4670-b1dc-4c454f913ada","style":{"id":"","class":"text-center","widget_css":"","mobile_css":"","margin":"","padding":"","mobile_padding":"","background":"","background_image_attachment":"0","background_image_attachment_fallback":"","background_display":"tile","border_color":"","font_color":"","link_color":""}}}],"grids":[{"cells":4,"style":{"id":"","class":"","cell_class":"","row_css":"","mobile_css":"","bottom_margin":"","gutter":"","padding":"130px 0px 60px 0px","mobile_padding":"","row_stretch":"full","collapse_behaviour":"","collapse_order":"","cell_alignment":"flex-start","background":"","background_image_attachment":"5458","background_image_attachment_fallback":"","background_display":"tile","border_color":"","overlay":""},"ratio":1,"ratio_direction":"right"},{"cells":1,"style":{"id":"","class":"","cell_class":"","row_css":"padding-top: 17px;\npadding-bottom: 20px;","mobile_css":"","bottom_margin":"","gutter":"","padding":"","mobile_padding":"","row_stretch":"full","collapse_behaviour":"","collapse_order":"","cell_alignment":"flex-start","background":"#21212a","background_image_attachment":"0","background_image_attachment_fallback":"","background_display":"tile","border_color":"","overlay":""},"ratio":1,"ratio_direction":"right"}],"grid_cells":[{"grid":0,"index":0,"weight":0.25,"style":[]},{"grid":0,"index":1,"weight":0.25,"style":[]},{"grid":0,"index":2,"weight":0.25,"style":[]},{"grid":0,"index":3,"weight":0.25,"style":[]},{"grid":1,"index":0,"weight":1,"style":[]}]},"builder_id":"5b29b322c53ea","widget_logic":"","widget-class":"style-bg-image"},"_multiwidget":1},"events":{"1":{"title":"Upcoming Event","number":4,"status":"tp-event-upcoming","time_format":"24h","orderby":"tp_event_date_start","order":"asc","template":"style3","thumbnail_size":"475x276","default_option":{"columns":"2"},"widget_logic":""},"_multiwidget":1},"campaign-categories":{"1":{"title":"Cause Categories","show_all":"show","show_count":"show","widget-class":""},"_multiwidget":1},"categories":{"3":{"title":"Blog Categories","count":1,"hierarchical":0,"dropdown":0,"widget-class":""},"_multiwidget":1},"list-post":{"4":{"title":"Popular Posts","cat_id":"8","number_posts":3,"orderby":"popular","order":"asc","date":"hidden","template":"base","columns":3,"widget-class":""},"5":{"title":"Latest Posts","cat_id":"1","number_posts":3,"orderby":"recent","order":"asc","date":"show","template":"base","columns":3,"widget-class":""},"_multiwidget":1},"campaign":{"1":{"title":"Popular Causes","template":"simple","number":3,"orderby":"popular","order":"desc","default_option":{"columns":"3"},"widget-class":""},"_multiwidget":1},"single-images":{"2":{"title":"","subtitle":"","description":"","image":260,"image_size":"full","image_link":"#","link_target":"_self","image_alignment":"center","effect_hover":"effect-hover","widget-class":""},"_multiwidget":1}}]