[{"sidebar":["search-1","recent-posts-1","recent-comments-1","archives-1","categories-1","meta-1"],"menu-right":["thim_layout_builder-1"],"footer-sidebar-1":["media_image-1","text-2","thim_layout_builder-2"],"footer-sidebar-2":["nav_menu-1"],"footer-sidebar-3":["custom_html-1"],"footer-sidebar-4":["text-3"],"sidebar_shop":["woocommerce_product_search-2","woocommerce_product_categories-2","woocommerce_price_filter-2","woocommerce_products-2","woocommerce_product_tag_cloud-2","media_image-2"]},{"search":{"1":{"title":""},"_multiwidget":1},"recent-posts":{"1":{"title":"","number":5},"_multiwidget":1},"recent-comments":{"1":{"title":"","number":5},"_multiwidget":1},"archives":{"1":{"title":"","count":0,"dropdown":0},"_multiwidget":1},"categories":{"1":{"title":"","count":0,"hierarchical":0,"dropdown":0},"_multiwidget":1},"meta":{"1":{"title":""},"_multiwidget":1},"thim_layout_builder":{"1":{"widget-class":"","content":"[vc_row][vc_column][thim-login-popup text_login=\"Login \/ Register\" text_register=\"\"][\/vc_column][\/vc_row]","custom_css":""},"2":{"widget-class":"","content":"[vc_row][vc_column][thim-social-links social_links=\"%5B%7B%22icon%22%3A%22fa%20fa-facebook%22%2C%22link%22%3A%22http%3A%2F%2Ffacebook.com%2Fthimpress%2F%22%7D%2C%7B%22icon%22%3A%22fa%20fa-twitter%22%2C%22link%22%3A%22http%3A%2F%2Ftwitter.com%2Fthimpress%2F%22%7D%2C%7B%22icon%22%3A%22fa%20fa-skype%22%2C%22link%22%3A%22http%3A%2F%2Fskype.com%2Fthimpress%2F%22%7D%2C%7B%22icon%22%3A%22fa%20fa-google-plus%22%2C%22link%22%3A%22http%3A%2F%2Fplus.google.com%2Fthimpress%2F%22%7D%5D\"][\/vc_column][\/vc_row]","custom_css":""},"_multiwidget":1},"media_image":{"1":{"attachment_id":855,"url":"http:\/\/penta.thimpress.com\/demo-11\/wp-content\/uploads\/sites\/11\/2018\/04\/Logo-1.png","title":"","size":"full","width":124,"height":45,"caption":"","alt":"","link_type":"custom","link_url":"","image_classes":"","link_classes":"","link_rel":"","link_target_blank":false,"image_title":"","widget-class":"","widget_logic":""},"2":{"attachment_id":859,"url":"http:\/\/penta.thimpress.com\/demo-11\/wp-content\/uploads\/sites\/11\/2018\/04\/banner.jpg","title":"","size":"full","width":298,"height":325,"caption":"","alt":"","link_type":"custom","link_url":"https:\/\/thimpress.com\/product\/education-pack-1-free-education-wordpress-theme\/","image_classes":"","link_classes":"","link_rel":"","link_target_blank":false,"image_title":"","widget-class":"","widget_logic":""},"_multiwidget":1},"text":{"2":{"title":"","text":"Let's subscribe to receive emails out our newest event and newsletter\r\n\r\n[mc4wp_form]","filter":true,"visual":true,"widget-class":"mc4wp-inline-form","widget_logic":""},"3":{"title":"OPEN HOURS","text":"<ul class=\"thim-open-hours\">\r\n \t<li><span class=\"first\">Monday - Tuesday<\/span> <span class=\"last\">16:00 - 20:00<\/span><\/li>\r\n \t<li><span class=\"first\">Wednesday - Thursday<\/span> <span class=\"last\">17:00 - 20:00<\/span><\/li>\r\n \t<li><span class=\"first\">Friday - Saturday<\/span> <span class=\"last\">10:00 - 20:00<\/span><\/li>\r\n \t<li><span class=\"first\">Sunday<\/span>\u00a0<span class=\"last\">Holiday<\/span><\/li>\r\n<\/ul>","filter":true,"visual":true,"widget-class":""},"_multiwidget":1},"nav_menu":{"1":{"title":"USEFUL LINKS","nav_menu":3,"widget-class":"column-2"},"_multiwidget":1},"custom_html":{"1":{"title":"CONNECT US","content":"<ul class=\"thim-contact-list\">\r\n<li><i class=\"fa fa-phone\" aria-hidden=\"true\"><\/i> <a href=\"tel:00123456789\">(+00) 123456-789<\/a><\/li><li><i class=\"fa fa-envelope-o\" aria-hidden=\"true\"><\/i> <a href=\"mailto:info@thimpress.com\">info@thimpress.com<\/a><\/li><li><i class=\"fa fa-fax\" aria-hidden=\"true\"><\/i> <a href=\"tel:01123456789\">(+01) 123456-789<\/a><\/li><li><i class=\"fa fa-map-marker\" aria-hidden=\"true\"><\/i> PO Box 97845 Baker st. 567, Los Angeles, California, US.<\/li>\r\n<\/ul>","widget-class":""},"_multiwidget":1},"woocommerce_product_search":{"2":{"title":"","widget-class":""},"_multiwidget":1},"woocommerce_product_categories":{"2":{"title":"Categories","orderby":"name","dropdown":0,"count":1,"hierarchical":1,"show_children_only":0,"hide_empty":0,"max_depth":"","widget-class":""},"_multiwidget":1},"woocommerce_price_filter":{"2":{"title":"Filter by price","widget-class":""},"_multiwidget":1},"woocommerce_products":{"2":{"title":"POPULAR PRODUCTS","number":4,"show":"","orderby":"date","order":"desc","hide_free":0,"show_hidden":0,"widget-class":""},"_multiwidget":1},"woocommerce_product_tag_cloud":{"2":{"title":"Tags","widget-class":""},"_multiwidget":1}}]