[{"sidebar":["text-7","categories-3","text-8","text-9"],"topbar-left":["text-2"],"topbar-right":["text-14"],"right_menu":["search-4","woocommerce_widget_cart-2","text-6"],"sidebar_shop":["woocommerce_product_categories-2","text-13","woocommerce_price_filter-3"],"footer_banner":["text-11"],"footer-sticky":["thim_layout_builder-2"],"footer-sidebar-1":["text-4"],"footer-sidebar-2":["nav_menu-3"],"footer-sidebar-3":["nav_menu-4"],"footer-sidebar-4":["text-5"]},{"text":{"7":{"title":"About Blog","text":"<img style=\"border-radius: 100%;margin-top:10px;margin-bottom:30px;\"  src=\"http:\/\/hairsalonwp.thimpress.com\/wp-content\/uploads\/2016\/08\/about-blog.png\" alt=\"\"\/>\r\n<p>Typi non habent claritatem insi; est usus legentis in iis qui facit eorum claritatem.<\/p>","filter":false,"widget-class":"","widget_logic":""},"8":{"title":"","text":"<div class=\"newsletter-content\">\r\n    <div class=\"sc-heading article_heading\">\r\n        <h3 class=\"heading_primary widget-title\">Newsletter <i class=\"thim-color\">Sign Up<\/i><\/h3>\r\n    <\/div>\r\n   [mc4wp_form]\r\n<\/div>","filter":false,"widget-class":"newsletter"},"9":{"title":"","text":"<a href=\"#\"> <img src=\"http:\/\/hairsalonwp.thimpress.com\/wp-content\/uploads\/2016\/12\/sidebar-instagram.jpg\" alt=\"My instagram\"><\/a>\r\n","filter":false,"widget-class":"no-padding","widget_logic":""},"2":{"title":"","text":"<ul class=\"list-inline\">\r\n    <li><span>T. <\/span><a href=\"tel:00123456789\">(00)&nbsp;123&nbsp;456&nbsp;789<\/a><\/li>\r\n    <li><span>E. <\/span><a href=\"mailto:hello@thimpress.com\">hello@thimpress.com<\/a><\/li>\r\n    <li><span>A. <\/span>329 Queensberry Street, CA 94559, United States<\/li>\r\n<\/ul>","filter":false,"widget-class":"","widget_logic":""},"14":{"title":"","text":"<ul class=\"list-inline social-link\" style=\"padding-right:110px;\">\r\n    <li><a class=\"facebook\" href=\"http:\/\/facebook.com\/thimpress\"><i class=\"fa fa-facebook\" aria-hidden=\"true\"><\/i><\/a><\/li>\r\n    <li><a class=\"twitter\" href=\"http:\/\/twitter.com\/thimpress\"><i class=\"fa fa-twitter\" aria-hidden=\"true\"><\/i><\/a><\/li>\r\n    <li><a class=\"youtube\" href=\"#\"><i class=\"fa fa-youtube-play\" aria-hidden=\"true\"><\/i><\/a><\/li>\r\n<\/ul>","filter":false,"widget-class":"","widget_logic":"","visual":false},"6":{"title":"","text":"<div class=\"btn-book style-1\">\r\n  <a href=\"http:\/\/hairsalonwp.thimpress.com\/book-online\/\"><span>Book<\/span> online<\/a>\r\n <\/div>","filter":false,"widget-class":"","widget_logic":""},"13":{"title":"","text":"<div class=\"newsletter-content\">\r\n    <div class=\"sc-heading article_heading\">\r\n        <h3 class=\"heading_primary widget-title\">Newsletter <i class=\"thim-color\">Sign Up<\/i><\/h3>\r\n    <\/div>\r\n   [mc4wp_form]\r\n<\/div>","filter":false,"widget-class":"newsletter","widget_logic":""},"11":{"title":"","text":"<div class=\"footer-banner\" style=\"min-height: 370px;\">\r\n    <img src=\"http:\/\/hairsalonwp.thimpress.com\/wp-content\/uploads\/2016\/09\/footer_banner.jpg\" alt=\"haisalon banner\" \/>\r\n    <div class=\"content container\">\r\n        <h3 class=\"info\">We enjoy working with talented people.<br>\r\n            If you think you will be a good fit for us, let us know why.  Better yet, show us!<\/h3>\r\n        <a href=\"http:\/\/hairsalonwp.thimpress.com\/contact\/\" class=\"button\">CONTACT US<\/a>\r\n    <\/div>\r\n<\/div>\r\n","filter":false,"widget-class":"","widget_logic":"is_page('about-us') || is_archive() || is_home()"},"4":{"title":"","text":"<div class=\"flexbox\">\r\n<div class=\"content\">\r\n<a href=\"#\"><img src=\"http:\/\/hairsalonwp.thimpress.com\/wp-content\/themes\/hairsalon\/assets\/images\/logo.png\" alt=\"Hair Salon\" title=\"Hair Salon\"><\/a>\r\n<ul class=\"list-inline social-link\">\r\n<li><a href=\"http:\/\/facebook.com\/thimpress\" class=\"facebook\"><i class=\"fa fa-facebook\" aria-hidden=\"true\"><\/i><\/a><\/li>\r\n<li><a href=\"http:\/\/twitter.com\/thimpress\" class=\"twitter\"><i class=\"fa fa-twitter\" aria-hidden=\"true\"><\/i><\/a><\/li>\r\n<li><a href=\"#\" class=\"skype\"><i class=\"fa fa-skype\" aria-hidden=\"true\"><\/i><\/a><\/li>\r\n<li><a href=\"#\" class=\"pinterest\"><i class=\"fa fa-pinterest\" aria-hidden=\"true\"><\/i><\/a><\/li>\r\n<\/ul>\r\n<\/div>\r\n<\/div>","filter":false,"widget-class":"","widget_logic":""},"5":{"title":"Contact","text":"<ul class=\"list-info\">\r\n<li>\r\n<i class=\"fa fa-map-marker\" aria-hidden=\"true\"><\/i> <span>329 Queensberry Street, CA 94559, United States<\/span>\r\n<\/li>\r\n<li><i class=\"fa fa-phone\" aria-hidden=\"true\"><\/i> <a href=\"tel:00123456789\">(00) 123 456 789<\/a><\/li>\r\n<li>\r\n<i class=\"fa fa-envelope\" aria-hidden=\"true\"><\/i> <a href=\"mailto:hello@thimpress.com\">hello@thimpress.com<\/a>\r\n<\/li>\r\n<\/ul>","filter":false,"widget-class":"","widget_logic":""},"_multiwidget":1},"categories":{"3":{"title":"Categories","count":1,"hierarchical":0,"dropdown":0,"widget-class":""},"_multiwidget":1},"search":{"4":{"title":"","widget-class":"","widget_logic":""},"_multiwidget":1},"woocommerce_widget_cart":{"2":{"hide_if_empty":0,"hide_cart_number":1,"widget-class":"","widget_logic":""},"_multiwidget":1},"woocommerce_product_categories":{"2":{"title":"Categories","orderby":"name","dropdown":0,"count":0,"hierarchical":0,"show_children_only":0,"hide_empty":0,"widget-class":"","widget_logic":""},"_multiwidget":1},"woocommerce_price_filter":{"3":{"title":"Filter by price","widget-class":"","widget_logic":""},"_multiwidget":1},"thim_layout_builder":{"2":{"widget_logic":"is_front_page()","content":"[vc_row full_width=\"stretch_row_content_no_spaces\"][vc_column][thim-google-map map_options=\"iframe\" map_center=\"858 Centre St Newton Center, Boston, United States\" height=\"475\" zoom=\"12\"][\/vc_column][\/vc_row]","custom_css":""},"_multiwidget":1},"nav_menu":{"3":{"title":"About us","nav_menu":24,"widget-class":"","widget_logic":""},"4":{"title":"Services","nav_menu":25,"widget-class":"","widget_logic":""},"_multiwidget":1}}]