[{"realpress-single-property-sidebar":["realpro-contact-summary-2","media_image-2"],"realpress-archive-property-sidebar":["realpress_property_list-7","realpress-term-3"],"realpress-agent-detail-sidebar":["realpress_agent_search-5","realpress_property_list-9"],"menu_right":["realpro-login-2","realpro-create-listing-3"],"footer-sidebar":["custom_html-3","list-item-2","list-item-3","list-item-4","mc4wp_form_widget-2"],"sidebar_shop":["archives-2","woocommerce_price_filter-2","woocommerce_product_categories-2","woocommerce_product_tag_cloud-2"]},{"realpro-contact-summary":{"2":{"title":"Contact with us now !","widget-class":""},"_multiwidget":1},"media_image":{"2":{"size":"full","width":410,"height":606,"caption":"","alt":"","link_type":"custom","link_url":"#","image_classes":"","link_classes":"","link_rel":"","link_target_blank":false,"image_title":"","attachment_id":32576,"url":"https:\/\/realpro.thimpress.com\/wp-content\/uploads\/2024\/11\/Frame-2071857511.png","title":"","widget-class":""},"_multiwidget":1},"realpress_property_list":{"7":{"title":"Featured listings","posts_per_page":"1","order_by":"date","order":"DESC"},"9":{"title":"Latest Listing","posts_per_page":"4","order_by":"date","order":"DESC"},"_multiwidget":1},"realpress-term":{"3":{"title":"Types","taxonomy":"realpress-type","number":"10","orderby":"name","order":"asc"},"_multiwidget":1},"realpress_agent_search":{"5":{"title":""},"_multiwidget":1},"realpro-login":{"2":{"text_register":"","url_register":"","text_profile":"","profile_url":"","text_login":"Sign Up","login_url":"https:\/\/realpro.thimpress.com\/login\/?action=register","text_logout":"Logout","widget-class":""},"_multiwidget":1},"realpro-create-listing":{"3":{"title":"Create A Listing","redirect_link":"\/login","widget-class":""},"_multiwidget":1},"custom_html":{"3":{"title":"","content":"<div class=\"footer-logo\">\r\n\t\t\t<img src=\"https:\/\/realpro.thimpress.com\/wp-content\/uploads\/2024\/09\/logo.png\" alt=\"realpresspro\">\r\n\t\t<\/div>\r\n\t\t<ul class=\"contact-footer\">\r\n\t\t\t<li class=\"item\">\r\n\t\t\t\t<i class=\"rp-solid-location-dot\"><\/i>\r\n\t\t\t\t<span>3755 St SE Salem, Corner with Sunny Boulevard, 37557, Australia<\/span>\r\n\t\t\t<\/li>\r\n\t\t\t<li class=\"item\">\r\n\t\t\t\t<i class=\"rp-phone-volume\"><\/i>\r\n\t\t\t\t<a href=\"tel:3055554446\">(305) 555-4446<\/a>\r\n\t\t\t<\/li>\r\n\t\t\t<li class=\"item\">\r\n\t\t\t\t<i class=\"rp-mobile\"><\/i>\r\n\t\t\t\t<a href=\"mailto:youremail@gmail.com\">youremail@gmail.com<\/a>\r\n\t\t\t<\/li>\r\n\t\t\t<li>\r\n\t\t\t\t<div class=\"d-flex ct-social\">\r\n\t\t\t\t\t<a href=\"#\"><i class=\"m-0 rp-twitter\"><\/i><\/a>\r\n\t\t\t\t\t<a href=\"#\"><i class=\"m-0 rp-facebook\"><\/i><\/a>\r\n\t\t\t\t\t<a href=\"#\"><i class=\"m-0 rp-instagram\"><\/i><\/a>\r\n\t\t\t\t\t<a href=\"#\"><i class=\"m-0 rp-pinterest\"><\/i><\/a>\r\n\t\t\t\t<\/div>\r\n\t\t\t<\/li>\r\n\t\t<\/ul>","widget-class":"col-md-6 col-lg-3"},"_multiwidget":1},"list-item":{"2":{"title":"Explore","panel":[{"panel_title":"About Us","panel_body":"#"},{"panel_title":"Our Projects","panel_body":"#"},{"panel_title":"Pricing","panel_body":"#"},{"panel_title":"Testimonial","panel_body":"#"},{"panel_title":"Appointment","panel_body":"#"}],"widget-class":"col-md-4 col-lg-2"},"3":{"title":"Links","panel":[{"panel_title":"Services","panel_body":"#"},{"panel_title":"Contact","panel_body":"#"},{"panel_title":"Home Buying","panel_body":"#"},{"panel_title":"Home Selling","panel_body":"#"},{"panel_title":"Real Estate","panel_body":"#"}],"widget-class":"col-md-4 col-lg-2"},"4":{"title":"T&C","panel":[{"panel_title":"Property on sale","panel_body":"#"},{"panel_title":"About Us","panel_body":"#"},{"panel_title":"Our Team","panel_body":"#"},{"panel_title":"Terms of use","panel_body":"#"},{"panel_title":"Privacy Policy","panel_body":"#"}],"widget-class":"col-md-4 col-lg-2"},"_multiwidget":1},"mc4wp_form_widget":{"2":{"title":"Newsletter","sub_title":"Sign Up for Our Newsletter to get Latest Updates and Offers","widget-class":"col-md-6 col-lg-3 custom_mc4wp"},"_multiwidget":1},"archives":{"2":{"title":"Archives","count":0,"dropdown":0,"widget-class":""},"_multiwidget":1},"woocommerce_price_filter":{"2":{"title":"Price","widget-class":""},"_multiwidget":1},"woocommerce_product_categories":{"2":{"title":"Product categories","orderby":"name","dropdown":0,"count":1,"hierarchical":1,"show_children_only":1,"hide_empty":0,"max_depth":"","widget-class":""},"_multiwidget":1},"woocommerce_product_tag_cloud":{"2":{"title":"Product tags","widget-class":""},"_multiwidget":1}}]