[{"footer-sidebar-6":["text-4"],"sidebar":["search-2","media_image-2","recent-posts-2"],"header_right":["text-5"],"after_main":["text-7","text-8","text-9"],"off_canvas_menu":["text-2","thim_layout_builder-3"],"footer-sidebar-1":["text-6"],"footer-sidebar-2":["nav_menu-2"],"footer-sidebar-3":["nav_menu-3"],"footer-sidebar-4":["nav_menu-4"],"footer-sidebar-5":["nav_menu-5"],"top_sidebar_courses":["text-10"],"sidebar_courses":["thim-courses-categories-2","thim-recent-courses-3","media_image-3","recent-posts-3"],"sidebar_forums":["thim-courses-categories-3","thim-recent-courses-5","media_image-4"],"sidebar_events":["recent-posts-4","media_image-5","thim-recent-courses-6"]},{"text":{"4":{"title":"Mobile","text":"<ul>\r\n \t<li><a href=\"https:\/\/coursebuilder.thimpress.com\/element-7\/#app-store\"><img class=\"alignnone wp-image-61 size-full\" src=\"https:\/\/coursebuilder.thimpress.com\/wp-content\/uploads\/sites\/24\/2017\/06\/layer-138.png\" alt=\"\" width=\"132\" height=\"47\" \/><\/a><\/li>\r\n \t<li><a href=\"https:\/\/coursebuilder.thimpress.com\/element-7\/#google-play\"><img class=\"alignnone wp-image-60 size-full\" src=\"https:\/\/coursebuilder.thimpress.com\/wp-content\/uploads\/sites\/24\/2017\/06\/layer-131.png\" alt=\"\" width=\"132\" height=\"47\" \/><\/a><\/li>\r\n<\/ul>","filter":true,"widget_logic":"","widget-class":"","visual":true},"5":{"title":"","text":"[thim_ekit id=\"7154\"]","filter":true,"visual":true,"widget_logic":"","widget-class":""},"7":{"title":"","text":"[thim_ekit id=\"7221\"]","filter":true,"visual":true,"widget_logic":"is_home()","widget-class":""},"8":{"title":"","text":"[thim_ekit id=\"7222\"]","filter":true,"visual":true,"widget_logic":"thim_is_lp_profile_page() && is_user_logged_in()","widget-class":""},"9":{"title":"","text":"[thim_ekit id=\"7223\"]","filter":true,"visual":true,"widget_logic":"thim_is_lp_courses_page()","widget-class":""},"2":{"title":"","text":"<ul>\r\n \t<li><i class=\"fa fa-phone\" aria-hidden=\"true\"><\/i> <a href=\"tel:0123456789\">+(0123) 456 789<\/a><\/li>\r\n \t<li><i class=\"fa fa-envelope-o\" aria-hidden=\"true\"><\/i> <a href=\"mailto:info@thimpress.com\">info@thimpress.com<\/a><\/li>\r\n<\/ul>","filter":"content","widget_logic":"","widget-class":""},"6":{"title":"","text":"[thim_ekit id=\"7197\"]","filter":true,"visual":true,"widget_logic":"","widget-class":""},"10":{"title":"","text":"[thim_ekit id=\"7153\"]","filter":true,"visual":true,"widget_logic":"","widget-class":""},"_multiwidget":1},"search":{"2":{"title":"","widget_logic":"","widget-class":""},"_multiwidget":1},"media_image":{"2":{"attachment_id":795,"url":"https:\/\/coursebuilder.thimpress.com\/wp-content\/uploads\/sites\/24\/2017\/08\/wordpress-theme.jpg","title":"","size":"full","width":360,"height":392,"caption":"","alt":"","link_type":"custom","link_url":"http:\/\/thimpress.com","image_classes":"","link_classes":"","link_rel":"","image_title":"","widget_logic":"","widget-class":"","link_target_blank":true},"3":{"attachment_id":795,"url":"https:\/\/coursebuilder.thimpress.com\/wp-content\/uploads\/sites\/24\/2017\/08\/wordpress-theme.jpg","title":"","size":"full","width":360,"height":392,"caption":"","alt":"","link_type":"custom","link_url":"http:\/\/thimpress.com","image_classes":"","link_classes":"","link_rel":"","image_title":"","widget_logic":"","widget-class":"","link_target_blank":true},"4":{"attachment_id":795,"url":"https:\/\/coursebuilder.thimpress.com\/wp-content\/uploads\/sites\/24\/2017\/08\/wordpress-theme-276x300.jpg","title":"","size":"medium","width":360,"height":392,"caption":"","alt":"","link_type":"none","link_url":"","image_classes":"","link_classes":"","link_rel":"","image_title":"","widget_logic":"","widget-class":"","link_target_blank":false},"5":{"attachment_id":795,"url":"https:\/\/coursebuilder.thimpress.com\/wp-content\/uploads\/sites\/24\/2017\/08\/wordpress-theme-276x300.jpg","title":"","size":"medium","width":360,"height":392,"caption":"","alt":"","link_type":"custom","link_url":"","image_classes":"","link_classes":"","link_rel":"httpsthemeforestnetitemcourse-builder-wordpress-learning-management-system-theme-elearning-software20370918refthimpress","link_target_blank":true,"image_title":"","widget_logic":"","widget-class":""},"_multiwidget":1},"recent-posts":{"2":{"title":"LASTEST POSTS","number":3,"show_date":true,"widget_logic":"","widget-class":""},"3":{"title":"Latest Posts","number":3,"show_date":true,"widget_logic":"","widget-class":""},"4":{"title":"Recent Posts","number":3,"show_date":true,"widget_logic":"","widget-class":""},"_multiwidget":1},"thim_layout_builder":{"3":{"widget_logic":"","widget-class":"","content":"<p>[vc_row][vc_column][thim-social-links social_links=\"%5B%7B%22name%22%3A%22facebook%22%2C%22link%22%3A%22http%3A%2F%2Ffacebook.com%2Fthimpress%22%7D%2C%7B%22name%22%3A%22twitter%22%2C%22link%22%3A%22http%3A%2F%2Ftwitter.com%2Fthimpress%22%7D%5D\"][\/vc_column][\/vc_row]<\/p>\r\n","custom_css":""},"_multiwidget":1},"nav_menu":{"2":{"title":"Company","nav_menu":2,"widget_logic":"","widget-class":""},"3":{"title":"Programs","nav_menu":6,"widget_logic":"","widget-class":""},"4":{"title":"Links","nav_menu":4,"widget_logic":"","widget-class":""},"5":{"title":"Support","nav_menu":7,"widget_logic":"","widget-class":""},"_multiwidget":1},"thim-courses-categories":{"2":{"title":"Categories","show_counts":false,"widget_logic":"","widget-class":""},"3":{"title":"Categories","show_counts":false,"widget_logic":"","widget-class":""},"_multiwidget":1},"thim-recent-courses":{"3":{"title":"Latest Courses","number_courses":"3","widget_logic":"","widget-class":""},"5":{"title":"Latest Courses","number_courses":"3","widget_logic":"","widget-class":""},"6":{"title":"Latest Courses","number_courses":"3","widget_logic":"","widget-class":""},"_multiwidget":1}}]