[{"sidebar":["search-2","thim_categories-2","thim-recent-courses-4","media_image-2","recent-posts-2"],"header_right":["thim-login-3","thim-button-2"],"footer-sidebar-1":["text-3"],"footer-sidebar-2":["nav_menu-2"],"footer-sidebar-3":["nav_menu-3"],"footer-sidebar-4":["text-5"],"sidebar_courses":["thim-courses-categories-2","thim-recent-courses-3","media_image-3","recent-posts-3"],"sidebar_forums":["thim-courses-categories-3","thim-recent-courses-5","media_image-4"],"sidebar_events":["recent-posts-4","media_image-5","thim-recent-courses-6"]},{"search":{"2":{"title":"","widget_logic":"","widget-class":""},"_multiwidget":1},"thim_categories":{"2":{"title":"Categories","widget_logic":"","widget-class":""},"_multiwidget":1},"thim-recent-courses":{"4":{"title":"Latest Courses","number_courses":"3","widget_logic":"","widget-class":""},"3":{"title":"Latest Courses","number_courses":"3","widget_logic":"","widget-class":""},"5":{"title":"Latest Courses","number_courses":"3","widget_logic":"","widget-class":""},"6":{"title":"Latest Courses","number_courses":"3","widget_logic":"","widget-class":""},"_multiwidget":1},"media_image":{"2":{"attachment_id":795,"url":"http:\/\/wordpresslms.thimpress.com\/wp-content\/uploads\/sites\/26\/2017\/08\/wordpress-theme.jpg","title":"","size":"full","width":360,"height":392,"caption":"","alt":"","link_type":"custom","link_url":"http:\/\/thimpress.com","image_classes":"","link_classes":"","link_rel":"","image_title":"","widget_logic":"","widget-class":"","link_target_blank":true},"3":{"attachment_id":795,"url":"http:\/\/wordpresslms.thimpress.com\/wp-content\/uploads\/sites\/26\/2017\/08\/wordpress-theme.jpg","title":"","size":"full","width":360,"height":392,"caption":"","alt":"","link_type":"custom","link_url":"http:\/\/thimpress.com","image_classes":"","link_classes":"","link_rel":"","image_title":"","widget_logic":"","widget-class":"","link_target_blank":true},"4":{"attachment_id":795,"url":"http:\/\/wordpresslms.thimpress.com\/wordpresslms-2\/wp-content\/uploads\/sites\/26\/2017\/08\/wordpress-theme-276x300.jpg","title":"","size":"medium","width":360,"height":392,"caption":"","alt":"","link_type":"none","link_url":"","image_classes":"","link_classes":"","link_rel":"","image_title":"","widget_logic":"","widget-class":"","link_target_blank":false},"5":{"attachment_id":795,"url":"http:\/\/wordpresslms.thimpress.com\/demo-5\/wp-content\/uploads\/sites\/26\/2017\/08\/wordpress-theme-276x300.jpg","title":"","size":"medium","width":360,"height":392,"caption":"","alt":"","link_type":"custom","link_url":"#","image_classes":"","link_classes":"","link_rel":"","link_target_blank":false,"image_title":"","widget_logic":"","widget-class":""},"_multiwidget":1},"recent-posts":{"2":{"title":"LASTEST POSTS","number":3,"show_date":true,"widget_logic":"","widget-class":""},"3":{"title":"Latest Posts","number":3,"show_date":true,"widget_logic":"","widget-class":""},"4":{"title":"Recent Posts","number":3,"show_date":true,"widget_logic":"","widget-class":""},"_multiwidget":1},"thim-login":{"3":{"text_register":"Register","text_login":"Login","text_logout":"Logout","link":"","widget_logic":"","widget-class":"","shortcode":"[wordpress_social_login]","popup":true},"_multiwidget":1},"thim-button":{"2":{"text":"Create a course","link":"#","widget_logic":"","widget-class":""},"_multiwidget":1},"text":{"3":{"title":"","text":"<div class=\"thim_footer_kit\">\r\n<div class=\"wrapper\"><img class=\"alignnone size-full wp-image-6768\" src=\"http:\/\/wordpresslms.thimpress.com\/element-kit\/wp-content\/uploads\/sites\/26\/2019\/10\/logo-kit.png\" alt=\"\" width=\"157\" height=\"52\" \/>\r\n<ul class=\"contact\">\r\n \t<li><i class=\"fa fa-phone\"><\/i>\r\n<a href=\"tel:(04)3245-6988\">(04) 3245-6988<\/a><\/li>\r\n \t<li><i class=\"fa fa-envelope-o\"><\/i>\r\n<a href=\"mailto:support@constructor.com\">support@constructor.com<\/a><\/li>\r\n \t<li><i class=\"fa fa-map-marker\"><\/i>\r\nA26BT5 Building, SilverC Street, London, England<\/li>\r\n<\/ul>\r\n<ul class=\"socials\">\r\n\t\t\t<li><a href=\"#\"><i class=\"fa fa-facebook\"><\/i><\/a><\/li>\r\n\t\t\t<li><a href=\"#\"><i class=\"fa fa-google-plus\"><\/i><\/a><\/li>\r\n\t\t\t<li><a href=\"#\"><i class=\"fa fa-instagram\"><\/i><\/a><\/li>\r\n\t\t\t<li><a href=\"#\"><i class=\"fa fa-twitter\"><\/i><\/a><\/li>\r\n\t\t<\/ul>\r\n<\/div>\r\n<\/div>","filter":true,"widget_logic":"","widget-class":"","visual":true},"5":{"title":"","text":"<div class=\"button_app\"><a class=\"iphone\" href=\"#\"><img src=\"http:\/\/wordpresslms.thimpress.com\/element-kit\/wp-content\/uploads\/sites\/26\/2019\/10\/icon-footer.png\" alt=\"iphone\" \/>App Store<\/a>\r\n<a class=\"android\" href=\"#\"><img src=\"http:\/\/wordpresslms.thimpress.com\/element-kit\/wp-content\/uploads\/sites\/26\/2019\/10\/icon-footer-2.png\" alt=\"iphone\" \/>Goolge Play<\/a><\/div>\r\n[mc4wp_form id=\"4227\"]","filter":true,"visual":true,"widget_logic":"","widget-class":""},"_multiwidget":1},"nav_menu":{"2":{"title":"Useful Links","nav_menu":2,"widget_logic":"","widget-class":""},"3":{"title":"Categories","nav_menu":4,"widget_logic":"","widget-class":""},"_multiwidget":1},"thim-courses-categories":{"2":{"title":"Categories","show_counts":false,"widget_logic":"","widget-class":""},"3":{"title":"Categories","show_counts":false,"widget_logic":"","widget-class":""},"_multiwidget":1}}]