[{"mega-menu":["nav_menu-4","text-11","text-12","text-13"],"sidebar":["text-2","categories-2","text-3"],"right_menu":["text-8"],"footer_top":["text-6","text-7"],"footer-sidebar-1":["text-14","custom_html-2"],"footer-sidebar-2":["nav_menu-3"],"footer-sidebar-3":["nav_menu-2"],"footer-sidebar-4":["text-4"],"sidebar_events":["text-9"],"sidebar_hotel":["hb_widget_cart-2"],"sidebar_shop":["woocommerce_product_categories-2","woocommerce_price_filter-2"],"copyright":["copyright-2"]},{"nav_menu":{"4":{"title":"Featured Links","nav_menu":62,"mega_menu_columns":1,"mega_menu_order":{"3556":2},"mega_menu_parent_menu_id":3556,"widget-class":""},"3":{"title":"COMPANY","nav_menu":51,"widget-class":""},"2":{"title":"SERVICES","nav_menu":54,"widget-class":""},"_multiwidget":1},"text":{"11":{"mega_menu_columns":1,"mega_menu_parent_menu_id":3556,"mega_menu_order":{"3556":3},"title":"Latest Rooms","text":"[thim-hb-rooms number_rooms=\"3\"]","filter":false,"widget-class":""},"12":{"mega_menu_columns":1,"mega_menu_parent_menu_id":3556,"mega_menu_order":{"3556":4},"title":"Events","text":"[thim-list-events number_events=\"3\"]","filter":false,"widget-class":""},"13":{"mega_menu_columns":1,"mega_menu_parent_menu_id":3556,"mega_menu_order":{"3556":5},"title":"Featured Video","text":"<iframe src=\"https:\/\/player.vimeo.com\/video\/120909442?color=ffffff&title=0&byline=0&portrait=0\" width=\"100%\" height=\"150\" frameborder=\"0\" webkitallowfullscreen mozallowfullscreen allowfullscreen><\/iframe>","filter":false,"widget-class":""},"2":{"title":"About Hotel","text":"Nam dapibus nisl vitae elit fringilla rutrum. Aenean sollicitudin, erat a elementum rutrum, neque sem pretium metus, quis mollis nisl nunc et massa. \r\n<a href=\"https:\/\/luxstay.thimpress.com\/demo-rtl\/about-us\/\" class=\"thim-readmore\">Read more<\/a>","filter":false,"widget-class":"","widget_logic":"","visual":false},"3":{"title":"","text":"<a href=\"https:\/\/luxstay.thimpress.com\/demo-rtl\/gallery\/\">\r\n<img alt=\"\" src=\"https:\/\/luxstay.thimpress.com\/wp-content\/uploads\/sites\/3\/2016\/10\/gallery_ads.jpg\">\r\n<\/a>","filter":false,"widget-class":"no-padding sidebar-single-image","widget_logic":""},"8":{"title":"","text":" <ul class=\"header-info\">\r\n            <li><a href=\"tel:00123456789\" class=\"value\"><i class=\"ion-tele\"><\/i> +00 123 456 789<\/a> <\/li>\r\n            <li><a href=\"http:\/\/luxstay.thimpress.com\/demo-1\/rooms\/\" class=\"btn-book\"><i class=\"ion-calendar-02\"><\/i> Book Now<\/a><\/li>\r\n        <\/ul>","filter":false,"widget-class":"no-border","widget_logic":"","visual":false},"6":{"title":"","text":"<a href=\"http:\/\/luxstay.thimpress.com\/demo-rtl\"><img src=\"https:\/\/luxstay.thimpress.com\/wp-content\/uploads\/2021\/06\/lg_white.png\" alt=\"img\" \/><\/a>","filter":false,"widget-class":"pull-left","visual":false,"widget_logic":""},"7":{"title":"","text":"<div class=\"thim-footer-top-email \">\r\n<h5>Sign up for our newsletter to receive our news, deals and special offers.<\/h5>\r\n[mc4wp_form]\r\n\r\n<\/div>","filter":false,"widget-class":"pull-right custom-social","visual":false,"widget_logic":""},"14":{"title":"","text":"Luxstay Hotel is a boutique hotel in the heart of the Swiss Alps, offering contemporary accommodation and unrivaled access to ski and hiking trails, immersing you in an idyllic setting against pristine skies in search of a truly serene experience.","filter":true,"visual":true,"widget_logic":"","widget-class":""},"4":{"title":"CONTACT US","text":"<div class=\"thim-footer-location\">\r\n<p class=\"info\"><i class=\"las la-phone\"><\/i><a href=\"tel:00123456789\">+00 123 456 789<\/a><\/p>\r\n<p class=\"info\"><i class=\"ion-email\"><\/i><a href=\"mailto:hello@thimpress.com\">hello@thimpress.com<\/a><\/p>\r\n<p class=\"info\"><i class=\"ion-market\"><\/i><\/i> <span>329 Queensberry Street, North Melbourne VIC 3051, Australia<\/span><\/p>\r\n<\/div>","filter":false,"widget-class":"","widget_logic":"","visual":false},"9":{"title":"","text":"","filter":false,"widget-class":"hide"},"_multiwidget":1},"categories":{"2":{"title":"Categories","count":0,"hierarchical":0,"dropdown":0,"widget-class":""},"_multiwidget":1},"custom_html":{"2":{"title":"","content":"<ul class=\"social-link-no-border\">\r\n \t<li><a class=\"twitter\" href=\"https:\/\/www.twitter.com\/thimpress\/\"><i class=\"fa fa-x-twitter\" aria-hidden=\"true\"><\/i><\/a><\/li>\r\n<li><a class=\"facebook\" href=\"https:\/\/www.facebook.com\/thimpress\/\"><i class=\"fa fa-facebook\" aria-hidden=\"true\"><\/i><\/a><\/li>\r\n<li><a class=\"instagram\" href=\"http:\/\/thimpress.com\/\"><i class=\"fa fa-instagram\" aria-hidden=\"true\"><\/i><\/a><\/li>\r\n<li><a class=\"pinterest\" href=\"http:\/\/thimpress.com\/\"><i class=\"fa fa-pinterest\" aria-hidden=\"true\"><\/i><\/a><\/li>\r\n<\/ul>","widget_logic":"","widget-class":""},"_multiwidget":1},"hb_widget_cart":{"2":{"title":"Your Booking","widget_logic":"","widget-class":""},"_multiwidget":1},"woocommerce_product_categories":{"2":{"title":"Categories","orderby":"name","dropdown":0,"count":0,"hierarchical":1,"show_children_only":0,"hide_empty":0,"widget-class":""},"_multiwidget":1},"woocommerce_price_filter":{"2":{"title":"Filter by price","widget-class":""},"_multiwidget":1},"copyright":{"2":{"first_text":"","year":"","site_name":"LuxStay | Luxury Hotel & BnB WordPress Theme","link_site":"https:\/\/1.envato.market\/VW2K3?utm_source=demo&utm_medium=demofooter&utm_campaign=luxstay","last_text":"<\/a> \u00a9 Powered by <a class=\"link_primary\" href=\"https:\/\/thimpress.com\" target=\"_blank\">ThimPress.<\/a>","widget_logic":"","widget-class":""},"_multiwidget":1}}]