[{"wp_inactive_widgets":["nav_menu-4","text-3","search-2","recent-posts-2","recent-comments-2","archives-2","categories-2","meta-2"],"sidebar":["search-2","categories-2","thim_layout_builder-4","custom_html-2","tag_cloud-2"],"footer-sidebar-1":["thim_layout_builder-3"],"footer-sidebar-2":["nav_menu-2"],"footer-sidebar-3":["text-4"],"footer-sidebar-4":["thim_layout_builder-6"]},{"search":{"2":{"title":""},"_multiwidget":1},"categories":{"2":{"title":"","count":0,"hierarchical":0,"dropdown":0},"_multiwidget":1},"thim_layout_builder":{"4":{"widget-class":"","content":"<p>[vc_row][vc_column css=\".vc_custom_1550483406029{padding-right: 0px !important;padding-left: 0px !important;}\"][thim-posts layout=\"kindergarten-layout-widget-2\" title=\"Latest posts\" number=\"3\"][\/vc_column][\/vc_row]<\/p>\r\n","custom_css":".vc_custom_1550483406029{padding-right: 0px !important;padding-left: 0px !important;}"},"3":{"widget-class":"","content":"[vc_row][vc_column][vc_single_image image=\"806\" img_size=\"full\"][vc_column_text]Lorem ipsum dolor sit amet, consect adip sicing elit, sed do eiusmod[\/vc_column_text][thim-social-links layout=\"kindergarten-layout-footer-3\" links=\"%5B%7B%22icon%22%3A%22fa%20fa-facebook%22%2C%22url%22%3A%22%23%22%7D%2C%7B%22icon%22%3A%22fa%20fa-twitter%22%2C%22url%22%3A%22%23%22%7D%2C%7B%22icon%22%3A%22fa%20fa-pinterest-p%22%2C%22url%22%3A%22%23%22%7D%2C%7B%22icon%22%3A%22fa%20fa-linkedin%22%2C%22url%22%3A%22%23%22%7D%5D\"][\/vc_column][\/vc_row]","custom_css":""},"6":{"widget-class":"","content":"[vc_row][vc_column][thim-posts layout=\"layout-list-2\" title=\"Recent posts\" number=\"2\" show_date=\"true\" show_author=\"true\" show_number_comments=\"\"][\/vc_column][\/vc_row]","custom_css":""},"_multiwidget":1},"custom_html":{"2":{"title":"","content":"<div class=\"bl-info-contact\"><h5 class=\"title-block\">Free Call<\/h5><div class=\"description-block\">Pulvinar est metro ligula blandit maecenas\r\n<\/div><div class=\"content-block\">1-900-22-44-88<\/div><a href=\"#\" class=\"button-block\">COntact us<\/a><\/div>","widget-class":""},"_multiwidget":1},"tag_cloud":{"2":{"title":"Tags","count":0,"taxonomy":"post_tag","widget-class":""},"_multiwidget":1},"nav_menu":{"2":{"title":"Useful Links","nav_menu":18,"widget-class":""},"4":{"title":"Topics","nav_menu":20,"widget-class":""},"_multiwidget":1},"text":{"4":{"title":"Connect us","text":"<ul class=\"info-contact\"><li><i class=\"fa fa-phone\"><\/i><a href=\"#\">(04) 3245-6988<\/a><\/li><li><i class=\"fa fa-envelope-o\"><\/i><a href=\"#\">support@constructor.com<\/a><\/li>\r\n<li><i class=\"fa fa-fax\"><\/i>(102) 6969 8888<\/li><li><i class=\"fa fa-map-marker\"><\/i>A26BT5 Building, SilverC Street, London, England<\/li><\/ul>","filter":true,"visual":true,"widget-class":""},"3":{"title":"","text":"<div class=\"thim-toolbar-help-info\"><i class=\"fa fa-envelope-o\"><\/i> <a href=\"#\">support@kidschool.com<\/a><\/div>","filter":true,"visual":true},"_multiwidget":1},"recent-posts":{"2":{"title":"","number":5},"_multiwidget":1},"recent-comments":{"2":{"title":"","number":5},"_multiwidget":1},"archives":{"2":{"title":"","count":0,"dropdown":0},"_multiwidget":1},"meta":{"2":{"title":""},"_multiwidget":1}}]