[{"wp_inactive_widgets":["nav_menu-4","nav_menu-5","nav_menu-3","nav_menu-6","single-images-3","courses-3","list-post-5","search-4","categories-2","courses-2","single-images-2","list-post-2","text-2","search-3","nav_menu-7","nav_menu-8","nav_menu-9","nav_menu-10","course-categories-2","courses-4","single-images-4","list-post-6"],"sidebar":["search-4","categories-2","courses-2","single-images-2","list-post-2"],"toolbar":["text-2","login-popup-2"],"menu_right":["course-categories-3","search-5","nav_menu-20","woocommerce_widget_cart-2","login-popup-3"],"footer":["thim_layout_builder-4"],"sidebar_courses":["course-categories-2","courses-5","single-images-5","list-post-7"]},{"search":{"4":{"title":"Search","widget-class":"","widget_logic":""},"5":{"title":"","widget_logic":"","widget-class":""},"3":{"title":"","widget-class":"","widget_logic":"(1==2)"},"_multiwidget":1},"categories":{"2":{"title":"","count":0,"hierarchical":0,"dropdown":0},"_multiwidget":1},"courses":{"2":{"heading_group":{"title":"Popular Courses","textcolor":false,"size":"h3","font_heading":"default","custom_font_heading":{"custom_font_size":18,"custom_font_weight":"normal"}},"desc_group":{"des":"","des_color":false,"des_font_size":16,"des_font_weight":"normal"},"order":"popular","layout":"list-sidebar","limit":3,"view_all_courses":"","slider-options":{"show_navigation":true,"item_visible":"4","show_pagination":false},"grid-options":{"columns":"2"},"widget-class":"","widget_logic":""},"5":{"heading_group":{"title":"Popular Courses","textcolor":false,"size":"h3","font_heading":"default","custom_font_heading":{"custom_font_size":18,"custom_font_weight":"normal"}},"desc_group":{"des":"","des_color":false,"des_font_size":16,"des_font_weight":"normal"},"order":"popular","layout":"list-sidebar","limit":3,"view_all_courses":"","slider-options":{"show_navigation":true,"item_visible":"4","show_pagination":false},"grid-options":{"columns":"2"},"widget-class":""},"3":{"heading_group":{"title":"Popular Courses","textcolor":false,"size":"h3","font_heading":"default","custom_font_heading":{"custom_font_size":18,"custom_font_weight":"normal"}},"desc_group":{"des":"","des_color":false,"des_font_size":16,"des_font_weight":"normal"},"order":"popular","layout":"list-sidebar","limit":3,"view_all_courses":"","slider-options":{"show_navigation":true,"item_visible":"4","show_pagination":false},"grid-options":{"columns":"2"},"widget-class":"","widget_logic":""},"4":{"heading_group":{"title":"Popular Courses","textcolor":false,"size":"h3","font_heading":"default","custom_font_heading":{"custom_font_size":18,"custom_font_weight":"normal"}},"desc_group":{"des":"","des_color":false,"des_font_size":16,"des_font_weight":"normal"},"order":"popular","layout":"list-sidebar","limit":3,"view_all_courses":"","slider-options":{"show_navigation":true,"item_visible":"4","show_pagination":false},"grid-options":{"columns":"2"},"widget-class":""},"_multiwidget":1},"single-images":{"2":{"image":3384,"image_size":"","image_link":"#","link_target":"_self","image_alignment":"left","css_animation":false,"widget-class":"","widget_logic":""},"5":{"image":3384,"image_size":"","image_link":"#","link_target":"_self","image_alignment":"left","css_animation":false,"widget-class":"","widget_logic":""},"3":{"image":1772,"image_size":"","image_link":"#","link_target":"_self","image_alignment":"left","css_animation":false,"widget-class":"","widget_logic":""},"4":{"image":1772,"image_size":"","image_link":"#","link_target":"_self","image_alignment":"left","css_animation":false,"widget-class":""},"_multiwidget":1},"list-post":{"2":{"title":"Latest Posts","cat_id":"9","image_size":"thumbnail","show_description":"no","number_posts":3,"orderby":"recent","order":"desc","link":"","text_link":"","style":"sidebar","widget-class":"","widget_logic":""},"7":{"title":"Latest Posts","cat_id":"9","image_size":"thumbnail","show_description":"no","number_posts":3,"orderby":"recent","order":"desc","link":"","text_link":"","style":"sidebar","widget-class":""},"5":{"title":"Latest Posts","cat_id":"9","image_size":"thumbnail","show_description":"no","number_posts":3,"orderby":"recent","order":"desc","link":"","text_link":"","style":"sidebar","widget-class":"","widget_logic":""},"6":{"title":"Latest Posts","cat_id":"9","image_size":"thumbnail","show_description":"no","number_posts":3,"orderby":"recent","order":"desc","link":"","text_link":"","style":"sidebar","widget-class":""},"_multiwidget":1},"text":{"2":{"title":"","text":"<div class=\"thim-have-any-question\">\r\nHave any question? \r\n<div class=\"mobile\"><i class=\"fa fa-phone\"><\/i><a href=\"tel:00123456789\" class=\"value\">(00) 123 456 789<\/a>\r\n<\/div>\r\n<div class=\"email\"><i class=\"fa fa-envelope\"><\/i><a href=\"mailto:hello@eduma.com\">hello@eduma.com<\/a>\r\n<\/div>\r\n<\/div>","filter":false,"widget-class":"","widget_logic":""},"_multiwidget":1},"login-popup":{"2":{"text_register":"Register","text_login":"Login","text_logout":"Logout","shortcode":"","widget-class":"","widget_logic":""},"3":{"text_register":"Register","text_login":"Login","text_logout":"Logout","text_profile":"Profile","layout":"base","term":"","shortcode":"","widget_logic":"","widget-class":"","captcha":false},"_multiwidget":1},"course-categories":{"3":{"title":"Categories","layout":"base","slider-options":{"limit":15,"show_navigation":true,"auto_play":0,"responsive-options":{"item_visible":"7","item_small_desktop_visible":"6","item_tablet_visible":"4","item_mobile_visible":"2"},"show_pagination":false},"grid-options":{"grid_limit":6,"grid_column":"3"},"widget_logic":"","widget-class":"","list-options":{"show_counts":false,"hierarchical":false}},"2":{"title":"All Courses","widget-class":"","show_counts":false,"hierarchical":false,"widget_logic":""},"_multiwidget":1},"nav_menu":{"20":{"nav_menu":6548,"widget_logic":"","widget-class":""},"4":{"title":"Support","nav_menu":22,"widget-class":"col-sm-2","widget_logic":""},"5":{"title":"Recommend","nav_menu":23,"widget-class":"col-sm-2","widget_logic":""},"3":{"title":"Products","nav_menu":21,"widget-class":"col-sm-2","widget_logic":""},"6":{"nav_menu":24,"widget-class":"","widget_logic":""},"7":{"title":"Products","nav_menu":21,"widget-class":"col-sm-2"},"8":{"title":"Support","nav_menu":22,"widget-class":"col-sm-2"},"9":{"title":"Recommend","nav_menu":23,"widget-class":"col-sm-2"},"10":{"nav_menu":24,"widget-class":""},"_multiwidget":1},"woocommerce_widget_cart":{"2":{"title":"Cart","hide_if_empty":0,"widget_logic":"","widget-class":""},"_multiwidget":1},"thim_layout_builder":{"4":{"widget_logic":"","widget-class":"","content":"<p>[vc_row css=\".vc_custom_1558431937728{margin-top: -125px !important;padding-right: 15px !important;padding-left: 15px !important;}\"][vc_column css=\".vc_custom_1557829158846{padding-top: 0px !important;padding-bottom: 38px !important;}\"][vc_row_inner css=\".vc_custom_1558492979340{padding-bottom: 38px !important;background-color: #ec5252 !important;}\"][vc_column_inner el_class=\"thim-border-right\" width=\"1\/4\" css=\".vc_custom_1558492943753{padding-top: 44px !important;}\"][thim-icon-box line_after_title=\"\" desc_content=\"<em>(04) 495-9400<\/em>1-800-544-2787\" custom_font_weight_desc=\"\" icon_type=\"font-awesome\" font_awesome_icon=\"fa fa-phone\" font_awesome_icon_size=\"28\" icon_color=\"#ffffff\" layout_text_align_sc=\"text-center\" el_class=\"thim-border-right\" color_desc=\"#ffffff\"][\/vc_column_inner][vc_column_inner el_class=\"thim-border-right\" width=\"1\/4\" css=\".vc_custom_1558492952419{padding-top: 44px !important;}\"][thim-icon-box line_after_title=\"\" desc_content=\"<em>A26BT5 BUILDING<\/em>LONDON, ENGLAND\" custom_font_weight_desc=\"\" icon_type=\"font-awesome\" font_awesome_icon=\"fa fa-map-marker\" font_awesome_icon_size=\"28\" icon_color=\"#ffffff\" layout_text_align_sc=\"text-center\" color_desc=\"#ffffff\"][\/vc_column_inner][vc_column_inner el_class=\"thim-border-right\" width=\"1\/4\" css=\".vc_custom_1558492960277{padding-top: 44px !important;}\"][thim-icon-box line_after_title=\"\" desc_content=\"<em>SUPPORT<\/em><a href=``mailto:@artschool.com``>@ARTSCHOOL.COM<\/a>\" custom_font_weight_desc=\"\" icon_type=\"font-awesome\" font_awesome_icon=\"fa fa-envelope-o\" font_awesome_icon_size=\"28\" icon_color=\"#ffffff\" layout_text_align_sc=\"text-center\" bg_box_color=\"#ffffff\" color_desc=\"#ffffff\"][\/vc_column_inner][vc_column_inner width=\"1\/4\" css=\".vc_custom_1558492970912{padding-top: 44px !important;}\"][thim-icon-box line_after_title=\"\" desc_content=\"<em>DAILY: 10:00 AM \u2013 5:00 PM<\/em>MONDAY & HOLIDAYS: CLOSED\" custom_font_weight_desc=\"\" icon_type=\"font_ionicons\" font_awesome_icon_size=\"28\" icon_color=\"#ffffff\" layout_text_align_sc=\"text-center\" font_ionicons=\"ion-android-alarm-clock\" color_desc=\"#ffffff\"][\/vc_column_inner][\/vc_row_inner][\/vc_column][\/vc_row][vc_row css=\".vc_custom_1558494789742{padding-top: 32px !important;padding-bottom: 49px !important;}\"][vc_column width=\"4\/12\" css=\".vc_custom_1558606879631{padding-top: 43px !important;}\"][vc_column_text css=\".vc_custom_1559813754326{margin-bottom: 28px !important;}\"]<a href=\"https:\/\/educationwp.thimpress.com\/demo-vc-udemy\/wp-content\/uploads\/sites\/74\/2017\/03\/Logo.png\"><img class=\"alignnone size-full wp-image-12604\" src=\"https:\/\/educationwp.thimpress.com\/demo-vc-udemy\/wp-content\/uploads\/sites\/74\/2017\/03\/Logo.png\" alt=\"\" width=\"181\" height=\"46\" \/><\/a>[\/vc_column_text][thim-social show_label=\"\" link_face=\"#\" link_twitter=\"#\" link_google=\"#\" link_dribble=\"#\" link_linkedin=\"#\"][\/vc_column][vc_column width=\"2\/12\"][vc_wp_custommenu title=\"Menu\" nav_menu=\"6549\"][\/vc_column][vc_column width=\"2\/12\"][vc_wp_custommenu title=\"Courses\" nav_menu=\"6550\"][\/vc_column][vc_column width=\"2\/12\"][vc_wp_custommenu title=\"Topics\" nav_menu=\"6551\"][\/vc_column][vc_column width=\"2\/12\"][vc_wp_custommenu title=\"Info For\" nav_menu=\"6552\"][\/vc_column][\/vc_row]<\/p>\r\n","custom_css":".vc_custom_1558431937728{margin-top: -125px !important;padding-right: 15px !important;padding-left: 15px !important;}.vc_custom_1558494789742{padding-top: 32px !important;padding-bottom: 49px !important;}.vc_custom_1557829158846{padding-top: 0px !important;padding-bottom: 38px !important;}.vc_custom_1558492979340{padding-bottom: 38px !important;background-color: #ec5252 !important;}.vc_custom_1558492943753{padding-top: 44px !important;}.vc_custom_1558492952419{padding-top: 44px !important;}.vc_custom_1558492960277{padding-top: 44px !important;}.vc_custom_1558492970912{padding-top: 44px !important;}.vc_custom_1558606879631{padding-top: 43px !important;}.vc_custom_1559813754326{margin-bottom: 28px !important;}"},"_multiwidget":1}}]