[{"sidebar":["search-2","categories-4","single-images-8","list-post-2"],"toolbar":["login-popup-3","courses-searching-3","nav_menu-15"],"menu_right":["button-2"],"footer":["siteorigin-panels-builder-10"],"sidebar_shop":["woocommerce_widget_cart-2"],"sidebar_courses":["course-categories-3","courses-7","single-images-7"]},{"search":{"2":{"title":"Search","widget_logic":"","widget-class":""},"_multiwidget":1},"categories":{"4":{"title":"","count":0,"hierarchical":0,"dropdown":0,"widget_logic":"","widget-class":""},"_multiwidget":1},"single-images":{"8":{"image":3384,"image_size":"full","image_link":"#","link_target":"_self","image_alignment":"left","css_animation":false,"widget_logic":"","widget-class":""},"7":{"image":3384,"image_size":"full","image_link":"#","link_target":"_self","image_alignment":"left","css_animation":false,"widget-class":"","widget_logic":""},"_multiwidget":1},"list-post":{"2":{"title":"Latest Posts","cat_id":"9","number_posts":3,"show_description":"no","orderby":"recent","order":"desc","layout":"base","display_feature":"no","image_size":"thumbnail","img_w":"","img_h":"","item_vertical":0,"link":"","text_link":"","style":"sidebar","widget_logic":"","widget-class":""},"_multiwidget":1},"login-popup":{"3":{"text_register":"Register","text_login":"Login","text_logout":"Logout","layout":"icon","shortcode":"[miniorange_social_login shape=\"longbuttonwithtext\" theme=\"default\" space=\"4\" width=\"240\" height=\"40\"]","widget_logic":"","widget-class":""},"_multiwidget":1},"courses-searching":{"3":{"layout":"overlay","title":"Search Courses","description":"Description for search course widget.","placeholder":"Search courses...","widget-class":"","widget_logic":"!is_page('home-version-2')"},"_multiwidget":1},"nav_menu":{"15":{"nav_menu":88,"widget_logic":"","widget-class":""},"_multiwidget":1},"button":{"2":{"title":"Apply Now","url":"#","custom_style":"custom_style","style_options":{"font_size":14,"font_weight":"400","border_width":"","color":"#ffffff","border_color":false,"bg_color":"#2ec4b6","hover_color":"#ffffff","hover_border_color":false,"hover_bg_color":"#1c9b8e"},"icon":{"icon":"","icon_size":14,"icon_position":false},"layout":{"button_size":"normal","rounding":"very-rounded"},"widget_logic":"","widget-class":"","new_window":false},"_multiwidget":1},"siteorigin-panels-builder":{"10":{"panels_data":{"widgets":[{"title":"","text":"<a href=\"http:\/\/thim.staging.wpengine.com\/demo-grad-school\/wp-content\/uploads\/sites\/52\/2018\/07\/logo-footer.png\"><img class=\"alignnone size-full wp-image-8014\" src=\"http:\/\/thim.staging.wpengine.com\/demo-grad-school\/wp-content\/uploads\/sites\/52\/2018\/07\/logo-footer.png\" alt=\"\" width=\"194\" height=\"46\" \/><\/a>\n\nLorem ipsum dolor. Mauris fermentum dictum magna. Sed laoreet aliquam leo. Ut tellus dolor, dapibus eget, elementum vel, cursus eleifend, elit. Aenean auctor wisi et urna. Aliquam erat volutpat.","filter":true,"visual":true,"widget_logic":"","widget-class":"","panels_info":{"class":"WP_Widget_Text","raw":false,"grid":0,"cell":0,"id":0,"widget_id":"80019c43-425e-4b9a-9d16-3e5425800e9a","style":{"id":"","class":"","widget_css":"","mobile_css":"","margin":"","padding":"0px 38px 0px 0px","mobile_padding":"","background":"","background_image_attachment":"0","background_image_attachment_fallback":"","background_display":"tile","border_color":"","font_color":"","link_color":""}}},{"title":"Useful Link","nav_menu":21,"widget_logic":"","widget-class":"","panels_info":{"class":"WP_Nav_Menu_Widget","grid":0,"cell":1,"id":1,"widget_id":"260bf04d-6389-41fe-ba75-e9ee8bca3f7c","style":{"id":"","class":"menu_two_column","widget_css":"","mobile_css":"","margin":"","padding":"","mobile_padding":"","background":"","background_image_attachment":"0","background_image_attachment_fallback":"","background_display":"tile","border_color":"","font_color":"","link_color":""}}},{"type":"html","title":"Connect Us","text":"<div class=\"thim-footer-location\">\n<p class=\"info\"><i class=\"fa fa-phone\"><\/i><a href=\"tel:00123456789\">(00) 123 456 789<\/a><\/p>\n<p class=\"info\"><i class=\"fa fa-envelope\"><\/i><a href=\"mailto:support@educationwp.com\">support@education.com<\/a><\/p>\n<p class=\"info\"><i class=\"fa fa-fax\"><\/i><a href=\"tel:00123456789\">(00) 123 456 789<\/a><\/p>\n<p class=\"info\"><i class=\"fa fa-envelope\"><\/i>A26BT5 Building, SilverC Street, London, England<\/p>\n\n<\/div>","filter":"1","widget-class":"","widget_logic":"","panels_info":{"class":"WP_Widget_Black_Studio_TinyMCE","raw":false,"grid":0,"cell":2,"id":2,"widget_id":"d537bc0e-2fc7-481a-9fab-a49c6e10c482","style":{"id":"","class":"","widget_css":"","mobile_css":"","margin":"","padding":"","mobile_padding":"","background":"","background_image_attachment":"0","background_image_attachment_fallback":"","background_display":"tile","border_color":"","font_color":"","link_color":""}}},{"title":"Our WorldWide Office","text":"<a href=\"http:\/\/thim.staging.wpengine.com\/demo-grad-school\/wp-content\/uploads\/sites\/52\/2018\/07\/map.png\"><img class=\"alignnone size-full wp-image-8013\" src=\"http:\/\/thim.staging.wpengine.com\/demo-grad-school\/wp-content\/uploads\/sites\/52\/2018\/07\/map.png\" alt=\"\" width=\"300\" height=\"145\" \/><\/a>","filter":true,"visual":true,"widget_logic":"","widget-class":"","panels_info":{"class":"WP_Widget_Text","raw":false,"grid":0,"cell":3,"id":3,"widget_id":"6fbe54cd-ac4e-4c23-9f05-945e0ce4b4a9","style":{"id":"","class":"","widget_css":"","mobile_css":"","margin":"","padding":"","mobile_padding":"","background":"","background_image_attachment":"0","background_image_attachment_fallback":"","background_display":"tile","border_color":"","font_color":"","link_color":""}}}],"grids":[{"cells":4,"style":{"id":"","class":"thim_2_col_tablet","cell_class":"","row_css":"","mobile_css":"","bottom_margin":"","gutter":"","padding":"","mobile_padding":"","row_stretch":"","collapse_behaviour":"","collapse_order":"","cell_alignment":"flex-start","background":"","background_image_attachment":"0","background_image_attachment_fallback":"","background_display":"tile","border_color":""},"ratio":1,"ratio_direction":"right"}],"grid_cells":[{"grid":0,"index":0,"weight":0.289166666667,"style":[]},{"grid":0,"index":1,"weight":0.239166666667,"style":[]},{"grid":0,"index":2,"weight":0.221666666667,"style":[]},{"grid":0,"index":3,"weight":0.25,"style":[]}]},"builder_id":"5b554d96c3e82","widget_logic":"","widget-class":""},"_multiwidget":1},"woocommerce_widget_cart":{"2":{"title":"Cart","hide_if_empty":0,"widget-class":"","widget_logic":"is_woocommerce()"},"_multiwidget":1},"course-categories":{"3":{"title":"All Courses","layout":"base","slider-options":{"limit":15,"show_navigation":true,"item_visible":"7","auto_play":0,"show_pagination":false},"widget-class":"","list-options":{"show_counts":false,"hierarchical":false},"widget_logic":""},"_multiwidget":1},"courses":{"7":{"title":"Latest Courses","order":"latest","cat_id":"all","layout":"list-sidebar","limit":3,"view_all_courses":"","view_all_position":"top","slider-options":{"show_navigation":true,"item_visible":"4","auto_play":0,"show_pagination":false},"grid-options":{"columns":"4"},"tabs-options":{"limit_tab":4,"cat_id_tab":false},"widget-class":"","featured":false,"widget_logic":""},"_multiwidget":1}}]