[{"wp_inactive_widgets":["single-images-3","courses-3","list-post-5","search-4","categories-2","courses-2","single-images-2","list-post-2","text-2","search-3","nav_menu-7","nav_menu-8","nav_menu-9","nav_menu-10","course-categories-2","courses-4","single-images-4","list-post-6"],"sidebar":["search-4","categories-2","courses-2","single-images-2","list-post-2"],"toolbar":["text-2","login-popup-2","text-3"],"footer":["text-4","nav_menu-6","nav_menu-3","nav_menu-4","nav_menu-5"],"copyright":["nav_menu-14"],"sidebar_courses":["course-categories-2","courses-5","single-images-5","list-post-7"]},{"search":{"4":{"title":"Search","widget-class":"","widget_logic":""},"3":{"title":"","widget-class":"","widget_logic":"(1==2)"},"_multiwidget":1},"categories":{"2":{"title":"","count":0,"hierarchical":0,"dropdown":0},"_multiwidget":1},"courses":{"2":{"heading_group":{"title":"Popular Courses","textcolor":false,"size":"h3","font_heading":"default","custom_font_heading":{"custom_font_size":18,"custom_font_weight":"normal"}},"desc_group":{"des":"","des_color":false,"des_font_size":16,"des_font_weight":"normal"},"order":"popular","layout":"list-sidebar","limit":3,"view_all_courses":"","slider-options":{"show_navigation":true,"item_visible":"4","show_pagination":false},"grid-options":{"columns":"2"},"widget-class":"","widget_logic":""},"5":{"heading_group":{"title":"Popular Courses","textcolor":false,"size":"h3","font_heading":"default","custom_font_heading":{"custom_font_size":18,"custom_font_weight":"normal"}},"desc_group":{"des":"","des_color":false,"des_font_size":16,"des_font_weight":"normal"},"order":"popular","layout":"list-sidebar","limit":3,"view_all_courses":"","slider-options":{"show_navigation":true,"item_visible":"4","show_pagination":false},"grid-options":{"columns":"2"},"widget-class":""},"3":{"heading_group":{"title":"Popular Courses","textcolor":false,"size":"h3","font_heading":"default","custom_font_heading":{"custom_font_size":18,"custom_font_weight":"normal"}},"desc_group":{"des":"","des_color":false,"des_font_size":16,"des_font_weight":"normal"},"order":"popular","layout":"list-sidebar","limit":3,"view_all_courses":"","slider-options":{"show_navigation":true,"item_visible":"4","show_pagination":false},"grid-options":{"columns":"2"},"widget-class":"","widget_logic":""},"4":{"heading_group":{"title":"Popular Courses","textcolor":false,"size":"h3","font_heading":"default","custom_font_heading":{"custom_font_size":18,"custom_font_weight":"normal"}},"desc_group":{"des":"","des_color":false,"des_font_size":16,"des_font_weight":"normal"},"order":"popular","layout":"list-sidebar","limit":3,"view_all_courses":"","slider-options":{"show_navigation":true,"item_visible":"4","show_pagination":false},"grid-options":{"columns":"2"},"widget-class":""},"_multiwidget":1},"single-images":{"2":{"image":3384,"image_size":"","image_link":"#","link_target":"_self","image_alignment":"left","css_animation":false,"widget-class":"","widget_logic":""},"5":{"image":3384,"image_size":"","image_link":"#","link_target":"_self","image_alignment":"left","css_animation":false,"widget-class":"","widget_logic":""},"3":{"image":1772,"image_size":"","image_link":"#","link_target":"_self","image_alignment":"left","css_animation":false,"widget-class":"","widget_logic":""},"4":{"image":1772,"image_size":"","image_link":"#","link_target":"_self","image_alignment":"left","css_animation":false,"widget-class":""},"_multiwidget":1},"list-post":{"2":{"title":"Latest Posts","cat_id":"9","image_size":"thumbnail","show_description":"no","number_posts":3,"orderby":"recent","order":"desc","link":"","text_link":"","style":"sidebar","widget-class":"","widget_logic":""},"7":{"title":"Latest Posts","cat_id":"9","image_size":"thumbnail","show_description":"no","number_posts":3,"orderby":"recent","order":"desc","link":"","text_link":"","style":"sidebar","widget-class":""},"5":{"title":"Latest Posts","cat_id":"9","image_size":"thumbnail","show_description":"no","number_posts":3,"orderby":"recent","order":"desc","link":"","text_link":"","style":"sidebar","widget-class":"","widget_logic":""},"6":{"title":"Latest Posts","cat_id":"9","image_size":"thumbnail","show_description":"no","number_posts":3,"orderby":"recent","order":"desc","link":"","text_link":"","style":"sidebar","widget-class":""},"_multiwidget":1},"text":{"2":{"title":"","text":"<div class=\"thim-have-any-question\">\r\nHave any question? \r\n<div class=\"mobile\"><i class=\"fa fa-phone\"><\/i><a href=\"tel:00123456789\" class=\"value\">(00) 123 456 789<\/a>\r\n<\/div>\r\n<div class=\"email\"><i class=\"fa fa-envelope\"><\/i><a href=\"mailto:hello@eduma.com\">hello@eduma.com<\/a>\r\n<\/div>\r\n<\/div>","filter":false,"widget-class":"","widget_logic":""},"3":{"title":"","text":"<div class=\"thim-language\">\r\n<a class=\"lang-item active\" href=\"#\">English<\/a>\r\n<ul class=\"list-lang\">\r\n<li class=\"lang-item\">\r\n<a class=\"lang-select\" href=\"#\">English<\/a>\r\n<\/li>\r\n<li class=\"lang-item\">\r\n<a class=\"lang-select\" href=\"#\">French<\/a>\r\n<\/li>\r\n<\/ul>\r\n<\/div>","filter":false,"widget-class":"","widget_logic":""},"4":{"title":"","text":"<div class=\"thim-footer-location\">\r\n\r\n<img class=\"alignnone size-full wp-image-10\" src=\"http:\/\/thim.staging.wpengine.com\/demo-kindergarten\/wp-content\/uploads\/sites\/28\/2016\/06\/kid-logo-footer.png\" alt=\"logo-eduma-the-best-lms-wordpress-theme\" width=\"145\" height=\"40\" \/>\r\n<p class=\"info\"><i class=\"fa fa-phone\"><\/i><a href=\"tel:00123456789\">(00) 123 456 789<\/a><\/p>\r\n<p class=\"info\"><i class=\"fa fa-envelope\"><\/i><a href=\"mailto:hello@eduma.com\">hello@eduma.com<\/a><\/p>\r\n\r\n<\/div>\r\n<div class=\"thim-social\">\r\n\t<ul class=\"social_link\">\r\n\t\t<li><a class=\"facebook hasTooltip\" href=\"https:\/\/www.facebook.com\/ThimPress\" target=\"_self\"><i class=\"fa fa-facebook\"><\/i><\/a><\/li>\r\n\t\t<li><a class=\"twitter hasTooltip\" href=\"https:\/\/twitter.com\/thimpress\" target=\"_self\"><i class=\"fa fa-twitter\"><\/i><\/a><\/li>\r\n\t\t<li><a class=\"google-plus hasTooltip\" href=\"https:\/\/plus.google.com\/+Thimpress\" target=\"_self\"><i class=\"fa fa-google-plus\"><\/i><\/a><\/li>\r\n\t\t<li><a class=\"pinterest hasTooltip\" href=\"#\" target=\"_self\"><i class=\"fa fa-pinterest\"><\/i><\/a><\/li>\r\n\t<\/ul>\r\n<\/div>","filter":false,"widget-class":"col-sm-4","widget_logic":""},"_multiwidget":1},"login-popup":{"2":{"text_register":"Register","text_login":"Login","text_logout":"Logout","shortcode":"[miniorange_social_login shape=\"longbuttonwithtext\" theme=\"default\" space=\"4\" width=\"240\" height=\"40\"]","widget-class":"","widget_logic":""},"_multiwidget":1},"nav_menu":{"6":{"title":"Company","nav_menu":7,"widget-class":"col-sm-2","widget_logic":""},"3":{"title":"Products","nav_menu":21,"widget-class":"col-sm-2","widget_logic":""},"4":{"title":"Support","nav_menu":22,"widget-class":"col-sm-2","widget_logic":""},"5":{"title":"Recommend","nav_menu":23,"widget-class":"col-sm-2","widget_logic":""},"14":{"nav_menu":24,"widget-class":""},"7":{"title":"Products","nav_menu":21,"widget-class":"col-sm-2"},"8":{"title":"Support","nav_menu":22,"widget-class":"col-sm-2"},"9":{"title":"Recommend","nav_menu":23,"widget-class":"col-sm-2"},"10":{"nav_menu":24,"widget-class":""},"_multiwidget":1},"course-categories":{"2":{"title":"All Courses","widget-class":"","show_counts":false,"hierarchical":false,"widget_logic":""},"_multiwidget":1}}]