[{"wp_inactive_widgets":["single-images-3","single-images-4","single-images-5","single-images-6","list-post-5","list-post-6","list-post-7","list-post-8","login-popup-2","courses-searching-2","course-categories-2","courses-3","courses-4","courses-5","courses-1210005","text-1210000","text-1210006","text-1210008","text-1210015","nav_menu-4","nav_menu-5","nav_menu-3","nav_menu-6","search-4","categories-2","search-3","nav_menu-7","nav_menu-8","nav_menu-9","nav_menu-10"],"sidebar":["search-4","categories-2","courses-2","single-images-2","list-post-2"],"toolbar":["login-popup-3","courses-searching-3","text-1210020","social-2"],"menu_right":["login-popup-4","social-3","text-1210023"],"footer":["text-1210019"],"sidebar_shop":["woocommerce_widget_cart-2"],"sidebar_courses":["course-categories-3","courses-7","single-images-7"]},{"search":{"4":{"title":"Search","widget-class":"","widget_logic":""},"3":{"title":"","widget-class":"","widget_logic":"(1==2)"},"_multiwidget":1},"categories":{"2":{"title":"","count":0,"hierarchical":0,"dropdown":0},"_multiwidget":1},"courses":{"2":{"heading_group":{"title":"Popular Courses","textcolor":false,"size":"h3","font_heading":"default","custom_font_heading":{"custom_font_size":18,"custom_font_weight":"normal"}},"desc_group":{"des":"","des_color":false,"des_font_size":16,"des_font_weight":"normal"},"order":"popular","layout":"list-sidebar","limit":3,"view_all_courses":"","slider-options":{"show_navigation":true,"item_visible":"4","show_pagination":false},"grid-options":{"columns":"2"},"widget-class":"","widget_logic":""},"7":{"title":"Latest Courses","order":"latest","cat_id":"all","layout":"list-sidebar","thumbnail_width":400,"thumbnail_height":300,"limit":3,"view_all_courses":"","view_all_position":"top","slider-options":{"show_navigation":true,"item_visible":"4","auto_play":0,"show_pagination":false},"grid-options":{"columns":"4"},"tabs-options":{"limit_tab":4,"cat_id_tab":false},"widget_logic":"","widget-class":"","featured":false},"3":{"heading_group":{"title":"Popular Courses","textcolor":false,"size":"h3","font_heading":"default","custom_font_heading":{"custom_font_size":18,"custom_font_weight":"normal"}},"desc_group":{"des":"","des_color":false,"des_font_size":16,"des_font_weight":"normal"},"order":"popular","layout":"list-sidebar","limit":3,"view_all_courses":"","slider-options":{"show_navigation":true,"item_visible":"4","show_pagination":false},"grid-options":{"columns":"2"},"widget-class":"","widget_logic":""},"4":{"heading_group":{"title":"Popular Courses","textcolor":false,"size":"h3","font_heading":"default","custom_font_heading":{"custom_font_size":18,"custom_font_weight":"normal"}},"desc_group":{"des":"","des_color":false,"des_font_size":16,"des_font_weight":"normal"},"order":"popular","layout":"list-sidebar","limit":3,"view_all_courses":"","slider-options":{"show_navigation":true,"item_visible":"4","show_pagination":false},"grid-options":{"columns":"2"},"widget-class":""},"5":{"heading_group":{"title":"Popular Courses","textcolor":false,"size":"h3","font_heading":"default","custom_font_heading":{"custom_font_size":18,"custom_font_weight":"normal"}},"desc_group":{"des":"","des_color":false,"des_font_size":16,"des_font_weight":"normal"},"order":"popular","layout":"list-sidebar","limit":3,"view_all_courses":"","slider-options":{"show_navigation":true,"item_visible":"4","show_pagination":false},"grid-options":{"columns":"2"},"widget-class":""},"1210005":{"title":"","order":"popular","cat_id":"all","layout":"slider","limit":6,"view_all_courses":"","slider-options":{"show_navigation":true,"item_visible":"4","show_pagination":false},"grid-options":{"columns":"2"},"widget-class":"","panels_info":{"class":"Thim_Courses_Widget","raw":false,"grid":2,"cell":0,"id":5,"widget_id":"844f9764-505f-4700-98ef-6f62da39aa4c","style":{"background_display":"tile"}},"id":"courses-1210005"},"_multiwidget":1},"single-images":{"2":{"image":3384,"image_size":"","image_link":"#","link_target":"_self","image_alignment":"left","css_animation":false,"widget-class":"","widget_logic":""},"7":{"image":3384,"image_size":"full","image_link":"#","link_target":"_self","image_alignment":"left","css_animation":false,"widget_logic":"","widget-class":""},"3":{"image":1772,"image_size":"","image_link":"#","link_target":"_self","image_alignment":"left","css_animation":false,"widget-class":"","widget_logic":""},"4":{"image":1772,"image_size":"","image_link":"#","link_target":"_self","image_alignment":"left","css_animation":false,"widget-class":""},"5":{"image":3384,"image_size":"","image_link":"#","link_target":"_self","image_alignment":"left","css_animation":false,"widget-class":"","widget_logic":""},"6":{"image":3384,"image_size":"full","image_link":"#","link_target":"_self","image_alignment":"left","css_animation":false,"widget-class":"","widget_logic":""},"_multiwidget":1},"list-post":{"2":{"title":"Latest Posts","cat_id":"9","image_size":"thumbnail","show_description":"no","number_posts":3,"orderby":"recent","order":"desc","link":"","text_link":"","style":"sidebar","widget-class":"","widget_logic":""},"5":{"title":"Latest Posts","cat_id":"9","image_size":"thumbnail","show_description":"no","number_posts":3,"orderby":"recent","order":"desc","link":"","text_link":"","style":"sidebar","widget-class":"","widget_logic":""},"6":{"title":"Latest Posts","cat_id":"9","image_size":"thumbnail","show_description":"no","number_posts":3,"orderby":"recent","order":"desc","link":"","text_link":"","style":"sidebar","widget-class":""},"7":{"title":"Latest Posts","cat_id":"9","image_size":"thumbnail","show_description":"no","number_posts":3,"orderby":"recent","order":"desc","link":"","text_link":"","style":"sidebar","widget-class":""},"8":{"title":"Latest Posts","cat_id":"9","number_posts":3,"show_description":"no","orderby":"recent","order":"desc","layout":"base","display_feature":"no","image_size":"thumbnail","item_vertical":0,"link":"","text_link":"","style":"sidebar","widget-class":"","widget_logic":""},"_multiwidget":1},"login-popup":{"3":{"text_register":"Register","text_login":"Login","text_logout":"Logout","text_profile":"Profile","layout":"icon","term":"","shortcode":"","widget_logic":"","widget-class":"","captcha":false},"4":{"text_register":"Register","text_login":"Login","text_logout":"Logout","text_profile":"","layout":"base","term":"","shortcode":"","widget_logic":"","widget-class":"","captcha":false},"2":{"text_register":"Register","text_login":"Login","text_logout":"Logout","shortcode":"","widget-class":"","widget_logic":""},"_multiwidget":1},"courses-searching":{"3":{"layout":"overlay","title":"Search Courses","description":"Description for search course widget.","placeholder":"What do you want to learn today?","widget_logic":"","widget-class":""},"2":{"layout":"overlay","title":"","description":"","placeholder":"Search courses...","widget-class":"","widget_logic":"!is_page('home-version-2')"},"_multiwidget":1},"text":{"1210020":{"title":"","text":"<div class=\"thim-have-any-question\">\r\n<div class=\"mobile\"><i class=\"fa fa-phone\"><\/i>Need help? Call us now: <a class=\"value\" href=\"tel:00123456789\">(00) 123 456 789<\/a><\/div>\r\n<div class=\"email\"><i class=\"fa fa-envelope\"><\/i><a href=\"mailto:hello@eduma.com\">hello@eduma.com<\/a><\/div>\r\n<\/div>","filter":true,"visual":true,"widget_logic":"","widget-class":""},"1210023":{"title":"","text":"[INSERT_ELEMENTOR id=\"11081\"]","filter":true,"visual":true,"widget_logic":"","widget-class":""},"1210019":{"title":"","text":"[INSERT_ELEMENTOR id=\"11232\"]","filter":true,"visual":true,"widget_logic":"","widget-class":""},"1210000":{"title":"","text":"[rev_slider alias=\"home-page\"]","filter":false,"panels_info":{"class":"WP_Widget_Text","raw":false,"grid":0,"cell":0,"id":0,"widget_id":"c0e91dfd-6233-426c-a5b1-ff827868ab97","style":{"background_display":"tile"}},"id":"text-1210000"},"1210006":{"title":"","text":"<div class=\"thim-get-100s\">\n<p class=\"get-100s\">Get 100s of online <span class=\"thim-color\">Courses For Free<\/span><\/p>\n<h2>Register Now<\/h2>\n<\/div>","widget-class":"","filter":false,"panels_info":{"class":"WP_Widget_Text","raw":false,"grid":3,"cell":0,"id":6,"widget_id":"0367cc94-57fb-47fc-9dbc-a24f1de748c5","style":{"background_display":"tile"}},"id":"text-1210006"},"1210008":{"title":"","text":"<div class=\"thim-register-now-form\">\n<h3 class=\"title\"><span>Create your free account now and get immediate access to 100s of online courses.<\/span><\/h3>\n[contact-form-7 id=\"85\" title=\"Get It Now\"]\n<\/div>","widget-class":"","filter":false,"panels_info":{"class":"WP_Widget_Text","raw":false,"grid":3,"cell":1,"id":8,"widget_id":"1fe92111-ab4e-44f6-808b-f924d83b7dfa","style":{"background_display":"tile"}},"id":"text-1210008"},"1210015":{"title":"","text":"<div class=\"thim-newlleter-homepage\">\n<p class=\"description\">Subscribe now and receive weekly newsletter with educational materials, new courses, interesting posts, popular books and much more!<\/p>\n[mc4wp_form id=\"3101\"]\n<\/div>","widget-class":"","filter":false,"panels_info":{"class":"WP_Widget_Text","raw":false,"grid":7,"cell":0,"id":15,"widget_id":"23c8d57a-fb02-42f3-a21c-f81234600a23","style":{"background_display":"tile"}},"id":"text-1210015"},"_multiwidget":1},"social":{"2":{"title":"","style":"style-4","link_face":"#","link_twitter":"#","link_google":"#","link_dribble":"#","link_linkedin":"","link_pinterest":"","link_instagram":"","link_youtube":"","link_snapchat":"","link_target":"_self","widget_logic":"","widget-class":"","show_label":false},"3":{"title":"","style":false,"link_face":"#","link_twitter":"#","link_google":"#","link_dribble":"","link_linkedin":"","link_pinterest":"","link_instagram":"#","link_youtube":"","link_snapchat":"","link_target":"_self","widget_logic":"","widget-class":"","show_label":false},"_multiwidget":1},"woocommerce_widget_cart":{"2":{"title":"Cart","hide_if_empty":0,"widget-class":"","widget_logic":"is_woocommerce()"},"_multiwidget":1},"course-categories":{"3":{"title":"All Courses","layout":"base","slider-options":{"limit":15,"show_navigation":true,"item_visible":"7","auto_play":0,"show_pagination":false},"widget_logic":"","widget-class":"","list-options":{"show_counts":false,"hierarchical":false}},"2":{"title":"All Courses","widget-class":"","show_counts":false,"hierarchical":false,"widget_logic":""},"_multiwidget":1},"nav_menu":{"4":{"title":"Support","nav_menu":22,"widget-class":"col-sm-2","widget_logic":""},"5":{"title":"Recommend","nav_menu":23,"widget-class":"col-sm-2","widget_logic":""},"3":{"title":"Products","nav_menu":21,"widget-class":"col-sm-2","widget_logic":""},"6":{"nav_menu":24,"widget-class":"","widget_logic":""},"7":{"title":"Products","nav_menu":21,"widget-class":"col-sm-2"},"8":{"title":"Support","nav_menu":22,"widget-class":"col-sm-2"},"9":{"title":"Recommend","nav_menu":23,"widget-class":"col-sm-2"},"10":{"nav_menu":24,"widget-class":""},"_multiwidget":1}}]