[{"sidebar":["thim_layout_builder-5"],"header_right":["thim_layout_builder-3"],"before_main":["thim_layout_builder-6"],"after_main":["thim_layout_builder-7"],"footer-sidebar-1":["thim_layout_builder-4"]},{"thim_layout_builder":{"5":{"widget_logic":"","content":"<p>[vc_row css=\".vc_custom_1485163399375{margin-top: -10px !important;}\"][vc_column][thim-author-info layout=\"layout-2\" title=\"About me\" author_name=\"image_name\" author_name_position=\"bottom\" image_name=\"2948\"]I'm a Copywriter in a Digital Agency, I was searching for courses that'll help me broaden my skill set. Before signing up for Rob's course I tried many web development courses, but no course comes.[\/thim-author-info][thim-social-links style=\"grid\" social_links=\"%5B%7B%22icon%22%3A%22fa%20fa-facebook%22%2C%22text%22%3A%22Facebook%22%2C%22link%22%3A%22http%3A%2F%2Ffacebook.com%2Fthimpress%2F%22%7D%2C%7B%22icon%22%3A%22fa%20fa-twitter%22%2C%22text%22%3A%22twitter%22%2C%22link%22%3A%22http%3A%2F%2Ftwitter.com%2Fthimpress%2F%22%7D%2C%7B%22icon%22%3A%22fa%20fa-pinterest-p%22%2C%22text%22%3A%22pinterest%22%2C%22link%22%3A%22%23%22%7D%2C%7B%22icon%22%3A%22fa%20fa-instagram%22%2C%22text%22%3A%22instagram%22%2C%22link%22%3A%22%23%22%7D%2C%7B%22icon%22%3A%22fa%20fa-youtube-play%22%2C%22text%22%3A%22youtube%22%2C%22link%22%3A%22%23%22%7D%2C%7B%22icon%22%3A%22fa%20fa-google-plus%22%2C%22text%22%3A%22google%20plus%22%2C%22link%22%3A%22%23%22%7D%5D\" title=\"KEEP IN TOUCH\"][thim-ads ad_id=\"4\"][thim-block-33 title=\"TRENDING POSTS\" layout=\"layout-2\" display_category=\"no\" category=\"side\" data=\"order_by:date|order:DESC|categories:112\"][vc_column_text]<\/p>\r\n<h2 class=\"widgettitle\">INSTAGRAM<\/h2>\r\n<p>[instagram-feed num=6 cols=2][\/vc_column_text][\/vc_column][\/vc_row]<\/p>\r\n","custom_css":".vc_custom_1485163399375{margin-top: -10px !important;}","widget-class":""},"3":{"widget_logic":"","content":"[vc_row][vc_column][thim-social-links social_links=\"%5B%7B%22icon%22%3A%22fa%20fa-facebook%22%2C%22link%22%3A%22http%3A%2F%2Ffacebook.com%2Fthimpress%22%7D%2C%7B%22icon%22%3A%22fa%20fa-google-plus%22%2C%22link%22%3A%22%23%22%7D%2C%7B%22icon%22%3A%22fa%20fa-twitter%22%2C%22link%22%3A%22http%3A%2F%2Ftwitter.com%2Fthimpress%22%7D%5D\"][vc_wp_search][\/vc_column][\/vc_row]","custom_css":"","widget-class":""},"6":{"widget_logic":"!is_single() && !is_author()","content":"<p>[vc_row full_width=\"stretch_row_content_no_spaces\" el_class=\"travel-slider\" css=\".vc_custom_1509345529231{margin-top: -192px !important;}\"][vc_column][thim-block-28 layout=\"layout-5\" post_type=\"post\" category=\"header\" data=\"size:3|order_by:date|order:DESC|categories:111\"][\/vc_column][\/vc_row][vc_row full_width=\"stretch_row\" el_class=\"travel-trending\" css=\".vc_custom_1509356304351{margin-bottom: 67px !important;}\"][vc_column][thim-block-30 title=\"TRENDING POSTS\" item_visible=\"3\" post_type=\"post\" category=\"feature\" data=\"order_by:date|order:DESC|categories:113\"][\/vc_column][\/vc_row][vc_row el_class=\"travel-newsletter\"][vc_column][vc_single_image image=\"3452\" img_size=\"full\" alignment=\"center\" el_class=\"img-absolute\"][vc_column_text]<\/p>\r\n<div class=\"newsletter-box\">\r\n<div class=\"box-left\">\r\n<h3>Want more news like this?<\/h3>\r\n<p class=\"des\">Sign up to receive our weekly email newsletter and never miss<br \/>\r\nan update!<\/p>\r\n<\/div>\r\n<div class=\"box-right\">\r\n<p>[mc4wp_form id=\"52\"]<\/p>\r\n<p class=\"note\">By submitting above, you agree to Maga2 Travel privacy policy.<\/p>\r\n<\/div>\r\n<\/div>\r\n<p>[\/vc_column_text][\/vc_column][\/vc_row][vc_row full_width=\"stretch_row_content_no_spaces\"][vc_column][thim-video-box video=\"custom_video\" link_video=\"https:\/\/www.youtube.com\/watch?v=hxeITyt_XfU\" title=\"The Best Places to Travel In The World\" upload_image=\"3693\"][\/vc_column][\/vc_row]<\/p>\r\n","custom_css":".vc_custom_1509345529231{margin-top: -192px !important;}.vc_custom_1509356304351{margin-bottom: 67px !important;}","widget-class":""},"7":{"widget_logic":"","content":"[vc_row full_width=\"stretch_row_content_no_spaces\" css=\".vc_custom_1509078111137{margin-bottom: 0px !important;}\" el_class=\"thim-instagram-feed\"][vc_column css=\".vc_custom_1509078090956{margin-bottom: -35px !important;}\"][vc_column_text][instagram-feed id=\"6645633853\"][\/vc_column_text][\/vc_column][\/vc_row]","custom_css":".vc_custom_1509078111137{margin-bottom: 0px !important;}.vc_custom_1509078090956{margin-bottom: -35px !important;}","widget-class":""},"4":{"widget_logic":"","content":"<p>[vc_row][vc_column width=\"5\/12\" offset=\"vc_hidden-xs\"][vc_column_text]<\/p>\r\n<h2 class=\"widgettitle\" style=\"text-align: center;\"><span class=\"highlight\">About<\/span> Me<\/h2>\r\n<p style=\"text-align: center;\">Lommodo ligula eget dolor. Aenean massa.Cum sociis<br \/>\r\nque penatibus et magnis dis parturient montes lorem,<br \/>\r\nnascetur ridiculusmus. Donec quam felis, ultricies<br \/>\r\nnec massa.Cum sociis ...<\/p>\r\n<p>[\/vc_column_text][thim-social-links social_links=\"%5B%7B%22icon%22%3A%22fa%20fa-facebook%22%2C%22link%22%3A%22http%3A%2F%2Fwww.facebook.com%2FThimPress%2F%22%7D%2C%7B%22icon%22%3A%22fa%20fa-google-plus%22%2C%22link%22%3A%22http%3A%2F%2Fwww.google.com%2FThimPress%2F%22%7D%2C%7B%22icon%22%3A%22fa%20fa-instagram%22%2C%22link%22%3A%22http%3A%2F%2Fwww.instagram.com%2FThimPress%2F%22%7D%2C%7B%22icon%22%3A%22fa%20fa-pinterest-p%22%2C%22link%22%3A%22http%3A%2F%2Fwww.pinterest.com%2FThimPress%2F%22%7D%2C%7B%22icon%22%3A%22fa%20fa-twitter%22%2C%22link%22%3A%22http%3A%2F%2Fwww.twitter.com%2FThimPress%2F%22%7D%2C%7B%22icon%22%3A%22fa%20fa-youtube-play%22%2C%22link%22%3A%22http%3A%2F%2Fwww.youtube.com%2FThimPress%2F%22%7D%5D\" align_items=\"center\" icon_size=\"45px\"][vc_column_text css=\".vc_custom_1507025844761{margin-top: 30px !important;}\" el_class=\"like-copyright-text\"]<\/p>\r\n<p style=\"text-align: center;\">Copyright \u00a9 2017 ThimPress. All rights reserved.<br \/>\r\nDesigned by <a href=\"http:\/\/thimpress.com\">ThimPress.<\/a><\/p>\r\n<p>[\/vc_column_text][\/vc_column][vc_column width=\"4\/12\" offset=\"vc_hidden-xs\"][thim-block-33 title=\"`{`highlight text=``Popular```}` Post\" layout=\"layout-2\" display_category=\"no\" data=\"size:3\"][\/vc_column][vc_column width=\"3\/12\" offset=\"vc_hidden-xs\"][vc_wp_categories title=\"`{`highlight text=``Popular```}` Category\" options=\"count\"][\/vc_column][\/vc_row]<\/p>\r\n","custom_css":".vc_custom_1507025844761{margin-top: 30px !important;}","widget-class":""},"_multiwidget":1}}]