[{"wp_inactive_widgets":["archives-2","meta-2","recent-posts-2","recent-comments-2"],"topbar-left":["text-2"],"topbar-right":["text-4","text-7"],"sidebar":["search-2","categories-2","thim_layout_builder-4","media_image-2","tag_cloud-2"],"footer-top":["text-6"],"footer-sidebar-1":["text-5"],"footer-sidebar-2":["nav_menu-2"],"footer-sidebar-3":["nav_menu-3"],"footer-sidebar-4":["nav_menu-4"],"footer-sidebar-5":["nav_menu-5"]},{"text":{"2":{"title":"","text":"<div class=\"thim-toolbar-help-info\"><i class=\"fa fa-phone\"><\/i> Need help? Call us Now: <a href=\"#\">+00 44 123 456 78910<\/a><\/div>","filter":true,"visual":true,"widget-class":""},"4":{"title":"","text":"<div class=\"thim-toolbar-help-info\"><i class=\"fa fa-envelope-o\"><\/i> <a href=\"#\">support@kidschool.com<\/a><\/div>","filter":true,"visual":true,"widget-class":""},"7":{"title":"","text":"[INSERT_ELEMENTOR id=\"739\"]","filter":true,"visual":true,"widget-class":""},"6":{"title":"","text":"[INSERT_ELEMENTOR id=\"716\"]","filter":true,"visual":true,"widget-class":""},"5":{"title":"","text":"[INSERT_ELEMENTOR id=\"701\"]","filter":true,"visual":true,"widget-class":""},"_multiwidget":1},"search":{"2":{"title":""},"_multiwidget":1},"categories":{"2":{"title":"","count":0,"hierarchical":0,"dropdown":0},"_multiwidget":1},"thim_layout_builder":{"4":{"widget-class":"","content":"<p>[vc_row][vc_column css=\".vc_custom_1550483406029{padding-right: 0px !important;padding-left: 0px !important;}\"][thim-posts layout=\"kindergarten-layout-widget-2\" title=\"Latest posts\" number=\"3\"][\/vc_column][\/vc_row]<\/p>\r\n","custom_css":".vc_custom_1550483406029{padding-right: 0px !important;padding-left: 0px !important;}"},"_multiwidget":1},"media_image":{"2":{"attachment_id":11,"url":"http:\/\/kindergarten.thimpress.com\/wp-content\/uploads\/2019\/02\/single-image-07.jpg","title":"","size":"full","width":260,"height":267,"caption":"","alt":"","link_type":"custom","link_url":"","image_classes":"","link_classes":"","link_rel":"","link_target_blank":false,"image_title":"","widget-class":""},"_multiwidget":1},"tag_cloud":{"2":{"title":"Tags","count":0,"taxonomy":"post_tag","widget-class":""},"_multiwidget":1},"nav_menu":{"2":{"title":"Menu","nav_menu":30,"widget-class":""},"3":{"title":"Courses","nav_menu":27,"widget-class":""},"4":{"title":"Topics","nav_menu":31,"widget-class":""},"5":{"title":"Info for","nav_menu":28,"widget-class":""},"_multiwidget":1},"archives":{"2":{"title":"","count":0,"dropdown":0},"_multiwidget":1},"meta":{"2":{"title":""},"_multiwidget":1},"recent-posts":{"2":{"title":"","number":5},"_multiwidget":1},"recent-comments":{"2":{"title":"","number":5},"_multiwidget":1}}]