[{"wp_inactive_widgets":["custom_html-1","thim_layout_builder-3"],"menu-right":["thim_layout_builder-7"],"sidebar":["search-2","categories-3","thim_layout_builder-5","custom_html-3","tag_cloud-1"],"footer-top":["thim_layout_builder-8"],"footer-sidebar-1":["thim_layout_builder-2"],"footer-sidebar-2":["nav_menu-2"],"footer-sidebar-3":["nav_menu-3"],"footer-sidebar-4":["nav_menu-4"],"footer-sidebar-5":["nav_menu-5"]},{"thim_layout_builder":{"7":{"widget-class":"","content":"[vc_row bp_css_mobile=\".vc_custom_1560314543706{padding-right: 0px !important;padding-left: 0px !important;}\"][vc_column bp_css_mobile=\".vc_custom_1560220091752{padding-right: 0px !important;padding-left: 0px !important;}\" css=\".vc_custom_1560220091748{padding-top: 0px !important;}\"][thim-button link=\"url:%23|title:Request%20a%20demo||\" shape=\"round\" button_border_width=\"0\" show_line=\"\" button_font_size=\"14\" button_font_weight=\"400\" bg_color=\"#7856ff\" text_color=\"#ffffff\" bg_hover_color=\"#3b0aff\" button_padding=\"0 30px\" button_line_height=\"40\" icon_type=\"none\"][thim-login-popup user_menu=\"true\" show_icon=\"true\" popup_image=\"224\"][thim-search-posts layout=\"layout-1\"][\/vc_column][\/vc_row]\r\n","custom_css":".vc_custom_1560314543706{padding-right: 0px !important;padding-left: 0px !important;}.vc_custom_1560220091748{padding-top: 0px !important;}.vc_custom_1560220091752{padding-right: 0px !important;padding-left: 0px !important;}"},"5":{"widget-class":"","content":"<p>[vc_row][vc_column][thim-posts layout=\"kindergarten-layout-widget-2\" title=\"Latest posts\" number=\"3\"][\/vc_column][\/vc_row]<\/p>\r\n","custom_css":""},"8":{"widget-class":"","content":"[vc_row full_width=\"stretch_row\" background_gradient_1=\"#7856ff\" background_gradient_2=\"#262b57\" background_position=\"center-top\" bp_css_tablet=\".vc_custom_1560147632807{padding-top: 100px !important;padding-bottom: 100px !important;}\" el_class=\"get-started--home-3  thim-block-slider-home layout-4\" css=\".vc_custom_1560147632804{padding-top: 88px !important;padding-bottom: 130px !important;background-image: url(http:\/\/marketing.thimpress.com\/wp-content\/uploads\/2019\/05\/bg-png-09.png?id=63) !important;background-position: 0 0 !important;background-repeat: no-repeat !important;}\" z_index_gradient=\"-1\"][vc_column][thim-heading layout=\"kindergarten-layout-1\" title=\"Get started with Campaign Monitor today.\" sub_title=\"With our powerful yet easy-to-use tools, it's never been easier to make an impact with email marketing.\" show_line=\"\" align=\"align-center\" title_tag=\"h3\" title_font_size=\"36\" title_line_height=\"1.2\" title_font_weight=\"600\" sub_title_font_size=\"16\" sub_title_line_height=\"1.75\" sub_title_font_weight=\"300\" title_color=\"#ffffff\" sub_title_color=\"#d0cdef\" title_margin=\"0 0 16px\" bp_css=\".vc_custom_1560138474353{margin-bottom: 50px !important;}\"][\/thim-heading][thim-button link=\"url:http%3A%2F%2Fmarketing.thimpress.com%2Fdemo-4%2Fabout-us%2F|title:TRY%20IT%20FORE%20FREE||\" shape=\"round\" button_border_width=\"0\" show_line=\"\" align=\"align-center\" button_font_size=\"14\" button_font_weight=\"400\" bg_color=\"#7856ff\" text_color=\"#ffffff\" bg_hover_color=\"#3b0aff\" button_padding=\"0 45px\" button_line_height=\"48\" icon_type=\"none\"][\/vc_column][\/vc_row]\r\n","custom_css":".vc_custom_1560147632804{padding-top: 88px !important;padding-bottom: 130px !important;background-image: url(http:\/\/marketing.thimpress.com\/wp-content\/uploads\/2019\/05\/bg-png-09.png?id=63) !important;background-position: 0 0 !important;background-repeat: no-repeat !important;}.vc_custom_1560147632807{padding-top: 100px !important;padding-bottom: 100px !important;}.vc_custom_1560138474353{margin-bottom: 50px !important;}"},"2":{"widget-class":"","content":"[vc_row css=\".vc_custom_1560226913451{margin-left: -34px !important;}\"][vc_column][vc_single_image image=\"121\" img_size=\"full\" css=\".vc_custom_1560218646637{margin-top: -6px !important;padding-bottom: 34px !important;}\"][vc_column_text]<a href=\"#\">info@yourdomain.com<\/a><br \/>\r\n<a href=\"#\">(+08) 12345 6789<\/a><\/p>\r\n<p>4010 Stokes Isle Apt. 179, Venaville, New York 12390, United State[\/vc_column_text][thim-social-links links=\"%5B%7B%22icon%22%3A%22fa%20fa-facebook%22%2C%22url%22%3A%22%23%22%7D%2C%7B%22icon%22%3A%22fa%20fa-twitter%22%2C%22url%22%3A%22%23%22%7D%2C%7B%22icon%22%3A%22fa%20fa-pinterest-p%22%2C%22url%22%3A%22%23%22%7D%2C%7B%22icon%22%3A%22fa%20fa-linkedin%22%2C%22url%22%3A%22%23%22%7D%5D\"][\/vc_column][\/vc_row]\r\n","custom_css":".vc_custom_1560226913451{margin-left: -34px !important;}.vc_custom_1560218646637{margin-top: -6px !important;padding-bottom: 34px !important;}"},"3":{"widget-class":"","content":"<p>[vc_row][vc_column][thim-social-links links=\"%5B%7B%22icon%22%3A%22fa%20fa-facebook%22%2C%22url%22%3A%22%23%22%7D%2C%7B%22icon%22%3A%22fa%20fa-twitter%22%2C%22url%22%3A%22%23%22%7D%2C%7B%22icon%22%3A%22fa%20fa-linkedin%22%2C%22url%22%3A%22%23%22%7D%2C%7B%22icon%22%3A%22fa%20fa-pinterest-p%22%2C%22url%22%3A%22%23%22%7D%5D\"][thim-login-popup user_menu=\"true\" show_icon=\"true\"][\/vc_column][\/vc_row]<\/p>\r\n","custom_css":""},"_multiwidget":1},"search":{"2":{"title":""},"_multiwidget":1},"categories":{"3":{"title":"Categories","count":1,"hierarchical":0,"dropdown":0,"widget-class":""},"_multiwidget":1},"custom_html":{"3":{"title":"","content":"<div class=\"thim-block-info-contact-2\">\r\n<h5 class=\"title-block\">Free Call<\/h5>\r\n<div class=\"description-block\">Pulvinar est metro ligula blandit maecenas<\/div>\r\n<div class=\"content-block\">1-900-22-44-88<\/div>\r\n<a href=\"#\" class=\"button-block\">COntact us<\/a><\/div>","widget-class":""},"1":{"title":"","content":"<ul class=\"thim-block-toolbar-help-info\">\r\n\t<li class=\"phone-info\"><i class=\"ion ion-ios-telephone\"><\/i>Need help? Call us now: <a href=\"#\">(+88) 12 345 6789<\/a><\/li>\r\n  <li><i class=\"ion ion-android-mail\"><\/i><a href=\"#\">global@mail.com<\/a><\/li><\/ul>","widget-class":""},"_multiwidget":1},"tag_cloud":{"1":{"title":"Tags cloud","count":0,"taxonomy":"post_tag","widget-class":""},"_multiwidget":1},"nav_menu":{"2":{"title":"Navigation","nav_menu":3,"widget-class":""},"3":{"title":"About us","nav_menu":4,"widget-class":""},"4":{"title":"Workflows","nav_menu":5,"widget-class":""},"5":{"title":"Resources","nav_menu":6,"widget-class":""},"_multiwidget":1}}]