[{"wp_inactive_widgets":["search-2"],"topbar_left":["text-2"],"topbar_right":["thim_layout_builder-2"],"logo-right":["thim_layout_builder-7"],"sidebar":["search-3","categories-2","thim_layout_builder-6","tag_cloud-2"],"menu-right":["thim_layout_builder-8"],"footer-sidebar-1":["thim_layout_builder-3"],"footer-sidebar-2":["nav_menu-2"],"footer-sidebar-3":["custom_html-2"],"footer-sidebar-4":["nav_menu-4"]},{"text":{"2":{"title":"","text":"<ul class=\"list-inline\">\r\n \t<li class=\"list-inline-item\"><i class=\"ion-ios-location\"><\/i>25 New Design Street, San Francisco<\/li>\r\n \t<li class=\"list-inline-item\"><i class=\"ion-ios-clock-outline\"><\/i> Mon - Fri: 8am - 7pm<\/li>\r\n \t<li class=\"list-inline-item\"><i class=\"ion-android-mail\"><\/i> hello@medical.com<\/li>\r\n<\/ul>","filter":true,"visual":true,"widget-class":""},"_multiwidget":1},"thim_layout_builder":{"2":{"widget-class":"","content":"<p>[vc_row][vc_column][thim-social-links links=\"%5B%7B%22icon%22%3A%22fa%20fa-facebook%22%2C%22url%22%3A%22%23%22%7D%2C%7B%22icon%22%3A%22fa%20fa-twitter%22%2C%22url%22%3A%22%23%22%7D%2C%7B%22icon%22%3A%22fa%20fa-pinterest-p%22%2C%22url%22%3A%22%23%22%7D%2C%7B%22icon%22%3A%22fa%20fa-linkedin%22%2C%22url%22%3A%22%23%22%7D%5D\" bp_css=\".vc_custom_1541641086046{padding-right: 15px !important;}\"][thim-login-popup popup_image=\"944\" bp_css=\".vc_custom_1541641095540{padding-left: 15px !important;}\"][\/vc_column][\/vc_row]<\/p>\r\n","custom_css":".vc_custom_1541641086046{padding-right: 15px !important;}.vc_custom_1541641095540{padding-left: 15px !important;}"},"7":{"widget-class":"","content":"[vc_row][vc_column][thim-icon-box icon_type=\"icon_ionicon\" icon_ionicon=\"ion-android-call\" icon_position=\"icon-left\" title=\"(+808) 444 - 0220\" description=\"NEED HELP? CALL US NOW\" show_line=\"\" title_tag=\"h3\" title_font_size=\"20\" title_font_weight=\"500\" icon_font_size=\"35\" desc_font_weight=\"300\" icon_color=\"#5663c1\" title_color=\"#1e1e1e\" desc_color=\"#747474\" icon_margin=\"0 20px 0 0\" title_margin=\"0 0 3px \"][\/vc_column][\/vc_row]","custom_css":""},"6":{"widget-class":"","content":"[vc_row][vc_column][thim-posts layout=\"layout-list-2\" title=\"Recent Posts\" show_date=\"true\" show_author=\"\" show_number_comments=\"\"][\/vc_column][\/vc_row]","custom_css":""},"8":{"widget-class":"","content":"[vc_row css=\".vc_custom_1541559203734{margin-top: -20px !important;}\"][vc_column][vc_wp_search][\/vc_column][\/vc_row]","custom_css":".vc_custom_1541559203734{margin-top: -20px !important;}"},"3":{"widget-class":"","content":"[vc_row][vc_column][vc_single_image image=\"1114\" img_size=\"full\" css=\".vc_custom_1542945708445{margin-bottom: 15px !important;}\"][vc_column_text css=\".vc_custom_1536114840758{margin-bottom: 20px !important;}\"]I am text block. Click edit button to change this text.[\/vc_column_text][vc_column_text css=\".vc_custom_1536114848138{margin-bottom: 20px !important;}\"][mc4wp_form id=\"429\"][\/vc_column_text][thim-social-links links=\"%5B%7B%22icon%22%3A%22fa%20fa-facebook-official%22%2C%22url%22%3A%22%23%22%7D%2C%7B%22icon%22%3A%22fa%20fa-twitter%22%2C%22url%22%3A%22%23%22%7D%2C%7B%22icon%22%3A%22fa%20fa-pinterest-p%22%2C%22url%22%3A%22%23%22%7D%2C%7B%22icon%22%3A%22fa%20fa-linkedin%22%2C%22url%22%3A%22%23%22%7D%5D\"][\/vc_column][\/vc_row]","custom_css":".vc_custom_1542945708445{margin-bottom: 15px !important;}.vc_custom_1536114840758{margin-bottom: 20px !important;}.vc_custom_1536114848138{margin-bottom: 20px !important;}"},"_multiwidget":1},"search":{"3":{"title":""},"2":{"title":""},"_multiwidget":1},"categories":{"2":{"title":"Categories","count":1,"hierarchical":0,"dropdown":0},"_multiwidget":1},"tag_cloud":{"2":{"title":"Tags","count":0,"taxonomy":"post_tag"},"_multiwidget":1},"nav_menu":{"2":{"title":"Useful Links","nav_menu":28,"widget-class":"menu-column-2"},"4":{"title":"MEDICAL DEPARTMENTS","nav_menu":29,"widget-class":""},"_multiwidget":1},"custom_html":{"2":{"title":"Connect Us","content":"<ul class=\"thim-contact-list\">\r\n \t<li><i class=\"fa fa-phone\" aria-hidden=\"true\"><\/i> <a href=\"tel:00123456789\">(+00) 123456-789<\/a><\/li>\r\n \t<li><i class=\"fa fa-envelope-o\" aria-hidden=\"true\"><\/i> <a href=\"mailto:info@thimpress.com\">info@thimpress.com<\/a><\/li>\r\n \t<li><i class=\"fa fa-fax\" aria-hidden=\"true\"><\/i> <a href=\"tel:01123456789\">(+01) 123456-789<\/a><\/li>\r\n \t<li class=\"address\"><i class=\"fa fa-map-marker\" aria-hidden=\"true\"><\/i> PO Box 97845 Baker st. 567, Los Angeles, California, US.<\/li>\r\n<\/ul>","widget-class":""},"_multiwidget":1}}]