[{"sidebar-1":["categories-4","events-2","list-post-2"],"toolbar":["text-2"],"top_sidebar":["text-3"],"menu_sidebar":["text-5"],"footer":["text-4"]},{"categories":{"4":{"title":"","count":0,"hierarchical":0,"dropdown":0,"widget_logic":"","widget-class":""},"_multiwidget":1},"events":{"2":{"title":"Events Happening","number":3,"status":"tp-event-happenning","time_format":"24h","orderby":"recent","order":"asc","template":"style3","thumbnail_size":"475x276","default_option":{"columns":"2"},"widget_logic":""},"_multiwidget":1},"list-post":{"2":{"title":"From Blog","cat_id":"6","number_posts":3,"orderby":"popular","order":"asc","date":"show","template":"base","columns":3,"button_text":"Button Text","widget_logic":""},"_multiwidget":1},"text":{"2":{"title":"","text":"[thim_ekit id=\"6189\"]","filter":true,"visual":true,"widget_logic":"","widget-class":""},"3":{"title":"","text":"[thim_ekit id=\"6185\"]","filter":true,"visual":true,"widget_logic":"","widget-class":""},"5":{"title":"","text":"[thim_ekit id=\"6177\"]","filter":true,"visual":true,"widget_logic":"","widget-class":""},"4":{"title":"","text":"[thim_ekit id=\"6181\"]","filter":true,"visual":true,"widget_logic":"","widget-class":""},"_multiwidget":1}}]