[{"copyright":["nav_menu-14"],"sidebar":["search-2","categories-4","courses-6","single-images-6"],"menu_right":["login-popup-3"],"footer_top":["text-9"],"footer":["text-8"],"sidebar_courses":["course-categories-3","courses-7","single-images-7"]},{"nav_menu":{"14":{"nav_menu":24,"widget-class":""},"_multiwidget":1},"search":{"2":{"title":"","widget_logic":"","widget-class":""},"_multiwidget":1},"categories":{"4":{"title":"","count":0,"hierarchical":0,"dropdown":0,"widget_logic":"","widget-class":""},"_multiwidget":1},"courses":{"6":{"title":"Latest Courses","order":"latest","cat_id":"all","layout":"list-sidebar","limit":3,"view_all_courses":"","view_all_position":"top","slider-options":{"show_navigation":true,"item_visible":"4","auto_play":0,"show_pagination":false},"grid-options":{"columns":"4"},"tabs-options":{"limit_tab":4,"cat_id_tab":false},"widget-class":"","featured":false,"widget_logic":""},"7":{"title":"Latest Courses","order":"latest","cat_id":"all","layout":"list-sidebar","limit":3,"view_all_courses":"","view_all_position":"top","slider-options":{"show_navigation":true,"item_visible":"4","auto_play":0,"show_pagination":false},"grid-options":{"columns":"4"},"tabs-options":{"limit_tab":4,"cat_id_tab":false},"widget-class":"","featured":false,"widget_logic":""},"_multiwidget":1},"single-images":{"6":{"image":8212,"image_size":"full","image_link":"#","link_target":"_self","image_alignment":"left","css_animation":false,"widget_logic":"","widget-class":""},"7":{"image":3384,"image_size":"full","image_link":"#","link_target":"_self","image_alignment":"left","css_animation":false,"widget-class":"","widget_logic":""},"_multiwidget":1},"login-popup":{"3":{"text_register":"Register","text_login":"Login","text_logout":"Logout","text_profile":"Profile","layout":"icon","term":"","shortcode":"","widget_logic":"","widget-class":"","captcha":false},"_multiwidget":1},"text":{"9":{"title":"","text":"[thim_ekit id=\"8887\"]","filter":true,"visual":true,"widget_logic":"","widget-class":""},"8":{"title":"","text":"[thim_ekit id=\"10176\"]","filter":true,"visual":true,"widget_logic":"","widget-class":""},"_multiwidget":1},"course-categories":{"3":{"title":"All Courses","layout":"base","slider-options":{"limit":15,"show_navigation":true,"item_visible":"7","auto_play":0,"show_pagination":false},"widget-class":"","list-options":{"show_counts":false,"hierarchical":false},"widget_logic":""},"_multiwidget":1}}]