[{"sidebar":["search-2","categories-4","courses-6","single-images-6"],"menu_right":["login-popup-3","woocommerce_widget_cart-2","courses-searching-3","button-2"],"footer_top":["text-6","text-7"],"footer":["text-8"],"copyright":["nav_menu-14"],"sidebar_courses":["course-categories-3","courses-7","single-images-7"]},{"search":{"2":{"title":"","widget_logic":"","widget-class":""},"_multiwidget":1},"categories":{"4":{"title":"","count":0,"hierarchical":0,"dropdown":0,"widget_logic":"","widget-class":""},"_multiwidget":1},"courses":{"6":{"title":"Latest Courses","order":"latest","cat_id":"all","layout":"list-sidebar","limit":3,"view_all_courses":"","view_all_position":"top","slider-options":{"show_navigation":true,"item_visible":"4","auto_play":0,"show_pagination":false},"grid-options":{"columns":"4"},"tabs-options":{"limit_tab":4,"cat_id_tab":false},"widget-class":"","featured":false,"widget_logic":""},"7":{"title":"Latest Courses","order":"latest","cat_id":"all","layout":"list-sidebar","limit":3,"view_all_courses":"","view_all_position":"top","slider-options":{"show_navigation":true,"item_visible":"4","auto_play":0,"show_pagination":false},"grid-options":{"columns":"4"},"tabs-options":{"limit_tab":4,"cat_id_tab":false},"widget-class":"","featured":false,"widget_logic":""},"_multiwidget":1},"single-images":{"6":{"image":8212,"image_size":"full","image_link":"#","link_target":"_self","image_alignment":"left","css_animation":false,"widget_logic":"","widget-class":""},"7":{"image":3384,"image_size":"full","image_link":"#","link_target":"_self","image_alignment":"left","css_animation":false,"widget-class":"","widget_logic":""},"_multiwidget":1},"login-popup":{"3":{"text_register":"Register","text_login":"Login","text_logout":"Logout","shortcode":"[miniorange_social_login shape=\"longbuttonwithtext\" theme=\"default\" space=\"4\" width=\"240\" height=\"40\"]","widget_logic":"!wp_is_mobile()","widget-class":""},"_multiwidget":1},"woocommerce_widget_cart":{"2":{"title":"Cart","hide_if_empty":0,"widget-class":"","widget_logic":"is_woocommerce()"},"_multiwidget":1},"courses-searching":{"3":{"layout":"overlay","title":"Search Courses","description":"Description for search course widget.","placeholder":"Search courses...","widget-class":"","widget_logic":"!is_page('home-version-2')"},"_multiwidget":1},"button":{"2":{"title":"GET STARTED","url":"#","custom_style":"custom_style","style_options":{"font_size":16,"font_weight":"500","border_width":"1px","color":"#ffffff","border_color":"#ffffff","bg_color":false,"hover_color":"#333333","hover_border_color":"#ffffff","hover_bg_color":"#ffffff"},"icon":{"icon":"","icon_size":14,"icon_position":false},"layout":{"button_size":"small","rounding":"very-rounded"},"widget_logic":"","widget-class":"","new_window":false},"_multiwidget":1},"text":{"6":{"title":"","text":"[INSERT_ELEMENTOR id=\"8887\"]","filter":true,"visual":true,"widget_logic":"!is_tax( 'course_category' ) && ! is_post_type_archive('lp_course') && ! is_singular('lp_course')","widget-class":""},"7":{"title":"","text":"[INSERT_ELEMENTOR id=\"8891\"]","filter":true,"visual":true,"widget_logic":"is_tax( 'course_category' ) || is_post_type_archive('lp_course') || is_singular('lp_course')","widget-class":""},"8":{"title":"","text":"[INSERT_ELEMENTOR id=\"8895\"]","filter":true,"visual":true,"widget_logic":"","widget-class":""},"_multiwidget":1},"nav_menu":{"14":{"nav_menu":24,"widget-class":""},"_multiwidget":1},"course-categories":{"3":{"title":"All Courses","layout":"base","slider-options":{"limit":15,"show_navigation":true,"item_visible":"7","auto_play":0,"show_pagination":false},"widget-class":"","list-options":{"show_counts":false,"hierarchical":false},"widget_logic":""},"_multiwidget":1}}]