[{"topbar_left":["thim_layout_builder-3"],"topbar_right":["nav_menu-3"],"sidebar":["search-2","recent-posts-2","recent-comments-2","archives-2","categories-2","meta-2"],"footer-sidebar-1":["text-3","thim_layout_builder-7"],"footer-sidebar-2":["text-4"],"footer-sidebar-3":["nav_menu-2"],"footer-sidebar-4":["text-5"],"sidebar_shop":["woocommerce_product_search-2","woocommerce_product_categories-2","woocommerce_price_filter-2","woocommerce_products-2","woocommerce_product_tag_cloud-2","media_image-2"]},{"thim_layout_builder":{"3":{"widget-class":"","content":"[vc_row][vc_column][thim-social-links social_links=\"%5B%7B%22icon%22%3A%22fa%20fa-facebook%22%2C%22link%22%3A%22https%3A%2F%2Fwww.facebook.com%2FThimPress%2F%22%7D%2C%7B%22icon%22%3A%22fa%20fa-twitter%22%2C%22link%22%3A%22https%3A%2F%2Ftwitter.com%2Fthimpress%2F%22%7D%2C%7B%22icon%22%3A%22fa%20fa-google-plus%22%2C%22link%22%3A%22https%3A%2F%2Fplus.google.com%2Fthimpress%2F%22%7D%2C%7B%22icon%22%3A%22fa%20fa-youtube-play%22%2C%22link%22%3A%22https%3A%2F%2Fyoutube.com%2Fthimpress%2F%22%7D%5D\"][vc_column_text]\r\n<ul class=\"thim-font-title top-info\">\r\n \t<li>Welcome to PIZZALAND Restaurant!<\/li>\r\n \t<li>Opening Hours : 9:00am - 10:00pm<\/li>\r\n<\/ul>\r\n[\/vc_column_text][\/vc_column][\/vc_row]","custom_css":""},"7":{"widget-class":"","content":"[vc_row][vc_column][thim-social-links social_links=\"%5B%7B%22icon%22%3A%22fa%20fa-facebook%22%2C%22link%22%3A%22http%3A%2F%2Ffacebook.com%2Fthimpress%2F%22%7D%2C%7B%22icon%22%3A%22fa%20fa-twitter%22%2C%22link%22%3A%22http%3A%2F%2Ftwitter.com%2Fthimpress%2F%22%7D%2C%7B%22icon%22%3A%22fa%20fa-skype%22%2C%22link%22%3A%22http%3A%2F%2Fskype.com%2Fthimpress%2F%22%7D%2C%7B%22icon%22%3A%22fa%20fa-google-plus%22%2C%22link%22%3A%22http%3A%2F%2Fplus.google.com%2Fthimpress%2F%22%7D%5D\"][\/vc_column][\/vc_row]","custom_css":""},"_multiwidget":1},"nav_menu":{"3":{"nav_menu":51,"widget-class":""},"2":{"title":"Useful links","nav_menu":3,"widget-class":"column-2"},"_multiwidget":1},"search":{"2":{"title":""},"_multiwidget":1},"recent-posts":{"2":{"title":"","number":5},"_multiwidget":1},"recent-comments":{"2":{"title":"","number":5},"_multiwidget":1},"archives":{"2":{"title":"","count":0,"dropdown":0},"_multiwidget":1},"categories":{"2":{"title":"","count":0,"hierarchical":0,"dropdown":0},"_multiwidget":1},"meta":{"2":{"title":""},"_multiwidget":1},"text":{"3":{"title":"About Us","text":"<ul class=\"thim-contact-list\">\r\n \t<li><i class=\"ion-ios-telephone-outline\" aria-hidden=\"true\"><\/i> <a href=\"tel:00123456789\">(+00) 123456-789<\/a><\/li>\r\n \t<li><i class=\"ion-ios-email-outline\" aria-hidden=\"true\"><\/i> <a href=\"mailto:info@thimpress.com\">info@thimpress.com<\/a><\/li>\r\n \t<li><i class=\"ion-ios-location-outline\" aria-hidden=\"true\"><\/i> PO Box 97845 Baker st. 567, Los Angeles, California, US.<\/li>\r\n<\/ul>","filter":true,"visual":true,"widget-class":""},"4":{"title":"Opening Hours","text":"<ul class=\"thim-contact-list\">\r\n \t<li><i class=\"ion-android-alarm-clock\" aria-hidden=\"true\"><\/i>Monday - Friday\r\n08:00 AM - 12:00 PM<\/li>\r\n \t<li><i class=\"ion-android-alarm-clock\" aria-hidden=\"true\"><\/i>Saturday - Sunday\r\n08:00 AM - 12:00 PM<\/li>\r\n \t<li><i class=\"ion-android-alarm-clock\" aria-hidden=\"true\"><\/i>Festival Holidays\r\n06:00 AM - 12:00 PM<\/li>\r\n<\/ul>","filter":true,"visual":true,"widget-class":""},"5":{"title":"Keep in Touch","text":"Get updates about new tours, travel tips, room prices and more!\r\n[mc4wp_form id=\"484\"]","filter":true,"visual":true,"widget-class":""},"_multiwidget":1},"woocommerce_product_search":{"2":{"title":"","widget-class":""},"_multiwidget":1},"woocommerce_product_categories":{"2":{"title":"Categories","orderby":"name","dropdown":0,"count":1,"hierarchical":1,"show_children_only":0,"hide_empty":0,"max_depth":"","widget-class":""},"_multiwidget":1},"woocommerce_price_filter":{"2":{"title":"Filter by price","widget-class":""},"_multiwidget":1},"woocommerce_products":{"2":{"title":"POPULAR PRODUCTS","number":4,"show":"","orderby":"date","order":"desc","hide_free":0,"show_hidden":0,"widget-class":""},"_multiwidget":1},"woocommerce_product_tag_cloud":{"2":{"title":"Tags","widget-class":""},"_multiwidget":1},"media_image":{"2":{"attachment_id":889,"url":"http:\/\/galax.thimpress.com\/demo-10\/wp-content\/uploads\/sites\/10\/2018\/04\/banner.jpg","title":"","size":"full","width":298,"height":325,"caption":"","alt":"","link_type":"custom","link_url":"https:\/\/thimpress.com\/product\/education-pack-1-free-education-wordpress-theme\/","image_classes":"","link_classes":"","link_rel":"","link_target_blank":false,"image_title":"","widget-class":"","widget_logic":""},"_multiwidget":1}}]