[{"right-logo":["thim_layout_builder-6"],"right-menu":["thim_layout_builder-5"],"sidebar":["search-2","categories-2","thim_layout_builder-7","tag_cloud-2","media_image-2"],"canvas":["nav_menu-2","media_image-3","text-2"],"sidebar-shop":["woocommerce_product_categories-2","thim_layout_builder-8","tag_cloud-3","media_image-4"],"footer-sidebar-1":["thim_layout_builder-2"]},{"thim_layout_builder":{"6":{"widget-class":"","content":"<p>[vc_row][vc_column][thim-st-search-videos show_filter_category=\"\" parent_category=\"video\"][thim-social-links layout=\"vblog-layout-header-1\" links=\"%5B%7B%22icon%22%3A%22fa%20fa-facebook%22%2C%22url%22%3A%22%23%22%7D%2C%7B%22icon%22%3A%22fa%20fa-twitter%22%2C%22url%22%3A%22%23%22%7D%2C%7B%22icon%22%3A%22fa%20fa-google-plus%22%2C%22url%22%3A%22%23%22%7D%2C%7B%22icon%22%3A%22fa%20fa-pinterest-p%22%2C%22url%22%3A%22%23%22%7D%2C%7B%22icon%22%3A%22fa%20fa-instagram%22%2C%22url%22%3A%22%23%22%7D%2C%7B%22icon%22%3A%22fa%20fa-youtube-play%22%2C%22url%22%3A%22%23%22%7D%5D\"][\/vc_column][\/vc_row]<\/p>\r\n","custom_css":""},"5":{"widget-class":"","content":"[vc_row][vc_column][thim-social-links links=\"%5B%7B%22icon%22%3A%22fa%20fa-facebook%22%2C%22url%22%3A%22%23%22%7D%2C%7B%22icon%22%3A%22fa%20fa-twitter%22%2C%22url%22%3A%22%23%22%7D%2C%7B%22icon%22%3A%22fa%20fa-instagram%22%2C%22url%22%3A%22%23%22%7D%2C%7B%22icon%22%3A%22fa%20fa-pinterest-p%22%2C%22url%22%3A%22%23%22%7D%5D\"][thim-search-posts layout=\"vblog-layout-popup\"][\/vc_column][\/vc_row]","custom_css":""},"7":{"widget-class":"","content":"<p>[vc_row][vc_column][thim-posts layout=\"layout-list-2\" title=\"MOST POPULAR\" number=\"3\" show_date=\"true\" show_author=\"\" show_number_comments=\"\"][\/vc_column][\/vc_row]<\/p>\r\n","custom_css":""},"8":{"widget-class":"","content":"[vc_row][vc_column][thim-products title=\"Most popular\" number_items=\"3\"][\/vc_column][\/vc_row]","custom_css":""},"2":{"widget-class":" ","content":"[vc_row][vc_column][thim-heading title=\"Newsletter Sign Up\" sub_title=\"\" show_line=\"\" align=\"align-center\" title_tag=\"h2\" title_font_size=\"26\" title_line_height=\"1.2\" title_font_weight=\"700\" title_text_transform=\"uppercase\" sub_title_text_transform=\"uppercase\" line_width=\"55\" line_height=\"1\" title_color=\"#ffffff\"][\/thim-heading][vc_empty_space height=\"35px\"][vc_column_text][yikes-mailchimp form=\"1\"][\/vc_column_text][thim-social-links layout=\"vblog-layout-footer-2\" links=\"%5B%7B%22icon%22%3A%22fa%20fa-facebook%22%2C%22url%22%3A%22%23%22%7D%2C%7B%22icon%22%3A%22fa%20fa-twitter%22%2C%22url%22%3A%22%23%22%7D%2C%7B%22icon%22%3A%22fa%20fa-google-plus%22%2C%22url%22%3A%22%23%22%7D%2C%7B%22icon%22%3A%22fa%20fa-instagram%22%2C%22url%22%3A%22%23%22%7D%2C%7B%22icon%22%3A%22fa%20fa-pinterest-p%22%2C%22url%22%3A%22%23%22%7D%2C%7B%22icon%22%3A%22fa%20fa-youtube-play%22%2C%22url%22%3A%22%23%22%7D%5D\"][\/vc_column][\/vc_row]","custom_css":""},"_multiwidget":1},"search":{"2":{"title":""},"_multiwidget":1},"categories":{"2":{"title":"","count":1,"hierarchical":0,"dropdown":0,"widget-class":""},"_multiwidget":1},"tag_cloud":{"2":{"title":"TAGS CLOUD","count":0,"taxonomy":"post_tag","widget-class":""},"3":{"title":"Tags","count":0,"taxonomy":"product_tag","widget-class":""},"_multiwidget":1},"media_image":{"2":{"attachment_id":58,"url":"http:\/\/video-blog.thimpress.com\/wp-content\/uploads\/sites\/3\/2019\/01\/ads-04-262x300.jpg","title":"","size":"medium","width":270,"height":309,"caption":"","alt":"","link_type":"custom","link_url":"","image_classes":"","link_classes":"","link_rel":"","link_target_blank":false,"image_title":"","widget-class":""},"3":{"attachment_id":58,"url":"http:\/\/video-blog.thimpress.com\/wp-content\/uploads\/sites\/3\/2019\/01\/ads-04-262x300.jpg","title":"","size":"medium","width":270,"height":309,"caption":"","alt":"","link_type":"custom","link_url":"https:\/\/thimpress.com\/","image_classes":"","link_classes":"","link_rel":"","link_target_blank":false,"image_title":"","widget-class":""},"4":{"attachment_id":58,"url":"http:\/\/video-blog.thimpress.com\/wp-content\/uploads\/sites\/3\/2019\/01\/ads-04-262x300.jpg","title":"","size":"medium","width":270,"height":309,"caption":"","alt":"","link_type":"custom","link_url":"","image_classes":"","link_classes":"","link_rel":"","link_target_blank":false,"image_title":"","widget-class":""},"_multiwidget":1},"nav_menu":{"2":{"title":"Canvas menu","nav_menu":30,"widget-class":""},"_multiwidget":1},"text":{"2":{"title":"","text":"<div class=\"copyright-text\">Copyright 2018 Corporate WordPress Theme by ThimPress. <a href=\"#\">ThimPress<\/a><\/div>","filter":true,"visual":true,"widget-class":""},"_multiwidget":1},"woocommerce_product_categories":{"2":{"title":"Product categories","orderby":"name","dropdown":0,"count":1,"hierarchical":0,"show_children_only":0,"hide_empty":0,"max_depth":"","widget-class":""},"_multiwidget":1}}]