[{"sidebar":["thim_layout_builder-5"],"header_right":["thim_layout_builder-3"],"before_main":["thim_layout_builder-6"],"footer-sidebar-1":["thim_layout_builder-4","thim_layout_builder-8"]},{"thim_layout_builder":{"5":{"widget_logic":"","content":"[vc_row][vc_column][thim-author-info author_name=\"image_name\" upload_image=\"3318\" image_name=\"2948\"]I'm a Copywriter in a Digital Agency, I was searching for courses that'll help me broaden my skill set[\/thim-author-info][thim-social-links style=\"grid\" social_links=\"%5B%7B%22icon%22%3A%22fa%20fa-facebook%22%2C%22text%22%3A%22Facebook%22%2C%22link%22%3A%22http%3A%2F%2Ffacebook.com%2Fthimpress%22%7D%2C%7B%22icon%22%3A%22fa%20fa-pinterest%22%2C%22text%22%3A%22Pinterest%22%2C%22link%22%3A%22http%3A%2F%2Fpinterest.com%2Fthimpress%22%7D%2C%7B%22icon%22%3A%22fa%20fa-youtube-play%22%2C%22text%22%3A%22Youtube%22%2C%22link%22%3A%22http%3A%2F%2Fyoutube.com%2Fthimpress%22%7D%2C%7B%22icon%22%3A%22fa%20fa-twitter%22%2C%22text%22%3A%22Twitter%22%2C%22link%22%3A%22http%3A%2F%2Ftwitter.com%2Fthimpress%22%7D%2C%7B%22icon%22%3A%22fa%20fa-instagram%22%2C%22text%22%3A%22Instagram%22%2C%22link%22%3A%22http%3A%2F%2Finstagram.com%2Fthimpress%22%7D%2C%7B%22icon%22%3A%22fa%20fa-google-plus%22%2C%22text%22%3A%22Google%22%2C%22link%22%3A%22http%3A%2F%2Fplus.google.com%2Fthimpress%22%7D%5D\" title=\"Keep In Touch\"][thim-ads ad_id=\"7\"][thim-block-33 title=\"TRENDING POSTS\" layout=\"layout-2\" display_category=\"no\" category=\"side\" posts_per_page=\"4\"][vc_wp_text title=\"Instagram\"][instagram-feed num=6 cols=2 showheader=false][\/vc_wp_text][\/vc_column][\/vc_row]","custom_css":""},"3":{"widget_logic":"","content":"[vc_row][vc_column][vc_wp_search][\/vc_column][\/vc_row]","custom_css":""},"6":{"widget_logic":"is_home()","content":"<p>[vc_row][vc_column][vc_empty_space height=\"40px\"][\/vc_column][vc_column width=\"2\/3\"][thim-news-ticker posts_per_page=\"4\"][\/vc_column][vc_column width=\"1\/3\"][thim-social-links social_links=\"%5B%7B%22icon%22%3A%22fa%20fa-facebook%22%2C%22link%22%3A%22http%3A%2F%2Ffacebook.com%2Fthimpress%22%7D%2C%7B%22icon%22%3A%22fa%20fa-google-plus%22%2C%22link%22%3A%22http%3A%2F%2Fplus.google.com%2Fthimpress%22%7D%2C%7B%22icon%22%3A%22fa%20fa-instagram%22%2C%22link%22%3A%22http%3A%2F%2Finstagram.com%2Fthimpress%22%7D%2C%7B%22icon%22%3A%22fa%20fa-pinterest%22%2C%22link%22%3A%22http%3A%2F%2Fpinterest.com%2Fthimpress%22%7D%2C%7B%22icon%22%3A%22fa%20fa-twitter%22%2C%22link%22%3A%22http%3A%2F%2Ftwitter.com%2Fthimpress%22%7D%5D\" align_items=\"right\" icon_size=\"45px\"][\/vc_column][vc_column][vc_empty_space height=\"40px\"][\/vc_column][\/vc_row][vc_row][vc_column][thim-block-28 layout=\"layout-3\" posts_per_page=\"4\" category=\"header\"][vc_empty_space height=\"40px\"][thim-block-25 posts_per_page=\"3\" excerpt_length=\"10\" category=\"feature\"][thim-message-box color_icon=\"#ffffff\" background_color_icon=\"#0068c0\" font_awesome=\"fa fa-facebook\"]Follow us on Facebook and never miss a story or cartoon !....<a href=\"https:\/\/www.facebook.com\/thimpress\"><span class=\"highlightedLayerContent\" data-color-group=\"turquoise\">Click here to follow Maga2 Fashion. \u00bb<\/span><\/a>[\/thim-message-box][vc_empty_space height=\"40px\"][\/vc_column][\/vc_row]<\/p>\r\n","custom_css":"","widget-class":""},"4":{"widget_logic":"","content":"[vc_row][vc_column width=\"5\/12\" offset=\"vc_hidden-xs\"][vc_column_text]\r\n<h2 class=\"widgettitle\" style=\"text-align: center;\"><span class=\"highlight\">About<\/span> Us<\/h2>\r\n<p style=\"text-align: center;\">Lommodo ligula eget dolor. Aenean massa.Cum sociis\r\nque penatibus et magnis dis parturient montes lorem,\r\nnascetur ridiculusmus. Donec quam felis, ultricies\r\nnec massa.Cum sociis ...\r\n\r\n[\/vc_column_text][thim-social-links social_links=\"%5B%7B%22icon%22%3A%22fa%20fa-facebook%22%2C%22link%22%3A%22http%3A%2F%2Fwww.facebook.com%2FThimPress%2F%22%7D%2C%7B%22icon%22%3A%22fa%20fa-google-plus%22%2C%22link%22%3A%22http%3A%2F%2Fwww.google.com%2FThimPress%2F%22%7D%2C%7B%22icon%22%3A%22fa%20fa-instagram%22%2C%22link%22%3A%22http%3A%2F%2Fwww.instagram.com%2FThimPress%2F%22%7D%2C%7B%22icon%22%3A%22fa%20fa-pinterest-p%22%2C%22link%22%3A%22http%3A%2F%2Fwww.pinterest.com%2FThimPress%2F%22%7D%2C%7B%22icon%22%3A%22fa%20fa-twitter%22%2C%22link%22%3A%22http%3A%2F%2Fwww.twitter.com%2FThimPress%2F%22%7D%2C%7B%22icon%22%3A%22fa%20fa-youtube-play%22%2C%22link%22%3A%22http%3A%2F%2Fwww.youtube.com%2FThimPress%2F%22%7D%5D\" align_items=\"center\" icon_size=\"45px\"][vc_column_text css=\".vc_custom_1507025844761{margin-top: 30px !important;}\" el_class=\"like-copyright-text\"]\r\n<p style=\"text-align: center;\">Copyright \u00a9 2017 ThimPress. All rights reserved.\r\nDesigned by <a href=\"http:\/\/thimpress.com\">ThimPress.<\/a>\r\n\r\n[\/vc_column_text][\/vc_column][vc_column width=\"4\/12\"][thim-block-33 title=\"`{`highlight text=``Popular```}` Posts\" layout=\"layout-2\" display_category=\"no\" posts_per_page=\"3\"][\/vc_column][vc_column width=\"3\/12\"][vc_wp_categories title=\"`{`highlight text=``Popular```}` Category\" options=\"count\"][\/vc_column][\/vc_row]","custom_css":".vc_custom_1507025844761{margin-top: 30px !important;}"},"8":{"widget_logic":"","widget-class":"","content":"[vc_row el_class=\"travel-newsletter\"][vc_column][vc_single_image image=\"3546\" img_size=\"full\" alignment=\"center\" el_class=\"img-absolute\"][vc_column_text]\r\n<div class=\"newsletter-box\">\r\n<div class=\"box-left\">\r\n<h3>Want more news like this?<\/h3>\r\n<p class=\"des\">Sign up to receive our weekly email newsletter and never miss\r\nan update!<\/p>\r\n\r\n<\/div>\r\n<div class=\"box-right\">\r\n\r\n[mc4wp_form]\r\n<p class=\"note\">By submitting above, you agree to Maga2 Travel privacy policy.<\/p>\r\n\r\n<\/div>\r\n<\/div>\r\n[\/vc_column_text][\/vc_column][\/vc_row]","custom_css":""},"_multiwidget":1}}]