[{"right-logo":["thim_layout_builder-3"],"left-logo":["thim_layout_builder-4"],"right-menu":["thim_layout_builder-5"],"sidebar":["thim_layout_builder-7"],"canvas":["nav_menu-2","media_image-4","text-2"],"sidebar-shop":["thim_layout_builder-8"],"footer-sidebar-1":["thim_layout_builder-6"],"footer-sidebar-2":["media_image-3"],"footer-sidebar-3":["custom_html-2"]},{"thim_layout_builder":{"3":{"widget-class":"","content":"[vc_row][vc_column][thim-newsletter title=\"Subscribe\" shortcode=\"`{`yikes-mailchimp form=``2```}`\"][\/vc_column][\/vc_row]","custom_css":""},"4":{"widget-class":"","content":"[vc_row][vc_column][thim-social-links layout=\"vblog-layout-header-2\" links=\"%5B%7B%22icon%22%3A%22fa%20fa-facebook%22%2C%22url%22%3A%22%23%22%7D%2C%7B%22icon%22%3A%22fa%20fa-twitter%22%2C%22url%22%3A%22%23%22%7D%2C%7B%22icon%22%3A%22fa%20fa-pinterest-p%22%2C%22url%22%3A%22%23%22%7D%2C%7B%22icon%22%3A%22fa%20fa-linkedin%22%2C%22url%22%3A%22%23%22%7D%5D\"][\/vc_column][\/vc_row]","custom_css":""},"5":{"widget-class":"","content":"[vc_row][vc_column][thim-search-posts layout=\"layout-1\" show_number_favorite=\"\"][\/vc_column][\/vc_row]","custom_css":""},"7":{"widget-class":"","content":"[vc_row css=\".vc_custom_1547432181327{margin-right: 0px !important;margin-left: 0px !important;border-top-width: 1px !important;border-right-width: 1px !important;border-bottom-width: 1px !important;border-left-width: 1px !important;padding-top: 40px !important;padding-right: 30px !important;padding-bottom: 40px !important;padding-left: 30px !important;border-left-color: #dcdcdc !important;border-left-style: dashed !important;border-right-color: #dcdcdc !important;border-right-style: dashed !important;border-top-color: #dcdcdc !important;border-top-style: dashed !important;border-bottom-color: #dcdcdc !important;border-bottom-style: dashed !important;}\" bp_css_tablet=\".vc_custom_1547432181328{margin-right: 0px !important;margin-left: 0px !important;padding-right: 0px !important;padding-left: 0px !important;}\" bp_css_mobile=\".vc_custom_1547432181329{margin-right: 0px !important;margin-left: 0px !important;padding-right: 0px !important;padding-left: 0px !important;}\" el_class=\"site-content\"][vc_column][vc_single_image image=\"96\" img_size=\"221x221\" alignment=\"center\" style=\"vc_box_circle\" css=\".vc_custom_1547027342113{margin-bottom: 35px !important;padding-top: 0px !important;padding-right: 0px !important;padding-bottom: 0px !important;padding-left: 0px !important;}\"][thim-heading layout=\"layout-3\" title=\"Hello !\" sub_title=\"I'm Kate, and this is my creative space. I think that fashion doesn\u2019t have to cost a fortune. I hope you enjoy and come back often.\" show_line=\"\" align=\"align-center\" title_font_size=\"24\" title_line_height=\"1.2\" title_font_weight=\"900\" sub_title_font_size=\"16\" sub_title_line_height=\"1.75\" sub_title_font_weight=\"400\" line_width=\"55\" line_height=\"1\" title_color=\"#1f1f1f\" sub_title_color=\"#6e6e6e\" title_margin=\"0 0 20px\" sub_title_margin=\"0 0 22px\"][\/thim-heading][vc_single_image image=\"187\" img_size=\"full\" alignment=\"center\" css=\".vc_custom_1547027525901{margin-bottom: 20px !important;}\"][thim-button link=\"url:%23|title:READ%20MORE||\" shape=\"round\" button_border_width=\"0\" align=\"align-center\" button_font_size=\"14\" button_font_weight=\"700\" bg_color=\"#fa777c\" text_color=\"#ffffff\" bg_hover_color=\"#f8464d\" button_margin=\"0 0 30px\" button_padding=\"0 38px\" icon_type=\"none\"][thim-social-links layout=\"vblog-layout-sidebar\" links=\"%5B%7B%22icon%22%3A%22fa%20fa-facebook%22%2C%22url%22%3A%22%23%22%7D%2C%7B%22icon%22%3A%22fa%20fa-twitter%22%2C%22url%22%3A%22%23%22%7D%2C%7B%22icon%22%3A%22fa%20fa-youtube-play%22%2C%22url%22%3A%22%23%22%7D%2C%7B%22icon%22%3A%22fa%20fa-pinterest%22%2C%22url%22%3A%22%23%22%7D%2C%7B%22icon%22%3A%22fa%20fa-instagram%22%2C%22url%22%3A%22%23%22%7D%5D\"][\/vc_column][\/vc_row][vc_row css=\".vc_custom_1547028355339{margin-bottom: 40px !important;}\"][vc_column][thim-gallery-images layout=\"vblog-layout-sidebar\" title=\"Recent Pins\" photos=\"116,115,114,113,112,111,110,109,108\" img_size=\"90x90,90x90\"][\/vc_column][\/vc_row][vc_row css=\".vc_custom_1547107162671{margin-bottom: 40px !important;}\"][vc_column][thim-categories layout=\"vblog-layout-sidebar\" title=\"Categories\" number=\"3\"][\/vc_column][\/vc_row][vc_row css=\".vc_custom_1547144914870{margin-bottom: 40px !important;}\"][vc_column][thim-posts layout=\"vblog-layout-list-sidebar-2\" title=\"Inspiration\" number=\"4\"][\/vc_column][\/vc_row][vc_row][vc_column][vc_single_image image=\"886\" img_size=\"full\" alignment=\"center\" title=\"Advertisement\" css=\".vc_custom_1547144905389{margin-bottom: 40px !important;}\"][\/vc_column][\/vc_row][vc_row][vc_column][vc_wp_tagcloud taxonomy=\"post_tag\"][\/vc_column][\/vc_row]","custom_css":".vc_custom_1547432181327{margin-right: 0px !important;margin-left: 0px !important;border-top-width: 1px !important;border-right-width: 1px !important;border-bottom-width: 1px !important;border-left-width: 1px !important;padding-top: 40px !important;padding-right: 30px !important;padding-bottom: 40px !important;padding-left: 30px !important;border-left-color: #dcdcdc !important;border-left-style: dashed !important;border-right-color: #dcdcdc !important;border-right-style: dashed !important;border-top-color: #dcdcdc !important;border-top-style: dashed !important;border-bottom-color: #dcdcdc !important;border-bottom-style: dashed !important;}.vc_custom_1547432181328{margin-right: 0px !important;margin-left: 0px !important;padding-right: 0px !important;padding-left: 0px !important;}.vc_custom_1547432181329{margin-right: 0px !important;margin-left: 0px !important;padding-right: 0px !important;padding-left: 0px !important;}.vc_custom_1547028355339{margin-bottom: 40px !important;}.vc_custom_1547107162671{margin-bottom: 40px !important;}.vc_custom_1547144914870{margin-bottom: 40px !important;}.vc_custom_1547027342113{margin-bottom: 35px !important;padding-top: 0px !important;padding-right: 0px !important;padding-bottom: 0px !important;padding-left: 0px !important;}.vc_custom_1547027525901{margin-bottom: 20px !important;}.vc_custom_1547144905389{margin-bottom: 40px !important;}"},"8":{"widget-class":"","content":"[vc_row el_class=\"site-content\" css=\".vc_custom_1547432799216{margin-right: 0px !important;margin-left: 0px !important;border-top-width: 1px !important;border-right-width: 1px !important;border-bottom-width: 1px !important;border-left-width: 1px !important;padding-top: 40px !important;padding-right: 30px !important;padding-bottom: 40px !important;padding-left: 30px !important;border-left-color: #dcdcdc !important;border-left-style: dashed !important;border-right-color: #dcdcdc !important;border-right-style: dashed !important;border-top-color: #dcdcdc !important;border-top-style: dashed !important;border-bottom-color: #dcdcdc !important;border-bottom-style: dashed !important;}\" bp_css_tablet=\".vc_custom_1547432799217{margin-right: 0px !important;margin-left: 0px !important;padding-right: 0px !important;padding-left: 0px !important;}\" bp_css_mobile=\".vc_custom_1547432799220{margin-right: 0px !important;margin-left: 0px !important;padding-right: 0px !important;padding-left: 0px !important;}\"][vc_column][vc_single_image image=\"96\" img_size=\"221x221\" alignment=\"center\" style=\"vc_box_circle\" css=\".vc_custom_1547192322901{margin-bottom: 35px !important;padding-top: 0px !important;padding-right: 0px !important;padding-bottom: 0px !important;padding-left: 0px !important;}\"][thim-heading layout=\"layout-3\" title=\"Hello !\" sub_title=\"I'm Kate, and this is my creative space. I think that fashion doesn\u2019t have to cost a fortune. I hope you enjoy and come back often.\" show_line=\"\" align=\"align-center\" title_font_size=\"24\" title_line_height=\"1.2\" title_font_weight=\"900\" sub_title_font_size=\"16\" sub_title_line_height=\"1.75\" sub_title_font_weight=\"400\" line_width=\"55\" line_height=\"1\" title_color=\"#1f1f1f\" sub_title_color=\"#6e6e6e\" title_margin=\"0 0 20px\" sub_title_margin=\"0 0 22px\"][\/thim-heading][vc_single_image image=\"187\" img_size=\"full\" alignment=\"center\" css=\".vc_custom_1547192529442{margin-bottom: 20px !important;}\"][thim-button link=\"url:%23|title:READ%20MORE||\" shape=\"round\" button_border_width=\"0\" align=\"align-center\" button_font_size=\"14\" button_font_weight=\"700\" bg_color=\"#fa777c\" text_color=\"#ffffff\" bg_hover_color=\"#f8464d\" button_margin=\"0 0 30px\" button_padding=\"0 38px\"][thim-social-links layout=\"vblog-layout-sidebar\" links=\"%5B%7B%22icon%22%3A%22fa%20fa-facebook%22%2C%22url%22%3A%22%23%22%7D%2C%7B%22icon%22%3A%22fa%20fa-twitter%22%2C%22url%22%3A%22%23%22%7D%2C%7B%22icon%22%3A%22fa%20fa-youtube-play%22%2C%22url%22%3A%22%23%22%7D%2C%7B%22icon%22%3A%22fa%20fa-pinterest%22%2C%22url%22%3A%22%23%22%7D%2C%7B%22icon%22%3A%22fa%20fa-instagram%22%2C%22url%22%3A%22%23%22%7D%5D\"][\/vc_column][\/vc_row][vc_row css=\".vc_custom_1547192775095{margin-bottom: 40px !important;}\"][vc_column][thim-gallery-images layout=\"vblog-layout-sidebar\" title=\"Recent Pins\" photos=\"116,115,114,113,112,111,110,109,108\" img_size=\"90x90,90x90\"][\/vc_column][\/vc_row][vc_row css=\".vc_custom_1547192853706{margin-bottom: 40px !important;}\"][vc_column][thim-categories layout=\"vblog-layout-sidebar\" title=\"Categories\" number=\"3\"][\/vc_column][\/vc_row][vc_row css=\".vc_custom_1547192910925{margin-bottom: 40px !important;}\"][vc_column][thim-posts layout=\"vblog-layout-list-sidebar-2\" title=\"Inspiration\" number=\"4\"][\/vc_column][\/vc_row][vc_row][vc_column][vc_single_image image=\"886\" img_size=\"full\" alignment=\"center\" title=\"Advertisement\"][\/vc_column][\/vc_row][vc_row][vc_column][vc_wp_tagcloud taxonomy=\"post_tag\"][\/vc_column][\/vc_row]","custom_css":".vc_custom_1547432799216{margin-right: 0px !important;margin-left: 0px !important;border-top-width: 1px !important;border-right-width: 1px !important;border-bottom-width: 1px !important;border-left-width: 1px !important;padding-top: 40px !important;padding-right: 30px !important;padding-bottom: 40px !important;padding-left: 30px !important;border-left-color: #dcdcdc !important;border-left-style: dashed !important;border-right-color: #dcdcdc !important;border-right-style: dashed !important;border-top-color: #dcdcdc !important;border-top-style: dashed !important;border-bottom-color: #dcdcdc !important;border-bottom-style: dashed !important;}.vc_custom_1547432799217{margin-right: 0px !important;margin-left: 0px !important;padding-right: 0px !important;padding-left: 0px !important;}.vc_custom_1547432799220{margin-right: 0px !important;margin-left: 0px !important;padding-right: 0px !important;padding-left: 0px !important;}.vc_custom_1547192775095{margin-bottom: 40px !important;}.vc_custom_1547192853706{margin-bottom: 40px !important;}.vc_custom_1547192910925{margin-bottom: 40px !important;}.vc_custom_1547192322901{margin-bottom: 35px !important;padding-top: 0px !important;padding-right: 0px !important;padding-bottom: 0px !important;padding-left: 0px !important;}.vc_custom_1547192529442{margin-bottom: 20px !important;}"},"6":{"widget-class":"","content":"[vc_row][vc_column][thim-social-links layout=\"vblog-layout-header-2\" links=\"%5B%7B%22icon%22%3A%22fab%20fa-facebook-f%22%2C%22url%22%3A%22%23%22%7D%2C%7B%22icon%22%3A%22fab%20fa-twitter%22%2C%22url%22%3A%22%23%22%7D%2C%7B%22icon%22%3A%22fab%20fa-instagram%22%2C%22url%22%3A%22%23%22%7D%2C%7B%22icon%22%3A%22fab%20fa-pinterest-p%22%2C%22url%22%3A%22%23%22%7D%5D\"][\/vc_column][\/vc_row]","custom_css":""},"_multiwidget":1},"nav_menu":{"2":{"title":"Canvas menu","nav_menu":14,"widget-class":""},"_multiwidget":1},"media_image":{"4":{"attachment_id":58,"url":"https:\/\/video-blog.thimpress.com\/demo-4\/wp-content\/uploads\/sites\/2\/2019\/01\/ads-04-262x300.jpg","title":"","size":"medium","width":270,"height":309,"caption":"","alt":"","link_type":"custom","link_url":"","image_classes":"","link_classes":"","link_rel":"","link_target_blank":false,"image_title":"","widget-class":""},"3":{"attachment_id":105,"url":"https:\/\/video-blog.thimpress.com\/demo-4\/wp-content\/uploads\/sites\/2\/2019\/01\/logo-header-04-300x65.png","title":"","size":"medium","width":336,"height":73,"caption":"","alt":"","link_type":"custom","link_url":"","image_classes":"","link_classes":"","link_rel":"","link_target_blank":false,"image_title":"","widget-class":""},"_multiwidget":1},"text":{"2":{"title":"","text":"<div class=\"copyright-text\">Copyright 2018 Corporate WordPress Theme by ThimPress. <a href=\"#\">ThimPress<\/a><\/div>","filter":true,"visual":true,"widget-class":""},"_multiwidget":1},"custom_html":{"2":{"title":"","content":"<div class=\"copyright-text\">Copyrights \u00a9 2018 <a href=\"#\">ThimPress<\/a><\/div>","widget-class":""},"_multiwidget":1}}]