[{"sidebar":["courses-2","list-post-2","media_image-4"],"toolbar":["text-1210020"],"menu_right":["courses-searching-2"],"footer":["text-1210019"],"sidebar_shop":["woocommerce_price_filter-2","woocommerce_product_search-2","woocommerce_product_categories-2","woocommerce_products-2","media_image-2"],"sidebar_courses":["course-categories-3","courses-7","media_image-3"],"copyright":["nav_menu-14"]},{"courses":{"2":{"title":"Popular Courses","limit":3,"order":"popular","cat_id":"all","layout":"list-sidebar","item_tab_slider_style":"style_1","before_heading":"","thumbnail_width":400,"thumbnail_height":300,"slider-options":{"item_visible":4,"auto_play":"","show_navigation":true,"show_pagination":false},"grid-options":{"columns":2},"view_all_courses":"","view_all_position":"","tabs-options":{"limit_tab":4,"cat_id_tab":""},"widget_logic":"","widget-class":"","featured":false,"grid_hide_author":false},"7":{"title":"Latest Courses","limit":3,"order":"latest","cat_id":"all","layout":"list-sidebar","item_tab_slider_style":"style_1","before_heading":"","thumbnail_width":400,"thumbnail_height":300,"slider-options":{"item_visible":4,"auto_play":"","show_navigation":true,"show_pagination":false},"grid-options":{"columns":4},"view_all_courses":"","view_all_position":"top","tabs-options":{"limit_tab":4,"cat_id_tab":""},"widget_logic":"","widget-class":"","featured":false,"grid_hide_author":false},"_multiwidget":1},"list-post":{"2":{"title":"Latest Posts","number_posts":3,"cat_id":"9","show_description":true,"orderby":"recent","order":"asc","layout":"base","style":"sidebar","sub_title":"","image_size":"thumbnail","img_w":"","img_h":"","item_vertical":0,"link":"","text_link":"","widget_logic":"","widget-class":"","display_feature":false},"_multiwidget":1},"media_image":{"4":{"size":"full","width":330,"height":359,"caption":"","alt":"","link_type":"custom","link_url":"https:\/\/1.envato.market\/P0nPPY?utm_source=EM&utm_medium=LD&utm_campaign=EdumaMobile","image_classes":"","link_classes":"","link_rel":"","link_target_blank":true,"image_title":"","attachment_id":12054,"url":"https:\/\/eduma.thimpress.com\/demo-kindergarten\/wp-content\/uploads\/sites\/67\/2022\/11\/ads-sidebar.jpg","title":"","widget_logic":"","widget-class":""},"2":{"size":"full","width":330,"height":359,"caption":"","alt":"","link_type":"custom","link_url":"https:\/\/1.envato.market\/P0nPPY?utm_source=EM&utm_medium=LD&utm_campaign=EdumaMobile","image_classes":"","link_classes":"","link_rel":"","link_target_blank":true,"image_title":"","attachment_id":11204,"url":"https:\/\/eduma.thimpress.com\/demo-kindergarten\/wp-content\/uploads\/sites\/67\/2022\/05\/ads-sidebar.jpg","title":"","widget_logic":"","widget-class":""},"3":{"size":"full","width":330,"height":359,"caption":"","alt":"","link_type":"custom","link_url":"https:\/\/1.envato.market\/P0nPPY?utm_source=EM&utm_medium=LD&utm_campaign=EdumaMobile","image_classes":"","link_classes":"","link_rel":"","link_target_blank":false,"image_title":"","attachment_id":12054,"url":"https:\/\/eduma.thimpress.com\/demo-kindergarten\/wp-content\/uploads\/sites\/67\/2022\/11\/ads-sidebar.jpg","title":"","widget_logic":"","widget-class":""},"_multiwidget":1},"text":{"1210020":{"title":"","text":"[thim_ekit id=\"9026\"]","filter":true,"visual":true,"widget_logic":"","widget-class":""},"1210019":{"title":"","text":"[thim_ekit id=\"9650\"]","filter":true,"visual":true,"widget_logic":"","widget-class":""},"_multiwidget":1},"courses-searching":{"2":{"layout":"overlay","icon_style_overlay":"","title":"Search Courses","description":"Description for search course widget.","placeholder":"Search courses...","widget_logic":"","widget-class":""},"_multiwidget":1},"woocommerce_price_filter":{"2":{"title":"Filter by price","widget_logic":"","widget-class":""},"_multiwidget":1},"woocommerce_product_search":{"2":{"title":"","widget_logic":"","widget-class":""},"_multiwidget":1},"woocommerce_product_categories":{"2":{"title":"Product categories","orderby":"name","dropdown":0,"count":1,"hierarchical":0,"show_children_only":0,"hide_empty":0,"max_depth":"","widget_logic":"","widget-class":""},"_multiwidget":1},"woocommerce_products":{"2":{"title":"Products","number":3,"show":"","orderby":"date","order":"desc","hide_free":0,"show_hidden":0,"widget_logic":"","widget-class":""},"_multiwidget":1},"course-categories":{"3":{"title":"All Courses","layout":"base","slider-options":{"limit":15,"show_navigation":true,"item_visible":"7","auto_play":0,"show_pagination":false},"widget_logic":"","widget-class":"","list-options":{"show_counts":false,"hierarchical":false}},"_multiwidget":1},"nav_menu":{"14":{"nav_menu":24,"widget-class":""},"_multiwidget":1}}]