{"adrotate":[{"id":"1","title":"Ad 202x600","bannercode":"&lt;a href=\\&quot;https:\/\/themeforest.net\/item\/magazine-wordpress-theme-mag-wp\/19305239?ref=thimpress&amp;utm_source=demo&amp;utm_medium=adsbanner\\&quot;&gt;&lt;img alt=\\&quot;\\&quot; src=\\&quot;%asset%\\&quot; \/&gt;&lt;\/a&gt;","thetime":"1480006355","updated":"1514540005","author":"admin","imagetype":"field","image":"http:\/\/creativemag.thimpress.com\/demo-autocar\/wp-content\/uploads\/sites\/7\/2017\/11\/autocar1.jpg","paid":"U","tracker":"Y","show_everyone":"Y","desktop":"Y","mobile":"Y","tablet":"Y","os_ios":"Y","os_android":"Y","os_other":"Y","responsive":"N","type":"active","weight":"6","autodelete":"N","budget":"0","crate":"0","irate":"0","cities":"a:0:{}","countries":"a:0:{}"},{"id":"2","title":"Ad 728x90","bannercode":"&lt;a href=\\&quot;https:\/\/themeforest.net\/item\/magazine-wordpress-theme-mag-wp\/19305239?ref=thimpress&amp;utm_source=demo&amp;utm_medium=adsbanner\\&quot;&gt;&lt;img alt=\\&quot;\\&quot; src=\\&quot;%asset%\\&quot; \/&gt;&lt;\/a&gt;","thetime":"1480006355","updated":"1510633038","author":"admin","imagetype":"field","image":"http:\/\/creativemag.thimpress.com\/demo-autocar\/wp-content\/uploads\/sites\/7\/2017\/11\/autocar2.jpg","paid":"U","tracker":"Y","show_everyone":"Y","desktop":"Y","mobile":"Y","tablet":"Y","os_ios":"Y","os_android":"Y","os_other":"Y","responsive":"N","type":"active","weight":"6","autodelete":"N","budget":"0","crate":"0","irate":"0","cities":"a:0:{}","countries":"a:0:{}"},{"id":"3","title":"Ad 318x269","bannercode":"&lt;a href=\\&quot;https:\/\/themeforest.net\/item\/magazine-wordpress-theme-mag-wp\/19305239?ref=thimpress&amp;utm_source=demo&amp;utm_medium=adsbanner\\&quot;&gt;&lt;img alt=\\&quot;\\&quot; src=\\&quot;%asset%\\&quot; \/&gt;&lt;\/a&gt;","thetime":"1483110542","updated":"1510633061","author":"admin","imagetype":"field","image":"http:\/\/creativemag.thimpress.com\/demo-autocar\/wp-content\/uploads\/sites\/7\/2017\/11\/autocar3.jpg","paid":"U","tracker":"Y","show_everyone":"Y","desktop":"Y","mobile":"Y","tablet":"Y","os_ios":"Y","os_android":"Y","os_other":"Y","responsive":"N","type":"active","weight":"6","autodelete":"N","budget":"0","crate":"0","irate":"0","cities":"a:0:{}","countries":"a:0:{}"},{"id":"4","title":"(Ch\u01b0a s\u1eed d\u1ee5ng)","bannercode":"&lt;a href=\\&quot;https:\/\/themeforest.net\/item\/magazine-wordpress-theme-mag-wp\/19305239?ref=thimpress&amp;utm_source=demo&amp;utm_medium=adsbanner\\&quot;&gt;&lt;img alt=\\&quot;\\&quot; src=\\&quot;%asset%\\&quot; \/&gt;&lt;\/a&gt;","thetime":"1483111516","updated":"1508210380","author":"admin","imagetype":"field","image":"https:\/\/magwp.thimpress.com\/wp-content\/uploads\/sites\/7\/2017\/02\/option3-270x270-min.png","paid":"U","tracker":"Y","show_everyone":"Y","desktop":"Y","mobile":"Y","tablet":"Y","os_ios":"Y","os_android":"Y","os_other":"Y","responsive":"N","type":"active","weight":"6","autodelete":"N","budget":"0","crate":"0","irate":"0","cities":"a:0:{}","countries":"a:0:{}"},{"id":"5","title":"(Ch\u01b0a s\u1eed d\u1ee5ng)","bannercode":"&lt;a href=\\&quot;https:\/\/themeforest.net\/item\/magazine-wordpress-theme-mag-wp\/19305239?ref=thimpress&amp;utm_source=demo&amp;utm_medium=adsbanner\\&quot;&gt;&lt;img alt=\\&quot;\\&quot; src=\\&quot;%asset%\\&quot; style=\\&quot;display: block!important\\&quot; \/&gt;&lt;\/a&gt;","thetime":"1485267438","updated":"1508210390","author":"admin","imagetype":"field","image":"https:\/\/magwp.thimpress.com\/wp-content\/uploads\/sites\/7\/2017\/04\/thim_magwp.png","paid":"U","tracker":"Y","show_everyone":"Y","desktop":"Y","mobile":"Y","tablet":"Y","os_ios":"Y","os_android":"Y","os_other":"Y","responsive":"N","type":"active","weight":"6","autodelete":"N","budget":"0","crate":"0","irate":"0","cities":"a:0:{}","countries":"a:0:{}"},{"id":"6","title":"(Ch\u01b0a s\u1eed d\u1ee5ng)","bannercode":"&lt;a href=\\&quot;https:\/\/themeforest.net\/item\/magazine-wordpress-theme-mag-wp\/19305239?ref=thimpress&amp;utm_source=demo&amp;utm_medium=adsbanner\\&quot;&gt;&lt;img alt=\\&quot;\\&quot; src=\\&quot;%asset%\\&quot; \/&gt;&lt;\/a&gt;","thetime":"1487326330","updated":"1508210400","author":"admin","imagetype":"field","image":"https:\/\/magwp.thimpress.com\/wp-content\/uploads\/sites\/7\/2017\/04\/magwp_thimpress.png","paid":"U","tracker":"Y","show_everyone":"Y","desktop":"Y","mobile":"Y","tablet":"Y","os_ios":"Y","os_android":"Y","os_other":"Y","responsive":"N","type":"active","weight":"6","autodelete":"N","budget":"0","crate":"0","irate":"0","cities":"a:0:{}","countries":"a:0:{}"},{"id":"7","title":"","bannercode":"","thetime":"1490797392","updated":"1490797392","author":"admin","imagetype":"dropdown","image":"","paid":"U","tracker":"N","show_everyone":"Y","desktop":"Y","mobile":"Y","tablet":"Y","os_ios":"Y","os_android":"Y","os_other":"Y","responsive":"N","type":"empty","weight":"6","autodelete":"N","budget":"0","crate":"0","irate":"0","cities":"a:0:{}","countries":"a:0:{}"}],"adrotate_groups":[{"id":"1","name":"Group Demo 1","modus":"1","fallback":"0","cat":"","cat_loc":"0","cat_par":"0","page":"","page_loc":"0","page_par":"0","mobile":"0","geo":"0","wrapper_before":"","wrapper_after":"","align":"3","gridrows":"1","gridcolumns":"1","admargin":"0","admargin_bottom":"0","admargin_left":"0","admargin_right":"0","adwidth":"270","adheight":"270","adspeed":"20000","repeat_impressions":"Y"},{"id":"2","name":"Group 728x90","modus":"1","fallback":"0","cat":"138","cat_loc":"0","cat_par":"0","page":"","page_loc":"0","page_par":"0","mobile":"0","geo":"0","wrapper_before":"","wrapper_after":"","align":"3","gridrows":"1","gridcolumns":"1","admargin":"0","admargin_bottom":"0","admargin_left":"0","admargin_right":"0","adwidth":"728","adheight":"90","adspeed":"10000","repeat_impressions":"Y"},{"id":"3","name":"Inline Article","modus":"1","fallback":"0","cat":"69,72,74","cat_loc":"4","cat_par":"1","page":"","page_loc":"0","page_par":"0","mobile":"0","geo":"0","wrapper_before":"","wrapper_after":"","align":"3","gridrows":"2","gridcolumns":"2","admargin":"0","admargin_bottom":"0","admargin_left":"0","admargin_right":"0","adwidth":"728","adheight":"90","adspeed":"6000","repeat_impressions":"Y"}],"adrotate_linkmeta":[{"id":"1","ad":"1","group":"0","user":"0","schedule":"1"},{"id":"2","ad":"2","group":"0","user":"0","schedule":"2"},{"id":"3","ad":"1","group":"1","user":"0","schedule":"0"},{"id":"4","ad":"3","group":"0","user":"0","schedule":"3"},{"id":"5","ad":"3","group":"1","user":"0","schedule":"0"},{"id":"6","ad":"4","group":"0","user":"0","schedule":"4"},{"id":"7","ad":"4","group":"1","user":"0","schedule":"0"},{"id":"8","ad":"5","group":"0","user":"0","schedule":"5"},{"id":"9","ad":"6","group":"0","user":"0","schedule":"6"},{"id":"10","ad":"2","group":"2","user":"0","schedule":"0"},{"id":"11","ad":"5","group":"2","user":"0","schedule":"0"},{"id":"12","ad":"6","group":"2","user":"0","schedule":"0"},{"id":"16","ad":"2","group":"3","user":"0","schedule":"0"},{"id":"17","ad":"5","group":"3","user":"0","schedule":"0"},{"id":"18","ad":"6","group":"3","user":"0","schedule":"0"},{"id":"19","ad":"7","group":"0","user":"0","schedule":"7"}],"adrotate_schedule":[{"id":"1","name":"Schedule for ad 1","starttime":"1480006320","stoptime":"2528643120","maxclicks":"0","maximpressions":"0","spread":"N","daystarttime":"0000","daystoptime":"0000","day_mon":"Y","day_tue":"Y","day_wed":"Y","day_thu":"Y","day_fri":"Y","day_sat":"Y","day_sun":"Y","autodelete":"N"},{"id":"2","name":"Schedule for ad 2","starttime":"1480006320","stoptime":"2528643120","maxclicks":"0","maximpressions":"0","spread":"N","daystarttime":"0000","daystoptime":"0000","day_mon":"Y","day_tue":"Y","day_wed":"Y","day_thu":"Y","day_fri":"Y","day_sat":"Y","day_sun":"Y","autodelete":"N"},{"id":"3","name":"Schedule for ad 3","starttime":"1483110540","stoptime":"2531747340","maxclicks":"0","maximpressions":"0","spread":"N","daystarttime":"0000","daystoptime":"0000","day_mon":"Y","day_tue":"Y","day_wed":"Y","day_thu":"Y","day_fri":"Y","day_sat":"Y","day_sun":"Y","autodelete":"N"},{"id":"4","name":"Schedule for ad 4","starttime":"1483111500","stoptime":"2531748300","maxclicks":"0","maximpressions":"0","spread":"N","daystarttime":"0000","daystoptime":"0000","day_mon":"Y","day_tue":"Y","day_wed":"Y","day_thu":"Y","day_fri":"Y","day_sat":"Y","day_sun":"Y","autodelete":"N"},{"id":"5","name":"Schedule for ad 5","starttime":"1485267420","stoptime":"2533904220","maxclicks":"0","maximpressions":"0","spread":"N","daystarttime":"0000","daystoptime":"0000","day_mon":"Y","day_tue":"Y","day_wed":"Y","day_thu":"Y","day_fri":"Y","day_sat":"Y","day_sun":"Y","autodelete":"N"},{"id":"6","name":"Schedule for ad 6","starttime":"1487326320","stoptime":"2535963120","maxclicks":"0","maximpressions":"0","spread":"N","daystarttime":"0000","daystoptime":"0000","day_mon":"Y","day_tue":"Y","day_wed":"Y","day_thu":"Y","day_fri":"Y","day_sat":"Y","day_sun":"Y","autodelete":"N"},{"id":"7","name":"Schedule for ad 7","starttime":"1490797392","stoptime":"1498054992","maxclicks":"0","maximpressions":"0","spread":"N","daystarttime":"0000","daystoptime":"0000","day_mon":"Y","day_tue":"Y","day_wed":"Y","day_thu":"Y","day_fri":"Y","day_sat":"Y","day_sun":"Y","autodelete":"N"}],"adrotate_stats":[{"id":"2485","ad":"1","group":"0","thetime":"1513555200","clicks":"0","impressions":"2"},{"id":"2486","ad":"3","group":"0","thetime":"1513555200","clicks":"0","impressions":"2"},{"id":"2487","ad":"2","group":"0","thetime":"1513555200","clicks":"0","impressions":"2"},{"id":"2488","ad":"1","group":"0","thetime":"1513641600","clicks":"0","impressions":"1"},{"id":"2489","ad":"3","group":"0","thetime":"1513641600","clicks":"0","impressions":"1"},{"id":"2490","ad":"2","group":"0","thetime":"1513641600","clicks":"0","impressions":"1"},{"id":"2491","ad":"1","group":"0","thetime":"1514851200","clicks":"0","impressions":"23"},{"id":"2492","ad":"3","group":"0","thetime":"1514851200","clicks":"0","impressions":"27"},{"id":"2493","ad":"2","group":"0","thetime":"1514851200","clicks":"0","impressions":"23"}]}