[{"sidebar-1":["events-2","text-3","categories-2","text-4","tag_cloud-2"],"toolbar":["siteorigin-panels-builder-3"],"menu_sidebar":["button-2"],"footer":["siteorigin-panels-builder-6","siteorigin-panels-builder-7"],"wp_inactive_widgets":["events-2","text-3","categories-2","text-2","tag_cloud-2","siteorigin-panels-builder-3","button-2","siteorigin-panels-builder-5","siteorigin-panels-builder-4"]},{"events":{"2":{"title":"Upcoming Event","number":4,"status":"tp-event-upcoming","orderby":"tp_event_date_start","order":"asc","template":"style3","default_option":{"columns":"2"},"widget-class":""},"_multiwidget":1},"text":{"3":{"title":"About Blog","text":"<div style=\"position: relative;\"><img  src=\"http:\/\/landscaping.thimpress.com\/wp-content\/uploads\/sites\/3\/2016\/05\/about.jpg\">\r\n<\/div>\r\n<p style=\"padding-top: 10px; font-weight: 400\">\r\nTypi non habent claritatem insitam; est usus legentis in iis qui facit eorum claritatem. Investigationes demonstraverunt.<\/p>\r\n","filter":false,"widget-class":""},"4":{"title":"Instagram post","text":"[instagram-feed num=9 cols=3 showfollow=false  showheader=false]","filter":false,"widget-class":""},"2":{"title":"Instagram post","text":"[instagram-feed num=9 cols=3 showfollow=false  showheader=false]","filter":false,"widget-class":""},"_multiwidget":1},"categories":{"2":{"title":"","count":1,"hierarchical":0,"dropdown":0,"widget-class":""},"_multiwidget":1},"tag_cloud":{"2":{"title":"Tags","taxonomy":"post_tag","widget-class":""},"_multiwidget":1},"siteorigin-panels-builder":{"3":{"panels_data":{"widgets":[{"title":"","text":"<ul>\n        <li style=\"font-size: 12px\"><i class=\"fa fa-phone\" style=\"font-size: 13px\"><\/i> <a href=\"tel:00123456789\" class=\"toolbar-text\">+(00) 123 456 789<\/a><\/li>\n\t<li style=\"font-size: 12px\"><i class=\"fa fa-envelope\" style=\"font-size: 13px\"><\/i> <a href=\"mailto:wordpress@landscaping.com\" class=\"toolbar-text\">wordpress@landscaping.com<\/a><\/li>\n\t<li style=\"font-size: 12px\"><i class=\"fa fa-map-marker\" style=\"font-size: 13px\"><\/i> 329 Queensberry Street, CA 94559, United States<\/li>\n<\/ul>","widget-class":"","panels_info":{"class":"WP_Widget_Text","grid":0,"cell":0,"id":0,"widget_id":"0c5a63db-1ff0-4e29-a591-fc8b6153ffaa","style":{"class":"thim-select-style-2","widget_css":"","padding":"","background":"","background_image_attachment":"0","background_display":"tile","border_color":"","font_color":"","link_color":""}},"filter":false},{"panels_data":{"widgets":[{"title":"","link_face":"https:\/\/www.facebook.com\/thimpress","link_twitter":"https:\/\/www.twitter.com\/thimpress","link_google":"","link_dribble":"","link_linkedin":"https:\/\/www.thimpress.com","link_pinterest":"","link_digg":"","link_youtube":"","link_instagram":"https:\/\/www.thimpress.com","link_target":"_self","style":"default","align":"right","icon_border":"no-border","widget-class":"","panels_info":{"class":"Thim_Social_Widget","raw":false,"grid":0,"cell":0,"id":0,"style":{"class":"","widget_css":"","padding":"","background":"","background_image_attachment":"0","background_display":"tile","border_color":"","font_color":"","link_color":""}}}],"grids":[{"cells":1,"style":{"id":"","class":"","cell_class":"","row_css":"","bottom_margin":"","gutter":"","padding":"","row_stretch":"","collapse_order":"","background":"","background_image_attachment":"0","background_display":"tile","border_color":"","overlay":""}}],"grid_cells":[{"grid":0,"weight":1}]},"builder_id":"573aea6ccc834","widget-class":"","panels_info":{"class":"SiteOrigin_Panels_Widgets_Layout","raw":false,"grid":0,"cell":1,"id":1,"widget_id":"47f5c2d5-478e-4c4a-83d0-98834818919c","style":{"class":"thim-float-right thim-hidden-768px","widget_css":"","padding":"0px 14px 0px 0px","background":"","background_image_attachment":"0","background_display":"tile","border_color":"","font_color":"","link_color":""}}}],"grids":[{"cells":2,"style":{"id":"","class":"thim-hidden-md-2","cell_class":"","row_css":"","bottom_margin":"","gutter":"0px","padding":"","row_stretch":"","collapse_order":"","background":"","background_image_attachment":"0","background_display":"tile","border_color":"","overlay":""}}],"grid_cells":[{"grid":0,"weight":0.66666666666667},{"grid":0,"weight":0.33333333333333}]},"builder_id":"578d8c9867125","widget-class":""},"6":{"panels_data":{"widgets":[{"box_style":"simple","title_group":{"title":"AWARDS &amp; RECOGNITION","font_family":"custom","text_color":"#ffffff","font_size":24,"line_height":1.6,"font_weight":"700","line":"false"},"desc_group":{"content":"Check out some of our <a href=\"#\" class=\"thim-link-color\">Awards and Testimonials.<\/a>","text_color":"#ffffff"},"readmore_group":{"link":"","read_more":"complete_box","button_readmore_group":{"read_text":"Read More","button_style":"default"}},"box_style_default":{"background_image":0,"overlay_style":"overlay","overlay_color":"#000000","overlay_opacity":0.5},"box_style_video":{"url":""},"box_style_simple":{"background_image":63,"layout":"image-at-left","width_box":80,"text_align":"text-left","overflow":"visible"},"box_style_iconbox":{"icon":"","icon_size":14,"icon_color":"#333","icon_line_height":14,"icon_width":100,"icon_height":100,"pos":"top"},"widget-class":"","panels_info":{"class":"Thim_Box_Widget","raw":false,"grid":0,"cell":0,"id":0,"widget_id":"ea8d36d2-906e-494c-a911-5a424b55bc65","style":{"class":"","widget_css":"","padding":"18px 50px","background":"","background_image_attachment":"0","background_display":"tile","border_color":"","font_color":"","link_color":""}}},{"box_style":"simple","title_group":{"title":"COMMERCIAL SERVICES?","font_family":"custom","text_color":"#ffffff","font_size":24,"line_height":1.6,"font_weight":"700","line":"false"},"desc_group":{"content":"Some examples of our <a href=\"#\" class=\"thim-link-color\">Commercial Customers.<\/a>","text_color":"#ffffff"},"readmore_group":{"link":"","read_more":"complete_box","button_readmore_group":{"read_text":"Read More","button_style":"default"}},"box_style_default":{"background_image":0,"overlay_style":"overlay","overlay_color":"#000000","overlay_opacity":0.5},"box_style_video":{"url":""},"box_style_simple":{"background_image":64,"layout":"image-at-left","width_box":60,"text_align":"text-left","overflow":"visible"},"box_style_iconbox":{"icon":"","icon_size":14,"icon_color":"#333","icon_line_height":14,"icon_width":100,"icon_height":100,"pos":"top"},"widget-class":"","panels_info":{"class":"Thim_Box_Widget","raw":false,"grid":0,"cell":1,"id":1,"widget_id":"6970f17a-d1f4-4262-89bd-c8b3b6bb2dfa","style":{"class":"","widget_css":"","padding":"18px 50px","background":"","background_image_attachment":"0","background_display":"tile","border_color":"","font_color":"","link_color":""}}}],"grids":[{"cells":2,"style":{"id":"","class":"thim-line-between","cell_class":"","row_css":"padding-top: 95px;\npadding-bottom: 95px;","bottom_margin":"","gutter":"","padding":"","row_stretch":"full","collapse_order":"","background":"","background_image_attachment":"5202","background_display":"cover","border_color":"","overlay":"thim-overlay-color"}}],"grid_cells":[{"grid":0,"weight":0.5},{"grid":0,"weight":0.5}]},"builder_id":"578d8c791e0fc","widget-class":""},"7":{"panels_data":{"widgets":[{"title":"","text":"<img class=\"alignnone size-full wp-image-42\" src=\"http:\/\/landscaping.thimpress.com\/wp-content\/uploads\/2016\/04\/icon-map.png\" alt=\"icon-map\" width=\"230\" height=\"110\" \/>","text_selected_editor":"html","autop":true,"_sow_form_id":"571f14caf2b8b","widget-class":"","panels_info":{"class":"SiteOrigin_Widget_Editor_Widget","raw":false,"grid":0,"cell":0,"id":0,"widget_id":"21392c9a-6e9c-4139-b5a3-238aea50029b","style":{"class":"","widget_css":"","padding":"35px 0px 0px","background":"","background_image_attachment":"0","background_display":"tile","border_color":"","font_color":"","link_color":""}}},{"title":"Australia","text":"<ul>\n \t<li><i class=\"fa fa-map-marker\" aria-hidden=\"true\"><\/i> 329 Queensberry Street, North Melbourne Victoria.<\/li>\n \t<li><i class=\"fa fa-phone\" aria-hidden=\"true\"><\/i> <a href=\"tel:00123456789\" class=\"thim-hover-color-title\">+(00) 123 456 789<\/a><\/li>\n \t<li><i class=\"fa fa-envelope\" aria-hidden=\"true\"><\/i> <a href=\"mailto:mailto:wordpress@landscaping.com\" class=\"thim-hover-color-title\">wordpress@landscaping.com<\/a><\/li>\n<\/ul>","text_selected_editor":"html","autop":true,"_sow_form_id":"571f14f197d2c","widget-class":"","panels_info":{"class":"SiteOrigin_Widget_Editor_Widget","raw":false,"grid":0,"cell":1,"id":1,"widget_id":"739a422a-3883-44bd-ae00-5de80d10166c","style":{"class":"thim-title-not-line","widget_css":"","padding":"0px 0px 0px 15px","background":"","background_image_attachment":"0","background_display":"tile","border_color":"","font_color":"#ffffff","link_color":""}}},{"title":"United Kingdom","text":"<ul>\n \t<li><i class=\"fa fa-map-marker\" aria-hidden=\"true\"><\/i> NAAONB, 11 High Street, Fairford, Gloucestershire GL4 4AD.<\/li>\n \t<li><i class=\"fa fa-phone\" aria-hidden=\"true\"><\/i> <a href=\"tel:00123456789\" class=\"thim-hover-color-title\">+(00) 123 456 789<\/a><\/li>\n \t<li><i class=\"fa fa-envelope\" aria-hidden=\"true\"><\/i> <a href=\"mailto:wordpress@landscaping.com\" class=\"thim-hover-color-title\">wordpress@landscaping.com<\/a><\/li>\n<\/ul>","text_selected_editor":"html","autop":true,"_sow_form_id":"571f292ea6a7b","widget-class":"","panels_info":{"class":"SiteOrigin_Widget_Editor_Widget","raw":false,"grid":0,"cell":2,"id":2,"widget_id":"7755c5bf-5392-43f6-8bac-e14f1e29b38d","style":{"class":"thim-title-not-line","widget_css":"","padding":"0px 0px 0px 15px","background":"","background_image_attachment":"0","background_display":"tile","border_color":"","font_color":"#ffffff","link_color":""}}},{"title":"United States","text":"<ul>\n \t<li><i class=\"fa fa-map-marker\" aria-hidden=\"true\"><\/i> 100 Maryland Avenue, SW, Washington, DC 20001.<\/li>\n \t<li><i class=\"fa fa-phone\" aria-hidden=\"true\"><\/i> <a href=\"tel:00123456789\" class=\"thim-hover-color-title\">+(00) 123 456 789<\/a><\/li>\n \t<li><i class=\"fa fa-envelope\" aria-hidden=\"true\"><\/i> <a href=\"mailto:wordpress@landscaping.com\" class=\"thim-hover-color-title\">wordpress@landscaping.com<\/a><\/li>\n<\/ul>","text_selected_editor":"html","autop":true,"_sow_form_id":"571f29305b749","widget-class":"","panels_info":{"class":"SiteOrigin_Widget_Editor_Widget","raw":false,"grid":0,"cell":3,"id":3,"widget_id":"39bbea3a-2154-4f28-bd0f-72249d9c27e2","style":{"class":"thim-title-not-line","widget_css":"","padding":"0px 0px 0px 15px","background":"","background_image_attachment":"0","background_display":"tile","border_color":"","font_color":"#ffffff","link_color":""}}},{"title":"About Company","text":"<p>It is a long established fact that a reader will be distracted by the readable content of a page when looking at its layout. The point of using Lorem Ipsum is that it has a more-or-less normal distribution of letters, as opposed to using .<\/p>","text_selected_editor":"tinymce","autop":true,"_sow_form_id":"571f132ab92e7","widget-class":"","panels_info":{"class":"SiteOrigin_Widget_Editor_Widget","raw":false,"grid":1,"cell":0,"id":4,"widget_id":"27624df7-0e1c-4f4d-9df2-217b2df3b7ae","style":{"class":"","widget_css":"","padding":"","background":"","background_image_attachment":"0","background_display":"tile","border_color":"","font_color":"","link_color":""}}},{"title":"Infomation","nav_menu":33,"widget-class":"","panels_info":{"class":"WP_Nav_Menu_Widget","grid":1,"cell":1,"id":5,"widget_id":"ae4e0c7d-8f90-42ac-a0a5-fff815f2aa30","style":{"id":"","class":"","widget_css":"","mobile_css":"","padding":"","mobile_padding":"","background":"","background_image_attachment":"0","background_display":"tile","border_color":"","font_color":"","link_color":""}}},{"title":"Services","nav_menu":35,"widget-class":"","panels_info":{"class":"WP_Nav_Menu_Widget","grid":1,"cell":2,"id":6,"widget_id":"ea78bbf1-dd13-482d-9191-ba0337af44b6","style":{"id":"","class":"","widget_css":"","mobile_css":"","padding":"","mobile_padding":"","background":"","background_image_attachment":"0","background_display":"tile","border_color":"","font_color":"","link_color":""}}},{"title":"Get Our Newsletter","widget-class":"","panels_info":{"class":"MC4WP_Form_Widget","raw":false,"grid":1,"cell":3,"id":7,"widget_id":"d997bc63-bd6c-41d8-af00-202a0b63f96c","style":{"class":"","widget_css":"","padding":"","background":"","background_image_attachment":"0","background_display":"tile","border_color":"","font_color":"","link_color":""}}},{"title":"","link_face":"https:\/\/www.facebook.com\/thimpress","link_twitter":"https:\/\/twitter.com\/thimpress","link_google":"","link_dribble":"","link_linkedin":"","link_pinterest":"","link_digg":"#","link_youtube":"#","link_instagram":"","link_target":"_self","style":"default","align":"left","widget-class":"","panels_info":{"class":"Thim_Social_Widget","raw":false,"grid":1,"cell":3,"id":8,"widget_id":"a25cc048-1e0b-45fd-9a2d-dddcd362276e","style":{"class":"","widget_css":"","padding":"","background":"","background_image_attachment":"0","background_display":"tile","border_color":"","font_color":"","link_color":""}}},{"title":"","text":"<hr>","widget-class":"","filter":false,"panels_info":{"class":"WP_Widget_Text","raw":false,"grid":2,"cell":0,"id":9,"widget_id":"4445b3a6-cbcf-433b-9ed8-b4b732ed4544","style":{"class":"","widget_css":"","padding":"","background":"","background_image_attachment":"0","background_display":"tile","border_color":"","font_color":"","link_color":""}}},{"text_align":"left","widget-class":"","panels_info":{"class":"Thim_Copyright_Widget","raw":false,"grid":3,"cell":0,"id":10,"widget_id":"61fd91f8-469b-48e2-9278-6d9aa0f37b26","style":{"class":"","widget_css":"","padding":"","background":"","background_image_attachment":"0","background_display":"tile","border_color":"","font_color":"","link_color":""}}},{"nav_menu":32,"widget-class":"","panels_info":{"class":"WP_Nav_Menu_Widget","grid":3,"cell":1,"id":11,"widget_id":"b9784d4a-dfdc-404a-b206-600fa65b6cd9","style":{"id":"","class":"thim-float-list text-right","widget_css":"","mobile_css":"","padding":"","mobile_padding":"","background":"","background_image_attachment":"0","background_display":"tile","border_color":"","font_color":"","link_color":""}}}],"grids":[{"cells":4,"style":{"id":"","class":"thim-line-between-columns thim-margin-bottom","cell_class":"","row_css":"","bottom_margin":"0px","gutter":"","padding":"80px 0px 50px","row_stretch":"full","collapse_order":"","background":"#9aca42","background_image_attachment":"0","background_display":"tile","border_color":"","overlay":""}},{"cells":4,"style":{"id":"","class":"thim-margin-bottom","cell_class":"","row_css":"","bottom_margin":"0px","gutter":"","padding":"80px 0px 50px","row_stretch":"","collapse_order":"","background":"","background_image_attachment":"0","background_display":"tile","border_color":"","overlay":""}},{"cells":1,"style":{"id":"","class":"","cell_class":"","row_css":"","bottom_margin":"0px","gutter":"","padding":"","row_stretch":"","collapse_order":"","background":"","background_image_attachment":"0","background_display":"tile","border_color":"","overlay":""}},{"cells":2,"style":{"id":"","class":"","cell_class":"","row_css":"","bottom_margin":"","gutter":"","padding":"20px 0px 33px","row_stretch":"","collapse_order":"","background":"","background_image_attachment":"0","background_display":"tile","border_color":"","overlay":""}}],"grid_cells":[{"grid":0,"index":0,"weight":0.25,"style":[]},{"grid":0,"index":1,"weight":0.25,"style":[]},{"grid":0,"index":2,"weight":0.25,"style":[]},{"grid":0,"index":3,"weight":0.25,"style":[]},{"grid":1,"index":0,"weight":0.32976490344249,"style":[]},{"grid":1,"index":1,"weight":0.17023509655751,"style":[]},{"grid":1,"index":2,"weight":0.17023509655751,"style":[]},{"grid":1,"index":3,"weight":0.32976490344249,"style":[]},{"grid":2,"index":0,"weight":1,"style":[]},{"grid":3,"index":0,"weight":0.5,"style":[]},{"grid":3,"index":1,"weight":0.5,"style":[]}]},"builder_id":"5ad5abc061f60","widget-class":""},"5":{"panels_data":{"widgets":[{"box_style":"simple","title_group":{"title":"AWARDS &amp; RECOGNITION","font_family":"custom","text_color":"#ffffff","font_size":24,"line_height":1.6,"font_weight":"700","line":"false"},"desc_group":{"content":"Some of our <a href=\"#\" class=\"thim-link-color\">Awards and Testimonials<\/a>.","text_color":"#ffffff"},"readmore_group":{"link":"","read_more":"complete_box","button_readmore_group":{"read_text":"Read More","button_style":"default"}},"box_style_default":{"background_image":0,"overlay_style":"overlay","overlay_color":"#000000","overlay_opacity":0.5},"box_style_video":{"url":""},"box_style_simple":{"background_image":63,"layout":"image-at-left","width_box":80,"text_align":"text-left","overflow":"visible"},"box_style_iconbox":{"icon":"","icon_size":14,"icon_color":"#333","icon_line_height":14,"icon_width":100,"icon_height":100,"pos":"top"},"widget-class":"","panels_info":{"class":"Thim_Box_Widget","grid":0,"cell":0,"id":0,"widget_id":"ea8d36d2-906e-494c-a911-5a424b55bc65","style":{"class":"","widget_css":"","padding":"18px 50px","background":"","background_image_attachment":"0","background_display":"tile","border_color":"","font_color":"","link_color":""}}},{"box_style":"simple","title_group":{"title":"COMMERCIAL SERVICES?","font_family":"custom","text_color":"#ffffff","font_size":24,"line_height":1.6,"font_weight":"700","line":"false"},"desc_group":{"content":"Some examples of our <a href=\"#\" class=\"thim-link-color\">Commercial Customers<\/a>.","text_color":"#ffffff"},"readmore_group":{"link":"","read_more":"complete_box","button_readmore_group":{"read_text":"Read More","button_style":"default"}},"box_style_default":{"background_image":0,"overlay_style":"overlay","overlay_color":"#000000","overlay_opacity":0.5},"box_style_video":{"url":""},"box_style_simple":{"background_image":64,"layout":"image-at-left","width_box":60,"text_align":"text-left","overflow":"visible"},"box_style_iconbox":{"icon":"","icon_size":14,"icon_color":"#333","icon_line_height":14,"icon_width":100,"icon_height":100,"pos":"top"},"widget-class":"","panels_info":{"class":"Thim_Box_Widget","grid":0,"cell":1,"id":1,"widget_id":"6970f17a-d1f4-4262-89bd-c8b3b6bb2dfa","style":{"class":"","widget_css":"","padding":"18px 50px","background":"","background_image_attachment":"0","background_display":"tile","border_color":"","font_color":"","link_color":""}}}],"grids":[{"cells":2,"style":{"id":"","class":"thim-line-between","cell_class":"","row_css":"padding-top: 95px;\npadding-bottom: 95px;","bottom_margin":"","gutter":"","padding":"","row_stretch":"full","collapse_order":"","background":"","background_image_attachment":"5202","background_display":"cover","border_color":"","overlay":"thim-overlay-color"}}],"grid_cells":[{"grid":0,"weight":0.5},{"grid":0,"weight":0.5}]},"builder_id":"57c27690668c7","widget-class":""},"4":{"panels_data":{"widgets":[{"title":"","text":"<img class=\"alignnone size-full wp-image-42\" src=\"http:\/\/landscaping.thimpress.com\/wp-content\/uploads\/2016\/04\/icon-map.png\" alt=\"icon-map\" width=\"230\" height=\"110\" \/>","text_selected_editor":"html","autop":true,"_sow_form_id":"571f14caf2b8b","widget-class":"","panels_info":{"class":"SiteOrigin_Widget_Editor_Widget","raw":false,"grid":0,"cell":0,"id":0,"widget_id":"21392c9a-6e9c-4139-b5a3-238aea50029b","style":{"class":"","widget_css":"","padding":"35px 0px 0px","background":"","background_image_attachment":"0","background_display":"tile","border_color":"","font_color":"","link_color":""}}},{"title":"Australia","text":"<ul>\n \t<li><i class=\"fa fa-map-marker\" aria-hidden=\"true\"><\/i> 329 Queensberry Street, North Melbourne Victoria.<\/li>\n \t<li><i class=\"fa fa-phone\" aria-hidden=\"true\"><\/i> <a href=\"tel:00123456789\" class=\"thim-hover-color-title\">+(00) 123 456 789<\/a><\/li>\n \t<li><i class=\"fa fa-envelope\" aria-hidden=\"true\"><\/i> <a href=\"mailto:mailto:wordpress@landscaping.com\" class=\"thim-hover-color-title\">wordpress@landscaping.com<\/a><\/li>\n<\/ul>","text_selected_editor":"html","autop":true,"_sow_form_id":"571f14f197d2c","widget-class":"","panels_info":{"class":"SiteOrigin_Widget_Editor_Widget","raw":false,"grid":0,"cell":1,"id":1,"widget_id":"739a422a-3883-44bd-ae00-5de80d10166c","style":{"class":"thim-title-not-line","widget_css":"","padding":"0px 0px 0px 15px","background":"","background_image_attachment":"0","background_display":"tile","border_color":"","font_color":"#ffffff","link_color":""}}},{"title":"United Kingdom","text":"<ul>\n \t<li><i class=\"fa fa-map-marker\" aria-hidden=\"true\"><\/i> NAAONB, 11 High Street, Fairford, Gloucestershire GL4 4AD.<\/li>\n \t<li><i class=\"fa fa-phone\" aria-hidden=\"true\"><\/i> <a href=\"tel:00123456789\" class=\"thim-hover-color-title\">+(00) 123 456 789<\/a><\/li>\n \t<li><i class=\"fa fa-envelope\" aria-hidden=\"true\"><\/i> <a href=\"mailto:wordpress@landscaping.com\" class=\"thim-hover-color-title\">wordpress@landscaping.com<\/a><\/li>\n<\/ul>","text_selected_editor":"html","autop":true,"_sow_form_id":"571f292ea6a7b","widget-class":"","panels_info":{"class":"SiteOrigin_Widget_Editor_Widget","raw":false,"grid":0,"cell":2,"id":2,"widget_id":"7755c5bf-5392-43f6-8bac-e14f1e29b38d","style":{"class":"thim-title-not-line","widget_css":"","padding":"0px 0px 0px 15px","background":"","background_image_attachment":"0","background_display":"tile","border_color":"","font_color":"#ffffff","link_color":""}}},{"title":"United States","text":"<ul>\n \t<li><i class=\"fa fa-map-marker\" aria-hidden=\"true\"><\/i> 100 Maryland Avenue, SW, Washington, DC 20001.<\/li>\n \t<li><i class=\"fa fa-phone\" aria-hidden=\"true\"><\/i> <a href=\"tel:00123456789\" class=\"thim-hover-color-title\">+(00) 123 456 789<\/a><\/li>\n \t<li><i class=\"fa fa-envelope\" aria-hidden=\"true\"><\/i> <a href=\"mailto:wordpress@landscaping.com\" class=\"thim-hover-color-title\">wordpress@landscaping.com<\/a><\/li>\n<\/ul>","text_selected_editor":"html","autop":true,"_sow_form_id":"571f29305b749","widget-class":"","panels_info":{"class":"SiteOrigin_Widget_Editor_Widget","raw":false,"grid":0,"cell":3,"id":3,"widget_id":"39bbea3a-2154-4f28-bd0f-72249d9c27e2","style":{"class":"thim-title-not-line","widget_css":"","padding":"0px 0px 0px 15px","background":"","background_image_attachment":"0","background_display":"tile","border_color":"","font_color":"#ffffff","link_color":""}}},{"title":"About Company","text":"<p>It is a long established fact that a reader will be distracted by the readable content of a page when looking at its layout. The point of using Lorem Ipsum is that it has a more-or-less normal distribution of letters, as opposed to using .<\/p>","text_selected_editor":"tinymce","autop":true,"_sow_form_id":"571f132ab92e7","widget-class":"","panels_info":{"class":"SiteOrigin_Widget_Editor_Widget","raw":false,"grid":1,"cell":0,"id":4,"widget_id":"27624df7-0e1c-4f4d-9df2-217b2df3b7ae","style":{"class":"","widget_css":"","padding":"","background":"","background_image_attachment":"0","background_display":"tile","border_color":"","font_color":"","link_color":""}}},{"title":"Infomation","nav_menu":33,"widget-class":"","panels_info":{"class":"WP_Nav_Menu_Widget","grid":1,"cell":1,"id":5,"widget_id":"ae4e0c7d-8f90-42ac-a0a5-fff815f2aa30","style":{"class":"","widget_css":"","padding":"","background":"","background_image_attachment":"0","background_display":"tile","border_color":"","font_color":"","link_color":""}}},{"title":"Services","nav_menu":35,"widget-class":"","panels_info":{"class":"WP_Nav_Menu_Widget","grid":1,"cell":2,"id":6,"widget_id":"ea78bbf1-dd13-482d-9191-ba0337af44b6","style":{"class":"","widget_css":"","padding":"","background":"","background_image_attachment":"0","background_display":"tile","border_color":"","font_color":"","link_color":""}}},{"title":"Get Our Newsletter","widget-class":"","panels_info":{"class":"MC4WP_Form_Widget","raw":false,"grid":1,"cell":3,"id":7,"widget_id":"d997bc63-bd6c-41d8-af00-202a0b63f96c","style":{"class":"","widget_css":"","padding":"","background":"","background_image_attachment":"0","background_display":"tile","border_color":"","font_color":"","link_color":""}}},{"title":"","link_face":"https:\/\/www.facebook.com\/thimpress","link_twitter":"https:\/\/twitter.com\/thimpress","link_google":"","link_dribble":"","link_linkedin":"","link_pinterest":"","link_digg":"#","link_youtube":"#","link_instagram":"","link_target":"_self","style":"default","align":"left","widget-class":"","panels_info":{"class":"Thim_Social_Widget","raw":false,"grid":1,"cell":3,"id":8,"widget_id":"a25cc048-1e0b-45fd-9a2d-dddcd362276e","style":{"class":"","widget_css":"","padding":"","background":"","background_image_attachment":"0","background_display":"tile","border_color":"","font_color":"","link_color":""}}},{"title":"","text":"<hr>","widget-class":"","filter":false,"panels_info":{"class":"WP_Widget_Text","raw":false,"grid":2,"cell":0,"id":9,"widget_id":"4445b3a6-cbcf-433b-9ed8-b4b732ed4544","style":{"class":"","widget_css":"","padding":"","background":"","background_image_attachment":"0","background_display":"tile","border_color":"","font_color":"","link_color":""}}},{"content":"<a href=\"https:\/\/themeforest.net\/item\/landscaping-landscaping-wordpress-theme\/16210005\">Landscaping WordPress Theme<\/a> by <a href=\"http:\/\/www.thimpress.com\">ThimPress<\/a>. Powered by WordPress.","text_align":"left","widget-class":"","panels_info":{"class":"Thim_Copyright_Widget","raw":false,"grid":3,"cell":0,"id":10,"widget_id":"61fd91f8-469b-48e2-9278-6d9aa0f37b26","style":{"class":"","widget_css":"","padding":"","background":"","background_image_attachment":"0","background_display":"tile","border_color":"","font_color":"","link_color":""}}},{"nav_menu":32,"widget-class":"","panels_info":{"class":"WP_Nav_Menu_Widget","grid":3,"cell":1,"id":11,"widget_id":"b9784d4a-dfdc-404a-b206-600fa65b6cd9","style":{"class":"thim-float-list text-right","widget_css":"","padding":"","background":"","background_image_attachment":"0","background_display":"tile","border_color":"","font_color":"","link_color":""}}}],"grids":[{"cells":4,"style":{"id":"","class":"thim-line-between-columns thim-margin-bottom","cell_class":"","row_css":"","bottom_margin":"0px","gutter":"","padding":"80px 0px 50px","row_stretch":"full","collapse_order":"","background":"#9aca42","background_image_attachment":"0","background_display":"tile","border_color":"","overlay":""}},{"cells":4,"style":{"id":"","class":"thim-margin-bottom","cell_class":"","row_css":"","bottom_margin":"0px","gutter":"","padding":"80px 0px 50px","row_stretch":"","collapse_order":"","background":"","background_image_attachment":"0","background_display":"tile","border_color":"","overlay":""}},{"cells":1,"style":{"id":"","class":"","cell_class":"","row_css":"","bottom_margin":"0px","gutter":"","padding":"","row_stretch":"","collapse_order":"","background":"","background_image_attachment":"0","background_display":"tile","border_color":"","overlay":""}},{"cells":2,"style":{"id":"","class":"","cell_class":"","row_css":"","bottom_margin":"","gutter":"","padding":"20px 0px 33px","row_stretch":"","collapse_order":"","background":"","background_image_attachment":"0","background_display":"tile","border_color":"","overlay":""}}],"grid_cells":[{"grid":0,"weight":0.25},{"grid":0,"weight":0.25},{"grid":0,"weight":0.25},{"grid":0,"weight":0.25},{"grid":1,"weight":0.32976490344249},{"grid":1,"weight":0.17023509655751},{"grid":1,"weight":0.17023509655751},{"grid":1,"weight":0.32976490344249},{"grid":2,"weight":1},{"grid":3,"weight":0.5},{"grid":3,"weight":0.5}]},"builder_id":"582c1155a129a","widget-class":""},"_multiwidget":1},"button":{"2":{"text":"<span>FREE<\/span> QUOTE","link":"http:\/\/landscaping.thimpress.com\/demo-3\/contact-us\/","align":"center","style":"default","size":"large","button_option":{"custom":"yes","button_color":"#9aca42","text_color":"#FFF","button_hover_color":"#9aca42","text_hover_color":"#333333","icon":"none"},"widget-class":""},"_multiwidget":1}}]