[{"sidebar":["search-4","categories-2","courses-2","single-images-2","list-post-2"],"toolbar":["nav_menu-20","search-5","login-popup-2"],"menu_right":["courses-searching-2","woocommerce_widget_cart-2"],"footer":["thim_layout_builder-3"],"sidebar_courses":["course-categories-2","courses-5","single-images-5","list-post-7"],"header":["thim_layout_builder-2"],"megamenu":["nav_menu-19","courses-6","single-images-6"]},{"search":{"4":{"title":"Search","widget-class":"","widget_logic":""},"5":{"title":"","widget-class":"","widget_logic":""},"_multiwidget":1},"categories":{"2":{"title":"","count":0,"hierarchical":0,"dropdown":0},"_multiwidget":1},"courses":{"2":{"heading_group":{"title":"Popular Courses","textcolor":false,"size":"h3","font_heading":"default","custom_font_heading":{"custom_font_size":18,"custom_font_weight":"normal"}},"desc_group":{"des":"","des_color":false,"des_font_size":16,"des_font_weight":"normal"},"order":"popular","layout":"list-sidebar","limit":3,"view_all_courses":"","slider-options":{"show_navigation":true,"item_visible":"4","show_pagination":false},"grid-options":{"columns":"2"},"widget-class":"","widget_logic":""},"5":{"heading_group":{"title":"Popular Courses","textcolor":false,"size":"h3","font_heading":"default","custom_font_heading":{"custom_font_size":18,"custom_font_weight":"normal"}},"desc_group":{"des":"","des_color":false,"des_font_size":16,"des_font_weight":"normal"},"order":"popular","layout":"list-sidebar","limit":3,"view_all_courses":"","slider-options":{"show_navigation":true,"item_visible":"4","show_pagination":false},"grid-options":{"columns":"2"},"widget-class":""},"6":{"title":"New Course","order":"latest","cat_id":"all","layout":"megamenu","limit":1,"view_all_courses":"","view_all_position":"top","slider-options":{"show_navigation":true,"item_visible":"4","auto_play":0,"show_pagination":false},"grid-options":{"columns":"4"},"tabs-options":{"limit_tab":4,"cat_id_tab":false},"widget-class":"col-sm-4 thim-megamenu-vc","widget_logic":""},"_multiwidget":1},"single-images":{"2":{"image":3384,"image_size":"","image_link":"#","link_target":"_self","image_alignment":"left","css_animation":false,"widget-class":"","widget_logic":""},"5":{"image":3384,"image_size":"","image_link":"#","link_target":"_self","image_alignment":"left","css_animation":false,"widget-class":"","widget_logic":""},"6":{"image":4385,"image_size":"full","image_link":"#","link_target":"_blank","image_alignment":"left","css_animation":false,"widget-class":"col-sm-4 thim-megamenu-vc","widget_logic":""},"_multiwidget":1},"list-post":{"2":{"title":"Latest Posts","cat_id":"9","image_size":"thumbnail","show_description":"no","number_posts":3,"orderby":"recent","order":"desc","link":"","text_link":"","style":"sidebar","widget-class":"","widget_logic":""},"7":{"title":"Latest Posts","cat_id":"9","image_size":"thumbnail","show_description":"no","number_posts":3,"orderby":"recent","order":"desc","link":"","text_link":"","style":"sidebar","widget-class":""},"_multiwidget":1},"nav_menu":{"20":{"nav_menu":6,"widget-class":"","widget_logic":""},"19":{"title":"About Courses","nav_menu":54,"widget-class":"col-sm-4 thim-megamenu-vc","widget_logic":""},"_multiwidget":1},"login-popup":{"2":{"text_register":"","text_login":"Account","text_logout":"Logout","shortcode":"","widget-class":"","widget_logic":""},"_multiwidget":1},"courses-searching":{"2":{"layout":"overlay","title":"","description":"","placeholder":"Search courses...","widget-class":"","widget_logic":"!is_page('home-version-2')"},"_multiwidget":1},"woocommerce_widget_cart":{"2":{"title":"Cart","hide_if_empty":0,"widget-class":"","widget_logic":"is_woocommerce()"},"_multiwidget":1},"thim_layout_builder":{"3":{"widget-class":"","content":"[vc_row][vc_column width=\"5\/12\" el_class=\"width-40\"][vc_column_text]\r\n<div class=\"thim-footer-info-3 text-center\">\r\n\r\n<img class=\"alignnone size-full wp-image-10\" src=\"https:\/\/importeduma.thimpress.com\/demo-vc-university-3\/wp-content\/uploads\/sites\/40\/2016\/12\/logo1.png\" alt=\"logo-eduma-the-best-lms-wordpress-theme\" width=\"96\" height=\"91\" \/>\r\n<h4 class=\"heading\">Choose the eduma experience<\/h4>\r\n<p class=\"info\">Our rich history is the foundation for our values. Join us to make your college experience unforgettable.<\/p>\r\n<p class=\"copyright-text\">\u00a9 2016 <a href=\"https:\/\/themeforest.net\/item\/education-wordpress-theme-education-wp\/14058034?ref=ThimPress&amp;utm_source=demo&amp;utm_medium=demofooter\">Eduma University<\/a> by <a href=\"https:\/\/thimpress.com\/\">ThimPress<\/a>. Powered by <a href=\"https:\/\/wordpress.com\/\">WordPress<\/a>.<\/p>\r\n\r\n<\/div>\r\n[\/vc_column_text][\/vc_column][vc_column width=\"7\/12\" el_class=\"width-60\"][vc_row_inner][vc_column_inner width=\"1\/3\"][vc_wp_custommenu nav_menu=\"7\" title=\"Company\"][\/vc_column_inner][vc_column_inner width=\"1\/3\"][vc_wp_custommenu title=\"Support\" nav_menu=\"22\"][\/vc_column_inner][vc_column_inner width=\"1\/3\"][vc_wp_text title=\"Newsletter\"]Get the latest Eduma news delivered to your inbox.\r\n[mc4wp_form id=\"3101\"][\/vc_wp_text][thim-social title=\"Connect Us\" style=\"style-2\" link_face=\"#\" link_twitter=\"#\" link_google=\"#\" link_dribble=\"#\" link_linkedin=\"#\"][\/vc_column_inner][\/vc_row_inner][\/vc_column][\/vc_row]","custom_css":"","widget_logic":""},"2":{"widget-class":"","content":"[vc_row css=\".vc_custom_1482921112418{margin-right: 0px !important;margin-left: 0px !important;}\"][vc_column width=\"3\/4\"][vc_row_inner][vc_column_inner width=\"1\/4\" css=\".vc_custom_1482918934387{padding-right: 0px !important;padding-left: 0px !important;}\"][thim-link text=\"ABOUT EDUMA\" description=\"Discover who we are and what we do\" link=\"#\"][\/vc_column_inner][vc_column_inner width=\"1\/4\" css=\".vc_custom_1482918965456{padding-right: 0px !important;padding-left: 0px !important;}\"][thim-link text=\"ACADEMIC\" description=\"Read all about what it's like to live at Eduma\" link=\"#\"][\/vc_column_inner][vc_column_inner width=\"1\/4\" css=\".vc_custom_1482918974312{padding-right: 0px !important;padding-left: 0px !important;}\"][thim-link text=\"ADMISSION\" description=\"Discover who we are and what we do\" link=\"#\"][\/vc_column_inner][vc_column_inner width=\"1\/4\" css=\".vc_custom_1482918983891{padding-right: 0px !important;padding-left: 0px !important;}\"][thim-link text=\"RESEARCH\" description=\"Read all about what it's like to live at Eduma\" link=\"#\"][\/vc_column_inner][\/vc_row_inner][\/vc_column][vc_column width=\"1\/4\"][thim-button title=\"Apply Now\" new_window=\"\" custom_style=\"custom_style\" font_size=\"13\" font_weight=\"500\" icon=\"fa fa-pencil\" icon_position=\"after\" button_size=\"small\" rounding=\"tiny-rounded\" color=\"#ffffff\" border_color=\"#fa394a\" bg_color=\"#fa394a\" hover_color=\"#fed1d4\" hover_border_color=\"#fa394a\" hover_bg_color=\"#fa394a\"][\/vc_column][\/vc_row]","custom_css":".vc_custom_1482921112418{margin-right: 0px !important;margin-left: 0px !important;}.vc_custom_1482918934387{padding-right: 0px !important;padding-left: 0px !important;}.vc_custom_1482918965456{padding-right: 0px !important;padding-left: 0px !important;}.vc_custom_1482918974312{padding-right: 0px !important;padding-left: 0px !important;}.vc_custom_1482918983891{padding-right: 0px !important;padding-left: 0px !important;}","widget_logic":""},"_multiwidget":1},"course-categories":{"2":{"title":"All Courses","widget-class":"","show_counts":false,"hierarchical":false,"widget_logic":""},"_multiwidget":1}}]