[{"sidebar-1":["text-3","categories-3","recent-posts-3","text-5"],"menu_right":["social-3","woocommerce_widget_cart-2"],"footer":["single-images-2","icon-box-2","social-2","siteorigin-panels-builder-2"]},{"text":{"3":{"title":"About blog","text":"<img  src=\"http:\/\/resca.thimpress.com\/home-coffee\/wp-content\/uploads\/sites\/2\/2015\/07\/06_blog_03.jpg\">\r\n<p style=\"padding-top: 10px\">\r\nTypi non habent claritatem insitam; est usus legentis in iis qui facit eorum claritatem. Investigationes demonstraverunt.<\/p>","filter":false,"widget-class":""},"5":{"title":"Pinterest","text":"<a data-pin-do=\"embedBoard\" href=\"http:\/\/www.pinterest.com\/pinterest\/official-news\/\" data-pin-scale-width=\"78\" data-pin-scale-height=\"300\" data-pin-board-width=\"240\"><\/a>\r\n<!-- Please call pinit.js only once per page -->\r\n<script type=\"text\/javascript\" async defer src=\"\/\/assets.pinterest.com\/js\/pinit.js\"><\/script>","filter":false,"widget-class":"box-pinterest"},"_multiwidget":1},"categories":{"3":{"title":"Categories","count":1,"hierarchical":0,"dropdown":0,"widget-class":""},"_multiwidget":1},"recent-posts":{"3":{"title":"Recent Posts","number":5,"show_date":true,"widget-class":""},"_multiwidget":1},"social":{"3":{"title":"","link_face":"https:\/\/www.facebook.com\/ThimPress","link_twitter":"https:\/\/twitter.com\/thimpress","link_google":"","link_dribble":"","link_linkedin":"","link_pinterest":"","link_digg":"","link_youtube":"","link_tripadvisor":"http:\/\/goo.gl\/CZ0ncq","link_instagram":"","link_target":"_blank","widget-class":"","custom_links":false},"2":{"title":"","link_face":"https:\/\/www.facebook.com\/ThimPress","link_twitter":"https:\/\/twitter.com\/thimpress","link_google":"#","link_dribble":"#","link_linkedin":"#","link_pinterest":"","link_digg":"","link_youtube":"","link_target":"_self","widget-class":"text-center"},"_multiwidget":1},"woocommerce_widget_cart":{"2":{"title":"Cart","hide_if_empty":0,"widget-class":"","widget_logic":"get_post_type() == 'product'"},"_multiwidget":1},"single-images":{"2":{"image":1597,"image_size":"full","image_link":"#","link_target":"_self","image_alignment":"center","css_animation":"","widget_logic":"","widget-class":"text-center","image_parallax":false},"_multiwidget":1},"icon-box":{"2":{"sub-title":"","title_group":{"title":"","color_title":false,"size":"h3","font_heading":"default","custom_heading":{"custom_font_size":14,"custom_font_weight":"normal","custom_mg_bt":0},"line_after_title":false},"desc_group":{"content":"329 Queensberry Street, North Melbourne VIC 3051, Australia.<br \/>\r\n<br \/>\r\n\r\n<b>Call: <a href=\"tel:0123 456 78910\">0123 456 78910<\/a><\/b><br \/>\r\n<b>Email: <a href=\"mailto:hello@yourmail.com\">hello@yourmail.com<\/a><\/b>","custom_font_size_des":0,"custom_font_weight":false,"color_description":false},"read_more_group":{"link":"","read_more":"complete_box","button_read_more_group":{"read_text":"Read More","read_more_text_color":"#fff","border_read_more_text":false,"bg_read_more_text":false,"read_more_text_color_hover":"#fff","bg_read_more_text_hover":false}},"icon_type":"font-awesome","font_7_stroke_group":{"icon":"map-marker","icon_size":25},"font_awesome_group":{"icon":"map-marker","icon_size":24},"font_image_group":{"icon_img":0},"width_icon_box":60,"color_group":{"icon_color":"#ffb606","icon_border_color":false,"icon_bg_color":false,"icon_hover_color":false,"icon_border_color_hover":false,"icon_bg_color_hover":false},"layout_group":{"box_icon_style":false,"pos":"top","text_align_sc":"text-center"},"widget_background":"none","self_video":0,"self_poster":0,"css_animation":false,"widget_logic":"","widget-class":""},"_multiwidget":1},"siteorigin-panels-builder":{"2":{"panels_data":"","builder_id":"564544d140707","widget-class":""},"_multiwidget":1}}]