[{"sidebar":["search-2","recent-posts-2","recent-comments-2","archives-2","categories-2","meta-2"],"footer-sidebar-1":["media_image-3","text-4","thim_layout_builder-2"],"footer-sidebar-2":["nav_menu-2"],"footer-sidebar-3":["text-3"],"footer-sidebar-4":["text-2"]},{"search":{"2":{"title":"","widget_logic":"","widget-class":""},"_multiwidget":1},"recent-posts":{"2":{"title":"","number":5,"show_date":false,"widget_logic":"","widget-class":""},"_multiwidget":1},"recent-comments":{"2":{"title":"","number":5,"widget_logic":"","widget-class":""},"_multiwidget":1},"archives":{"2":{"title":"","count":0,"dropdown":0,"widget_logic":"","widget-class":""},"_multiwidget":1},"categories":{"2":{"title":"","count":0,"hierarchical":0,"dropdown":0,"widget_logic":"","widget-class":""},"_multiwidget":1},"meta":{"2":{"title":"","widget_logic":"","widget-class":""},"_multiwidget":1},"media_image":{"3":{"attachment_id":730,"url":"http:\/\/galax.thimpress.com\/demo-2\/wp-content\/uploads\/sites\/2\/2018\/06\/logogalax.png","title":"","size":"full","width":152,"height":57,"caption":"","alt":"","link_type":"none","link_url":"","image_classes":"","link_classes":"","link_rel":"","link_target_blank":false,"image_title":"","widget-class":"","widget_logic":""},"_multiwidget":1},"text":{"4":{"title":"","text":"Galax is the best Multi-Purpose WordPress theme, serving unlimited niches and purposes in unique, elegant styles.","filter":true,"visual":true,"widget-class":"","widget_logic":""},"3":{"title":"Connect US","text":"<ul class=\"thim-contact-list\">\r\n \t<li><i class=\"fa fa-phone\" aria-hidden=\"true\"><\/i> <a href=\"tel:00123456789\">+00 123 456 789<\/a><\/li>\r\n \t<li><i class=\"fa fa-envelope-o\" aria-hidden=\"true\"><\/i> <a href=\"mailto:info@thimpress.com\">info@thimpress.com<\/a><\/li>\r\n \t<li><i class=\"fa fa-fax\" aria-hidden=\"true\"><\/i> <a href=\"tel:00123456789\">+00 111 456 789<\/a><\/li>\r\n \t<li><i class=\"fa fa-map-marker\" aria-hidden=\"true\"><\/i> PO Box 97845 Baker st. 567, Los Angeles, California, US.<\/li>\r\n<\/ul>","filter":true,"visual":true,"widget-class":"connect-us","widget_logic":""},"2":{"title":"Office Hours","text":"<ul>\r\n \t<li>Mo-Fr: 8:00-19:00<\/li>\r\n \t<li>Sa: 8:00-14:00<\/li>\r\n \t<li>So: closed<\/li>\r\n<\/ul>","filter":true,"visual":true,"widget-class":""},"_multiwidget":1},"thim_layout_builder":{"2":{"widget-class":"","content":"[vc_row][vc_column][thim-social-links social_links=\"%5B%7B%22icon%22%3A%22fa%20fa-facebook%22%2C%22link%22%3A%22http%3A%2F%2Ffacebook.com%2Fthimpress%2F%22%7D%2C%7B%22icon%22%3A%22fa%20fa-twitter%22%2C%22link%22%3A%22http%3A%2F%2Ftwitter.com%2Fthimpress%2F%22%7D%2C%7B%22icon%22%3A%22fa%20fa-skype%22%2C%22link%22%3A%22http%3A%2F%2Fskype.com%2Fthimpress%2F%22%7D%2C%7B%22icon%22%3A%22fa%20fa-google-plus%22%2C%22link%22%3A%22http%3A%2F%2Fplus.google.com%2Fthimpress%2F%22%7D%5D\"][\/vc_column][\/vc_row]","custom_css":""},"_multiwidget":1},"nav_menu":{"2":{"title":"Useful Links","nav_menu":3,"widget-class":"column-2"},"_multiwidget":1}}]