[{"wp_inactive_widgets":["archives-2","meta-2","search-2","categories-2","recent-posts-2","recent-comments-2"],"sidebar":["search-4","text-12","tag_cloud-3"],"sidebar-courses":["search-3","thim_layout_builder-11","tag_cloud-1"],"sidebar-events":["search-5","thim_layout_builder-9","tag_cloud-4"],"menu-right":["text-13"],"footer-top":["text-11"],"footer-sidebar-1":["text-8"],"footer-sidebar-2":["nav_menu-5"],"footer-sidebar-3":["media_gallery-2"],"footer-sidebar-4":["custom_html-2"]},{"search":{"4":{"title":"","widget-class":""},"3":{"title":""},"5":{"title":"","widget-class":""},"2":{"title":""},"_multiwidget":1},"text":{"12":{"title":"","text":"[INSERT_ELEMENTOR id=\"1524\"]","filter":true,"visual":true,"widget-class":""},"13":{"title":"","text":"[INSERT_ELEMENTOR id=\"1757\"]","filter":true,"visual":true,"widget-class":""},"11":{"title":"","text":"[INSERT_ELEMENTOR id=\"1514\"]","filter":true,"visual":true,"widget-class":""},"8":{"title":"","text":"[INSERT_ELEMENTOR id=\"1685\"]","filter":true,"visual":true,"widget-class":""},"_multiwidget":1},"tag_cloud":{"3":{"title":"Tags","count":0,"taxonomy":"post_tag","widget-class":""},"1":{"title":"Tags","count":0,"taxonomy":"post_tag","widget-class":""},"4":{"title":"Tags","count":0,"taxonomy":"post_tag","widget-class":""},"_multiwidget":1},"thim_layout_builder":{"11":{"widget-class":"","content":"[vc_row css=\".vc_custom_1539864414850{margin-bottom: 50px !important;}\"][vc_column][thim-testimonials layout=\"layout-slider-3\" testimonials=\"%5B%7B%22name%22%3A%22John%20Doe%22%2C%22website%22%3A%22%23%22%2C%22works%22%3A%22Founder%22%2C%22content%22%3A%22This%20is%20my%20first%20time%20to%20consult%20in%20this%20hospital%20and%20I%E2%80%99m%20lucky%20I%20got%20a%20perfect%20doctor%20who%20takes%20care%20of%20me%20since%20day%20one%20of%20my%20consultation%2C%20until%20the%20day%20of%20my%20surgery.%22%7D%2C%7B%22name%22%3A%22John%20Doe%22%2C%22website%22%3A%22%23%22%2C%22works%22%3A%22Founder%22%2C%22content%22%3A%22This%20is%20my%20first%20time%20to%20consult%20in%20this%20hospital%20and%20I%E2%80%99m%20lucky%20I%20got%20a%20perfect%20doctor%20who%20takes%20care%20of%20me%20since%20day%20one%20of%20my%20consultation%2C%20until%20the%20day%20of%20my%20surgery.%22%7D%2C%7B%22name%22%3A%22John%20Doe%22%2C%22website%22%3A%22%23%22%2C%22works%22%3A%22Founder%22%2C%22content%22%3A%22This%20is%20my%20first%20time%20to%20consult%20in%20this%20hospital%20and%20I%E2%80%99m%20lucky%20I%20got%20a%20perfect%20doctor%20who%20takes%20care%20of%20me%20since%20day%20one%20of%20my%20consultation%2C%20until%20the%20day%20of%20my%20surgery.%22%7D%5D\" items_visible=\"1\" items_tablet=\"1\" items_mobile=\"1\"][\/vc_column][\/vc_row][vc_row css=\".vc_custom_1539864841172{margin-bottom: 50px !important;}\"][vc_column][thim-course-categories title=\"Categories\" show_count=\"true\" show_hierarchy=\"\"][\/vc_column][\/vc_row][vc_row css=\".vc_custom_1539864424395{margin-bottom: 50px !important;}\"][vc_column][thim-list-courses title=\"latest course\" number_items=\"3\"][\/vc_column][\/vc_row]","custom_css":".vc_custom_1539864414850{margin-bottom: 50px !important;}.vc_custom_1539864841172{margin-bottom: 50px !important;}.vc_custom_1539864424395{margin-bottom: 50px !important;}"},"9":{"widget-class":"","content":"[vc_row css=\".vc_custom_1539865024030{margin-bottom: 50px !important;}\"][vc_column][thim-testimonials layout=\"layout-slider-3\" testimonials=\"%5B%7B%22name%22%3A%22John%20Doe%22%2C%22website%22%3A%22%23%22%2C%22works%22%3A%22Founder%22%2C%22content%22%3A%22This%20is%20my%20first%20time%20to%20consult%20in%20this%20hospital%20and%20I%E2%80%99m%20lucky%20I%20got%20a%20perfect%20doctor%20who%20takes%20care%20of%20me%20since%20day%20one%20of%20my%20consultation%2C%20until%20the%20day%20of%20my%20surgery.%22%7D%2C%7B%22name%22%3A%22John%20Doe%22%2C%22website%22%3A%22%23%22%2C%22works%22%3A%22Founder%22%2C%22content%22%3A%22This%20is%20my%20first%20time%20to%20consult%20in%20this%20hospital%20and%20I%E2%80%99m%20lucky%20I%20got%20a%20perfect%20doctor%20who%20takes%20care%20of%20me%20since%20day%20one%20of%20my%20consultation%2C%20until%20the%20day%20of%20my%20surgery.%22%7D%5D\" items_visible=\"1\" items_tablet=\"1\" items_mobile=\"1\"][\/vc_column][\/vc_row][vc_row][vc_column][thim-event-calendar title=\"Calendar\"][\/vc_column][\/vc_row]","custom_css":".vc_custom_1539865024030{margin-bottom: 50px !important;}"},"_multiwidget":1},"nav_menu":{"5":{"title":"Useful Links","nav_menu":31,"widget-class":""},"_multiwidget":1},"media_gallery":{"2":{"title":"Our Gallery","columns":3,"size":"thumbnail","link_type":"post","orderby_random":false,"widget-class":"","ids":[1170,1169,1172,1167,1166,1164]},"_multiwidget":1},"custom_html":{"2":{"title":"Working hours","content":"<ul class=\"working-hours-list\">\r\n<li>\r\n<span class=\"day\">Monday, Wednesday<\/span>\r\n<span class=\"hours\">8:00 - 17:00<\/span>\r\n<\/li>\r\n<li><span class=\"day\">Thursday, Friday  <\/span>\r\n<span class=\"hours\">8:45 - 17:30 <\/span>\r\n<\/li>\r\n<li><span class=\"day\">Saturday    <\/span>\r\n<span class=\"hours\">9:35 - 17:00 <\/span>\r\n<\/li>\r\n<li><span class=\"day\">Sunday<\/span>\r\n<span class=\"hours\">10:00 - 17:00<\/span>\r\n<\/li>\r\n<\/ul>","widget-class":""},"_multiwidget":1},"archives":{"2":{"title":"","count":0,"dropdown":0},"_multiwidget":1},"meta":{"2":{"title":""},"_multiwidget":1},"categories":{"2":{"title":"","count":0,"hierarchical":0,"dropdown":0},"_multiwidget":1},"recent-posts":{"2":{"title":"","number":5},"_multiwidget":1},"recent-comments":{"2":{"title":"","number":5},"_multiwidget":1}}]