[{"copyright":["nav_menu-14"],"sidebar":["list-post-2"],"toolbar":["text-2"],"menu_right":["text-1210020"],"sidebar_shop":["woocommerce_price_filter-2","woocommerce_product_search-2","woocommerce_product_categories-2","woocommerce_products-2"],"sidebar_courses":["media_image-4"]},{"nav_menu":{"14":{"nav_menu":24,"widget-class":""},"_multiwidget":1},"list-post":{"2":{"title":"Latest Posts","cat_id":"9","image_size":"thumbnail","show_description":"no","number_posts":3,"orderby":"recent","order":"desc","link":"","text_link":"","style":"sidebar","widget-class":"","widget_logic":""},"_multiwidget":1},"text":{"2":{"title":"","text":"[thim_ekit id=\"8959\"]","filter":false,"widget-class":"","widget_logic":"","visual":false},"1210020":{"title":"","text":"[thim_ekit id=\"12109\"]","filter":true,"visual":true,"widget_logic":"","widget-class":""},"_multiwidget":1},"woocommerce_price_filter":{"2":{"title":"Filter by price","widget_logic":"","widget-class":""},"_multiwidget":1},"woocommerce_product_search":{"2":{"title":"","widget_logic":"","widget-class":""},"_multiwidget":1},"woocommerce_product_categories":{"2":{"title":"Product categories","orderby":"name","dropdown":0,"count":1,"hierarchical":0,"show_children_only":0,"hide_empty":0,"max_depth":"","widget_logic":"","widget-class":""},"_multiwidget":1},"woocommerce_products":{"2":{"title":"Products","number":3,"show":"","orderby":"date","order":"desc","hide_free":0,"show_hidden":0,"widget_logic":"","widget-class":""},"_multiwidget":1}}]