[{"sidebar":["search-4","categories-2","courses-2","single-images-2","list-post-2"],"toolbar":["login-popup-3","courses-searching-3","text-1210016","social-2"],"menu_right":["button-2","search-5","login-popup-4"],"footer_top":["siteorigin-panels-builder-10"],"footer":["siteorigin-panels-builder-9"],"sidebar_shop":["woocommerce_widget_cart-2"],"sidebar_courses":["course-categories-3","courses-7","single-images-7"]},{"search":{"4":{"title":"Search","widget-class":"","widget_logic":""},"5":{"title":"","widget_logic":"","widget-class":""},"_multiwidget":1},"categories":{"2":{"title":"","count":0,"hierarchical":0,"dropdown":0},"_multiwidget":1},"courses":{"2":{"heading_group":{"title":"Popular Courses","textcolor":false,"size":"h3","font_heading":"default","custom_font_heading":{"custom_font_size":18,"custom_font_weight":"normal"}},"desc_group":{"des":"","des_color":false,"des_font_size":16,"des_font_weight":"normal"},"order":"popular","layout":"list-sidebar","limit":3,"view_all_courses":"","slider-options":{"show_navigation":true,"item_visible":"4","show_pagination":false},"grid-options":{"columns":"2"},"widget-class":"","widget_logic":""},"7":{"title":"Latest Courses","order":"latest","cat_id":"all","layout":"list-sidebar","thumbnail_width":400,"thumbnail_height":300,"limit":3,"view_all_courses":"","view_all_position":"top","slider-options":{"show_navigation":true,"item_visible":"4","auto_play":0,"show_pagination":false},"grid-options":{"columns":"4"},"tabs-options":{"limit_tab":4,"cat_id_tab":false},"widget_logic":"","widget-class":"","featured":false},"_multiwidget":1},"single-images":{"2":{"image":3384,"image_size":"","image_link":"#","link_target":"_self","image_alignment":"left","css_animation":false,"widget-class":"","widget_logic":""},"7":{"image":3384,"image_size":"full","image_link":"#","link_target":"_self","image_alignment":"left","css_animation":false,"widget_logic":"","widget-class":""},"_multiwidget":1},"list-post":{"2":{"title":"Latest Posts","cat_id":"9","image_size":"thumbnail","show_description":"no","number_posts":3,"orderby":"recent","order":"desc","link":"","text_link":"","style":"sidebar","widget-class":"","widget_logic":""},"_multiwidget":1},"login-popup":{"3":{"text_register":"Register","text_login":"Login","text_logout":"Logout","text_profile":"Profile","layout":"icon","term":"","shortcode":"","widget_logic":"","widget-class":"","captcha":false},"4":{"text_register":"Register","text_login":"Login","text_logout":"Logout","text_profile":"","layout":"base","term":"","shortcode":"","widget_logic":"","widget-class":"","captcha":false},"_multiwidget":1},"courses-searching":{"3":{"layout":"overlay","title":"Search Courses","description":"Description for search course widget.","placeholder":"What do you want to learn today?","widget_logic":"","widget-class":""},"_multiwidget":1},"text":{"1210016":{"title":"","text":"<div class=\"thim-have-any-question\">\r\n<div class=\"mobile\"><i class=\"fa fa-phone\"><\/i>Need help? Call us now: <a class=\"value\" href=\"tel:00123456789\">(00) 123 456 789<\/a><\/div>\r\n<div class=\"email\"><i class=\"fa fa-envelope\"><\/i><a href=\"mailto:hello@eduma.com\">hello@eduma.com<\/a><\/div>\r\n<\/div>","filter":true,"visual":true,"widget_logic":"","widget-class":""},"_multiwidget":1},"social":{"2":{"title":"","style":"style-4","link_face":"#","link_twitter":"#","link_google":"#","link_dribble":"#","link_linkedin":"","link_pinterest":"","link_instagram":"","link_youtube":"","link_snapchat":"","link_target":"_self","widget_logic":"","widget-class":"","show_label":false},"_multiwidget":1},"button":{"2":{"title":"Request Brochure","url":"#","custom_style":"custom_style","style_options":{"font_size":14,"font_weight":"500","border_width":"","color":"#ffffff","border_color":false,"bg_color":"#9ac92f","hover_color":"#ffffff","hover_border_color":false,"hover_bg_color":"#7fb72a"},"icon":{"icon":"","icon_size":14,"icon_position":false},"layout":{"button_size":"normal","rounding":false},"widget_logic":"","widget-class":"","new_window":false},"_multiwidget":1},"siteorigin-panels-builder":{"10":{"panels_data":{"widgets":[{"title_group":{"title":"","color_title":false,"size":"h3","font_heading":"default","custom_heading":{"custom_font_size":14,"custom_font_weight":"normal","custom_mg_top":0,"custom_mg_bt":0},"line_after_title":false},"desc_group":{"content":"<span>(04) 495-9400<\/span>\n1-800-544-2787","custom_font_size_des":16,"custom_font_weight":"400","color_description":"#ffffff"},"read_more_group":{"link":"","target":"_self","read_more":"complete_box","link_to_icon":"no","button_read_more_group":{"read_text":"Read More","read_more_text_color":false,"border_read_more_text":false,"bg_read_more_text":false,"read_more_text_color_hover":false,"bg_read_more_text_hover":false}},"icon_type":"font-awesome","font_7_stroke_group":{"icon":"","icon_size":14},"font_awesome_group":{"icon":"phone","icon_size":28},"font_flaticon_group":{"icon":"","icon_size":14},"font_image_group":{"icon_img":0},"width_icon_box":0,"height_icon_box":26,"color_group":{"icon_color":"#ffffff","icon_border_color":false,"icon_bg_color":false,"icon_hover_color":"#ffffff","icon_border_color_hover":false,"icon_bg_color_hover":false},"layout_group":{"box_icon_style":false,"pos":"top","text_align_sc":"text-center","style_box":false},"widget_background":"none","bg_box_color":false,"self_video":0,"self_poster":0,"css_animation":false,"widget_logic":"","widget-class":"","panels_info":{"class":"Thim_Icon_Box_Widget","grid":0,"cell":0,"id":0,"widget_id":"6d3fa4e5-70b1-47fb-9d7c-7a2deec16076","style":{"class":"has-border","background_image_attachment":false,"background_display":"tile"}}},{"title_group":{"title":"","color_title":false,"size":"h3","font_heading":"default","custom_heading":{"custom_font_size":14,"custom_font_weight":"normal","custom_mg_top":0,"custom_mg_bt":0},"line_after_title":false},"desc_group":{"content":"<span>A26BT5 BUILDING<\/span>\nLONDON, ENGLAND","custom_font_size_des":16,"custom_font_weight":"400","color_description":"#ffffff"},"read_more_group":{"link":"","target":"_self","read_more":"complete_box","link_to_icon":"no","button_read_more_group":{"read_text":"Read More","read_more_text_color":false,"border_read_more_text":false,"bg_read_more_text":false,"read_more_text_color_hover":false,"bg_read_more_text_hover":false}},"icon_type":"font-awesome","font_7_stroke_group":{"icon":"","icon_size":14},"font_awesome_group":{"icon":"map-marker","icon_size":28},"font_flaticon_group":{"icon":"","icon_size":14},"font_image_group":{"icon_img":0},"width_icon_box":0,"height_icon_box":26,"color_group":{"icon_color":"#ffffff","icon_border_color":false,"icon_bg_color":false,"icon_hover_color":"#ffffff","icon_border_color_hover":false,"icon_bg_color_hover":false},"layout_group":{"box_icon_style":false,"pos":"top","text_align_sc":"text-center","style_box":false},"widget_background":"none","bg_box_color":false,"self_video":0,"self_poster":0,"css_animation":false,"widget_logic":"","widget-class":"","panels_info":{"class":"Thim_Icon_Box_Widget","grid":0,"cell":1,"id":1,"widget_id":"ce25010c-3ab8-445d-9cd1-40c0d7e58c6d","style":{"class":"has-border","background_image_attachment":false,"background_display":"tile"}}},{"title_group":{"title":"","color_title":false,"size":"h3","font_heading":"default","custom_heading":{"custom_font_size":14,"custom_font_weight":"normal","custom_mg_top":0,"custom_mg_bt":0},"line_after_title":false},"desc_group":{"content":"<span>SUPPORT<\/span>\n@ARTSCHOOL.COM","custom_font_size_des":16,"custom_font_weight":"400","color_description":"#ffffff"},"read_more_group":{"link":"","target":"_self","read_more":"complete_box","link_to_icon":"no","button_read_more_group":{"read_text":"Read More","read_more_text_color":false,"border_read_more_text":false,"bg_read_more_text":false,"read_more_text_color_hover":false,"bg_read_more_text_hover":false}},"icon_type":"font-awesome","font_7_stroke_group":{"icon":"","icon_size":14},"font_awesome_group":{"icon":"envelope-o","icon_size":28},"font_flaticon_group":{"icon":"","icon_size":14},"font_image_group":{"icon_img":0},"width_icon_box":0,"height_icon_box":26,"color_group":{"icon_color":"#ffffff","icon_border_color":false,"icon_bg_color":false,"icon_hover_color":"#ffffff","icon_border_color_hover":false,"icon_bg_color_hover":false},"layout_group":{"box_icon_style":false,"pos":"top","text_align_sc":"text-center","style_box":false},"widget_background":"none","bg_box_color":false,"self_video":0,"self_poster":0,"css_animation":false,"widget_logic":"","widget-class":"","panels_info":{"class":"Thim_Icon_Box_Widget","grid":0,"cell":2,"id":2,"widget_id":"27bd93af-e259-4e73-982b-f7612f19bbd0","style":{"class":"has-border","background_image_attachment":false,"background_display":"tile"}}},{"title_group":{"title":"","color_title":false,"size":"h3","font_heading":"default","custom_heading":{"custom_font_size":14,"custom_font_weight":"normal","custom_mg_top":0,"custom_mg_bt":0},"line_after_title":false},"desc_group":{"content":"<span>DAILY: 10:00 AM - 5:00 PM<\/span>\nMONDAY &amp; HOLIDAYS: CLOSED","custom_font_size_des":16,"custom_font_weight":"400","color_description":"#ffffff"},"read_more_group":{"link":"","target":"_self","read_more":"complete_box","link_to_icon":"no","button_read_more_group":{"read_text":"Read More","read_more_text_color":false,"border_read_more_text":false,"bg_read_more_text":false,"read_more_text_color_hover":false,"bg_read_more_text_hover":false}},"icon_type":"font-awesome","font_7_stroke_group":{"icon":"","icon_size":14},"font_awesome_group":{"icon":"clock-o","icon_size":28},"font_flaticon_group":{"icon":"","icon_size":14},"font_image_group":{"icon_img":0},"width_icon_box":0,"height_icon_box":26,"color_group":{"icon_color":"#ffffff","icon_border_color":false,"icon_bg_color":false,"icon_hover_color":"#ffffff","icon_border_color_hover":false,"icon_bg_color_hover":false},"layout_group":{"box_icon_style":false,"pos":"top","text_align_sc":"text-center","style_box":false},"widget_background":"none","bg_box_color":false,"self_video":0,"self_poster":0,"css_animation":false,"widget_logic":"","widget-class":"","panels_info":{"class":"Thim_Icon_Box_Widget","grid":0,"cell":3,"id":3,"widget_id":"a6e06239-3b8f-4c96-9b74-c1b340c09ca7","style":{"background_image_attachment":false,"background_display":"tile"}}}],"grids":[{"cells":4,"style":{"row_css":"position: relative;\nz-index: 1;\nmargin-top: -89px","padding":"44px 0px 38px 0px","background":"#9ac92f","background_image_attachment":false,"background_display":"tile","cell_alignment":"flex-start"},"ratio":1,"ratio_direction":"right"}],"grid_cells":[{"grid":0,"index":0,"weight":0.25,"style":{"background_image_attachment":false,"background_display":"tile","vertical_alignment":"auto"}},{"grid":0,"index":1,"weight":0.25,"style":[]},{"grid":0,"index":2,"weight":0.25,"style":[]},{"grid":0,"index":3,"weight":0.25,"style":[]}]},"builder_id":"5d9b0b75f240a","widget_logic":"","widget-class":""},"9":{"panels_data":{"widgets":[{"size":"full","width":212,"height":17,"caption":"","alt":"","link_type":"","link_url":"","image_classes":"","link_classes":"","link_rel":"","link_target_blank":false,"image_title":"","attachment_id":11121,"url":"http:\/\/educationwp.thimpress.com\/demo-tech-camps\/wp-content\/uploads\/sites\/88\/2019\/10\/logo-hom-4.png","title":"","widget_logic":"","widget-class":"","panels_info":{"class":"WP_Widget_Media_Image","grid":0,"cell":0,"id":0,"widget_id":"e20ca53d-5d86-44e1-9a30-c9cf68d2aa49","style":{"padding":"0px 0px 17px 0px","background_image_attachment":false,"background_display":"tile"}}},{"title":"","style":false,"link_face":"#","link_twitter":"#","link_google":"#","link_dribble":"#","link_linkedin":"#","link_pinterest":"","link_instagram":"","link_youtube":"","link_snapchat":"","link_target":"_self","widget_logic":"","widget-class":"","show_label":false,"panels_info":{"class":"Thim_Social_Widget","raw":false,"grid":0,"cell":0,"id":1,"widget_id":"ca45d5e9-b5c5-45a9-b6f0-ba42b5d6cbe1","style":{"background_image_attachment":false,"background_display":"tile"}}},{"title":"Menu","nav_menu":105,"widget_logic":"","widget-class":"","panels_info":{"class":"WP_Nav_Menu_Widget","raw":false,"grid":0,"cell":1,"id":2,"widget_id":"260bf04d-6389-41fe-ba75-e9ee8bca3f7c","style":{"background_image_attachment":false,"background_display":"tile"}}},{"title":"Courses","nav_menu":106,"widget_logic":"","widget-class":"","panels_info":{"class":"WP_Nav_Menu_Widget","raw":false,"grid":0,"cell":2,"id":3,"widget_id":"8bee0655-f63a-4fa5-8369-927d9ea45e15","style":{"background_image_attachment":false,"background_display":"tile"}}},{"title":"Topics","nav_menu":107,"widget_logic":"","widget-class":"","panels_info":{"class":"WP_Nav_Menu_Widget","raw":false,"grid":0,"cell":3,"id":4,"widget_id":"af2a5ade-022b-4243-a826-78c411d7d0e0","style":{"background_image_attachment":false,"background_display":"tile"}}},{"title":"Info For","nav_menu":108,"widget_logic":"","widget-class":"","panels_info":{"class":"WP_Nav_Menu_Widget","raw":false,"grid":0,"cell":4,"id":5,"widget_id":"311afb27-6398-4164-ae10-c5f583a761c5","style":{"background_image_attachment":false,"background_display":"tile"}}}],"grids":[{"cells":5,"style":{"background_image_attachment":false,"background_display":"tile","cell_alignment":"flex-start"}}],"grid_cells":[{"grid":0,"index":0,"weight":0.33300000000000002,"style":{"padding":"46px 0px 0px 0px","background_image_attachment":false,"background_display":"tile","vertical_alignment":"auto"}},{"grid":0,"index":1,"weight":0.16675000000000001,"style":[]},{"grid":0,"index":2,"weight":0.16675000000000001,"style":[]},{"grid":0,"index":3,"weight":0.16675000000000001,"style":[]},{"grid":0,"index":4,"weight":0.16675000000000001,"style":[]}]},"builder_id":"5d9e90ef05b0a","widget_logic":"","widget-class":""},"_multiwidget":1},"woocommerce_widget_cart":{"2":{"title":"Cart","hide_if_empty":0,"widget-class":"","widget_logic":"is_woocommerce()"},"_multiwidget":1},"course-categories":{"3":{"title":"All Courses","layout":"base","slider-options":{"limit":15,"show_navigation":true,"item_visible":"7","auto_play":0,"show_pagination":false},"widget_logic":"","widget-class":"","list-options":{"show_counts":false,"hierarchical":false}},"_multiwidget":1}}]