[{"menu-right":["custom_html-4","thim_layout_builder-8"],"sidebar":["search-2","categories-3","thim_layout_builder-5","custom_html-3","tag_cloud-1"],"footer-top":["thim_layout_builder-7"],"footer-sidebar-1":["thim_layout_builder-2"],"footer-sidebar-2":["nav_menu-2"],"footer-sidebar-3":["nav_menu-3"],"footer-sidebar-4":["nav_menu-4"],"footer-sidebar-5":["nav_menu-5"]},{"custom_html":{"4":{"title":"","content":"<div class=\"thim-block-help-info\">Call us: <a href=\"#\"> +8 (123) 985 789<\/a><\/div>","widget-class":""},"3":{"title":"","content":"<div class=\"thim-block-info-contact-2\">\r\n<h5 class=\"title-block\">Free Call<\/h5>\r\n<div class=\"description-block\">Pulvinar est metro ligula blandit maecenas<\/div>\r\n<div class=\"content-block\">1-900-22-44-88<\/div>\r\n<a href=\"#\" class=\"button-block\">COntact us<\/a><\/div>","widget-class":""},"_multiwidget":1},"thim_layout_builder":{"8":{"widget-class":"","content":"[vc_row][vc_column][vc_column_text][\/vc_column_text][\/vc_column][\/vc_row][vc_row][vc_column][thim-search-posts layout=\"layout-1\" show_number_favorite=\"\" el_class=\"thim-style-color\"][\/vc_column][\/vc_row][vc_row][vc_column][vc_column_text][\/vc_column_text][\/vc_column][\/vc_row]\r\n","custom_css":""},"5":{"widget-class":"","content":"[vc_row][vc_column][thim-posts layout=\"kindergarten-layout-widget-2\" title=\"Latest posts\" number=\"3\"][\/vc_column][\/vc_row]\r\n","custom_css":""},"7":{"widget-class":"","content":"[vc_row el_class=\"get-started-style style2\"][vc_column][thim-heading layout=\"kindergarten-layout-1\" title=\"Get started instantly!\" show_line=\"\" align=\"align-center\" title_tag=\"h3\" title_font_size=\"36\" title_line_height=\"1.2\" title_font_weight=\"600\" title_color=\"#2f2674\"][\/thim-heading][vc_column_text][mc4wp_form][\/vc_column_text][\/vc_column][\/vc_row]","custom_css":""},"2":{"widget-class":"","content":"[vc_row el_class=\"footer-style-item-col\"][vc_column][vc_single_image image=\"1403\" img_size=\"full\"][vc_column_text]<a href=\"#\">info@yourdomain.com<\/a><br \/>\r\n<a href=\"#\">(+08) 12345 6789<\/a><\/p>\r\n<p>4010 Stokes Isle Apt. 179, Venaville, New York 12390, United State[\/vc_column_text][thim-social-links links=\"%5B%7B%22icon%22%3A%22fa%20fa-facebook%22%2C%22url%22%3A%22%23%22%7D%2C%7B%22icon%22%3A%22fa%20fa-twitter%22%2C%22url%22%3A%22%23%22%7D%2C%7B%22icon%22%3A%22fa%20fa-pinterest-p%22%2C%22url%22%3A%22%23%22%7D%2C%7B%22icon%22%3A%22fa%20fa-linkedin%22%2C%22url%22%3A%22%23%22%7D%5D\" el_class=\"style-social-links-demo-3\"][\/vc_column][\/vc_row]","custom_css":""},"_multiwidget":1},"search":{"2":{"title":""},"_multiwidget":1},"categories":{"3":{"title":"Categories","count":1,"hierarchical":0,"dropdown":0,"widget-class":""},"_multiwidget":1},"tag_cloud":{"1":{"title":"Tags cloud","count":0,"taxonomy":"post_tag","widget-class":""},"_multiwidget":1},"nav_menu":{"2":{"title":"Navigation","nav_menu":3,"widget-class":""},"3":{"title":"About us","nav_menu":4,"widget-class":""},"4":{"title":"Workflows","nav_menu":5,"widget-class":""},"5":{"title":"Resources","nav_menu":6,"widget-class":""},"_multiwidget":1}}]