[{"sidebar":["text-2","categories-2","text-3"],"right_menu":["woocommerce_widget_cart-2","text-8","text-10"],"footer_top":["text-6","text-7"],"footer-sidebar-1":["text-5"],"footer-sidebar-2":["nav_menu-3"],"footer-sidebar-3":["nav_menu-2"],"footer-sidebar-4":["text-4"],"sidebar_events":["text-9"],"sidebar_hotel":["hb_widget_search-2","hb_widget_cart-2"],"sidebar_shop":["woocommerce_product_categories-2","woocommerce_price_filter-2"],"copyright":["copyright-2"]},{"text":{"2":{"title":"About Hotel","text":"Nam dapibus nisl vitae elit fringilla rutrum. Aenean sollicitudin, erat a elementum rutrum, neque sem pretium metus, quis mollis nisl nunc et massa. Vestibulum sed metus in lorem tristique ullamcorper id vitae erat. Nulla mollis sapien sollicitudin lacinia lacinia. \r\n\r\n<a href=\"http:\/\/hotelwp.thimpress.com\/demo-rtl\/about-us\/\" class=\"thim-readmore\">Read more<\/a>","filter":false,"widget-class":"","widget_logic":""},"3":{"title":"","text":"<a href=\"http:\/\/hotelwp.thimpress.com\/demo-rtl\/gallery\/\">\r\n<img alt=\"\" src=\"http:\/\/hotelwp.thimpress.com\/wp-content\/uploads\/sites\/3\/2016\/10\/gallery_ads.jpg\">\r\n<\/a>","filter":false,"widget-class":"no-padding sidebar-single-image","widget_logic":""},"8":{"title":"","text":" <ul class=\"header-info\">\r\n            <li><a href=\"tel:00123456789\" class=\"value\"><i class=\"fa fa-phone\"><\/i> +00 123 456 789<\/a> <\/li>\r\n            <li><a href=\"http:\/\/hotelwp.thimpress.com\/demo-rtl\/rooms\/\" class=\"btn-book\">BOOK NOW<\/a><\/li>\r\n        <\/ul>","filter":false,"widget-class":"","widget_logic":""},"10":{"title":"","text":"<select>\r\n  <option value=\"en\">EN<\/option>\r\n  <option value=\"fr\">FR<\/option>\r\n  <option value=\"it\">IT<\/option>\r\n<\/select>","filter":false,"widget-class":"","widget_logic":""},"6":{"title":"","text":"<a href=\"http:\/\/hotelwp.thimpress.com\/demo-rtl\/\"><img src=\"http:\/\/hotelwp.thimpress.com\/wp-content\/uploads\/sites\/3\/2016\/09\/hotel-wp-logo-black.png\" alt=\"\"\/><\/a>","filter":false,"widget-class":"pull-left"},"7":{"title":"","text":"<ul class=\"thim-wg-social-link\">\r\n    <li><a class=\"twitter\" href=\"#\"><i class=\"fa fa-twitter\" aria-hidden=\"true\"><\/i><\/a><\/li>\r\n    <li><a class=\"facebook\" href=\"#\"><i class=\"fa fa-facebook\" aria-hidden=\"true\"><\/i><\/a><\/li>\r\n    <li><a class=\"instagram\" href=\"#\"><i class=\"fa fa-instagram\" aria-hidden=\"true\"><\/i><\/a><\/li>\r\n    <li><a class=\"pinterest\" href=\"#\"><i class=\"fa fa-pinterest\" aria-hidden=\"true\"><\/i><\/a><\/li>\r\n    <li><a class=\"tripadvisor\" href=\"#\"><img src=\"http:\/\/hotelwp.thimpress.com\/wp-content\/uploads\/sites\/3\/2016\/09\/trip-icon.png\" alt=\"\"\/><\/a><\/li>\r\n<\/ul>\r\n","filter":false,"widget-class":"pull-right"},"5":{"title":"STAY IN TOUCH","text":"<div class=\"footer-email\">\r\n<p>Sign up here to receive interesting\u00a0updates <\/p>\r\n[mc4wp_form]\r\n<\/div>","filter":false,"widget-class":""},"4":{"title":"CONTACT US","text":"<div class=\"thim-footer-location\">\r\n<p class=\"info\"><i class=\"fa fa-phone\"><\/i><a href=\"tel:00123456789\">+00 123 456 789<\/a><\/p>\r\n<p class=\"info\"><i class=\"fa fa-envelope\"><\/i><a href=\"mailto:hello@thimpress.com\">hello@thimpress.com<\/a><\/p>\r\n<p class=\"info\"><i class=\"fa fa-map-marker\"><\/i> <span>329 Queensberry Street, North Melbourne VIC 3051, Australia<\/span><\/p>\r\n<\/div>","filter":false,"widget-class":"","widget_logic":""},"9":{"title":"","text":"","filter":false,"widget-class":"hide"},"_multiwidget":1},"categories":{"2":{"title":"Categories","count":0,"hierarchical":0,"dropdown":0,"widget-class":""},"_multiwidget":1},"woocommerce_widget_cart":{"2":{"hide_if_empty":0,"hide_cart_number":0,"widget-class":"","widget_logic":"is_woocommerce()"},"_multiwidget":1},"nav_menu":{"3":{"title":"COMPANY","nav_menu":51,"widget-class":""},"2":{"title":"SERVICES","nav_menu":54,"widget-class":""},"_multiwidget":1},"hb_widget_search":{"2":{"title":"CHECK AVAILABILITY","show_title":"true","show_label":"true","widget-class":""},"_multiwidget":1},"hb_widget_cart":{"2":{"title":"Your Booking","widget_logic":"","widget-class":""},"_multiwidget":1},"woocommerce_product_categories":{"2":{"title":"Categories","orderby":"name","dropdown":0,"count":0,"hierarchical":1,"show_children_only":0,"hide_empty":0,"widget-class":""},"_multiwidget":1},"woocommerce_price_filter":{"2":{"title":"Filter by price","widget-class":""},"_multiwidget":1},"copyright":{"2":{"first_text":"\u00a9","year":"2018","site_name":"ThimPress","link_site":"https:\/\/thimpress.com\/","last_text":"All rights reserved. Powered by WordPress.","widget_logic":"","widget-class":""},"_multiwidget":1}}]