[{"wp_inactive_widgets":["archives-2","meta-2","search-2","categories-2","recent-comments-2","recent-posts-2"],"sidebar-1":["categories-4","media_image-2","recent-posts-3"],"search_sidebar":["courses-searching-3"],"menu_right":["form-login-2"],"footer":["siteorigin-panels-builder-2"],"shop":["woocommerce_product_categories-2","woocommerce_products-2"],"sidebar_courses":["course-categories-3","media_image-3","tweets-feed-2"]},{"categories":{"4":{"title":"Categories","count":0,"hierarchical":0,"dropdown":0,"widget-class":""},"2":{"title":"","count":0,"hierarchical":0,"dropdown":0},"_multiwidget":1},"media_image":{"2":{"attachment_id":12485,"url":"http:\/\/academylms.thimpress.com\/wp-content\/uploads\/2017\/09\/banner-276x300.jpg","title":"","size":"medium","width":318,"height":346,"caption":"","alt":"","link_type":"none","link_url":"","image_classes":"","link_classes":"","link_rel":"","image_title":"","widget_logic":"","widget-class":"","link_target_blank":false},"3":{"attachment_id":12485,"url":"http:\/\/academylms.thimpress.com\/wp-content\/uploads\/2017\/09\/banner-276x300.jpg","title":"","size":"medium","width":318,"height":346,"caption":"","alt":"","link_type":"none","link_url":"","image_classes":"","link_classes":"","link_rel":"","image_title":"","widget_logic":"","widget-class":"","link_target_blank":false},"_multiwidget":1},"recent-posts":{"3":{"title":"Recent Posts","number":5,"show_date":false,"widget-class":"","widget_logic":""},"2":{"title":"","number":5},"_multiwidget":1},"courses-searching":{"3":{"label":"What do you want to learn today ?","layout":"layout-top","widget-class":""},"_multiwidget":1},"form-login":{"2":{"text_login":"Login","text_logout":"Logout","widget-class":"","widget_logic":""},"_multiwidget":1},"siteorigin-panels-builder":{"2":{"panels_data":{"widgets":[{"title":"Contact","text":"<ul class=\"list-contact\">\n<li><i class=\"fa fa-envelope-o\"><\/i><a href=\"emailto:info@thimpress.com\"> Info@thimpress.com<\/a><\/li>\n<li><i class=\"fa fa-phone\"><\/i><a href=\"tel:0123456789\">+ (0123) 456 789<\/a><\/li>\n<li><i class=\"fa fa-fax\"><\/i>+ (0122) 456 789<\/li>\n<li><i class=\"fa fa-map-marker\"><\/i> no 200 Joseob, Canada<\/li>\n<\/ul>","widget-class":"","filter":false,"visual":false,"widget_logic":"","panels_info":{"class":"WP_Widget_Text","raw":false,"grid":0,"cell":0,"id":0,"widget_id":"e873f956-e739-472b-9534-8bf0cb0e4b7e","style":{"id":"","class":"","widget_css":"","mobile_css":"","padding":"","mobile_padding":"","background":"","background_image_attachment":"0","background_display":"tile","border_color":"","font_color":"","link_color":""}}},{"title":"Company","nav_menu":73,"widget_logic":"","widget-class":"","panels_info":{"class":"WP_Nav_Menu_Widget","grid":0,"cell":1,"id":1,"widget_id":"ff49c90b-25e3-4286-88be-f6372b0930d5","style":{"id":"","class":"","widget_css":"","mobile_css":"","padding":"","mobile_padding":"","background":"","background_image_attachment":"0","background_display":"tile","border_color":"","font_color":"","link_color":""}}},{"title":"Link","nav_menu":65,"widget-class":"","panels_info":{"class":"WP_Nav_Menu_Widget","raw":false,"grid":0,"cell":2,"id":2,"widget_id":"89318948-a802-4138-a46e-6bbe5dbe6da1","style":{"class":"","widget_css":"","padding":"","background":"","background_image_attachment":"0","background_display":"tile","border_color":"","font_color":"","link_color":""}}},{"title":"Support","nav_menu":74,"widget_logic":"","widget-class":"","panels_info":{"class":"WP_Nav_Menu_Widget","grid":0,"cell":3,"id":3,"widget_id":"6defad21-80ab-4dce-9793-93935cd16641","style":{"id":"","class":"","widget_css":"","mobile_css":"","padding":"","mobile_padding":"","background":"","background_image_attachment":"0","background_display":"tile","border_color":"","font_color":"","link_color":""}}},{"title":"Recommend","nav_menu":75,"widget_logic":"","widget-class":"","panels_info":{"class":"WP_Nav_Menu_Widget","grid":0,"cell":4,"id":4,"widget_id":"d0368b0f-690f-41d3-a6ca-09c54bd788c8","style":{"id":"","class":"","widget_css":"","mobile_css":"","padding":"","mobile_padding":"","background":"","background_image_attachment":"0","background_display":"tile","border_color":"","font_color":"","link_color":""}}}],"grids":[{"cells":5,"style":{"id":"","class":"","cell_class":"","row_css":"","mobile_css":"","bottom_margin":"","gutter":"","padding":"","mobile_padding":"","row_stretch":"","collapse_behaviour":"","collapse_order":"","cell_alignment":"flex-start","background":"","background_image_attachment":"0","background_display":"tile","border_color":""}}],"grid_cells":[{"grid":0,"index":0,"weight":0.2,"style":[]},{"grid":0,"index":1,"weight":0.2,"style":[]},{"grid":0,"index":2,"weight":0.2,"style":[]},{"grid":0,"index":3,"weight":0.2,"style":[]},{"grid":0,"index":4,"weight":0.2,"style":[]}]},"builder_id":"59cb0b0e9c3af","widget_logic":"","widget-class":""},"_multiwidget":1},"woocommerce_product_categories":{"2":{"title":"Product Categories","orderby":"name","dropdown":0,"count":0,"hierarchical":"1","show_children_only":0,"widget-class":""},"_multiwidget":1},"woocommerce_products":{"2":{"title":"Products","number":"5","show":"","orderby":"date","order":"desc","hide_free":0,"show_hidden":0,"widget-class":""},"_multiwidget":1},"course-categories":{"3":{"title":"Categories","widget-class":"","show_counts":false,"hierarchical":false},"_multiwidget":1},"tweets-feed":{"2":{"title":"Latest Tweets","consumer_key":"8MLtU0vPrqY5ID5f9R5w","consumer_secret":"H7wIO5OUFgbNlq5h8pzXOhyubR7awP9VCO37b2JU1A","access_token":"624443553-wJTdW8WTORDnggzV9C0mUFJ1nbv4kCZgxy5JKlYu","access_token_secret":"dsLFF01Hn3a3YcDt0DjCofoxxABkoyJkhLSa302S3fzJj","twitter_id":"themeforest","count":3,"widget_logic":"","widget-class":""},"_multiwidget":1},"archives":{"2":{"title":"","count":0,"dropdown":0},"_multiwidget":1},"meta":{"2":{"title":""},"_multiwidget":1},"search":{"2":{"title":""},"_multiwidget":1},"recent-comments":{"2":{"title":"","number":5},"_multiwidget":1}}]