[{"sidebar-1":["categories-4"],"toolbar":["text-2"],"top_sidebar":["text-3"],"footer":["text-4"]},{"categories":{"4":{"title":"","count":0,"hierarchical":0,"dropdown":0,"widget_logic":"","widget-class":""},"_multiwidget":1},"text":{"2":{"title":"","text":"[INSERT_ELEMENTOR id=\"5633\"]","filter":true,"visual":true,"widget_logic":"","widget-class":""},"3":{"title":"","text":"[INSERT_ELEMENTOR id=\"5646\"]","filter":true,"visual":true,"widget_logic":"","widget-class":""},"4":{"title":"","text":"[INSERT_ELEMENTOR id=\"5631\"]","filter":true,"visual":true,"widget_logic":"","widget-class":""},"_multiwidget":1}}]