[{"sidebar-1":["categories-4","events-2","campaign-2","list-post-2","single-images-2"],"toolbar":["text-2"],"top_sidebar":["text-3"],"footer":["text-4"]},{"categories":{"4":{"title":"","count":0,"hierarchical":0,"dropdown":0,"widget_logic":"","widget-class":""},"_multiwidget":1},"events":{"2":{"title":"Events Upcoming","number":3,"status":"tp-event-upcoming","time_format":"24h","orderby":"recent","order":"asc","template":"style3","thumbnail_size":"475x276","default_option":{"columns":"2"},"widget_logic":"","widget-class":""},"_multiwidget":1},"campaign":{"2":{"title":"Campaigns","template":"simple","title_group":{"title":"LATEST CAMPAIGNS.","sub-title":"Our Causes.","line":"false","content":"Write a short list, that will describe the title or something informational and useful."},"number":3,"orderby":"popular","order":"asc","border":"false","default_option":{"columns":"3"},"widget_logic":"","widget-class":""},"_multiwidget":1},"list-post":{"2":{"title":"From Blog","cat_id":"6","number_posts":3,"orderby":"popular","order":"asc","date":"show","template":"base","columns":3,"button_text":"Read More","widget_logic":"","widget-class":""},"_multiwidget":1},"single-images":{"2":{"title":"","subtitle":"","description":"","image":0,"image_size":"","image_link":"","link_target":"_self","image_alignment":"left","effect_hover":"effect-hover","widget_logic":"","widget-class":""},"_multiwidget":1},"text":{"2":{"title":"","text":"[INSERT_ELEMENTOR id=\"5633\"]","filter":true,"visual":true,"widget_logic":"","widget-class":""},"3":{"title":"","text":"[INSERT_ELEMENTOR id=\"5646\"]","filter":true,"visual":true,"widget_logic":"","widget-class":""},"4":{"title":"","text":"[INSERT_ELEMENTOR id=\"5631\"]","filter":true,"visual":true,"widget_logic":"","widget-class":""},"_multiwidget":1}}]