[{"sidebar":["search-4","categories-2","courses-2","single-images-2","list-post-2"],"toolbar":["login-popup-2","search-6","nav_menu-11"],"menu_right":["button-2"],"menu_top":["search-5"],"footer":["siteorigin-panels-builder-12"],"sidebar_shop":["woocommerce_product_categories-2"],"sidebar_courses":["course-categories-2","courses-5","single-images-5","list-post-7"],"header":["siteorigin-panels-builder-11"]},{"search":{"4":{"title":"Search","widget-class":"","widget_logic":""},"6":{"title":"","widget-class":"","widget_logic":""},"5":{"title":"","widget-class":"","widget_logic":""},"_multiwidget":1},"categories":{"2":{"title":"","count":0,"hierarchical":0,"dropdown":0},"_multiwidget":1},"courses":{"2":{"heading_group":{"title":"Popular Courses","textcolor":false,"size":"h3","font_heading":"default","custom_font_heading":{"custom_font_size":18,"custom_font_weight":"normal"}},"desc_group":{"des":"","des_color":false,"des_font_size":16,"des_font_weight":"normal"},"order":"popular","layout":"list-sidebar","limit":3,"view_all_courses":"","slider-options":{"show_navigation":true,"item_visible":"4","show_pagination":false},"grid-options":{"columns":"2"},"widget-class":"","widget_logic":""},"5":{"heading_group":{"title":"Popular Courses","textcolor":false,"size":"h3","font_heading":"default","custom_font_heading":{"custom_font_size":18,"custom_font_weight":"normal"}},"desc_group":{"des":"","des_color":false,"des_font_size":16,"des_font_weight":"normal"},"order":"popular","layout":"list-sidebar","limit":3,"view_all_courses":"","slider-options":{"show_navigation":true,"item_visible":"4","show_pagination":false},"grid-options":{"columns":"2"},"widget-class":""},"_multiwidget":1},"single-images":{"2":{"image":3384,"image_size":"","image_link":"#","link_target":"_self","image_alignment":"left","css_animation":false,"widget-class":"","widget_logic":""},"5":{"image":3384,"image_size":"","image_link":"#","link_target":"_self","image_alignment":"left","css_animation":false,"widget-class":"","widget_logic":""},"_multiwidget":1},"list-post":{"2":{"title":"Latest Posts","cat_id":"9","image_size":"thumbnail","show_description":"no","number_posts":3,"orderby":"recent","order":"desc","link":"","text_link":"","style":"sidebar","widget-class":"","widget_logic":""},"7":{"title":"Latest Posts","cat_id":"9","image_size":"thumbnail","show_description":"no","number_posts":3,"orderby":"recent","order":"desc","link":"","text_link":"","style":"sidebar","widget-class":""},"_multiwidget":1},"login-popup":{"2":{"text_register":"","text_login":"Account","text_logout":"Logout","text_profile":"Profile","layout":"base","term":"","shortcode":"","widget_logic":"","widget-class":"","captcha":false},"_multiwidget":1},"nav_menu":{"11":{"nav_menu":99,"widget-class":"","widget_logic":""},"_multiwidget":1},"button":{"2":{"title":"Apply Now","url":"#","custom_style":"custom_style","style_options":{"font_size":13,"font_weight":"500","border_width":"","color":"#ffffff","border_color":false,"bg_color":"#fc3158","hover_color":"#fed1d4","hover_border_color":false,"hover_bg_color":"#fc3158"},"icon":{"icon":"","icon_size":14,"icon_position":false},"layout":{"button_size":"small","rounding":"very-rounded"},"widget-class":"","new_window":false,"widget_logic":""},"_multiwidget":1},"siteorigin-panels-builder":{"12":{"panels_data":{"widgets":[{"title":"","text":"<div class=\"thim-footer-info-4\">\n<div class=\"footer-logo\"><img class=\"alignnone size-full wp-image-10\" src=\"http:\/\/educationwp.thimpress.com\/demo-university-4\/wp-content\/uploads\/sites\/39\/2016\/12\/footer-logo-u4.jpg\" alt=\"logo-eduma-the-best-lms-wordpress-theme\" width=\"180\" height=\"180\" \/><\/div>\n<div class=\"info\">\n<h4 class=\"heading\"><span>Eduma is<\/span> Awesome<\/h4>\n<div class=\"content\">\n<p class=\"desc\">Eduma University offers a rigorous academic program with a history of excellence in environmental studies.<\/p>\n<ul class=\"contact-list\">\n<li class=\"address\"><i class=\"fa fa-home\"><\/i>456 Camino Ramon, Suite 500 San Ramon, UK<\/li>\n<li class=\"phone\"><i class=\"fa fa-phone\"><\/i>01-234-567800<\/li>\n<li class=\"email\"><i class=\"fa fa-envelope\"><\/i><a href=\"mailto:hello@eduma.com\">hello@eduma.com<\/a><\/li>\n<\/ul>\n<\/div>\n<\/div>\n<\/div>","widget-class":"","filter":false,"panels_info":{"class":"WP_Widget_Text","raw":false,"grid":0,"cell":0,"id":0,"widget_id":"de01943f-bfe5-4320-b6da-5014e7364f33","style":{"class":"","widget_css":"","padding":"","background":"","background_image_attachment":"0","background_display":"tile","border_color":"","font_color":"","link_color":""}}},{"title":"About Us","nav_menu":7,"widget-class":"","panels_info":{"class":"WP_Nav_Menu_Widget","raw":false,"grid":1,"cell":1,"id":1,"widget_id":"260bf04d-6389-41fe-ba75-e9ee8bca3f7c","style":{"class":"","widget_css":"","padding":"","background":"","background_image_attachment":"0","background_display":"tile","border_color":"","font_color":"","link_color":""}}},{"title":"Important","nav_menu":22,"widget-class":"","panels_info":{"class":"WP_Nav_Menu_Widget","raw":false,"grid":1,"cell":2,"id":2,"widget_id":"af2a5ade-022b-4243-a826-78c411d7d0e0","style":{"class":"","widget_css":"","padding":"","background":"","background_image_attachment":"0","background_display":"tile","border_color":"","font_color":"","link_color":""}}},{"title":"Follow Us","style":"style-3","show_label":true,"link_face":"#","link_twitter":"#","link_google":"#","link_dribble":"","link_linkedin":"","link_pinterest":"","link_instagram":"#","link_youtube":"#","link_snapchat":"","link_target":"_self","widget-class":"","panels_info":{"class":"Thim_Social_Widget","raw":false,"grid":1,"cell":3,"id":3,"widget_id":"84433768-cec9-4605-9ebe-1a309ed71ea7","style":{"class":"","widget_css":"","padding":"","background":"","background_image_attachment":"0","background_display":"tile","border_color":"","font_color":"","link_color":""}}},{"title":"Newsletter","text":"<p>Get the latest Eduma University news delivered to your inbox<\/p>\n[mc4wp_form id=\"3101\"]","widget-class":"","filter":false,"panels_info":{"class":"WP_Widget_Text","raw":false,"grid":1,"cell":4,"id":4,"widget_id":"1a476434-1573-437c-b9f1-8f84b5f007e2","style":{"class":"text-center thim-newsletter","widget_css":"","padding":"","background":"","background_image_attachment":"0","background_display":"tile","border_color":"","font_color":"","link_color":""}}}],"grids":[{"cells":2,"style":{"id":"","class":"","cell_class":"","row_css":"","bottom_margin":"","gutter":"","padding":"","row_stretch":"","collapse_order":"","background":"","background_image_attachment":"0","background_display":"tile","border_color":""}},{"cells":5,"style":{"id":"","class":"","cell_class":"","row_css":"","bottom_margin":"","gutter":"","padding":"","row_stretch":"","collapse_order":"","background":"","background_image_attachment":"0","background_display":"tile","border_color":""}}],"grid_cells":[{"grid":0,"weight":0.67000000000000004},{"grid":0,"weight":0.33000000000000002},{"grid":1,"weight":0.17499999999999999},{"grid":1,"weight":0.16500000000000001},{"grid":1,"weight":0.16500000000000001},{"grid":1,"weight":0.16500000000000001},{"grid":1,"weight":0.33000000000000002}]},"builder_id":"586b75074b640","widget-class":"","widget_logic":""},"11":{"panels_data":{"widgets":[{"text":"ABOUT EDUMA","link":"http:\/\/educationwp.thimpress.com\/demo-university-4\/about-us","content":"Discover who we are and what we do","widget-class":"","panels_info":{"class":"Thim_Link_Widget","raw":false,"grid":0,"cell":0,"id":0,"widget_id":"29db1275-99a8-4801-9a17-22b27db97e3c","style":{"class":"","widget_css":"","padding":"","background":"","background_image_attachment":"0","background_display":"tile","border_color":"","font_color":"","link_color":""}}},{"text":"ACADEMIC","link":"http:\/\/educationwp.thimpress.com\/demo-university-4\/academic","content":"Read all about what it's like to live at Eduma","widget-class":"","panels_info":{"class":"Thim_Link_Widget","raw":false,"grid":0,"cell":1,"id":1,"widget_id":"6343f1f0-707f-4fe0-9f2c-a1c0c6035e7b","style":{"class":"","widget_css":"","padding":"","background":"","background_image_attachment":"0","background_display":"tile","border_color":"","font_color":"","link_color":""}}},{"text":"ADMISSION","link":"http:\/\/educationwp.thimpress.com\/demo-university-4\/courses","content":"Discover who we are and what we do","widget-class":"","panels_info":{"class":"Thim_Link_Widget","grid":0,"cell":2,"id":2,"widget_id":"2817ceac-53c9-4b2c-9cfa-33a8600ce963","style":{"class":"","widget_css":"","padding":"","background":"","background_image_attachment":"0","background_display":"tile","border_color":"","font_color":"","link_color":""}}},{"text":"RESEARCH","link":"http:\/\/educationwp.thimpress.com\/demo-university-4\/category\/blog\/","content":"Read all about what it's like to live at Eduma","widget-class":"","panels_info":{"class":"Thim_Link_Widget","grid":0,"cell":3,"id":3,"widget_id":"64c6f4a5-7b99-4591-a92b-200d4f2e9b7d","style":{"class":"","widget_css":"","padding":"","background":"","background_image_attachment":"0","background_display":"tile","border_color":"","font_color":"","link_color":""}}},{"title":"APPLY NOW","url":"http:\/\/educationwp.thimpress.com\/demo-university-4\/contact","custom_style":"custom_style","style_options":{"font_size":13,"font_weight":"500","border_width":"","color":"#ffffff","border_color":"#fa394a","bg_color":"#fa394a","hover_color":"#fed1d4","hover_border_color":"#fa394a","hover_bg_color":"#fa394a"},"icon":{"icon":"pencil","icon_size":14,"icon_position":"after"},"layout":{"button_size":"small","rounding":"tiny-rounded"},"widget-class":"","panels_info":{"class":"Thim_Button_Widget","grid":0,"cell":4,"id":4,"widget_id":"dcf8af35-1f3c-4dbb-85a6-4d902308105f","style":{"class":"","widget_css":"","padding":"","background":"","background_image_attachment":"0","background_display":"tile","border_color":"","font_color":"","link_color":""}},"new_window":false}],"grids":[{"cells":5,"style":{"id":"","class":"","cell_class":"","row_css":"","bottom_margin":"","gutter":"0px","padding":"","row_stretch":"","collapse_order":"","background":"","background_image_attachment":"0","background_display":"tile","border_color":""}}],"grid_cells":[{"grid":0,"weight":0.20000000000000001},{"grid":0,"weight":0.20000000000000001},{"grid":0,"weight":0.20000000000000001},{"grid":0,"weight":0.20000000000000001},{"grid":0,"weight":0.20000000000000001}]},"builder_id":"582583ec742e2","widget-class":"","widget_logic":""},"_multiwidget":1},"woocommerce_product_categories":{"2":{"title":"Product Categories","orderby":"name","dropdown":0,"count":0,"hierarchical":1,"show_children_only":0,"hide_empty":0,"widget-class":"","widget_logic":""},"_multiwidget":1},"course-categories":{"2":{"title":"All Courses","widget-class":"","show_counts":false,"hierarchical":false,"widget_logic":""},"_multiwidget":1}}]