[{"sidebar":["courses-8","list-post-3","media_image-5"],"menu_right":["courses-searching-3"],"footer":["text-1210021"],"sidebar_courses":["course-categories-3","courses-7"],"copyright":["nav_menu-14"]},{"courses":{"8":{"title":"Popular Courses","limit":3,"order":"popular","cat_id":"all","layout":"list-sidebar","item_tab_slider_style":"style_1","before_heading":"","thumbnail_width":400,"thumbnail_height":300,"slider-options":{"item_visible":4,"auto_play":"","show_navigation":true,"show_pagination":false},"grid-options":{"columns":4},"view_all_courses":"","view_all_position":"","tabs-options":{"limit_tab":4,"cat_id_tab":""},"widget_logic":"","widget-class":"","featured":false,"grid_hide_author":false},"7":{"title":"Latest Courses","order":"latest","cat_id":"all","layout":"list-sidebar","thumbnail_width":400,"thumbnail_height":300,"limit":3,"view_all_courses":"","view_all_position":"top","slider-options":{"show_navigation":true,"item_visible":"4","auto_play":0,"show_pagination":false},"grid-options":{"columns":"4"},"tabs-options":{"limit_tab":4,"cat_id_tab":false},"widget_logic":"","widget-class":"","featured":false},"_multiwidget":1},"list-post":{"3":{"title":"Latest Posts","number_posts":3,"cat_id":"9","show_description":true,"orderby":"recent","order":"desc","layout":"base","style":"sidebar","sub_title":"","image_size":"thumbnail","img_w":"","img_h":"","item_vertical":0,"link":"","text_link":"","widget_logic":"","widget-class":"","display_feature":false},"_multiwidget":1},"media_image":{"5":{"size":"full","width":330,"height":359,"caption":"","alt":"","link_type":"custom","link_url":"https:\/\/1.envato.market\/Yx2YR","image_classes":"","link_classes":"","link_rel":"","link_target_blank":false,"image_title":"","attachment_id":13282,"url":"https:\/\/eduma.thimpress.com\/demo-marketplace\/wp-content\/uploads\/sites\/99\/2022\/11\/ads-sidebar.jpg","title":"","widget_logic":"","widget-class":""},"_multiwidget":1},"courses-searching":{"3":{"layout":"overlay","title":"Search Courses","description":"Description for search course widget.","placeholder":"Search courses...","widget-class":"","widget_logic":"!is_page('home-version-2')"},"_multiwidget":1},"text":{"1210021":{"title":"","text":"[thim_ekit id=\"8920\"]","filter":true,"visual":true,"widget_logic":"","widget-class":""},"_multiwidget":1},"course-categories":{"3":{"title":"All Courses","layout":"base","slider-options":{"limit":15,"show_navigation":true,"item_visible":"7","auto_play":0,"show_pagination":false},"widget_logic":"","widget-class":"","list-options":{"show_counts":false,"hierarchical":false}},"_multiwidget":1},"nav_menu":{"14":{"nav_menu":24,"widget-class":""},"_multiwidget":1}}]