[{"sidebar-1":["search-2","categories-2","list-post-2","tag_cloud-2"],"toolbar":["woocommerce_widget_cart-2"],"menu_right":["text-3","text-4","social-2"],"sidebar_hotel":["mini-cart-room-3","text-205010015"],"search_sidebar_hotel":["search-room-2"],"footer":["text-205010014"]},{"search":{"2":{"title":"Search","widget-class":""},"_multiwidget":1},"categories":{"2":{"title":"","count":1,"hierarchical":0,"dropdown":0,"widget-class":"","widget_logic":"!is_singular('hb_room') && !is_page('search-room') && !is_page('room-checkout') && !is_page('my-rooms')"},"_multiwidget":1},"list-post":{"2":{"style":"sidebar","title":"Popular Posts","position_title":"left","bg_title":"Lastest New","cat_id":"all","image_size":"thumbnail","show_description":"no","number_posts":3,"orderby":"popular","order":"desc","link":"","text_link":"","widget-class":""},"_multiwidget":1},"tag_cloud":{"2":{"title":"Tag clouds","count":0,"taxonomy":"post_tag","widget-class":""},"_multiwidget":1},"woocommerce_widget_cart":{"2":{"title":"Cart","hide_if_empty":0,"widget-class":"","widget_logic":"is_woocommerce()"},"_multiwidget":1},"text":{"3":{"title":"","text":"<div class=\"phone-swapper\">\r\n<div class=\"call\"><b>Call Us.<\/b> +00 123 456 789<\/div>\r\n<\/div>","filter":false,"widget-class":"","visual":false,"widget_logic":""},"4":{"title":"","text":"<div class=\"thim-select-language\">\r\n<div class=\"language\">\r\n    <span>Languages<\/span>\r\n    <ul>\r\n        <li><a href=\"#\">English<\/a><\/li>\r\n        <li><a href=\"#\">German<\/a><\/li>\r\n        <li><a href=\"#\">French<\/a><\/li>\r\n    <\/ul>\r\n<\/div>\r\n<\/div>","filter":false,"widget-class":""},"205010015":{"title":"Booking Room Email","text":"[contact-form-7 id=\"3693\" title=\"Booking Form Single Room\"]","filter":true,"visual":true,"widget-class":"form-booking-by-email"},"205010014":{"title":"","text":"[thim_ekit id=\"3508\"]","filter":true,"visual":true,"widget_logic":"","widget-class":""},"_multiwidget":1},"social":{"2":{"title":"","version":"base","link_face":"https:\/\/www.facebook.com\/thimpress","link_twitter":"https:\/\/twitter.com\/thimpress","link_google":"","link_dribble":"","link_linkedin":"","link_pinterest":"","link_digg":"","link_youtube":"","link_instagram":"","link_target":"_self","ref":false,"widget_logic":"","widget-class":"","new_version":false},"_multiwidget":1},"mini-cart-room":{"3":{"title":"Your Booking","widget_logic":"","widget-class":""},"_multiwidget":1},"search-room":{"2":{"style":"base","title":"Check Availability","background_color":false,"background_image":0,"widget-class":"","show_child":false},"_multiwidget":1}}]