[{"wp_inactive_widgets":["text-5","tag_cloud-2","search-3","categories-3","text-6","tag_cloud-3"],"menu-right":["text-10"],"sidebar":["search-4","categories-4","text-9","tag_cloud-4"],"footer-top":["text-7"],"footer-sidebar-1":["text-8"],"footer-sidebar-2":["nav_menu-6"],"footer-sidebar-3":["nav_menu-7"],"footer-sidebar-4":["nav_menu-8"],"footer-sidebar-5":["nav_menu-9"],"sidebar_events":["nav_menu-2","nav_menu-5"]},{"text":{"10":{"title":"","text":"[INSERT_ELEMENTOR id=\"1797\"]","filter":true,"visual":true},"9":{"title":"","text":"[INSERT_ELEMENTOR id=\"2079\"]","filter":true,"visual":true},"7":{"title":"","text":"[INSERT_ELEMENTOR id=\"1855\"]","filter":true,"visual":true},"8":{"title":"","text":"[INSERT_ELEMENTOR id=\"1811\"]","filter":true,"visual":true},"5":{"title":"","text":"[INSERT_ELEMENTOR id=\"2079\"]","filter":true,"visual":true},"6":{"title":"","text":"[INSERT_ELEMENTOR id=\"2079\"]","filter":true,"visual":true},"_multiwidget":1},"search":{"4":{"title":""},"3":{"title":""},"_multiwidget":1},"categories":{"4":{"title":"CATEGORIES","count":0,"hierarchical":0,"dropdown":0},"3":{"title":"CATEGORIES","count":0,"hierarchical":0,"dropdown":0},"_multiwidget":1},"tag_cloud":{"4":{"title":"Tags","count":0,"taxonomy":"post_tag"},"2":{"title":"TAGS","count":0,"taxonomy":"post_tag"},"3":{"title":"Tags","count":0,"taxonomy":"post_tag"},"_multiwidget":1},"nav_menu":{"6":{"title":"Menu","nav_menu":51},"7":{"title":"Courses","nav_menu":54},"8":{"title":"Topics","nav_menu":55},"9":{"title":"Information","nav_menu":56},"2":{"title":"Menu","nav_menu":51},"5":{"title":"Information","nav_menu":56},"_multiwidget":1}}]<br />
<b>Notice</b>:  ob_end_flush(): failed to delete and flush buffer. No buffer to delete or flush in <b>/nas/content/live/liveteching/wp-content/themes/teching/functions.php</b> on line <b>391</b><br />
