[{"sidebar":["search-4","categories-3","list-post-3","tag_cloud-4","single-images-4","text-9"],"toolbar":["text-12","login-popup-5","text-14"],"menu_right":["search-5","social-2"],"footer":["siteorigin-panels-builder-619920014"],"sidebar_courses":["courses-3","single-images-6","text-13"],"sidebar_shop":["woocommerce_product_categories-2","woocommerce_price_filter-2","woocommerce_products-2","woocommerce_product_tag_cloud-2"]},{"search":{"4":{"title":"","widget_logic":"","widget-class":""},"5":{"title":"","widget-class":""},"_multiwidget":1},"categories":{"3":{"title":"","count":0,"hierarchical":0,"dropdown":0,"widget_logic":"","widget-class":""},"_multiwidget":1},"list-post":{"3":{"title":"Recent Posts","style":"no_style","cat_id":"all","image_size":"thumbnail","size_w":400,"size_h":400,"show_description":"no","number_posts":3,"orderby":"recent","order":"desc","feature_text":"Sticky Post","link":"","text_link":"","autoplayTimeout":0,"widget_logic":"","widget-class":"","autoplay":false},"_multiwidget":1},"tag_cloud":{"4":{"title":"","count":0,"taxonomy":"post_tag","widget_logic":"","widget-class":""},"_multiwidget":1},"single-images":{"4":{"image":5699,"image_size":"full","image_link":"http:\/\/coachingwp.staging.wpengine.com\/shop\/","link_target":"_blank","image_alignment":"left","css_animation":false,"widget_logic":"","widget-class":"shop-image"},"6":{"image":5699,"image_size":"full","image_link":"#","link_target":"_self","image_alignment":"left","css_animation":false,"widget-class":"","widget_logic":""},"_multiwidget":1},"text":{"9":{"title":"","text":"<iframe src=\"https:\/\/www.facebook.com\/plugins\/page.php?href=https%3A%2F%2Fwww.facebook.com%2FThimPress%2F&tabs=timeline&width=270&height=500&small_header=false&adapt_container_width=true&hide_cover=false&show_facepile=true&appId\" height=\"322\" style=\"border:none;overflow:hidden;width:270px;\"><\/iframe>","filter":false,"visual":false,"widget_logic":"","widget-class":""},"12":{"title":"","text":"<div class=\"thim-have-any-question\">\r\n<div class=\"mobile\"><i class=\"fa fa-phone\"><\/i>NEED HELP? CALL US NOW:<a href=\"tel:+8812345 6789\" class=\"value primary-color border-right\">  (+88) 12 345 6789<\/a>\r\n<\/div>\r\n<div class=\"email\"><i class=\"fa fa-envelope\"><\/i><a href=\"mailto:hello@coaching.com\">hello@coaching.com<\/a>\r\n<\/div>\r\n<\/div>","filter":false,"widget-class":"","widget_logic":"","visual":false},"14":{"title":"","text":"<div class=\"thim-have-any-question pull-right\">\r\n<div class=\"address border-right\"><i class=\"fa fa-map-marker\"><\/i>2130 Fulton Street San Francisco, USA<\/div>\r\n<\/div>","filter":true,"visual":true,"widget_logic":"","widget-class":""},"13":{"title":"","text":"<iframe src=\"https:\/\/www.facebook.com\/plugins\/page.php?href=https%3A%2F%2Fwww.facebook.com%2FThimPress%2F&tabs=timeline&width=270&height=500&small_header=false&adapt_container_width=true&hide_cover=false&show_facepile=true&appId\" width=\"270\" height=\"322\" style=\"border:none;overflow:hidden\"><\/iframe>","filter":false,"widget-class":"","widget_logic":""},"_multiwidget":1},"login-popup":{"5":{"show_register":false,"text_register":"Register","text_login":"Login","text_logout":"Logout","style":false,"shortcode":"[miniorange_social_login]","widget_logic":"","widget-class":""},"_multiwidget":1},"social":{"2":{"title":"","link_face":"#","link_twitter":"#","link_google":"","link_dribble":"","link_linkedin":"","link_pinterest":"#","link_instagram":"#","link_youtube":"","link_target":"_self","style":"no-border","widget_logic":"","widget-class":"","show_text":false},"_multiwidget":1},"siteorigin-panels-builder":{"619920014":{"panels_data":{"widgets":[{"title":"","text":"<img src=\"http:\/\/coachingwp.staging.wpengine.com\/gym-coaching\/wp-content\/uploads\/sites\/36\/2019\/05\/h3-logo-footer.png\" alt=\"\">\n<p><\/p>\n<p>Enfold Gym leads the fitness industry when it es to helping peoplereach their fitness goals. have Crossfit coursesnatus error sit<\/p>","widget-class":"","filter":false,"visual":false,"widget_logic":"","panels_info":{"class":"WP_Widget_Text","raw":false,"grid":0,"cell":0,"id":0,"widget_id":"0a6071c3-9ff6-4c96-97b0-62789d29f2b2","style":{"background_image_attachment":false,"background_display":"tile"}}},{"title":"","text":"<div class=\"thim-footer-info\">\n\n<p><i class=\"fa fa-phone primary-color\"><\/i><a href=\"tel:00123456789\">+00 123 456 789<\/a><\/p>\n\n<p><i class=\"fa fa-envelope primary-color\"><\/i><a href=\"mailto:hello@coaching.com\">hello@coaching.com<\/a><\/p>\n\n<p><i class=\"fa fa-map-marker primary-color\"><\/i>A26BT5 Building, SilverC Street, England.<\/p>\n\n<\/div>","widget-class":"","filter":true,"visual":false,"widget_logic":"","panels_info":{"class":"WP_Widget_Text","raw":false,"grid":0,"cell":0,"id":1,"widget_id":"93463042-5d86-4095-95af-0b10d5a359d5","style":{"background_image_attachment":false,"background_display":"tile"}}},{"title":"PAGES","nav_menu":62,"widget_logic":"","widget-class":"","panels_info":{"class":"WP_Nav_Menu_Widget","raw":false,"grid":0,"cell":1,"id":2,"widget_id":"e1cff4a5-0792-43f7-9410-909646090f9b","style":{"background_image_attachment":false,"background_display":"tile"}}},{"title":"SUPPORT","nav_menu":63,"widget_logic":"","widget-class":"","panels_info":{"class":"WP_Nav_Menu_Widget","raw":false,"grid":0,"cell":2,"id":3,"widget_id":"008f4146-c20f-4fa0-ae7c-b9e48cbe9a49","style":{"background_image_attachment":false,"background_display":"tile"}}},{"title":"INSTAGRAM","text":"[instagram-feed num=4 cols=4 imagepadding=0 showheader=false showbutton=false]","filter":true,"visual":true,"widget-class":"","widget_logic":"","panels_info":{"class":"WP_Widget_Text","raw":false,"grid":0,"cell":3,"id":4,"widget_id":"1dc70314-99f7-4af2-b976-b1e38f127b40","style":{"background_image_attachment":false,"background_display":"tile"}}},{"title":"","link_face":"#","link_twitter":"#","link_google":"#","link_dribble":"","link_linkedin":"#","link_pinterest":"","link_instagram":"","link_youtube":"","link_target":"_self","style":"no-border","widget_logic":"","widget-class":"","show_text":false,"panels_info":{"class":"Thim_Social_Widget","raw":false,"grid":0,"cell":3,"id":5,"widget_id":"b39c83dc-ce2f-44af-8494-8c9400baaf4d","style":{"background_image_attachment":false,"background_display":"tile"}}}],"grids":[{"cells":4,"style":{"class":"thim_2_col_tablet","padding":"50px 0px 50px 0px","background_image_attachment":false,"background_display":"tile","gutter":"50px","cell_alignment":"flex-start"}}],"grid_cells":[{"grid":0,"index":0,"weight":0.3,"style":[]},{"grid":0,"index":1,"weight":0.2,"style":{"background_image_attachment":false,"background_display":"tile","vertical_alignment":"auto"}},{"grid":0,"index":2,"weight":0.2,"style":[]},{"grid":0,"index":3,"weight":0.3,"style":[]}]},"builder_id":"5cd8e2625704d","widget_logic":"","widget-class":""},"_multiwidget":1},"courses":{"3":{"title":"Popular Courses ","order":"latest","cat_id":"all","layout":"list-sidebar","thumbnail_width":400,"thumbnail_height":300,"limit":3,"view_all_courses":"","view_all_position":"top","slider-options":{"show_navigation":true,"item_visible":"4","show_pagination":false},"grid-options":{"columns":"4"},"widget_logic":" ","widget-class":""},"_multiwidget":1},"woocommerce_product_categories":{"2":{"title":"Categories","orderby":"name","dropdown":0,"count":0,"hierarchical":1,"show_children_only":0,"hide_empty":0,"max_depth":"","widget_logic":"","widget-class":""},"_multiwidget":1},"woocommerce_price_filter":{"2":{"title":"Filter by price","widget_logic":"","widget-class":""},"_multiwidget":1},"woocommerce_products":{"2":{"title":"Best sellers","number":3,"show":"","orderby":"sales","order":"desc","hide_free":0,"show_hidden":0,"widget_logic":"","widget-class":""},"_multiwidget":1},"woocommerce_product_tag_cloud":{"2":{"title":"Product Tags","widget_logic":"","widget-class":""},"_multiwidget":1}}]