[{"sidebar":["search-2","categories-2","thim_layout_builder-6","tag_cloud-2","media_image-2"],"topbar_left":["text-2"],"topbar_right":["thim_layout_builder-2"],"header_sidebar":["thim_layout_builder-3"],"right_menu":["thim_layout_builder-8"],"footer-sidebar-1":["thim_layout_builder-5"],"footer-sidebar-2":["thim_layout_builder-4"],"footer-sidebar-3":["thim_layout_builder-7"]},{"search":{"2":{"title":""},"_multiwidget":1},"categories":{"2":{"title":"","count":0,"hierarchical":0,"dropdown":0},"_multiwidget":1},"thim_layout_builder":{"6":{"widget-class":"","content":"[vc_row][vc_column][vc_wp_text title=\"Recent News\u00a0\"][\/vc_wp_text][thim-posts layout=\"style-3\" post_limit=\"3\" order=\"ASC\" post_button=\"true\" info_button=\"true\"][\/vc_column][\/vc_row]","custom_css":""},"2":{"widget-class":"","content":"[vc_row][vc_column][thim-social-links style=\"style-02\" alignment=\"center\" social_links=\"%5B%7B%22icon%22%3A%22fa%20fa-facebook%22%2C%22link%22%3A%22%23%22%7D%2C%7B%22icon%22%3A%22fa%20fa-twitter%22%2C%22link%22%3A%22%23%22%7D%2C%7B%22icon%22%3A%22fa%20fa-google-plus%22%2C%22link%22%3A%22%23%22%7D%2C%7B%22icon%22%3A%22fa%20fa-linkedin%22%2C%22link%22%3A%22%23%22%7D%2C%7B%22icon%22%3A%22fa%20fa-pinterest-p%22%2C%22link%22%3A%22%23%22%7D%5D\"][\/vc_column][\/vc_row]","custom_css":""},"3":{"widget-class":"header-icon-box","content":"[vc_row][vc_column][thim-icon-box layouts=\"layout-2\" icon_boxs=\"%5B%7B%22title%22%3A%22Working%20hours%3A%20%22%2C%22description%22%3A%22Mon%20-%20Fri%2009%3A00%20-%2017%3A00%22%2C%22icon_type%22%3A%22font_ionicons%22%2C%22icon_fontawesome%22%3A%22fa%20fa-heart%22%2C%22font_ionicons%22%3A%22ion-ios-clock-outline%22%2C%22link%22%3A%22%23%22%2C%22apply_link%22%3A%22none%22%7D%2C%7B%22title%22%3A%22Free%20call%3A%20%22%2C%22description%22%3A%22(00)%201234-5678%22%2C%22icon_type%22%3A%22font_ionicons%22%2C%22icon_fontawesome%22%3A%22fa%20fa-heart%22%2C%22font_ionicons%22%3A%22ion-android-call%22%2C%22link%22%3A%22url%3Atel%253A0123456789%7C%7C%7C%22%2C%22apply_link%22%3A%22description%22%7D%5D\" title_custom=\"custom\" heading_tag=\"h5\" title_color=\"#696969\" title_size=\"16\" description_custom=\"custom\" description_color=\"#f7b200\" description_size=\"21\" icon_custom=\"custom\" icon_color=\"#696969\" title=\"Working us:\" icon_type=\"image\" icon_image=\"5335\" icon_width=\"45\" description=\"Mon - Fri 09:00 - 17:00\" box_style=\"layout-1\" columns=\"2\" icon_size=\"45\"][\/vc_column][\/vc_row]","custom_css":""},"8":{"widget-class":"quote-menu-right","content":"[vc_row][vc_column][thim-button style=\"style-02\" heading=\"Get a quote\" link=\"#\" icon_type=\"none\" custom_style=\"yes\" heading_transform=\"uppercase\"][\/vc_column][\/vc_row]","custom_css":""},"5":{"widget-class":"","content":"[vc_row][vc_column][vc_column_text css=\".vc_custom_1509524591251{margin-bottom: 17px !important;}\"]<img style=\"margin-bottom: 12px; margin-top: -26px;\" src=\"http:\/\/construction.thimpress.com\/demo-3\/wp-content\/uploads\/sites\/3\/2017\/11\/Home-3-footer.png\" alt=\"\" \/>\r\n\r\nFor over 20 years, commitment to our core values has made Construction the ideal building partner for the most forward-thinking organizations.[\/vc_column_text][\/vc_column][\/vc_row]","custom_css":".vc_custom_1509524591251{margin-bottom: 17px !important;}"},"4":{"widget-class":"","content":"[vc_row css=\".vc_custom_1508396600626{margin-bottom: 0px !important;}\"][vc_column width=\"1\/2\"][vc_wp_custommenu title=\"ABOUT\" nav_menu=\"29\"][\/vc_column][vc_column width=\"1\/2\" css=\".vc_custom_1508815474959{margin-top: 0px !important;margin-bottom: 0px !important;}\"][vc_wp_custommenu nav_menu=\"30\" title=\"SERVICES\"][\/vc_column][\/vc_row]","custom_css":".vc_custom_1508396600626{margin-bottom: 0px !important;}.vc_custom_1508815474959{margin-top: 0px !important;margin-bottom: 0px !important;}"},"7":{"widget-class":"","content":"[vc_row][vc_column][vc_wp_text title=\"NEWSLETTER\"][mc4wp_form id=\"6587\"][\/vc_wp_text][\/vc_column][\/vc_row][vc_row css=\".vc_custom_1509507294710{margin-top: 0px !important;}\"][vc_column css=\".vc_custom_1509507303268{margin-top: -7px !important;}\"][thim-social-links style=\"style-02\" alignment=\"left\" social_links=\"%5B%7B%22icon%22%3A%22fa%20fa-facebook%22%2C%22link%22%3A%22%23%22%7D%2C%7B%22icon%22%3A%22fa%20fa-twitter%22%2C%22link%22%3A%22%23%22%7D%2C%7B%22icon%22%3A%22fa%20fa-pinterest-p%22%2C%22link%22%3A%22%23%22%7D%2C%7B%22icon%22%3A%22fa%20fa-linkedin%22%2C%22link%22%3A%22%23%22%7D%5D\"][\/vc_column][\/vc_row]","custom_css":".vc_custom_1509507294710{margin-top: 0px !important;}.vc_custom_1509507303268{margin-top: -7px !important;}"},"_multiwidget":1},"tag_cloud":{"2":{"title":"Tags","count":0,"taxonomy":"post_tag","widget-class":""},"_multiwidget":1},"media_image":{"2":{"attachment_id":6758,"url":"http:\/\/construction.thimpress.com\/wp-content\/uploads\/sites\/3\/2017\/10\/blog-1c.jpg","title":"","size":"full","width":318,"height":318,"caption":"","alt":"","link_type":"custom","link_url":"http:\/\/construction.thimpress.com\/construction-2","image_classes":"","link_classes":"","link_rel":"","image_title":"","widget-class":"","link_target_blank":false},"_multiwidget":1},"text":{"2":{"title":"","text":"<div class=\"thim-top-info\">\r\n<div class=\"email\"><i class=\"fa fa-envelope\"><\/i><a href=\"mailto:construction@thimpress.com\">construction@thimpress.com<\/a><\/div>\r\n<div class=\"address\"><i class=\"fa fa-map-marker\"><\/i> A26BT5 Building, SilverC Street, London, England<\/div>\r\n<\/div>","filter":true,"visual":true,"widget-class":""},"_multiwidget":1}}]