[{"topbar_left":["text-6"],"topbar_right":["thim_layout_builder-1"],"sidebar":["search-4","thim_layout_builder-8","tag_cloud-3"],"sidebar-courses":["search-3","thim_layout_builder-11","tag_cloud-1"],"sidebar-events":["search-5","thim_layout_builder-9","tag_cloud-4"],"menu-right":["thim_layout_builder-2"],"footer-top":["thim_layout_builder-3"],"footer-sidebar-1":["thim_layout_builder-4"],"footer-sidebar-2":["nav_menu-3"],"footer-sidebar-3":["text-7"],"footer-sidebar-4":["media_image-2"]},{"text":{"6":{"title":"","text":"<ul><li class=\"phone-topbar\"><i class=\"ion ion-ios-telephone\"><\/I> Need help? Call us now: <a href=\"#\" class=\"special-link\">(+88) 12 345 6789<\/a><\/li><li class=\"email-topbar\"><i class=\"ion ion-android-mail\"><\/i><a href=\"#\" class=\"normal-link\">hello@eduma.com<\/a><\/li><\/ul>","filter":true,"visual":true,"widget-class":""},"7":{"title":"Connect us","text":"<ul class=\"thim-contact-list\">\r\n \t<li><i class=\"fa fa-phone\" aria-hidden=\"true\"><\/i> <a href=\"tel:00123456789\">(+00) 123456-789<\/a><\/li>\r\n \t<li><i class=\"fa fa-envelope-o\" aria-hidden=\"true\"><\/i> <a href=\"mailto:info@thimpress.com\"> info@thimpress.com<\/a><\/li>\r\n \t<li><i class=\"fa fa-fax\" aria-hidden=\"true\"><\/i> (+01) 123456-789<\/li>\r\n \t<li><i class=\"fa fa-map-marker\" aria-hidden=\"true\"><\/i> PO Box 97845 Baker st. 567, Los Angeles, California, US.<\/li>\r\n<\/ul>","filter":true,"visual":true,"widget-class":""},"_multiwidget":1},"thim_layout_builder":{"1":{"widget-class":"","content":"<p>[vc_row][vc_column][vc_wp_custommenu nav_menu=\"37\" el_class=\"link-topbar\"][thim-search-posts][thim-login-popup layout=\"layout-2\" popup_image=\"181\"][\/vc_column][\/vc_row]<\/p>\r\n","custom_css":""},"8":{"widget-class":"","content":"[vc_row css=\".vc_custom_1539864414850{margin-bottom: 50px !important;}\"][vc_column][thim-testimonials layout=\"layout-slider-3\" testimonials=\"%5B%7B%22name%22%3A%22John%20Doe%22%2C%22website%22%3A%22%23%22%2C%22works%22%3A%22Founder%22%2C%22content%22%3A%22This%20is%20my%20first%20time%20to%20consult%20in%20this%20hospital%20and%20I%E2%80%99m%20lucky%20I%20got%20a%20perfect%20doctor%20who%20takes%20care%20of%20me%20since%20day%20one%20of%20my%20consultation%2C%20until%20the%20day%20of%20my%20surgery.%22%7D%2C%7B%22name%22%3A%22John%20Doe%22%2C%22website%22%3A%22%23%22%2C%22works%22%3A%22Founder%22%2C%22content%22%3A%22This%20is%20my%20first%20time%20to%20consult%20in%20this%20hospital%20and%20I%E2%80%99m%20lucky%20I%20got%20a%20perfect%20doctor%20who%20takes%20care%20of%20me%20since%20day%20one%20of%20my%20consultation%2C%20until%20the%20day%20of%20my%20surgery.%22%7D%2C%7B%22name%22%3A%22John%20Doe%22%2C%22website%22%3A%22%23%22%2C%22works%22%3A%22Founder%22%2C%22content%22%3A%22This%20is%20my%20first%20time%20to%20consult%20in%20this%20hospital%20and%20I%E2%80%99m%20lucky%20I%20got%20a%20perfect%20doctor%20who%20takes%20care%20of%20me%20since%20day%20one%20of%20my%20consultation%2C%20until%20the%20day%20of%20my%20surgery.%22%7D%5D\" items_visible=\"1\" items_tablet=\"1\" items_mobile=\"1\"][\/vc_column][\/vc_row][vc_row css=\".vc_custom_1539864424395{margin-bottom: 50px !important;}\"][vc_column][thim-list-courses title=\"latest course\" number_items=\"3\"][\/vc_column][\/vc_row][vc_row css=\".vc_custom_1539864434022{margin-bottom: 50px !important;}\"][vc_column][vc_single_image image=\"1134\" img_size=\"full\"][\/vc_column][\/vc_row][vc_row css=\".vc_custom_1539864442273{margin-bottom: 50px !important;}\"][vc_column][thim-posts layout=\"layout-list-2\" title=\"Latest posts\" number=\"3\" show_date=\"\" show_author=\"\" show_number_comments=\"\"][\/vc_column][\/vc_row]","custom_css":".vc_custom_1539864414850{margin-bottom: 50px !important;}.vc_custom_1539864424395{margin-bottom: 50px !important;}.vc_custom_1539864434022{margin-bottom: 50px !important;}.vc_custom_1539864442273{margin-bottom: 50px !important;}"},"11":{"widget-class":"","content":"[vc_row css=\".vc_custom_1539864414850{margin-bottom: 50px !important;}\"][vc_column][thim-testimonials layout=\"layout-slider-3\" testimonials=\"%5B%7B%22name%22%3A%22John%20Doe%22%2C%22website%22%3A%22%23%22%2C%22works%22%3A%22Founder%22%2C%22content%22%3A%22This%20is%20my%20first%20time%20to%20consult%20in%20this%20hospital%20and%20I%E2%80%99m%20lucky%20I%20got%20a%20perfect%20doctor%20who%20takes%20care%20of%20me%20since%20day%20one%20of%20my%20consultation%2C%20until%20the%20day%20of%20my%20surgery.%22%7D%2C%7B%22name%22%3A%22John%20Doe%22%2C%22website%22%3A%22%23%22%2C%22works%22%3A%22Founder%22%2C%22content%22%3A%22This%20is%20my%20first%20time%20to%20consult%20in%20this%20hospital%20and%20I%E2%80%99m%20lucky%20I%20got%20a%20perfect%20doctor%20who%20takes%20care%20of%20me%20since%20day%20one%20of%20my%20consultation%2C%20until%20the%20day%20of%20my%20surgery.%22%7D%2C%7B%22name%22%3A%22John%20Doe%22%2C%22website%22%3A%22%23%22%2C%22works%22%3A%22Founder%22%2C%22content%22%3A%22This%20is%20my%20first%20time%20to%20consult%20in%20this%20hospital%20and%20I%E2%80%99m%20lucky%20I%20got%20a%20perfect%20doctor%20who%20takes%20care%20of%20me%20since%20day%20one%20of%20my%20consultation%2C%20until%20the%20day%20of%20my%20surgery.%22%7D%5D\" items_visible=\"1\" items_tablet=\"1\" items_mobile=\"1\"][\/vc_column][\/vc_row][vc_row css=\".vc_custom_1539864841172{margin-bottom: 50px !important;}\"][vc_column][thim-course-categories title=\"Categories\" show_count=\"true\" show_hierarchy=\"\"][\/vc_column][\/vc_row][vc_row css=\".vc_custom_1539864424395{margin-bottom: 50px !important;}\"][vc_column][thim-list-courses title=\"latest course\" number_items=\"3\"][\/vc_column][\/vc_row]","custom_css":".vc_custom_1539864414850{margin-bottom: 50px !important;}.vc_custom_1539864841172{margin-bottom: 50px !important;}.vc_custom_1539864424395{margin-bottom: 50px !important;}"},"9":{"widget-class":"","content":"[vc_row css=\".vc_custom_1539865024030{margin-bottom: 50px !important;}\"][vc_column][thim-testimonials layout=\"layout-slider-3\" testimonials=\"%5B%7B%22name%22%3A%22John%20Doe%22%2C%22website%22%3A%22%23%22%2C%22works%22%3A%22Founder%22%2C%22content%22%3A%22This%20is%20my%20first%20time%20to%20consult%20in%20this%20hospital%20and%20I%E2%80%99m%20lucky%20I%20got%20a%20perfect%20doctor%20who%20takes%20care%20of%20me%20since%20day%20one%20of%20my%20consultation%2C%20until%20the%20day%20of%20my%20surgery.%22%7D%2C%7B%22name%22%3A%22John%20Doe%22%2C%22website%22%3A%22%23%22%2C%22works%22%3A%22Founder%22%2C%22content%22%3A%22This%20is%20my%20first%20time%20to%20consult%20in%20this%20hospital%20and%20I%E2%80%99m%20lucky%20I%20got%20a%20perfect%20doctor%20who%20takes%20care%20of%20me%20since%20day%20one%20of%20my%20consultation%2C%20until%20the%20day%20of%20my%20surgery.%22%7D%5D\" items_visible=\"1\" items_tablet=\"1\" items_mobile=\"1\"][\/vc_column][\/vc_row][vc_row][vc_column][thim-event-calendar title=\"Calendar\"][\/vc_column][\/vc_row]","custom_css":".vc_custom_1539865024030{margin-bottom: 50px !important;}"},"2":{"widget-class":"","content":"[vc_row][vc_column][thim-button shape=\"round\" align=\"align-right\" button_font_weight=\"400\" icon_type=\"none\" button_padding=\"0px 30px\" link=\"url:%23|title:Apply%20Now||\" button_line_height=\"40\" button_font_size=\"14\"][\/vc_column][\/vc_row]","custom_css":""},"3":{"widget-class":"","content":"[vc_row full_width=\"stretch_row\" css=\".vc_custom_1537860402435{margin-bottom: -150px !important;}\"][vc_column][vc_row_inner equal_height=\"yes\" css=\".vc_custom_1537860318395{background-color: #31335d !important;}\" el_class=\"z-index-1\"][vc_column_inner width=\"1\/3\" css=\".vc_custom_1539676267980{padding-top: 70px !important;padding-right: 70px !important;padding-bottom: 60px !important;padding-left: 70px !important;}\"][thim-icon-box icon_type=\"icon_upload\" icon_upload=\"187\" box_link=\"url:%23|||\" title=\"UNDERGRADUATE ADMISSIONS\" description=\"\" text_align=\"text-center\" box_icon_width=\"58\" box_icon_height=\"56\" title_tag=\"h3\" title_font_size=\"22\" title_font_weight=\"700\" link_color=\"#ffffff\" link_hover_color=\"#ffffff\" title_color=\"#ffffff\" title_margin=\"18px 0px 0px 0px\" title_custom_css=\"line-height: 32px;\"][\/vc_column_inner][vc_column_inner width=\"1\/3\" css=\".vc_custom_1539676275484{padding-top: 70px !important;padding-right: 70px !important;padding-bottom: 60px !important;padding-left: 70px !important;background-color: #4a4e8e !important;}\"][thim-icon-box icon_type=\"icon_upload\" icon_upload=\"188\" box_link=\"url:%23|||\" title=\"UNDERGRADUATE ADMISSIONS\" description=\"\" text_align=\"text-center\" box_icon_width=\"58\" box_icon_height=\"56\" title_tag=\"h3\" title_font_size=\"22\" title_font_weight=\"700\" link_color=\"#ffffff\" link_hover_color=\"#ffffff\" title_color=\"#ffffff\" title_margin=\"18px 0px 0px 0px\" title_custom_css=\"line-height: 32px;\"][\/vc_column_inner][vc_column_inner width=\"1\/3\" css=\".vc_custom_1539676282009{padding-top: 70px !important;padding-right: 70px !important;padding-bottom: 60px !important;padding-left: 70px !important;}\"][thim-icon-box icon_type=\"icon_upload\" icon_upload=\"189\" box_link=\"url:%23|||\" title=\"UNDERGRADUATE ADMISSIONS\" description=\"\" text_align=\"text-center\" box_icon_width=\"58\" box_icon_height=\"56\" title_tag=\"h3\" title_font_size=\"22\" title_font_weight=\"700\" link_color=\"#ffffff\" link_hover_color=\"#ffffff\" title_color=\"#ffffff\" title_margin=\"18px 0px 0px 0px\" title_custom_css=\"line-height: 32px;\"][\/vc_column_inner][\/vc_row_inner][\/vc_column][\/vc_row][vc_row full_width=\"stretch_row\" overlay_color=\"rgba(17,17,17,0.75)\" css=\".vc_custom_1539685797658{padding-top: 190px !important;padding-bottom: 70px !important;background-image: url(http:\/\/ivy-school.thimpress.com\/wp-content\/uploads\/2018\/10\/backgorund-twiteer.png?id=961) !important;}\"][vc_column][thim-twitter layout=\"layout-slider\" username=\"thimpress\"][\/vc_column][\/vc_row]","custom_css":".vc_custom_1537860402435{margin-bottom: -150px !important;}.vc_custom_1539685797658{padding-top: 190px !important;padding-bottom: 70px !important;background-image: url(http:\/\/ivy-school.thimpress.com\/wp-content\/uploads\/2018\/10\/backgorund-twiteer.png?id=961) !important;}.vc_custom_1537860318395{background-color: #31335d !important;}.vc_custom_1539676267980{padding-top: 70px !important;padding-right: 70px !important;padding-bottom: 60px !important;padding-left: 70px !important;}.vc_custom_1539676275484{padding-top: 70px !important;padding-right: 70px !important;padding-bottom: 60px !important;padding-left: 70px !important;background-color: #4a4e8e !important;}.vc_custom_1539676282009{padding-top: 70px !important;padding-right: 70px !important;padding-bottom: 60px !important;padding-left: 70px !important;}"},"4":{"widget-class":"","content":"[vc_row][vc_column][vc_single_image image=\"186\" img_size=\"full\"][\/vc_column][\/vc_row][vc_row][vc_column][vc_column_text]Lorem ipsum dolor. Mauris fermentum dictum magna. Sed laoreet\r\n\r\n[yikes-mailchimp form=\"1\"][\/vc_column_text][\/vc_column][\/vc_row][vc_row][vc_column][thim-social-links links=\"%5B%7B%22icon%22%3A%22fa%20fa-facebook%22%2C%22url%22%3A%22%23%22%7D%2C%7B%22icon%22%3A%22fa%20fa-twitter%22%2C%22url%22%3A%22%23%22%7D%2C%7B%22icon%22%3A%22fa%20fa-pinterest-p%22%2C%22url%22%3A%22%23%22%7D%2C%7B%22icon%22%3A%22fa%20fa-linkedin%22%2C%22url%22%3A%22%23%22%7D%5D\"][\/vc_column][\/vc_row]","custom_css":""},"_multiwidget":1},"search":{"4":{"title":"","widget-class":""},"3":{"title":""},"5":{"title":"","widget-class":""},"_multiwidget":1},"tag_cloud":{"3":{"title":"Tags","count":0,"taxonomy":"post_tag","widget-class":""},"1":{"title":"Tags","count":0,"taxonomy":"post_tag","widget-class":""},"4":{"title":"Tags","count":0,"taxonomy":"post_tag","widget-class":""},"_multiwidget":1},"nav_menu":{"3":{"title":"Useful Links","nav_menu":39,"widget-class":""},"_multiwidget":1},"media_image":{"2":{"attachment_id":990,"url":"http:\/\/ivy-school.thimpress.com\/wp-content\/uploads\/2018\/10\/map-footer-2-300x145.png","title":"our worldwide office","size":"medium","width":300,"height":145,"caption":"","alt":"","link_type":"custom","link_url":"","image_classes":"","link_classes":"","link_rel":"","link_target_blank":false,"image_title":"","widget-class":""},"_multiwidget":1}}]