[{"wp_inactive_widgets":["search-2"],"sidebar":["search-3","categories-2","thim_layout_builder-6","tag_cloud-2"],"menu-right":["thim_layout_builder-4"],"footer-sidebar-1":["thim_layout_builder-3"],"footer-sidebar-2":["nav_menu-2"],"footer-sidebar-3":["custom_html-2"],"footer-sidebar-4":["nav_menu-3"]},{"search":{"3":{"title":""},"2":{"title":""},"_multiwidget":1},"categories":{"2":{"title":"","count":1,"hierarchical":0,"dropdown":0,"widget-class":""},"_multiwidget":1},"thim_layout_builder":{"6":{"content":"<p>[vc_row][vc_column][thim-posts layout=\"layout-list-2\" title=\"Recent Posts\" number=\"3\" show_date=\"true\" show_author=\"\" show_number_comments=\"\"][\/vc_column][\/vc_row]<\/p>\r\n","custom_css":""},"4":{"widget-class":"","content":"[vc_row equal_height=\"yes\" el_class=\"thim-style-menu-right\"][vc_column][thim-login-popup layout=\"layout-3\" text_register=\"\" text_logout=\"Logout\" popup_image=\"1145\" el_class=\"d-inline-block\"][thim-button link=\"url:%23|title:MAKE%20AN%20APPOINTMENT|target:%20_blank|\" style=\"style-gradient\" shape=\"round\" button_border_width=\"0\" button_font_size=\"14\" button_font_weight=\"400\" bg_color=\"rgba(255,255,255,0.01)\" text_color=\"#ffffff\" border_color=\"#ffffff\" bp_css=\".vc_custom_1543119253040{margin-left: 5px !important;background-color: rgba(255,255,255,0.01) !important;*background-color: rgb(255,255,255) !important;}\" bp_css_tablet=\".vc_custom_1543119253041{background-color: rgba(255,255,255,0.01) !important;*background-color: rgb(255,255,255) !important;}\" bp_css_mobile=\".vc_custom_1543119253043{background-color: rgba(255,255,255,0.01) !important;*background-color: rgb(255,255,255) !important;}\" icon_type=\"none\" el_class=\"d-inline-block\"][\/vc_column][\/vc_row]","custom_css":".vc_custom_1543119253040{margin-left: 5px !important;background-color: rgba(255,255,255,0.01) !important;*background-color: rgb(255,255,255) !important;}.vc_custom_1543119253041{background-color: rgba(255,255,255,0.01) !important;*background-color: rgb(255,255,255) !important;}.vc_custom_1543119253043{background-color: rgba(255,255,255,0.01) !important;*background-color: rgb(255,255,255) !important;}"},"3":{"widget-class":"","content":"[vc_row][vc_column][vc_single_image image=\"1303\" img_size=\"full\" css=\".vc_custom_1542945035919{margin-bottom: 20px !important;}\"][vc_column_text css=\".vc_custom_1536219589022{margin-bottom: 25px !important;}\"]I am text block. Click edit button to change this text.[\/vc_column_text][vc_column_text css=\".vc_custom_1536219597562{margin-bottom: 25px !important;}\"][mc4wp_form id=\"429\"][\/vc_column_text][thim-social-links links=\"%5B%7B%22icon%22%3A%22fa%20fa-facebook%22%2C%22url%22%3A%22%23%22%7D%2C%7B%22icon%22%3A%22fa%20fa-twitter%22%2C%22url%22%3A%22%23%22%7D%2C%7B%22icon%22%3A%22fa%20fa-pinterest-p%22%2C%22url%22%3A%22%23%22%7D%2C%7B%22icon%22%3A%22fa%20fa-linkedin%22%2C%22url%22%3A%22%23%22%7D%5D\"][\/vc_column][\/vc_row]","custom_css":".vc_custom_1542945035919{margin-bottom: 20px !important;}.vc_custom_1536219589022{margin-bottom: 25px !important;}.vc_custom_1536219597562{margin-bottom: 25px !important;}"},"_multiwidget":1},"tag_cloud":{"2":{"title":"","count":0,"taxonomy":"post_tag","widget-class":""},"_multiwidget":1},"nav_menu":{"2":{"title":"Useful Links","nav_menu":28,"widget-class":"menu-column-2"},"3":{"title":"Medical Departments","nav_menu":29,"widget-class":""},"_multiwidget":1},"custom_html":{"2":{"title":"CONNECT US","content":"<ul class=\"thim-contact-list\">\r\n \t<li><i class=\"fa fa-phone\" aria-hidden=\"true\"><\/i> <a href=\"tel:00123456789\">(+00) 123456-789<\/a><\/li>\r\n \t<li><i class=\"fa fa-envelope-o\" aria-hidden=\"true\"><\/i> <a href=\"mailto:info@thimpress.com\">info@thimpress.com<\/a><\/li>\r\n \t<li><i class=\"fa fa-fax\" aria-hidden=\"true\"><\/i> <a href=\"tel:01123456789\">(+01) 123456-789<\/a><\/li>\r\n \t<li class=\"address\"><i class=\"fa fa-map-marker\" aria-hidden=\"true\"><\/i> PO Box 97845 Baker st. 567, Los Angeles, California, US.<\/li>\r\n<\/ul>","widget-class":""},"_multiwidget":1}}]