[{"topbar_left":["text-2"],"topbar_right":["thim_layout_builder-2"],"sidebar":["thim_search-2","categories-2","thim-posts-3","tag_cloud-2"],"menu-right":["thim_layout_builder-3"],"footer-sidebar-1":["thim_layout_builder-4"],"footer-sidebar-2":["nav_menu-2"],"footer-sidebar-3":["custom_html-2"],"footer-sidebar-4":["nav_menu-3"]},{"text":{"2":{"title":"","text":"<ul class=\"list-inline\">\r\n \t<li class=\"list-inline-item\"><i class=\"ion-ios-location\"><\/i> PO Box 97845 Baker st. 567, Los Angeles, California, US.<\/li>\r\n \t<li class=\"list-inline-item\"><i class=\"ion-android-call\"><\/i> <a href=\"tel:00123456789\">(00) 123 456 789<\/a><\/li>\r\n<\/ul>","filter":true,"visual":true,"widget-class":""},"_multiwidget":1},"thim_layout_builder":{"2":{"widget-class":"","content":"<p>[vc_row][vc_column][thim-login-popup text_login=\"Login\" text_register=\"Registration\" mc_image=\"322\" popup_image=\"322\"][thim-social-links links=\"%5B%7B%22icon%22%3A%22fa%20fa-facebook%22%2C%22url%22%3A%22%23%22%7D%2C%7B%22icon%22%3A%22fa%20fa-google-plus%22%2C%22url%22%3A%22%23%22%7D%2C%7B%22icon%22%3A%22fa%20fa-twitter%22%2C%22url%22%3A%22%23%22%7D%2C%7B%22icon%22%3A%22fa%20fa-youtube-play%22%2C%22url%22%3A%22%23%22%7D%5D\" el_class=\"custom-bg-shape\"][\/vc_column][\/vc_row]<\/p>\r\n","custom_css":""},"3":{"widget-class":"","content":"[vc_row][vc_column][thim-search-posts show_popup=\"true\"][\/vc_column][\/vc_row]","custom_css":""},"4":{"widget-class":"","content":"[vc_row][vc_column][vc_single_image image=\"541\" img_size=\"full\" css=\".vc_custom_1536565286854{margin-top: 8px !important;margin-bottom: 20px !important;}\"][vc_column_text css=\".vc_custom_1536231303128{margin-bottom: 20px !important;}\"]Let\u2019s subscribe to receive emails our newest events and updates.\r\n\r\n[mc4wp_form id=\"305\"][\/vc_column_text][thim-social-links links=\"%5B%7B%22icon%22%3A%22fa%20fa-facebook%22%2C%22url%22%3A%22%23%22%7D%2C%7B%22icon%22%3A%22fa%20fa-twitter%22%2C%22url%22%3A%22%23%22%7D%2C%7B%22icon%22%3A%22fa%20fa-pinterest-p%22%2C%22url%22%3A%22%23%22%7D%2C%7B%22icon%22%3A%22fa%20fa-linkedin%22%2C%22url%22%3A%22%23%22%7D%5D\"][\/vc_column][\/vc_row]","custom_css":".vc_custom_1536565286854{margin-top: 8px !important;margin-bottom: 20px !important;}.vc_custom_1536231303128{margin-bottom: 20px !important;}"},"_multiwidget":1},"thim_search":{"2":{"title":"","popup":0,"widget-class":""},"_multiwidget":1},"categories":{"2":{"title":"","count":1,"hierarchical":0,"dropdown":0,"widget-class":""},"_multiwidget":1},"thim-posts":{"3":{"title":"Related posts","number":5,"show_date":true,"show_author":false,"show_number_comment":false,"widget-class":""},"_multiwidget":1},"tag_cloud":{"2":{"title":"","count":0,"taxonomy":"post_tag","widget-class":""},"_multiwidget":1},"nav_menu":{"2":{"title":"USEFUL LINKS","nav_menu":28,"widget-class":"menu-column-2"},"3":{"title":"MEDICAL DEPARTMENTS","nav_menu":29,"widget-class":""},"_multiwidget":1},"custom_html":{"2":{"title":"CONNECT US","content":"<ul class=\"thim-contact-list\">\r\n<li><i class=\"fa fa-phone\" aria-hidden=\"true\"><\/i> <a href=\"tel:00123456789\">(+00) 123456-789<\/a><\/li><li><i class=\"fa fa-envelope-o\" aria-hidden=\"true\"><\/i> <a href=\"mailto:info@thimpress.com\">info@thimpress.com<\/a><\/li><li><i class=\"fa fa-fax\" aria-hidden=\"true\"><\/i> <a href=\"tel:01123456789\">(+01) 123456-789<\/a><\/li><li><i class=\"fa fa-map-marker\" aria-hidden=\"true\"><\/i> PO Box 97845 Baker st. 567, Los Angeles, California, US.<\/li>\r\n<\/ul>","widget-class":""},"_multiwidget":1}}]