[{"sidebar":["search-2","categories-2","thim_layout_builder-6","tag_cloud-2","media_image-2"],"topbar_left":["text-2"],"topbar_right":["thim_layout_builder-2"],"header_sidebar":["thim_layout_builder-3"],"products_sidebar":["woocommerce_product_search-2","woocommerce_product_categories-2","woocommerce_price_filter-2","woocommerce_products-2","woocommerce_product_tag_cloud-2"],"footer-sidebar-1":["thim_layout_builder-5"],"footer-sidebar-2":["thim_layout_builder-4"],"footer-sidebar-3":["text-3"]},{"search":{"2":{"title":""},"_multiwidget":1},"categories":{"2":{"title":"","count":0,"hierarchical":0,"dropdown":0},"_multiwidget":1},"thim_layout_builder":{"6":{"widget-class":"","content":"[vc_row][vc_column][vc_wp_text title=\"Recent News\u00a0\"][\/vc_wp_text][thim-posts layout=\"style-3\" post_limit=\"3\" order=\"ASC\" post_button=\"true\" info_button=\"true\"][\/vc_column][\/vc_row]","custom_css":""},"2":{"widget-class":"","content":"[vc_row][vc_column][vc_wp_text]\r\n<div class=\"email border\"><i class=\"ion-android-mail\"><\/i><a href=\"mailto:office@construction.com\">office@construction.com<\/a><\/div>\r\n[\/vc_wp_text][\/vc_column][\/vc_row][vc_row][vc_column][thim-social-links social_links=\"%5B%7B%22icon%22%3A%22fa%20fa-facebook%22%2C%22link%22%3A%22%23%22%7D%2C%7B%22icon%22%3A%22fa%20fa-twitter%22%2C%22link%22%3A%22%23%22%7D%2C%7B%22icon%22%3A%22fa%20fa-google-plus%22%2C%22link%22%3A%22%23%22%7D%2C%7B%22icon%22%3A%22fa%20fa-linkedin%22%2C%22link%22%3A%22%23%22%7D%2C%7B%22icon%22%3A%22fa%20fa-pinterest-p%22%2C%22link%22%3A%22%23%22%7D%5D\"][\/vc_column][\/vc_row]","custom_css":""},"3":{"widget-class":"header-icon-box","content":"[vc_row][vc_column][thim-icon-box layouts=\"layout-2\" icon_boxs=\"%5B%7B%22title%22%3A%22Working%20hours%3A%20%22%2C%22description%22%3A%22Mon%20-%20Fri%2009%3A00%20-%2017%3A00%22%2C%22icon_type%22%3A%22font_ionicons%22%2C%22icon_fontawesome%22%3A%22fa%20fa-heart%22%2C%22font_ionicons%22%3A%22ion-ios-clock-outline%22%2C%22link%22%3A%22%23%22%2C%22apply_link%22%3A%22none%22%7D%2C%7B%22title%22%3A%22Free%20call%3A%20%22%2C%22description%22%3A%22(00)%201234-5678%22%2C%22icon_type%22%3A%22font_ionicons%22%2C%22icon_fontawesome%22%3A%22fa%20fa-heart%22%2C%22font_ionicons%22%3A%22ion-android-call%22%2C%22link%22%3A%22url%3Atel%253A0123456789%7C%7Ctarget%3A%2520_blank%7C%22%2C%22apply_link%22%3A%22description%22%7D%5D\" title_custom=\"custom\" heading_tag=\"h5\" title_color=\"#696969\" title_size=\"16\" description_custom=\"custom\" description_color=\"#f7b200\" description_size=\"21\" icon_custom=\"custom\" icon_color=\"#696969\" title=\"Working us:\" icon_type=\"image\" icon_image=\"5335\" icon_width=\"45\" description=\"Mon - Fri 09:00 - 17:00\" box_style=\"layout-1\" columns=\"2\" icon_size=\"45\"][\/vc_column][\/vc_row]","custom_css":""},"5":{"widget-class":"","content":"[vc_row css=\".vc_custom_1511235163477{padding-right: 30px !important;}\"][vc_column][vc_column_text css=\".vc_custom_1512987650433{margin-bottom: 17px !important;}\"]<img style=\"margin-bottom: 12px;\" src=\"http:\/\/construction.thimpress.com\/wp-content\/uploads\/2017\/12\/logo-contructions1.png\" alt=\"Logo\" \/>\r\n\r\nFor over 20 years, commitment to our core values has made Construction the ideal building partner for the most forward-thinking organizations.[\/vc_column_text][\/vc_column][\/vc_row][vc_row][vc_column][thim-social-links social_links=\"%5B%7B%22icon%22%3A%22fa%20fa-facebook%22%2C%22link%22%3A%22%23%22%7D%2C%7B%22icon%22%3A%22fa%20fa-google-plus%22%2C%22link%22%3A%22%23%22%7D%2C%7B%22icon%22%3A%22fa%20fa-twitter%22%2C%22link%22%3A%22%23%22%7D%2C%7B%22icon%22%3A%22fa%20fa-youtube-play%22%2C%22link%22%3A%22%23%22%7D%5D\"][vc_empty_space height=\"30px\"][\/vc_column][\/vc_row]","custom_css":".vc_custom_1511235163477{padding-right: 30px !important;}.vc_custom_1512987650433{margin-bottom: 17px !important;}"},"4":{"widget-class":"footer-menu","content":"[vc_row css=\".vc_custom_1508396600626{margin-bottom: 0px !important;}\"][vc_column width=\"4\/12\"][vc_wp_custommenu title=\"INFORMATION\" nav_menu=\"29\"][\/vc_column][vc_column width=\"8\/12\"][vc_empty_space height=\"60px\"][vc_wp_custommenu nav_menu=\"30\" el_class=\"title-hidden\"][\/vc_column][\/vc_row]","custom_css":".vc_custom_1508396600626{margin-bottom: 0px !important;}"},"_multiwidget":1},"tag_cloud":{"2":{"title":"Tags","count":0,"taxonomy":"post_tag","widget-class":""},"_multiwidget":1},"media_image":{"2":{"attachment_id":6758,"url":"http:\/\/construction.thimpress.com\/wp-content\/uploads\/2017\/10\/blog-1c.jpg","title":"","size":"full","width":318,"height":318,"caption":"","alt":"","link_type":"custom","link_url":"http:\/\/construction.thimpress.com","image_classes":"","link_classes":"","link_rel":"","image_title":"","widget-class":"","link_target_blank":false},"_multiwidget":1},"text":{"2":{"title":"","text":"Hello, welcome to our Construction Services.","filter":true,"visual":true,"widget-class":""},"3":{"title":"CONNECT US","text":"<div class=\"thim-location\">\r\n<p class=\"info\"><i class=\"fa fa-phone\"><\/i><a href=\"tel:00123456789\">+00 123 456 789<\/a><\/p>\r\n<p class=\"info\"><i class=\"fa fa-envelope-o\"><\/i><a href=\"mailto:support@thimpress.com\">support@thimpress.com<\/a><\/p>\r\n<p class=\"info\"><i class=\"fa fa-fax\"><\/i><a href=\"tel:00123456789\">+00 123 456 789<\/a><\/p>\r\n<p class=\"info\"><i class=\"fa fa-map-marker\"><\/i> A26BT5 Building, SilverC Street, London.<\/p>\r\n\r\n<\/div>","filter":true,"visual":true,"widget-class":""},"_multiwidget":1},"woocommerce_product_search":{"2":{"title":"","widget-class":""},"_multiwidget":1},"woocommerce_product_categories":{"2":{"title":"Categories","orderby":"name","dropdown":0,"count":1,"hierarchical":0,"show_children_only":0,"hide_empty":0,"max_depth":"","widget-class":""},"_multiwidget":1},"woocommerce_price_filter":{"2":{"title":"Filter by price","widget-class":""},"_multiwidget":1},"woocommerce_products":{"2":{"title":"Popular Products","number":3,"show":"","orderby":"date","order":"desc","hide_free":0,"show_hidden":0,"widget-class":""},"_multiwidget":1},"woocommerce_product_tag_cloud":{"2":{"title":"Tags","widget-class":""},"_multiwidget":1}}]