[{"wp_inactive_widgets":["woocommerce_product_categories-2"],"sidebar":["search-5","categories-4","list-post-4","tag_cloud-5","social-counter-7","single-images-7","text-17"],"toolbar":["text-18","woocommerce_widget_cart-4","login-popup-6","social-4"],"top_menu_right":["login-popup-7","woocommerce_widget_cart-5","search-6"],"top_menu_left":["text-19"],"footer":["siteorigin-panels-builder-9"],"copyright":["siteorigin-panels-builder-10"],"sidebar_courses":["courses-4","social-counter-8","single-images-8","text-20"],"sidebar_shop":["woocommerce_product_categories-2","woocommerce_price_filter-3","woocommerce_products-3","woocommerce_product_tag_cloud-3","text-21"]},{"search":{"5":{"title":"","widget-class":""},"6":{"title":"","widget-class":""},"_multiwidget":1},"categories":{"4":{"title":"","count":0,"hierarchical":0,"dropdown":0},"_multiwidget":1},"list-post":{"4":{"title":"Recent Posts","cat_id":"all","image_size":"thumbnail","show_description":"no","number_posts":3,"orderby":"recent","order":"desc","link":"","text_link":"","style":false,"widget-class":""},"_multiwidget":1},"tag_cloud":{"5":{"title":"","taxonomy":"post_tag","widget-class":""},"_multiwidget":1},"social-counter":{"7":{"title":"Follow Me","widget-class":""},"8":{"title":"Follow Me","widget-class":""},"_multiwidget":1},"single-images":{"7":{"image":5699,"image_size":"full","image_link":"https:\/\/coaching.thimpress.com\/demo-2\/shop\/","link_target":"_blank","image_alignment":"left","css_animation":false,"widget-class":"shop-image"},"8":{"image":5699,"image_size":"full","image_link":"#","link_target":"_blank","image_alignment":"left","css_animation":false,"widget-class":""},"_multiwidget":1},"text":{"17":{"title":"","text":"<iframe src=\"https:\/\/www.facebook.com\/plugins\/page.php?href=https%3A%2F%2Fwww.facebook.com%2FThimPress%2F&tabs=timeline&width=270&height=500&small_header=false&adapt_container_width=true&hide_cover=false&show_facepile=true&appId\" height=\"322\" style=\"border:none;overflow:hidden;width:270;\"><\/iframe>","filter":false,"widget-class":""},"18":{"title":"","text":"<div class=\"thim-have-any-question\">\r\n<div class=\"mobile\"><i class=\"fa fa-phone\"><\/i><a href=\"tel:00123456789\" class=\"value\"> +00 123 456 789<\/a>\r\n<\/div>\r\n<div class=\"email\"><i class=\"fa fa-envelope\"><\/i><a href=\"mailto:hello@coaching.com\">hello@coaching.com<\/a>\r\n<\/div>\r\n<\/div>","filter":false,"widget-class":""},"19":{"title":"","text":"<div class=\"thim-have-any-question\">\r\n<div class=\"email\"><i class=\"fa fa-envelope\"><\/i><a href=\"mailto:hello@coaching.com\">hello@coaching.com<\/a>\r\n<\/div>\r\n<\/div>","filter":false,"widget-class":""},"20":{"title":"","text":"<iframe src=\"https:\/\/www.facebook.com\/plugins\/page.php?href=https%3A%2F%2Fwww.facebook.com%2FThimPress%2F&tabs=timeline&width=270&height=500&small_header=false&adapt_container_width=true&hide_cover=false&show_facepile=true&appId\" width=\"270\" height=\"322\" style=\"border:none;overflow:hidden\"><\/iframe>","filter":false,"widget-class":""},"21":{"title":"","text":"<iframe src=\"https:\/\/www.facebook.com\/plugins\/page.php?href=https%3A%2F%2Fwww.facebook.com%2FThimPress%2F&tabs=timeline&width=270&height=500&small_header=false&adapt_container_width=true&hide_cover=false&show_facepile=true&appId\" width=\"270\" height=\"325\" style=\"border:none;overflow:hidden\"><\/iframe>","filter":false,"widget-class":""},"_multiwidget":1},"woocommerce_widget_cart":{"4":{"title":"","hide_if_empty":0,"widget-class":""},"5":{"title":"Cart","hide_if_empty":0,"widget-class":""},"_multiwidget":1},"login-popup":{"6":{"text_register":"Register","text_login":"Login","text_logout":"Logout","shortcode":"[miniorange_social_login]","widget-class":"","widget_logic":""},"7":{"show_register":"1","text_register":"Register","text_login":"Login","text_logout":"Logout","shortcode":"[miniorange_social_login]","widget-class":"","widget_logic":""},"_multiwidget":1},"social":{"4":{"title":"","link_face":"https:\/\/www.facebook.com\/ThimPress","link_twitter":"https:\/\/twitter.com\/thimpress","link_google":"https:\/\/plus.google.com\/+Thimpress","link_dribble":"","link_linkedin":"#","link_pinterest":"","link_instagram":"","link_youtube":"","link_target":"_blank","style":"no-border","widget-class":"","show_text":false},"_multiwidget":1},"siteorigin-panels-builder":{"9":{"panels_data":{"widgets":[{"title":"Get In Touch","text":"<div class=\"thim-footer-info\">\n<p><i class=\"fa fa-phone\"><\/i><a href=\"tel:00123456789\">+00 123 456 789<\/a><\/p>\n<p><i class=\"fa fa-envelope\"><\/i><a href=\"mailto:hello@coaching.com\">hello@coaching.com<\/a><\/p>\n<p><i class=\"fa fa-map-marker\"><\/i><a href=\"#\">PO Box 97845 Baker st. 567, Los Angeles, California, US.<\/a><\/p>\n<\/div>","widget-class":"","filter":false,"panels_info":{"class":"WP_Widget_Text","raw":false,"grid":0,"cell":0,"id":0,"widget_id":"2118cb2a-b064-420a-a1aa-bfc680726820","style":{"class":"","widget_css":"","padding":"","background":"","background_image_attachment":"0","background_display":"tile","border_color":"","font_color":"","link_color":""}}},{"title":"Useful Links","nav_menu":33,"widget-class":"","panels_info":{"class":"WP_Nav_Menu_Widget","grid":0,"cell":1,"id":1,"widget_id":"e1a89c20-4214-432c-bdf6-7925b44781ae","style":{"class":"","widget_css":"","padding":"","background":"","background_image_attachment":"0","background_display":"tile","border_color":"","font_color":"","link_color":""}}},{"title":"Social Links","link_face":"https:\/\/www.facebook.com\/ThimPress","link_twitter":"https:\/\/twitter.com\/thimpress","link_google":"https:\/\/plus.google.com\/+Thimpress","link_dribble":"","link_linkedin":"","link_pinterest":"","link_instagram":"","link_youtube":"","link_target":"_blank","style":false,"show_text":true,"widget-class":"","panels_info":{"class":"Thim_Social_Widget","raw":false,"grid":0,"cell":2,"id":2,"widget_id":"ce8962b2-1029-44a7-a0a0-2444a7b8b91e","style":{"class":"","widget_css":"","padding":"","background":"","background_image_attachment":"0","background_display":"tile","border_color":"","font_color":"","link_color":""}}},{"title":"Newletters","text":"<p>Subscribe to get updates right in your inbox. We promise to not send you spams.<\/p>\n[mc4wp_form id=\"3101\"]","widget-class":"","filter":false,"panels_info":{"class":"WP_Widget_Text","raw":false,"grid":0,"cell":3,"id":3,"widget_id":"484bcf65-51de-4d07-b0d3-1071d3fa4afa","style":{"class":"","widget_css":"","padding":"","background":"","background_image_attachment":"0","background_display":"tile","border_color":"","font_color":"","link_color":""}}}],"grids":[{"cells":4,"style":[]}],"grid_cells":[{"grid":0,"weight":0.25},{"grid":0,"weight":0.25},{"grid":0,"weight":0.25},{"grid":0,"weight":0.25}]},"builder_id":"582186250a3ca","widget-class":"","widget_logic":""},"10":{"panels_data":{"widgets":[{"nav_menu":31,"widget-class":"","panels_info":{"class":"WP_Nav_Menu_Widget","grid":0,"cell":0,"id":0,"widget_id":"aa27a166-ad33-4090-9773-92932fe0be74","style":{"class":"","widget_css":"","padding":"","background":"","background_image_attachment":"0","background_display":"tile","border_color":"","font_color":"","link_color":""}}}],"grids":[{"cells":1,"style":{"id":"","class":"","cell_class":"","row_css":"","bottom_margin":"","gutter":"","padding":"","row_stretch":"","collapse_order":"","background":"","background_image_attachment":"0","background_display":"tile","border_color":""}}],"grid_cells":[{"grid":0,"weight":1}]},"builder_id":"5821874f2f50b","widget-class":"","widget_logic":""},"_multiwidget":1},"courses":{"4":{"title":"Popular Courses","order":"popular","cat_id":"all","layout":"list-sidebar","limit":3,"view_all_courses":"","slider-options":{"show_navigation":true,"item_visible":"4","show_pagination":false},"grid-options":{"columns":"4"},"widget-class":""},"_multiwidget":1},"woocommerce_product_categories":{"2":{"title":"Categories","orderby":"name","dropdown":0,"count":0,"hierarchical":1,"show_children_only":0,"hide_empty":0,"widget-class":""},"_multiwidget":1},"woocommerce_price_filter":{"3":{"title":"Filter by price","widget-class":""},"_multiwidget":1},"woocommerce_products":{"3":{"title":"Best sellers","number":3,"show":"","orderby":"sales","order":"desc","hide_free":0,"show_hidden":0,"widget-class":""},"_multiwidget":1},"woocommerce_product_tag_cloud":{"3":{"title":"Product Tags","widget-class":""},"_multiwidget":1}}]