[{"sidebar":["search-4","categories-2","single-images-2","list-post-2"],"menu_right":["woocommerce_widget_cart-2","login-popup-2"],"footer":["siteorigin-panels-builder-9"],"sidebar_courses":["categories-4","single-images-5","list-post-7"]},{"search":{"4":{"title":"Search","widget-class":"","widget_logic":""},"_multiwidget":1},"categories":{"2":{"title":"","count":0,"hierarchical":0,"dropdown":0},"4":{"title":"","count":0,"hierarchical":0,"dropdown":0,"widget_logic":"","widget-class":""},"_multiwidget":1},"single-images":{"2":{"image":3384,"image_size":"","image_link":"#","link_target":"_self","image_alignment":"left","css_animation":false,"widget-class":"","widget_logic":""},"5":{"image":3384,"image_size":"","image_link":"#","link_target":"_self","image_alignment":"left","css_animation":false,"widget_logic":"","widget-class":""},"_multiwidget":1},"list-post":{"2":{"title":"Latest Posts","cat_id":"9","image_size":"thumbnail","show_description":"no","number_posts":3,"orderby":"recent","order":"desc","link":"","text_link":"","style":"sidebar","widget-class":"","widget_logic":""},"7":{"title":"Latest Posts","cat_id":"9","number_posts":3,"show_description":"no","orderby":"recent","order":"desc","layout":"base","display_feature":"no","image_size":"thumbnail","img_w":"","img_h":"","item_vertical":0,"link":"","text_link":"","style":"sidebar","widget_logic":"","widget-class":""},"_multiwidget":1},"woocommerce_widget_cart":{"2":{"title":"Cart","hide_if_empty":0,"widget-class":"","widget_logic":"is_woocommerce()"},"_multiwidget":1},"login-popup":{"2":{"text_register":"Register","text_login":"Login","text_logout":"Logout","shortcode":"","widget-class":"","widget_logic":""},"_multiwidget":1},"siteorigin-panels-builder":{"9":{"panels_data":{"widgets":[{"title":"","text":"<div class=\"thim-footer-info\">\n<div class=\"footer-logo\"><img class=\"alignnone size-full wp-image-10\" src=\"\/\/importeduma.thimpress.com\/wp-content\/uploads\/2015\/11\/logo.png\" alt=\"logo-eduma-the-best-lms-wordpress-theme\" width=\"145\" height=\"40\" \/><\/div>\n<div class=\"info-email\"><i class=\"fa fa-envelope\"><\/i><a href=\"mailto:hello@eduma.com\">hello@eduma.com<\/a><\/div>\n<div class=\"info-phone\"><i class=\"fa fa-phone\"><\/i>(00) 123 456 789<\/div>\n<div class=\"info-social\"><a href=\"#\" class=\"fa fa-facebook\" title=\"facebook\"><\/a><a href=\"#\" class=\"fa fa-twitter\" title=\"twitter\"><\/a><a href=\"#\" class=\"fa fa-google-plus\" title=\"google-plus\"><\/a><\/div>\n<\/div>","filter":true,"visual":true,"widget_logic":"","widget-class":"","panels_info":{"class":"WP_Widget_Text","grid":0,"cell":0,"id":0,"widget_id":"ebbdc23a-6ef8-4c88-9d23-5ebaf22a9f4b","style":{"background_image_attachment":false,"background_display":"tile"}}},{"title":"","nav_menu":"24","panels_info":{"class":"WP_Nav_Menu_Widget","raw":false,"grid":0,"cell":1,"id":1,"widget_id":"a2b65f5d-a7d9-4d06-bb95-a8429c3a5ec5","style":{"background_image_attachment":false,"background_display":"tile"}}}],"grids":[{"cells":2,"style":{"background_image_attachment":false,"background_display":"tile"}}],"grid_cells":[{"grid":0,"index":0,"weight":0.65000000000000002,"style":[]},{"grid":0,"index":1,"weight":0.34999999999999998,"style":[]}]},"builder_id":"61264f989ea5b","widget_logic":"","widget-class":"thim-footer-one-course"},"_multiwidget":1}}]