[{"wp_inactive_widgets":["nav_menu-4","nav_menu-5","nav_menu-3","nav_menu-6","siteorigin-panels-builder-2","single-images-3","courses-3","list-post-5","search-4","categories-2","single-images-2","list-post-2","search-3","nav_menu-7","nav_menu-8","nav_menu-9","siteorigin-panels-builder-4","nav_menu-10","courses-4","single-images-4","list-post-6"],"sidebar":["search-4","categories-2","single-images-2","list-post-2"],"menu_right":["woocommerce_widget_cart-2","login-popup-2"],"footer":["siteorigin-panels-builder-9"],"sidebar_courses":["search-5","categories-3","single-images-5","list-post-7"]},{"search":{"4":{"title":"Search","widget-class":""},"5":{"title":"","widget-class":""},"3":{"title":"","widget-class":""},"_multiwidget":1},"categories":{"2":{"title":"","count":0,"hierarchical":0,"dropdown":0},"3":{"title":"","count":0,"hierarchical":0,"dropdown":0,"widget-class":""},"_multiwidget":1},"single-images":{"2":{"image":3384,"image_size":"","image_link":"#","link_target":"_self","image_alignment":"left","css_animation":false,"widget-class":""},"5":{"image":3384,"image_size":"","image_link":"#","link_target":"_self","image_alignment":"left","css_animation":false,"widget-class":""},"3":{"image":1772,"image_size":"","image_link":"#","link_target":"_self","image_alignment":"left","css_animation":false,"widget-class":""},"4":{"image":1772,"image_size":"","image_link":"#","link_target":"_self","image_alignment":"left","css_animation":false,"widget-class":""},"_multiwidget":1},"list-post":{"2":{"title":"Latest Posts","cat_id":"9","image_size":"thumbnail","show_description":"no","number_posts":3,"orderby":"recent","order":"desc","link":"","text_link":"","style":"sidebar","widget-class":""},"7":{"title":"Latest Posts","cat_id":"9","image_size":"thumbnail","show_description":"no","number_posts":3,"orderby":"recent","order":"desc","link":"","text_link":"","style":"sidebar","widget-class":""},"5":{"title":"Latest Posts","cat_id":"9","image_size":"thumbnail","show_description":"no","number_posts":3,"orderby":"recent","order":"desc","link":"","text_link":"","style":"sidebar","widget-class":""},"6":{"title":"Latest Posts","cat_id":"9","image_size":"thumbnail","show_description":"no","number_posts":3,"orderby":"recent","order":"desc","link":"","text_link":"","style":"sidebar","widget-class":""},"_multiwidget":1},"woocommerce_widget_cart":{"2":{"title":"Cart","hide_if_empty":0,"widget-class":""},"_multiwidget":1},"login-popup":{"2":{"text_register":"Register","text_login":"Login","text_logout":"Logout","shortcode":"","widget-class":""},"_multiwidget":1},"siteorigin-panels-builder":{"9":{"panels_data":"{\"widgets\":[{\"type\":\"html\",\"title\":\"\",\"text\":\"<div class=\\\"thim-footer-info\\\">\\n<div class=\\\"footer-logo\\\"><img class=\\\"alignnone size-full wp-image-10\\\" src=\\\"\/\/educationwp.thimpress.com\/wp-content\/uploads\/2015\/11\/logo.png\\\" alt=\\\"logo-eduma-the-best-lms-wordpress-theme\\\" width=\\\"145\\\" height=\\\"40\\\" \/><\/div>\\n<div class=\\\"info-email\\\"><i class=\\\"fa fa-envelope\\\"><\/i><a href=\\\"mailto:hello@eduma.com\\\">hello@eduma.com<\/a><\/div>\\n<div class=\\\"info-phone\\\"><i class=\\\"fa fa-phone\\\"><\/i>(00) 123 456 789<\/div>\\n<div class=\\\"info-social\\\"><a href=\\\"#\\\" class=\\\"fa fa-facebook\\\" title=\\\"facebook\\\"><\/a><a href=\\\"#\\\" class=\\\"fa fa-twitter\\\" title=\\\"twitter\\\"><\/a><a href=\\\"#\\\" class=\\\"fa fa-google-plus\\\" title=\\\"google-plus\\\"><\/a><\/div>\\n<\/div>\",\"filter\":\"1\",\"panels_info\":{\"class\":\"WP_Widget_Black_Studio_TinyMCE\",\"raw\":false,\"grid\":0,\"cell\":0,\"id\":0,\"style\":{\"class\":\"\",\"widget_css\":\"\",\"padding\":\"\",\"background\":\"\",\"background_image_attachment\":\"0\",\"background_display\":\"tile\",\"border_color\":\"\",\"font_color\":\"\"}}},{\"title\":\"\",\"nav_menu\":\"24\",\"panels_info\":{\"class\":\"WP_Nav_Menu_Widget\",\"raw\":true,\"grid\":0,\"cell\":1,\"id\":1,\"style\":{\"class\":\"\",\"widget_css\":\"\",\"padding\":\"\",\"background\":\"\",\"background_image_attachment\":\"0\",\"background_display\":\"tile\",\"border_color\":\"\",\"font_color\":\"\"}}}],\"grids\":[{\"cells\":2,\"style\":{\"class\":\"\",\"cell_class\":\"\",\"row_css\":\"\",\"bottom_margin\":\"\",\"gutter\":\"\",\"padding\":\"\",\"row_stretch\":\"\",\"background\":\"\",\"background_image_attachment\":\"0\",\"background_display\":\"tile\",\"border_color\":\"\"}}],\"grid_cells\":[{\"grid\":0,\"weight\":0.65},{\"grid\":0,\"weight\":0.35}]}","builder_id":"56a9cbb32e465","widget-class":"thim-footer-one-course"},"2":{"panels_data":"{\"widgets\":[{\"title_group\":{\"title\":\"Your Time Is Valuable\",\"color_title\":\"#333333\",\"size\":\"h3\",\"font_heading\":\"custom\",\"custom_heading\":{\"custom_font_size\":\"36\",\"custom_font_weight\":\"700\",\"custom_mg_bt\":\"\"}},\"desc_group\":{\"content\":\"Thanks for spending some of it with us.\",\"custom_font_size_des\":\"20\",\"custom_font_weight\":\"\",\"color_description\":\"#333333\"},\"read_more_group\":{\"link\":\"\",\"read_more\":\"complete_box\",\"button_read_more_group\":{\"read_text\":\"Read More\",\"read_more_text_color\":\"\",\"border_read_more_text\":\"\",\"bg_read_more_text\":\"\",\"read_more_text_color_hover\":\"\",\"bg_read_more_text_hover\":\"\"}},\"icon_type\":\"font-awesome\",\"font_7_stroke_group\":{\"icon\":\"\",\"icon_size\":\"14\"},\"font_awesome_group\":{\"icon\":\"\",\"icon_size\":\"14\"},\"font_image_group\":{\"icon_img\":\"\"},\"width_icon_box\":\"100\",\"color_group\":{\"icon_color\":\"\",\"icon_border_color\":\"\",\"icon_bg_color\":\"\",\"icon_hover_color\":\"\",\"icon_border_color_hover\":\"\",\"icon_bg_color_hover\":\"\"},\"layout_group\":{\"box_icon_style\":\"\",\"pos\":\"top\",\"text_align_sc\":\"text-center\",\"style_box\":\"\"},\"widget_background\":\"bg_video\",\"self_video\":\"83\",\"self_poster\":\"\",\"css_animation\":\"\",\"panels_info\":{\"class\":\"Thim_Icon_Box_Widget\",\"raw\":true,\"grid\":0,\"cell\":0,\"id\":0,\"style\":{\"class\":\"\",\"widget_css\":\"\",\"padding\":\"\",\"background\":\"\",\"background_image_attachment\":\"0\",\"background_display\":\"tile\",\"border_color\":\"\",\"font_color\":\"\"}}}],\"grids\":[{\"cells\":1,\"style\":{\"class\":\"thim-bg-color-overlay\",\"cell_class\":\"\",\"row_css\":\"\",\"bottom_margin\":\"\",\"gutter\":\"\",\"padding\":\"\",\"row_stretch\":\"full-stretched\",\"background\":\"\",\"background_image_attachment\":\"0\",\"background_display\":\"tile\",\"border_color\":\"\"}}],\"grid_cells\":[{\"grid\":0,\"weight\":1}]}","builder_id":"56457e67e8b4e","widget-class":""},"4":{"panels_data":"{\"widgets\":[{\"title_group\":{\"title\":\"Your Time Is Valuable\",\"color_title\":\"#333333\",\"size\":\"h3\",\"font_heading\":\"custom\",\"custom_heading\":{\"custom_font_size\":\"36\",\"custom_font_weight\":\"700\",\"custom_mg_bt\":\"\"}},\"desc_group\":{\"content\":\"Thanks for spending some of it with us.\",\"custom_font_size_des\":\"20\",\"custom_font_weight\":\"\",\"color_description\":\"#333333\"},\"read_more_group\":{\"link\":\"\",\"read_more\":\"complete_box\",\"button_read_more_group\":{\"read_text\":\"Read More\",\"read_more_text_color\":\"\",\"border_read_more_text\":\"\",\"bg_read_more_text\":\"\",\"read_more_text_color_hover\":\"\",\"bg_read_more_text_hover\":\"\"}},\"icon_type\":\"font-awesome\",\"font_7_stroke_group\":{\"icon\":\"\",\"icon_size\":\"14\"},\"font_awesome_group\":{\"icon\":\"\",\"icon_size\":\"14\"},\"font_image_group\":{\"icon_img\":\"\"},\"width_icon_box\":\"100\",\"color_group\":{\"icon_color\":\"\",\"icon_border_color\":\"\",\"icon_bg_color\":\"\",\"icon_hover_color\":\"\",\"icon_border_color_hover\":\"\",\"icon_bg_color_hover\":\"\"},\"layout_group\":{\"box_icon_style\":\"\",\"pos\":\"top\",\"text_align_sc\":\"text-center\",\"style_box\":\"\"},\"widget_background\":\"bg_video\",\"self_video\":\"83\",\"self_poster\":\"\",\"css_animation\":\"\",\"panels_info\":{\"class\":\"Thim_Icon_Box_Widget\",\"raw\":true,\"grid\":0,\"cell\":0,\"id\":0,\"style\":{\"class\":\"\",\"widget_css\":\"\",\"padding\":\"\",\"background\":\"\",\"background_image_attachment\":\"0\",\"background_display\":\"tile\",\"border_color\":\"\",\"font_color\":\"\"}}}],\"grids\":[{\"cells\":1,\"style\":{\"class\":\"thim-bg-color-overlay\",\"cell_class\":\"\",\"row_css\":\"\",\"bottom_margin\":\"\",\"gutter\":\"\",\"padding\":\"\",\"row_stretch\":\"full-stretched\",\"background\":\"\",\"background_image_attachment\":\"0\",\"background_display\":\"tile\",\"border_color\":\"\"}}],\"grid_cells\":[{\"grid\":0,\"weight\":1}]}","builder_id":"56457e67e8b4e","widget-class":""},"_multiwidget":1},"nav_menu":{"4":{"title":"Support","nav_menu":22,"widget-class":"col-sm-2"},"5":{"title":"Recommend","nav_menu":23,"widget-class":"col-sm-2"},"3":{"title":"Products","nav_menu":21,"widget-class":"col-sm-2"},"6":{"nav_menu":24,"widget-class":""},"7":{"title":"Products","nav_menu":21,"widget-class":"col-sm-2"},"8":{"title":"Support","nav_menu":22,"widget-class":"col-sm-2"},"9":{"title":"Recommend","nav_menu":23,"widget-class":"col-sm-2"},"10":{"nav_menu":24,"widget-class":""},"_multiwidget":1},"courses":{"3":{"heading_group":{"title":"Popular Courses","textcolor":false,"size":"h3","font_heading":"default","custom_font_heading":{"custom_font_size":18,"custom_font_weight":"normal"}},"desc_group":{"des":"","des_color":false,"des_font_size":16,"des_font_weight":"normal"},"order":"popular","layout":"list-sidebar","limit":3,"view_all_courses":"","slider-options":{"show_navigation":true,"item_visible":"4","show_pagination":false},"grid-options":{"columns":"2"},"widget-class":""},"4":{"heading_group":{"title":"Popular Courses","textcolor":false,"size":"h3","font_heading":"default","custom_font_heading":{"custom_font_size":18,"custom_font_weight":"normal"}},"desc_group":{"des":"","des_color":false,"des_font_size":16,"des_font_weight":"normal"},"order":"popular","layout":"list-sidebar","limit":3,"view_all_courses":"","slider-options":{"show_navigation":true,"item_visible":"4","show_pagination":false},"grid-options":{"columns":"2"},"widget-class":""},"_multiwidget":1}}]