[{"sidebar":["search-2","recent-posts-2","recent-comments-2","archives-2","categories-2","meta-2"],"footer-sidebar-1":["thim_layout_builder-2"],"sidebar_shop":["woocommerce_product_search-2","woocommerce_product_categories-2","woocommerce_price_filter-2","woocommerce_products-2","woocommerce_product_tag_cloud-2","media_image-3"]},{"search":{"2":{"title":""},"_multiwidget":1},"recent-posts":{"2":{"title":"","number":5},"_multiwidget":1},"recent-comments":{"2":{"title":"","number":5},"_multiwidget":1},"archives":{"2":{"title":"","count":0,"dropdown":0},"_multiwidget":1},"categories":{"2":{"title":"","count":0,"hierarchical":0,"dropdown":0},"_multiwidget":1},"meta":{"2":{"title":""},"_multiwidget":1},"thim_layout_builder":{"2":{"widget-class":"","content":"<p>[vc_row][vc_column][vc_single_image image=\"725\" img_size=\"full\" alignment=\"center\"][vc_wp_text el_class=\"thim-ex-footercenter\"]The best Multi-Purpose theme for WordPress, now available on ThemeForest. Saving $400 with Manta, get it now![\/vc_wp_text][thim-social-links social_links=\"%5B%7B%22icon%22%3A%22fa%20fa-facebook%22%2C%22link%22%3A%22http%3A%2F%2Ffacebook.com%2Fthimpress%2F%22%7D%2C%7B%22icon%22%3A%22fa%20fa-twitter%22%2C%22link%22%3A%22http%3A%2F%2Ftwitter.com%2Fthimpress%2F%22%7D%2C%7B%22icon%22%3A%22fa%20fa-skype%22%2C%22link%22%3A%22http%3A%2F%2Fskype.com%2Fthimpress%2F%22%7D%2C%7B%22icon%22%3A%22fa%20fa-google-plus%22%2C%22link%22%3A%22http%3A%2F%2Fplus.google.com%2Fthimpress%2F%22%7D%5D\" el_class=\"style-2\"][\/vc_column][\/vc_row]<\/p>\r\n","custom_css":""},"_multiwidget":1},"woocommerce_product_search":{"2":{"title":"","widget-class":""},"_multiwidget":1},"woocommerce_product_categories":{"2":{"title":"Categories","orderby":"name","dropdown":0,"count":1,"hierarchical":1,"show_children_only":0,"hide_empty":0,"max_depth":"","widget-class":""},"_multiwidget":1},"woocommerce_price_filter":{"2":{"title":"Filter by price","widget-class":""},"_multiwidget":1},"woocommerce_products":{"2":{"title":"POPULAR PRODUCTS","number":4,"show":"","orderby":"date","order":"desc","hide_free":0,"show_hidden":0,"widget-class":""},"_multiwidget":1},"woocommerce_product_tag_cloud":{"2":{"title":"Tags","widget-class":""},"_multiwidget":1},"media_image":{"3":{"attachment_id":728,"url":"http:\/\/penta.thimpress.com\/demo-3\/wp-content\/uploads\/sites\/3\/2018\/04\/banner.jpg","title":"","size":"full","width":298,"height":325,"caption":"","alt":"","link_type":"custom","link_url":"https:\/\/thimpress.com\/product\/education-pack-1-free-education-wordpress-theme\/","image_classes":"","link_classes":"","link_rel":"","link_target_blank":false,"image_title":"","widget-class":"","widget_logic":""},"_multiwidget":1}}]