[{"sidebar":["search-4","categories-2","courses-2","single-images-2","list-post-2"],"toolbar":["text-2","login-popup-2","text-3"],"footer":["siteorigin-panels-builder-9"],"copyright":["nav_menu-14"],"sidebar_courses":["course-categories-2","courses-5","single-images-5"],"megamenu":["siteorigin-panels-builder-10"]},{"search":{"4":{"title":"Search","widget-class":"","widget_logic":""},"_multiwidget":1},"categories":{"2":{"title":"","count":0,"hierarchical":0,"dropdown":0},"_multiwidget":1},"courses":{"2":{"title":"Latest Courses","order":"latest","cat_id":"all","layout":"list-sidebar","limit":3,"view_all_courses":"","view_all_position":"top","slider-options":{"show_navigation":true,"item_visible":"4","auto_play":0,"show_pagination":false},"grid-options":{"columns":"2"},"tabs-options":{"limit_tab":4,"cat_id_tab":false},"widget-class":"","widget_logic":""},"5":{"title":"Latest Courses","order":"latest","cat_id":"all","layout":"list-sidebar","limit":3,"view_all_courses":"","view_all_position":"top","slider-options":{"show_navigation":true,"item_visible":"4","auto_play":0,"show_pagination":false},"grid-options":{"columns":"2"},"tabs-options":{"limit_tab":4,"cat_id_tab":false},"widget-class":"","widget_logic":""},"_multiwidget":1},"single-images":{"2":{"image":3384,"image_size":"","image_link":"#","link_target":"_self","image_alignment":"left","css_animation":false,"widget-class":"","widget_logic":""},"5":{"image":3384,"image_size":"","image_link":"#","link_target":"_self","image_alignment":"left","css_animation":false,"widget-class":"","widget_logic":""},"_multiwidget":1},"list-post":{"2":{"title":"Latest Posts","cat_id":"9","image_size":"thumbnail","show_description":"no","number_posts":3,"orderby":"recent","order":"desc","link":"","text_link":"","style":"sidebar","widget-class":"","widget_logic":""},"_multiwidget":1},"text":{"2":{"title":"","text":"<div class=\"thim-have-any-question\">\r\nHave any question? \r\n<div class=\"mobile\"><i class=\"fa fa-phone\"><\/i><a href=\"tel:00123456789\" class=\"value\">(00) 123 456 789<\/a>\r\n<\/div>\r\n<div class=\"email\"><i class=\"fa fa-envelope\"><\/i><a href=\"mailto:hello@eduma.com\">hello@eduma.com<\/a>\r\n<\/div>\r\n<\/div>","filter":false,"widget-class":"","widget_logic":""},"3":{"title":"","text":"<div class=\"thim-language\">\r\n<a class=\"lang-item active\" href=\"#\">English<\/a>\r\n<ul class=\"list-lang\">\r\n<li class=\"lang-item\">\r\n<a class=\"lang-select\" href=\"#\">English<\/a>\r\n<\/li>\r\n<li class=\"lang-item\">\r\n<a class=\"lang-select\" href=\"#\">French<\/a>\r\n<\/li>\r\n<\/ul>\r\n<\/div>","filter":false,"widget-class":"","widget_logic":""},"_multiwidget":1},"login-popup":{"2":{"text_register":"Register","text_login":"Login","text_logout":"Logout","shortcode":"","widget-class":"","widget_logic":""},"_multiwidget":1},"siteorigin-panels-builder":{"9":{"panels_data":{"widgets":[{"title":"","text":"<div class=\"thim-footer-location\">\n\n<img class=\"alignnone size-full wp-image-10\" src=\"https:\/\/importeduma.thimpress.com\/wp-content\/uploads\/2015\/11\/logo.png\" alt=\"logo-eduma-the-best-lms-wordpress-theme\" width=\"145\" height=\"40\" \/>\n<p class=\"info\"><i class=\"fa fa-phone\"><\/i><a href=\"tel:00123456789\">(00) 123 456 789<\/a><\/p>\n<p class=\"info\"><i class=\"fa fa-envelope\"><\/i><a href=\"mailto:hello@eduma.com\">hello@eduma.com<\/a><\/p>\n\n<\/div>","filter":true,"visual":true,"widget_logic":"","widget-class":"","panels_info":{"class":"WP_Widget_Text","grid":0,"cell":0,"id":0,"widget_id":"807ef91f-d8e0-48ee-bb34-344f7b3dff2d","style":{"background_image_attachment":false,"background_display":"tile"}}},{"title":"","link_face":"#","link_twitter":"#","link_google":"#","link_dribble":"","link_linkedin":"","link_pinterest":"#","link_instagram":"","link_youtube":"","link_target":"_self","panels_info":{"class":"Thim_Social_Widget","raw":false,"grid":0,"cell":0,"id":1,"widget_id":"e6ac2621-3a6a-49c5-9c90-3de2e405aa71","style":{"background_image_attachment":false,"background_display":"tile"}}},{"title":"Company","nav_menu":"7","panels_info":{"class":"WP_Nav_Menu_Widget","raw":false,"grid":0,"cell":1,"id":2,"widget_id":"a3b65c8c-6662-4b4b-8d83-e1eba670924d","style":{"background_image_attachment":false,"background_display":"tile"}}},{"title":"Links","nav_menu":"21","panels_info":{"class":"WP_Nav_Menu_Widget","raw":false,"grid":0,"cell":2,"id":3,"widget_id":"10f7a3d4-585e-49bc-a1d7-270010c23bcd","style":{"background_image_attachment":false,"background_display":"tile"}}},{"title":"Support","nav_menu":"22","panels_info":{"class":"WP_Nav_Menu_Widget","raw":false,"grid":0,"cell":3,"id":4,"widget_id":"2f1b154d-8033-4f55-9a85-910107fd91fc","style":{"background_image_attachment":false,"background_display":"tile"}}},{"title":"Recommend","nav_menu":"23","panels_info":{"class":"WP_Nav_Menu_Widget","raw":false,"grid":0,"cell":4,"id":5,"widget_id":"ec2d3be0-f566-40a0-9088-ffa607e2a5d9","style":{"background_image_attachment":false,"background_display":"tile"}}}],"grids":[{"cells":5,"style":{"background_image_attachment":false,"background_display":"tile"}}],"grid_cells":[{"grid":0,"index":0,"weight":0.33300000000000002,"style":[]},{"grid":0,"index":1,"weight":0.16675000000000001,"style":[]},{"grid":0,"index":2,"weight":0.16675000000000001,"style":[]},{"grid":0,"index":3,"weight":0.16675000000000001,"style":[]},{"grid":0,"index":4,"weight":0.16675000000000001,"style":[]}]},"builder_id":"612656b648aca","widget_logic":"","widget-class":""},"10":{"panels_data":"{\"widgets\":[{\"title\":\"About Courses\",\"nav_menu\":\"54\",\"panels_info\":{\"class\":\"WP_Nav_Menu_Widget\",\"raw\":true,\"grid\":0,\"cell\":0,\"id\":0,\"style\":{\"class\":\"\",\"widget_css\":\"\",\"padding\":\"\",\"background\":\"\",\"background_image_attachment\":\"0\",\"background_display\":\"tile\",\"border_color\":\"\",\"font_color\":\"\",\"link_color\":\"\"}}},{\"title\":\"New Course\",\"order\":\"latest\",\"cat_id\":\"all\",\"layout\":\"megamenu\",\"limit\":\"1\",\"view_all_courses\":\"\",\"slider-options\":{\"show_navigation\":\"on\",\"item_visible\":\"4\"},\"grid-options\":{\"columns\":\"1\"},\"panels_info\":{\"class\":\"Thim_Courses_Widget\",\"raw\":false,\"grid\":0,\"cell\":1,\"id\":1,\"style\":{\"class\":\"\",\"widget_css\":\"\",\"padding\":\"\",\"background\":\"\",\"background_image_attachment\":\"0\",\"background_display\":\"tile\",\"border_color\":\"\",\"font_color\":\"\",\"link_color\":\"\"}}},{\"image\":\"4385\",\"image_size\":\"full\",\"image_link\":\"#\",\"link_target\":\"_self\",\"image_alignment\":\"left\",\"css_animation\":\"\",\"panels_info\":{\"class\":\"Thim_Single_Images_Widget\",\"raw\":false,\"grid\":0,\"cell\":2,\"id\":2,\"style\":{\"class\":\"\",\"widget_css\":\"\",\"padding\":\"\",\"background\":\"\",\"background_image_attachment\":\"0\",\"background_display\":\"tile\",\"border_color\":\"\",\"font_color\":\"\",\"link_color\":\"\"}}}],\"grids\":[{\"cells\":3,\"style\":{\"id\":\"\",\"class\":\"thim-megamenu-row\",\"cell_class\":\"\",\"row_css\":\"\",\"bottom_margin\":\"\",\"gutter\":\"\",\"padding\":\"\",\"row_stretch\":\"\",\"collapse_order\":\"\",\"background\":\"\",\"background_image_attachment\":\"0\",\"background_display\":\"tile\",\"border_color\":\"\"}}],\"grid_cells\":[{\"grid\":0,\"weight\":0.31},{\"grid\":0,\"weight\":0.31},{\"grid\":0,\"weight\":0.38}]}","builder_id":"56d3feac8c634","widget-class":"","widget_logic":""},"_multiwidget":1},"nav_menu":{"14":{"nav_menu":24,"widget-class":""},"_multiwidget":1},"course-categories":{"2":{"title":"All Courses","widget-class":"","show_counts":false,"hierarchical":false,"widget_logic":""},"_multiwidget":1}}]