[{"sidebar":["search-4","categories-2","courses-2","list-post-2"],"menu_right":["text-1210020"],"footer":["text-1210019"],"sidebar_shop":["woocommerce_price_filter-2","woocommerce_product_search-2","woocommerce_product_categories-2","woocommerce_products-2"]},{"search":{"4":{"title":"Search","widget-class":"","widget_logic":""},"_multiwidget":1},"categories":{"2":{"title":"","count":0,"hierarchical":0,"dropdown":0},"_multiwidget":1},"courses":{"2":{"title":"Popular Courses","limit":3,"order":"popular","cat_id":"all","layout":"list-sidebar","item_tab_slider_style":"style_1","before_heading":"","thumbnail_width":400,"thumbnail_height":300,"slider-options":{"item_visible":4,"auto_play":"","show_navigation":true,"show_pagination":false},"grid-options":{"columns":2},"view_all_courses":"","view_all_position":"","tabs-options":{"limit_tab":4,"cat_id_tab":""},"widget_logic":"","widget-class":"","featured":false,"grid_hide_author":false},"_multiwidget":1},"list-post":{"2":{"title":"Latest Posts","cat_id":"9","image_size":"thumbnail","show_description":"no","number_posts":3,"orderby":"recent","order":"desc","link":"","text_link":"","style":"sidebar","widget-class":"","widget_logic":""},"_multiwidget":1},"text":{"1210020":{"title":"","text":"[thim_ekit id=\"12396\"]","filter":true,"visual":true,"widget_logic":"","widget-class":""},"1210019":{"title":"","text":"[thim_ekit id=\"15942\"]","filter":true,"visual":true,"widget_logic":"","widget-class":""},"_multiwidget":1},"woocommerce_price_filter":{"2":{"title":"Filter by price","widget_logic":"","widget-class":""},"_multiwidget":1},"woocommerce_product_search":{"2":{"title":"","widget_logic":"","widget-class":""},"_multiwidget":1},"woocommerce_product_categories":{"2":{"title":"Product categories","orderby":"name","dropdown":0,"count":1,"hierarchical":0,"show_children_only":0,"hide_empty":0,"max_depth":"","widget_logic":"","widget-class":""},"_multiwidget":1},"woocommerce_products":{"2":{"title":"Products","number":3,"show":"","orderby":"date","order":"desc","hide_free":0,"show_hidden":0,"widget_logic":"","widget-class":""},"_multiwidget":1}}]