[{"sidebar":["search-4","categories-3","list-post-3","tag_cloud-4","single-images-4","text-9"],"toolbar":["text-12","text-15"],"menu_right":["login-popup-5","button-2"],"footer":["text-14"],"copyright":["social-3"],"sidebar_courses":["courses-3","single-images-6","text-13"],"sidebar_shop":["woocommerce_product_categories-2","woocommerce_price_filter-2","woocommerce_products-2","woocommerce_product_tag_cloud-2"]},{"search":{"4":{"title":"","widget_logic":"","widget-class":""},"_multiwidget":1},"categories":{"3":{"title":"","count":0,"hierarchical":0,"dropdown":0,"widget_logic":"","widget-class":""},"_multiwidget":1},"list-post":{"3":{"title":"Recent Posts","style":"no_style","cat_id":"all","image_size":"thumbnail","size_w":400,"size_h":400,"show_description":"no","number_posts":3,"orderby":"recent","order":"desc","feature_text":"Sticky Post","link":"","text_link":"","autoplayTimeout":0,"widget_logic":"","widget-class":"","autoplay":false},"_multiwidget":1},"tag_cloud":{"4":{"title":"","count":0,"taxonomy":"post_tag","widget_logic":"","widget-class":""},"_multiwidget":1},"single-images":{"4":{"image":5699,"image_size":"full","image_link":"http:\/\/coachingwp.staging.wpengine.com\/shop\/","link_target":"_blank","image_alignment":"left","css_animation":false,"widget_logic":"","widget-class":"shop-image"},"6":{"image":5699,"image_size":"full","image_link":"#","link_target":"_self","image_alignment":"left","css_animation":false,"widget-class":"","widget_logic":""},"_multiwidget":1},"text":{"9":{"title":"","text":"<iframe src=\"https:\/\/www.facebook.com\/plugins\/page.php?href=https%3A%2F%2Fwww.facebook.com%2FThimPress%2F&tabs=timeline&width=270&height=500&small_header=false&adapt_container_width=true&hide_cover=false&show_facepile=true&appId\" height=\"322\" style=\"border:none;overflow:hidden;width:270px;\"><\/iframe>","filter":false,"visual":false,"widget_logic":"","widget-class":""},"12":{"title":"","text":"<div class=\"thim-have-any-question\">\r\n<div class=\"mobile\"><i class=\"fa fa-phone\"><\/i>NEED HELP? CALL US NOW:<a href=\"tel:+8812345 6789\" class=\"value primary-color border-right\">  (+88) 12 345 6789<\/a>\r\n<\/div>\r\n<div class=\"email\"><i class=\"fa fa-envelope\"><\/i><a href=\"mailto:hello@coaching.com\">hello@coaching.com<\/a>\r\n<\/div>\r\n<\/div>","filter":false,"widget-class":"","widget_logic":"","visual":false},"15":{"title":"","text":"<div class=\"thim-have-any-question pull-right\">\r\n<div class=\"address border-right\"><i class=\"fa fa-map-marker\"><\/i>2130 Fulton Street San Francisco, CA 94117-1080 USA<\/div>\r\n<\/div>","filter":true,"visual":true,"widget_logic":"","widget-class":""},"14":{"title":"","text":"[INSERT_ELEMENTOR id=\"6705\"]","filter":true,"visual":true,"widget_logic":"","widget-class":""},"13":{"title":"","text":"<iframe src=\"https:\/\/www.facebook.com\/plugins\/page.php?href=https%3A%2F%2Fwww.facebook.com%2FThimPress%2F&tabs=timeline&width=270&height=500&small_header=false&adapt_container_width=true&hide_cover=false&show_facepile=true&appId\" width=\"270\" height=\"322\" style=\"border:none;overflow:hidden\"><\/iframe>","filter":false,"widget-class":"","widget_logic":""},"_multiwidget":1},"login-popup":{"5":{"show_register":false,"text_register":"Register","text_login":"Login","text_logout":"Logout","style":"layout_3","shortcode":"[miniorange_social_login]","widget_logic":"","widget-class":""},"_multiwidget":1},"button":{"2":{"title":"Make an appointment","url":"#","custom_style":"custom_style","style_options":{"font_size":14,"font_weight":"normal","border_width":0,"color":"#ffffff","border_color":false,"bg_color":false,"hover_color":"#ffffff","hover_border_color":false,"hover_bg_color":false,"custom_button_style":""},"icon":{"icon":"","icon_size":14},"layout":{"button_size":"regular","rounding":false},"text_align":"text-center","widget_logic":"","widget-class":"thim-button-gradient  ","new_window":false},"_multiwidget":1},"social":{"3":{"title":"","link_face":"#","link_twitter":"#","link_google":"","link_dribble":"","link_linkedin":"","link_pinterest":"#","link_instagram":"#","link_youtube":"","link_target":"_self","style":"no-border","widget_logic":"","widget-class":"","show_text":false},"_multiwidget":1},"courses":{"3":{"title":"Popular Courses ","order":"latest","cat_id":"all","layout":"list-sidebar","thumbnail_width":400,"thumbnail_height":300,"limit":3,"view_all_courses":"","view_all_position":"top","slider-options":{"show_navigation":true,"item_visible":"4","show_pagination":false},"grid-options":{"columns":"4"},"widget_logic":" ","widget-class":""},"_multiwidget":1},"woocommerce_product_categories":{"2":{"title":"Categories","orderby":"name","dropdown":0,"count":0,"hierarchical":1,"show_children_only":0,"hide_empty":0,"max_depth":"","widget_logic":"","widget-class":""},"_multiwidget":1},"woocommerce_price_filter":{"2":{"title":"Filter by price","widget_logic":"","widget-class":""},"_multiwidget":1},"woocommerce_products":{"2":{"title":"Best sellers","number":3,"show":"","orderby":"sales","order":"desc","hide_free":0,"show_hidden":0,"widget_logic":"","widget-class":""},"_multiwidget":1},"woocommerce_product_tag_cloud":{"2":{"title":"Product Tags","widget_logic":"","widget-class":""},"_multiwidget":1}}]