[{"sidebar-1":["search-3","categories-5","recent-posts-4","tag_cloud-2","single-images-2"],"menu_right":["form-login-3","woocommerce_widget_cart-2"],"footer":["siteorigin-panels-builder-4"],"copyright":["siteorigin-panels-builder-3"],"shop":["media_image-2","woocommerce_product_categories-2","woocommerce_products-2"],"sidebar_courses":["course-categories-2"]},{"search":{"3":{"title":"","widget_logic":"","widget-class":""},"_multiwidget":1},"categories":{"5":{"title":"Categories","count":0,"hierarchical":0,"dropdown":0,"widget-class":""},"_multiwidget":1},"recent-posts":{"4":{"title":"Recent Posts","number":5,"show_date":false,"widget-class":"","category":"-1","widget_logic":""},"_multiwidget":1},"tag_cloud":{"2":{"title":"Tags","taxonomy":"post_tag","widget_logic":"","widget-class":""},"_multiwidget":1},"single-images":{"2":{"image":12350,"image_size":"full","image_link":"https:\/\/thimpress.com\/","link_target":"_blank","image_alignment":"center","css_animation":false,"widget_logic":"","widget-class":""},"_multiwidget":1},"form-login":{"3":{"text_login":"Login","text_logout":"Logout","widget-class":""},"_multiwidget":1},"woocommerce_widget_cart":{"2":{"hide_if_empty":0,"widget_logic":"","widget-class":""},"_multiwidget":1},"siteorigin-panels-builder":{"4":{"panels_data":{"widgets":[{"title":"","text":"<img src=\"https:\/\/elearningwp.thimpress.com\/wp-content\/uploads\/2017\/06\/logo-footer.png\" alt=\"logo-footer\" \/>\n<ul class=\"list-contact\">\n \t<li><i class=\"fa fa-envelope-o\"><\/i><a href=\"emailto:info@thimpress.com\"> Info@thimpress.com<\/a><\/li>\n \t<li><i class=\"fa fa-phone\"><\/i><a href=\"tel:0123456789\">+ (0123) 456 789<\/a><\/li>\n \t<li><i class=\"fa fa-fax\"><\/i>+ (0122) 456 789<\/li>\n \t<li><i class=\"fa fa-map-marker\"><\/i> no 200 Joseob, Canada<\/li>\n<\/ul>","widget_logic":"","widget-class":"","filter":"content","panels_info":{"class":"WP_Widget_Text","raw":false,"grid":0,"cell":0,"id":0,"widget_id":"e873f956-e739-472b-9534-8bf0cb0e4b7e","style":{"background_image_attachment":false,"background_display":"tile"}}},{"title":"Company","nav_menu":90,"widget_logic":"","widget-class":"","panels_info":{"class":"WP_Nav_Menu_Widget","raw":false,"grid":0,"cell":1,"id":1,"widget_id":"6defad21-80ab-4dce-9793-93935cd16641","style":{"background_image_attachment":false,"background_display":"tile"}}},{"title":"Link","nav_menu":33,"widget_logic":"","widget-class":"","panels_info":{"class":"WP_Nav_Menu_Widget","raw":false,"grid":0,"cell":2,"id":2,"widget_id":"6defad21-80ab-4dce-9793-93935cd16641","style":{"background_image_attachment":false,"background_display":"tile"}}},{"title":"Support","nav_menu":91,"widget_logic":"","widget-class":"","panels_info":{"class":"WP_Nav_Menu_Widget","raw":false,"grid":0,"cell":3,"id":3,"widget_id":"6defad21-80ab-4dce-9793-93935cd16641","style":{"background_image_attachment":false,"background_display":"tile"}}},{"title":"Gallery","ids":[12768,12708,12680,12654,12636,12614,12581,12532],"columns":4,"size":"thumbnail","link_type":"none","orderby_random":false,"widget_logic":"","widget-class":"","panels_info":{"class":"WP_Widget_Media_Gallery","grid":0,"cell":4,"id":4,"widget_id":"d88c6c5b-c315-427d-a041-150a8c4399a9","style":{"background_image_attachment":false,"background_display":"tile","background_image_size":"full","background_image_opacity":"100","border_thickness":"1px"}}}],"grids":[{"cells":5,"style":{"background_image_attachment":false,"background_display":"tile","full_height":"","cell_alignment":"flex-start"}}],"grid_cells":[{"grid":0,"index":0,"weight":0.25045959195444001,"style":[]},{"grid":0,"index":1,"weight":0.16625384924354,"style":[]},{"grid":0,"index":2,"weight":0.16683316683317001,"style":[]},{"grid":0,"index":3,"weight":0.16618883693625999,"style":[]},{"grid":0,"index":4,"weight":0.25026455503259998,"style":[]}]},"builder_id":"65265f6709624","widget_logic":"","widget-class":""},"3":{"panels_data":{"widgets":[{"title":"","map_center":"New York","api_key":"AIzaSyCEv6YBbPEv4wCR-AkQ5dmQ4GXXGa_6vIc","settings":{"height":"480","zoom":17,"draggable":true,"scroll_zoom":false},"markers":{"marker_at_center":true,"marker_icon":0,"marker_positions":false},"widget_logic":"","widget-class":"","panels_info":{"class":"Google_Map_Widget","raw":false,"grid":0,"cell":0,"id":0,"widget_id":"be4bb360-4c56-4aaf-bb64-7d5ecdd3108a","style":{"background_image_attachment":false,"background_display":"tile"}}},{"title":"","text":"<h3>Subscribe To Our Newsletter<\/h3>\n<p>Phasellus nec dolor.Sed ornare semper ipsum. Sed pede orci volutpat sed congue vels gravida non lacus.<\/p>\n[mc4wp_form id=\"12019\"]","widget_logic":"","widget-class":"","filter":false,"panels_info":{"class":"WP_Widget_Text","raw":false,"grid":0,"cell":0,"id":1,"widget_id":"dd1619ed-0150-48b4-9aa0-88fabb19daf8","style":{"background_image_attachment":false,"background_display":"tile"}}},{"title":"","link_face":"https:\/\/www.facebook.com\/thimpress","link_twitter":"https:\/\/www.twitter.com\/thimpress","link_google":"","link_dribble":"#","link_linkedin":"#","link_pinterest":"#","link_digg":"#","link_youtube":"#","link_target":"_blank","widget_logic":"","widget-class":"","panels_info":{"class":"Thim_Social_Widget","grid":0,"cell":0,"id":2,"widget_id":"aa42f19c-520d-4950-b591-756a6d839730","style":{"background_image_attachment":false,"background_display":"tile","background_image_size":"full","background_image_opacity":"100","border_thickness":"1px"}}}],"grids":[{"cells":1,"style":{"class":"bg_maps","padding":"100px 0px 100px 0px","background_image_attachment":false,"background_display":"tile","full_height":"","row_stretch":"full-width-stretch","cell_alignment":"flex-start"}}],"grid_cells":[{"grid":0,"index":0,"weight":1,"style":[]}]},"builder_id":"65ae14be465c3","widget_logic":"","widget-class":""},"_multiwidget":1},"media_image":{"2":{"attachment_id":12350,"url":"https:\/\/elearningwp.thimpress.com\/wp-content\/uploads\/2017\/06\/layer-724.jpg","title":"","size":"full","width":263,"height":263,"caption":"","alt":"","link_type":"none","link_url":"","image_classes":"","link_classes":"","link_rel":"","image_title":"","widget_logic":"","widget-class":"","link_target_blank":false},"_multiwidget":1},"woocommerce_product_categories":{"2":{"title":"Product categories","orderby":"name","dropdown":0,"count":0,"hierarchical":1,"show_children_only":0,"hide_empty":0,"widget_logic":"","widget-class":""},"_multiwidget":1},"woocommerce_products":{"2":{"title":"Products","number":5,"show":"","orderby":"date","order":"desc","hide_free":0,"show_hidden":0,"widget_logic":"","widget-class":""},"_multiwidget":1},"course-categories":{"2":{"title":"Categories","layout":"base","slider-options":{"limit":15,"show_navigation":true,"item_visible":"7","auto_play":0,"show_pagination":false},"widget_logic":"","widget-class":"","list-options":{"show_counts":false,"hierarchical":false}},"_multiwidget":1}}]