{"adrotate":[{"id":"1","title":"270x270","bannercode":"&lt;a href=\\&quot;https:\/\/themeforest.net\/item\/magazine-wordpress-theme-mag-wp\/19305239?ref=thimpress&amp;utm_source=demo&amp;utm_medium=adsbanner\\&quot;&gt;&lt;img alt=\\&quot;\\&quot; src=\\&quot;https:\/\/magwp.thimpress.com\/wp-content\/uploads\/2017\/02\/option1-270x270-min.png\\&quot; \/&gt;&lt;\/a&gt;","thetime":"1480006355","updated":"1487339525","author":"admin","imagetype":"","image":"","paid":"U","tracker":"Y","desktop":"Y","mobile":"Y","tablet":"Y","os_ios":"Y","os_android":"Y","os_other":"Y","responsive":"N","type":"active","weight":"6","autodelete":"N","budget":"0","crate":"0","irate":"0","cities":"a:0:{}","countries":"a:0:{}"},{"id":"2","title":"728x90","bannercode":"&lt;a href=\\&quot;https:\/\/themeforest.net\/item\/magazine-wordpress-theme-mag-wp\/19305239?ref=thimpress&amp;utm_source=demo&amp;utm_medium=adsbanner\\&quot;&gt;&lt;img alt=\\&quot;\\&quot; src=\\&quot;https:\/\/magwp.thimpress.com\/wp-content\/uploads\/2017\/04\/thimpress_magwp.png\\&quot; \/&gt;&lt;\/a&gt;","thetime":"1480006355","updated":"1492770536","author":"admin","imagetype":"","image":"","paid":"U","tracker":"Y","desktop":"Y","mobile":"Y","tablet":"Y","os_ios":"Y","os_android":"Y","os_other":"Y","responsive":"N","type":"active","weight":"6","autodelete":"N","budget":"0","crate":"0","irate":"0","cities":"a:0:{}","countries":"a:0:{}"},{"id":"3","title":"270x270 - 2","bannercode":"&lt;a href=\\&quot;https:\/\/themeforest.net\/item\/magazine-wordpress-theme-mag-wp\/19305239?ref=thimpress&amp;utm_source=demo&amp;utm_medium=adsbanner\\&quot;&gt;&lt;img alt=\\&quot;\\&quot; src=\\&quot;https:\/\/magwp.thimpress.com\/wp-content\/uploads\/2017\/02\/option4-270x270-min.png\\&quot; \/&gt;&lt;\/a&gt;","thetime":"1487339555","updated":"1487339575","author":"admin","imagetype":"","image":"","paid":"U","tracker":"Y","desktop":"Y","mobile":"Y","tablet":"Y","os_ios":"Y","os_android":"Y","os_other":"Y","responsive":"N","type":"active","weight":"6","autodelete":"N","budget":"0","crate":"0","irate":"0","cities":"a:0:{}","countries":"a:0:{}"},{"id":"4","title":"728x90 - 2","bannercode":"&lt;a href=\\&quot;https:\/\/themeforest.net\/item\/magazine-wordpress-theme-mag-wp\/19305239?ref=thimpress&amp;utm_source=demo&amp;utm_medium=adsbanner\\&quot;&gt;&lt;img alt=\\&quot;\\&quot; src=\\&quot;https:\/\/magwp.thimpress.com\/wp-content\/uploads\/2017\/04\/thim_magwp.png\\&quot; \/&gt;&lt;\/a&gt;","thetime":"1487339583","updated":"1492770530","author":"admin","imagetype":"","image":"","paid":"U","tracker":"Y","desktop":"Y","mobile":"Y","tablet":"Y","os_ios":"Y","os_android":"Y","os_other":"Y","responsive":"N","type":"active","weight":"6","autodelete":"N","budget":"0","crate":"0","irate":"0","cities":"a:0:{}","countries":"a:0:{}"}],"adrotate_groups":[{"id":"1","name":"270x270","modus":"1","fallback":"0","cat":"","cat_loc":"0","cat_par":"0","page":"","page_loc":"0","page_par":"0","mobile":"0","geo":"0","wrapper_before":"","wrapper_after":"","align":"3","gridrows":"1","gridcolumns":"1","admargin":"0","admargin_bottom":"0","admargin_left":"0","admargin_right":"0","adwidth":"270","adheight":"270","adspeed":"6000"},{"id":"2","name":"728x90","modus":"1","fallback":"0","cat":"","cat_loc":"0","cat_par":"0","page":"","page_loc":"0","page_par":"0","mobile":"0","geo":"0","wrapper_before":"","wrapper_after":"","align":"3","gridrows":"1","gridcolumns":"1","admargin":"0","admargin_bottom":"0","admargin_left":"0","admargin_right":"0","adwidth":"728","adheight":"90","adspeed":"6000"}],"adrotate_linkmeta":[{"id":"1","ad":"1","group":"0","user":"0","schedule":"1"},{"id":"2","ad":"2","group":"0","user":"0","schedule":"2"},{"id":"3","ad":"3","group":"0","user":"0","schedule":"3"},{"id":"4","ad":"4","group":"0","user":"0","schedule":"4"},{"id":"5","ad":"1","group":"1","user":"0","schedule":"0"},{"id":"6","ad":"3","group":"1","user":"0","schedule":"0"},{"id":"7","ad":"2","group":"2","user":"0","schedule":"0"},{"id":"8","ad":"4","group":"2","user":"0","schedule":"0"}],"adrotate_schedule":[{"id":"1","name":"Schedule for ad 1","starttime":"1480006320","stoptime":"2528643120","maxclicks":"0","maximpressions":"0","spread":"N","daystarttime":"0000","daystoptime":"0000","day_mon":"Y","day_tue":"Y","day_wed":"Y","day_thu":"Y","day_fri":"Y","day_sat":"Y","day_sun":"Y","autodelete":"N"},{"id":"2","name":"Schedule for ad 2","starttime":"1480006320","stoptime":"2528643120","maxclicks":"0","maximpressions":"0","spread":"N","daystarttime":"0000","daystoptime":"0000","day_mon":"Y","day_tue":"Y","day_wed":"Y","day_thu":"Y","day_fri":"Y","day_sat":"Y","day_sun":"Y","autodelete":"N"},{"id":"3","name":"Schedule for ad 3","starttime":"1487339520","stoptime":"2535976320","maxclicks":"0","maximpressions":"0","spread":"N","daystarttime":"0000","daystoptime":"0000","day_mon":"Y","day_tue":"Y","day_wed":"Y","day_thu":"Y","day_fri":"Y","day_sat":"Y","day_sun":"Y","autodelete":"N"},{"id":"4","name":"Schedule for ad 4","starttime":"1487339580","stoptime":"2535976380","maxclicks":"0","maximpressions":"0","spread":"N","daystarttime":"0000","daystoptime":"0000","day_mon":"Y","day_tue":"Y","day_wed":"Y","day_thu":"Y","day_fri":"Y","day_sat":"Y","day_sun":"Y","autodelete":"N"}],"adrotate_stats":[{"id":"1","ad":"1","group":"0","thetime":"1479945600","clicks":"0","impressions":"11"},{"id":"2","ad":"2","group":"0","thetime":"1479945600","clicks":"0","impressions":"8"},{"id":"3","ad":"2","group":"0","thetime":"1480032000","clicks":"0","impressions":"27"},{"id":"4","ad":"1","group":"0","thetime":"1480032000","clicks":"0","impressions":"28"},{"id":"5","ad":"2","group":"0","thetime":"1480291200","clicks":"0","impressions":"32"},{"id":"6","ad":"1","group":"0","thetime":"1480291200","clicks":"0","impressions":"37"},{"id":"7","ad":"2","group":"0","thetime":"1480377600","clicks":"0","impressions":"16"},{"id":"8","ad":"1","group":"0","thetime":"1480377600","clicks":"0","impressions":"17"},{"id":"9","ad":"2","group":"0","thetime":"1480464000","clicks":"0","impressions":"53"},{"id":"10","ad":"1","group":"0","thetime":"1480464000","clicks":"0","impressions":"54"},{"id":"11","ad":"1","group":"0","thetime":"1480550400","clicks":"0","impressions":"66"},{"id":"12","ad":"2","group":"0","thetime":"1480550400","clicks":"0","impressions":"61"},{"id":"13","ad":"2","group":"0","thetime":"1480636800","clicks":"0","impressions":"27"},{"id":"14","ad":"1","group":"0","thetime":"1480636800","clicks":"0","impressions":"25"},{"id":"15","ad":"2","group":"0","thetime":"1480896000","clicks":"0","impressions":"49"},{"id":"16","ad":"1","group":"0","thetime":"1480896000","clicks":"0","impressions":"46"},{"id":"17","ad":"2","group":"0","thetime":"1480982400","clicks":"0","impressions":"20"},{"id":"18","ad":"1","group":"0","thetime":"1480982400","clicks":"0","impressions":"20"},{"id":"19","ad":"2","group":"0","thetime":"1481068800","clicks":"0","impressions":"18"},{"id":"20","ad":"1","group":"0","thetime":"1481068800","clicks":"0","impressions":"18"},{"id":"21","ad":"2","group":"0","thetime":"1481155200","clicks":"0","impressions":"8"},{"id":"22","ad":"1","group":"0","thetime":"1481155200","clicks":"0","impressions":"8"},{"id":"23","ad":"2","group":"0","thetime":"1481241600","clicks":"0","impressions":"17"},{"id":"24","ad":"1","group":"0","thetime":"1481241600","clicks":"0","impressions":"17"},{"id":"25","ad":"2","group":"0","thetime":"1481414400","clicks":"0","impressions":"3"},{"id":"26","ad":"1","group":"0","thetime":"1481414400","clicks":"0","impressions":"3"},{"id":"27","ad":"2","group":"0","thetime":"1481500800","clicks":"0","impressions":"15"},{"id":"28","ad":"1","group":"0","thetime":"1481500800","clicks":"0","impressions":"15"},{"id":"29","ad":"2","group":"0","thetime":"1481587200","clicks":"0","impressions":"41"},{"id":"30","ad":"1","group":"0","thetime":"1481587200","clicks":"0","impressions":"41"},{"id":"31","ad":"2","group":"0","thetime":"1481673600","clicks":"0","impressions":"8"},{"id":"32","ad":"1","group":"0","thetime":"1481673600","clicks":"0","impressions":"8"},{"id":"33","ad":"2","group":"0","thetime":"1481760000","clicks":"0","impressions":"33"},{"id":"34","ad":"1","group":"0","thetime":"1481760000","clicks":"0","impressions":"33"},{"id":"35","ad":"2","group":"0","thetime":"1481846400","clicks":"0","impressions":"32"},{"id":"36","ad":"1","group":"0","thetime":"1481846400","clicks":"0","impressions":"32"},{"id":"37","ad":"2","group":"0","thetime":"1481932800","clicks":"0","impressions":"1"},{"id":"38","ad":"1","group":"0","thetime":"1481932800","clicks":"0","impressions":"1"},{"id":"39","ad":"1","group":"0","thetime":"1481932800","clicks":"0","impressions":"1"},{"id":"40","ad":"2","group":"0","thetime":"1482019200","clicks":"0","impressions":"9"},{"id":"41","ad":"1","group":"0","thetime":"1482019200","clicks":"0","impressions":"9"},{"id":"42","ad":"2","group":"0","thetime":"1482105600","clicks":"0","impressions":"60"},{"id":"43","ad":"1","group":"0","thetime":"1482105600","clicks":"0","impressions":"60"},{"id":"44","ad":"2","group":"0","thetime":"1482192000","clicks":"0","impressions":"30"},{"id":"45","ad":"1","group":"0","thetime":"1482192000","clicks":"0","impressions":"30"},{"id":"46","ad":"2","group":"0","thetime":"1482278400","clicks":"0","impressions":"14"},{"id":"47","ad":"1","group":"0","thetime":"1482278400","clicks":"0","impressions":"14"},{"id":"48","ad":"2","group":"0","thetime":"1482364800","clicks":"0","impressions":"14"},{"id":"49","ad":"1","group":"0","thetime":"1482364800","clicks":"0","impressions":"14"},{"id":"50","ad":"2","group":"0","thetime":"1482451200","clicks":"0","impressions":"55"},{"id":"51","ad":"1","group":"0","thetime":"1482451200","clicks":"0","impressions":"55"},{"id":"52","ad":"2","group":"0","thetime":"1482537600","clicks":"0","impressions":"1"},{"id":"53","ad":"1","group":"0","thetime":"1482537600","clicks":"0","impressions":"1"},{"id":"54","ad":"2","group":"0","thetime":"1482624000","clicks":"0","impressions":"1"},{"id":"55","ad":"1","group":"0","thetime":"1482624000","clicks":"0","impressions":"1"},{"id":"56","ad":"2","group":"0","thetime":"1482710400","clicks":"0","impressions":"24"},{"id":"57","ad":"1","group":"0","thetime":"1482710400","clicks":"0","impressions":"24"},{"id":"58","ad":"2","group":"0","thetime":"1482796800","clicks":"0","impressions":"16"},{"id":"59","ad":"1","group":"0","thetime":"1482796800","clicks":"0","impressions":"17"},{"id":"60","ad":"2","group":"0","thetime":"1482883200","clicks":"0","impressions":"4"},{"id":"61","ad":"1","group":"0","thetime":"1482883200","clicks":"0","impressions":"4"},{"id":"62","ad":"2","group":"0","thetime":"1482969600","clicks":"0","impressions":"4"},{"id":"63","ad":"1","group":"0","thetime":"1482969600","clicks":"0","impressions":"4"},{"id":"64","ad":"2","group":"0","thetime":"1483441200","clicks":"0","impressions":"1"},{"id":"65","ad":"1","group":"0","thetime":"1483441200","clicks":"0","impressions":"1"},{"id":"66","ad":"2","group":"0","thetime":"1483448400","clicks":"0","impressions":"1"},{"id":"67","ad":"1","group":"0","thetime":"1483448400","clicks":"0","impressions":"1"},{"id":"68","ad":"2","group":"0","thetime":"1483455600","clicks":"0","impressions":"3"},{"id":"69","ad":"1","group":"0","thetime":"1483455600","clicks":"0","impressions":"3"},{"id":"70","ad":"2","group":"0","thetime":"1483459200","clicks":"0","impressions":"1"},{"id":"71","ad":"1","group":"0","thetime":"1483459200","clicks":"0","impressions":"1"},{"id":"72","ad":"2","group":"0","thetime":"1483534800","clicks":"0","impressions":"2"},{"id":"73","ad":"1","group":"0","thetime":"1483534800","clicks":"0","impressions":"2"},{"id":"74","ad":"2","group":"0","thetime":"1483545600","clicks":"0","impressions":"1"},{"id":"75","ad":"1","group":"0","thetime":"1483545600","clicks":"0","impressions":"1"},{"id":"76","ad":"2","group":"0","thetime":"1483606800","clicks":"0","impressions":"2"},{"id":"77","ad":"1","group":"0","thetime":"1483606800","clicks":"0","impressions":"2"},{"id":"78","ad":"2","group":"0","thetime":"1483621200","clicks":"0","impressions":"1"},{"id":"79","ad":"1","group":"0","thetime":"1483621200","clicks":"0","impressions":"1"},{"id":"80","ad":"2","group":"0","thetime":"1483635600","clicks":"0","impressions":"5"},{"id":"81","ad":"1","group":"0","thetime":"1483635600","clicks":"0","impressions":"5"},{"id":"82","ad":"2","group":"0","thetime":"1483689600","clicks":"0","impressions":"1"},{"id":"83","ad":"1","group":"0","thetime":"1483689600","clicks":"0","impressions":"1"},{"id":"84","ad":"2","group":"0","thetime":"1483693200","clicks":"0","impressions":"5"},{"id":"85","ad":"1","group":"0","thetime":"1483693200","clicks":"0","impressions":"5"},{"id":"86","ad":"2","group":"0","thetime":"1483700400","clicks":"0","impressions":"1"},{"id":"87","ad":"1","group":"0","thetime":"1483700400","clicks":"0","impressions":"1"},{"id":"88","ad":"2","group":"0","thetime":"1483714800","clicks":"0","impressions":"1"},{"id":"89","ad":"1","group":"0","thetime":"1483714800","clicks":"0","impressions":"1"},{"id":"90","ad":"2","group":"0","thetime":"1483970400","clicks":"0","impressions":"1"},{"id":"91","ad":"1","group":"0","thetime":"1483970400","clicks":"0","impressions":"2"},{"id":"92","ad":"2","group":"0","thetime":"1484218800","clicks":"0","impressions":"1"},{"id":"93","ad":"1","group":"0","thetime":"1484218800","clicks":"0","impressions":"1"},{"id":"94","ad":"2","group":"0","thetime":"1484226000","clicks":"0","impressions":"2"},{"id":"95","ad":"1","group":"0","thetime":"1484226000","clicks":"0","impressions":"2"},{"id":"96","ad":"2","group":"0","thetime":"1484229600","clicks":"0","impressions":"1"},{"id":"97","ad":"1","group":"0","thetime":"1484229600","clicks":"0","impressions":"1"},{"id":"98","ad":"2","group":"0","thetime":"1484323200","clicks":"0","impressions":"2"},{"id":"99","ad":"1","group":"0","thetime":"1484323200","clicks":"0","impressions":"2"},{"id":"100","ad":"2","group":"0","thetime":"1484326800","clicks":"0","impressions":"1"},{"id":"101","ad":"1","group":"0","thetime":"1484326800","clicks":"0","impressions":"1"},{"id":"102","ad":"2","group":"0","thetime":"1484557200","clicks":"0","impressions":"1"},{"id":"103","ad":"1","group":"0","thetime":"1484557200","clicks":"0","impressions":"1"},{"id":"104","ad":"1","group":"0","thetime":"1484575200","clicks":"0","impressions":"3"},{"id":"105","ad":"2","group":"0","thetime":"1484582400","clicks":"0","impressions":"1"},{"id":"106","ad":"1","group":"0","thetime":"1484582400","clicks":"0","impressions":"1"},{"id":"107","ad":"2","group":"0","thetime":"1484586000","clicks":"0","impressions":"2"},{"id":"108","ad":"1","group":"0","thetime":"1484586000","clicks":"0","impressions":"2"},{"id":"109","ad":"2","group":"0","thetime":"1484726400","clicks":"0","impressions":"2"},{"id":"110","ad":"1","group":"0","thetime":"1484726400","clicks":"0","impressions":"2"},{"id":"111","ad":"1","group":"0","thetime":"1484730000","clicks":"0","impressions":"17"},{"id":"112","ad":"2","group":"0","thetime":"1484730000","clicks":"0","impressions":"14"},{"id":"113","ad":"2","group":"0","thetime":"1484733600","clicks":"0","impressions":"3"},{"id":"114","ad":"1","group":"0","thetime":"1484733600","clicks":"0","impressions":"3"},{"id":"115","ad":"2","group":"0","thetime":"1484737200","clicks":"0","impressions":"3"},{"id":"116","ad":"1","group":"0","thetime":"1484737200","clicks":"0","impressions":"4"},{"id":"117","ad":"2","group":"0","thetime":"1484758800","clicks":"0","impressions":"1"},{"id":"118","ad":"1","group":"0","thetime":"1484758800","clicks":"0","impressions":"1"},{"id":"119","ad":"2","group":"0","thetime":"1484812800","clicks":"0","impressions":"4"},{"id":"120","ad":"1","group":"0","thetime":"1484812800","clicks":"0","impressions":"4"},{"id":"121","ad":"2","group":"0","thetime":"1484830800","clicks":"0","impressions":"1"},{"id":"122","ad":"1","group":"0","thetime":"1484830800","clicks":"0","impressions":"1"},{"id":"123","ad":"2","group":"0","thetime":"1484838000","clicks":"0","impressions":"4"},{"id":"124","ad":"1","group":"0","thetime":"1484838000","clicks":"0","impressions":"6"},{"id":"125","ad":"2","group":"0","thetime":"1484841600","clicks":"0","impressions":"7"},{"id":"126","ad":"1","group":"0","thetime":"1484841600","clicks":"0","impressions":"10"},{"id":"127","ad":"1","group":"0","thetime":"1484845200","clicks":"0","impressions":"7"},{"id":"128","ad":"2","group":"0","thetime":"1484845200","clicks":"0","impressions":"6"},{"id":"129","ad":"2","group":"0","thetime":"1484920800","clicks":"0","impressions":"1"},{"id":"130","ad":"1","group":"0","thetime":"1484920800","clicks":"0","impressions":"1"},{"id":"131","ad":"2","group":"0","thetime":"1484924400","clicks":"0","impressions":"3"},{"id":"132","ad":"1","group":"0","thetime":"1484924400","clicks":"0","impressions":"3"},{"id":"133","ad":"2","group":"0","thetime":"1485165600","clicks":"0","impressions":"3"},{"id":"134","ad":"1","group":"0","thetime":"1485165600","clicks":"0","impressions":"3"},{"id":"135","ad":"2","group":"0","thetime":"1485180000","clicks":"0","impressions":"1"},{"id":"136","ad":"1","group":"0","thetime":"1485180000","clicks":"0","impressions":"1"},{"id":"137","ad":"2","group":"0","thetime":"1485183600","clicks":"0","impressions":"2"},{"id":"138","ad":"1","group":"0","thetime":"1485183600","clicks":"0","impressions":"2"},{"id":"139","ad":"2","group":"0","thetime":"1485187200","clicks":"0","impressions":"2"},{"id":"140","ad":"1","group":"0","thetime":"1485187200","clicks":"0","impressions":"2"},{"id":"141","ad":"2","group":"0","thetime":"1485252000","clicks":"0","impressions":"2"},{"id":"142","ad":"1","group":"0","thetime":"1485252000","clicks":"0","impressions":"2"},{"id":"143","ad":"2","group":"0","thetime":"1485255600","clicks":"0","impressions":"1"},{"id":"144","ad":"2","group":"0","thetime":"1485291600","clicks":"0","impressions":"1"},{"id":"145","ad":"1","group":"0","thetime":"1485291600","clicks":"0","impressions":"1"},{"id":"146","ad":"2","group":"0","thetime":"1485295200","clicks":"0","impressions":"9"},{"id":"147","ad":"1","group":"0","thetime":"1485295200","clicks":"0","impressions":"8"},{"id":"148","ad":"2","group":"0","thetime":"1485338400","clicks":"0","impressions":"21"},{"id":"149","ad":"1","group":"0","thetime":"1485338400","clicks":"0","impressions":"23"},{"id":"150","ad":"2","group":"0","thetime":"1485342000","clicks":"0","impressions":"11"},{"id":"151","ad":"1","group":"0","thetime":"1485342000","clicks":"0","impressions":"13"},{"id":"152","ad":"2","group":"0","thetime":"1485352800","clicks":"0","impressions":"4"},{"id":"153","ad":"1","group":"0","thetime":"1485352800","clicks":"0","impressions":"3"},{"id":"154","ad":"2","group":"0","thetime":"1486026000","clicks":"0","impressions":"1"},{"id":"155","ad":"1","group":"0","thetime":"1486026000","clicks":"0","impressions":"1"},{"id":"156","ad":"2","group":"0","thetime":"1486108800","clicks":"0","impressions":"4"},{"id":"157","ad":"1","group":"0","thetime":"1486108800","clicks":"0","impressions":"4"},{"id":"158","ad":"2","group":"0","thetime":"1486112400","clicks":"0","impressions":"1"},{"id":"159","ad":"1","group":"0","thetime":"1486112400","clicks":"0","impressions":"1"},{"id":"160","ad":"2","group":"0","thetime":"1486134000","clicks":"0","impressions":"4"},{"id":"161","ad":"1","group":"0","thetime":"1486134000","clicks":"0","impressions":"4"},{"id":"162","ad":"2","group":"0","thetime":"1486371600","clicks":"0","impressions":"3"},{"id":"163","ad":"1","group":"0","thetime":"1486371600","clicks":"0","impressions":"3"},{"id":"164","ad":"2","group":"0","thetime":"1486389600","clicks":"0","impressions":"1"},{"id":"165","ad":"1","group":"0","thetime":"1486389600","clicks":"0","impressions":"1"},{"id":"166","ad":"2","group":"0","thetime":"1486458000","clicks":"0","impressions":"7"},{"id":"167","ad":"1","group":"0","thetime":"1486458000","clicks":"0","impressions":"6"},{"id":"168","ad":"2","group":"0","thetime":"1486479600","clicks":"0","impressions":"1"},{"id":"169","ad":"1","group":"0","thetime":"1486479600","clicks":"0","impressions":"1"},{"id":"170","ad":"2","group":"0","thetime":"1486483200","clicks":"0","impressions":"1"},{"id":"171","ad":"1","group":"0","thetime":"1486483200","clicks":"0","impressions":"1"},{"id":"172","ad":"2","group":"0","thetime":"1486569600","clicks":"0","impressions":"1"},{"id":"173","ad":"1","group":"0","thetime":"1486569600","clicks":"0","impressions":"1"},{"id":"174","ad":"2","group":"0","thetime":"1486591200","clicks":"0","impressions":"2"},{"id":"175","ad":"1","group":"0","thetime":"1486591200","clicks":"0","impressions":"2"},{"id":"176","ad":"2","group":"0","thetime":"1486630800","clicks":"0","impressions":"6"},{"id":"177","ad":"1","group":"0","thetime":"1486630800","clicks":"0","impressions":"5"},{"id":"178","ad":"2","group":"0","thetime":"1486634400","clicks":"0","impressions":"3"},{"id":"179","ad":"1","group":"0","thetime":"1486634400","clicks":"0","impressions":"2"},{"id":"180","ad":"2","group":"0","thetime":"1486720800","clicks":"0","impressions":"1"},{"id":"181","ad":"1","group":"0","thetime":"1486720800","clicks":"0","impressions":"1"},{"id":"182","ad":"2","group":"0","thetime":"1486724400","clicks":"0","impressions":"1"},{"id":"183","ad":"1","group":"0","thetime":"1486724400","clicks":"0","impressions":"1"},{"id":"184","ad":"2","group":"0","thetime":"1486731600","clicks":"0","impressions":"2"},{"id":"185","ad":"1","group":"0","thetime":"1486731600","clicks":"0","impressions":"2"},{"id":"186","ad":"2","group":"0","thetime":"1486735200","clicks":"0","impressions":"2"},{"id":"187","ad":"1","group":"0","thetime":"1486735200","clicks":"0","impressions":"2"},{"id":"188","ad":"2","group":"0","thetime":"1486738800","clicks":"0","impressions":"1"},{"id":"189","ad":"1","group":"0","thetime":"1486738800","clicks":"0","impressions":"1"},{"id":"190","ad":"2","group":"0","thetime":"1486983600","clicks":"0","impressions":"1"},{"id":"191","ad":"1","group":"0","thetime":"1486983600","clicks":"0","impressions":"1"},{"id":"192","ad":"2","group":"0","thetime":"1487062800","clicks":"0","impressions":"2"},{"id":"193","ad":"1","group":"0","thetime":"1487062800","clicks":"0","impressions":"2"},{"id":"194","ad":"2","group":"0","thetime":"1487077200","clicks":"0","impressions":"1"},{"id":"195","ad":"1","group":"0","thetime":"1487077200","clicks":"0","impressions":"1"},{"id":"196","ad":"2","group":"0","thetime":"1487174400","clicks":"0","impressions":"5"},{"id":"197","ad":"1","group":"0","thetime":"1487174400","clicks":"0","impressions":"5"},{"id":"198","ad":"2","group":"0","thetime":"1487242800","clicks":"0","impressions":"1"},{"id":"199","ad":"1","group":"0","thetime":"1487242800","clicks":"0","impressions":"1"},{"id":"200","ad":"2","group":"0","thetime":"1487246400","clicks":"0","impressions":"1"},{"id":"201","ad":"1","group":"0","thetime":"1487246400","clicks":"0","impressions":"1"},{"id":"202","ad":"2","group":"0","thetime":"1487250000","clicks":"0","impressions":"1"},{"id":"203","ad":"1","group":"0","thetime":"1487250000","clicks":"0","impressions":"1"},{"id":"204","ad":"2","group":"0","thetime":"1487257200","clicks":"0","impressions":"3"},{"id":"205","ad":"1","group":"0","thetime":"1487257200","clicks":"0","impressions":"3"},{"id":"206","ad":"2","group":"0","thetime":"1487329200","clicks":"0","impressions":"1"},{"id":"207","ad":"1","group":"0","thetime":"1487329200","clicks":"0","impressions":"1"},{"id":"208","ad":"1","group":"0","thetime":"1487336400","clicks":"0","impressions":"3"},{"id":"209","ad":"2","group":"0","thetime":"1487336400","clicks":"0","impressions":"3"},{"id":"210","ad":"3","group":"1","thetime":"1487336400","clicks":"0","impressions":"1"},{"id":"211","ad":"1","group":"1","thetime":"1487336400","clicks":"0","impressions":"1"},{"id":"212","ad":"4","group":"2","thetime":"1487340000","clicks":"0","impressions":"1"},{"id":"213","ad":"2","group":"2","thetime":"1487340000","clicks":"0","impressions":"1"},{"id":"214","ad":"2","group":"0","thetime":"1487340000","clicks":"0","impressions":"5"},{"id":"215","ad":"1","group":"0","thetime":"1487340000","clicks":"0","impressions":"5"},{"id":"216","ad":"3","group":"1","thetime":"1487340000","clicks":"0","impressions":"1"},{"id":"217","ad":"2","group":"0","thetime":"1487343600","clicks":"0","impressions":"1"},{"id":"218","ad":"1","group":"0","thetime":"1487343600","clicks":"0","impressions":"1"},{"id":"219","ad":"2","group":"0","thetime":"1487584800","clicks":"0","impressions":"1"},{"id":"220","ad":"1","group":"0","thetime":"1487584800","clicks":"0","impressions":"1"},{"id":"221","ad":"2","group":"0","thetime":"1487595600","clicks":"0","impressions":"1"},{"id":"222","ad":"1","group":"0","thetime":"1487595600","clicks":"0","impressions":"1"},{"id":"223","ad":"2","group":"0","thetime":"1487599200","clicks":"0","impressions":"5"},{"id":"224","ad":"1","group":"0","thetime":"1487599200","clicks":"0","impressions":"5"},{"id":"225","ad":"2","group":"0","thetime":"1487606400","clicks":"0","impressions":"6"},{"id":"226","ad":"1","group":"0","thetime":"1487606400","clicks":"0","impressions":"6"},{"id":"227","ad":"2","group":"0","thetime":"1487610000","clicks":"0","impressions":"4"},{"id":"228","ad":"1","group":"0","thetime":"1487610000","clicks":"0","impressions":"4"},{"id":"229","ad":"2","group":"0","thetime":"1487664000","clicks":"0","impressions":"1"},{"id":"230","ad":"1","group":"0","thetime":"1487664000","clicks":"0","impressions":"1"},{"id":"231","ad":"2","group":"0","thetime":"1487674800","clicks":"0","impressions":"5"},{"id":"232","ad":"1","group":"0","thetime":"1487674800","clicks":"0","impressions":"5"},{"id":"233","ad":"2","group":"0","thetime":"1487682000","clicks":"0","impressions":"2"},{"id":"234","ad":"1","group":"0","thetime":"1487682000","clicks":"0","impressions":"2"},{"id":"235","ad":"2","group":"0","thetime":"1487685600","clicks":"0","impressions":"1"},{"id":"236","ad":"1","group":"0","thetime":"1487685600","clicks":"0","impressions":"1"},{"id":"237","ad":"2","group":"0","thetime":"1487689200","clicks":"0","impressions":"1"},{"id":"238","ad":"1","group":"0","thetime":"1487689200","clicks":"0","impressions":"1"},{"id":"239","ad":"2","group":"0","thetime":"1487692800","clicks":"0","impressions":"1"},{"id":"240","ad":"1","group":"0","thetime":"1487692800","clicks":"0","impressions":"1"},{"id":"241","ad":"1","group":"1","thetime":"1487696400","clicks":"0","impressions":"3"},{"id":"242","ad":"2","group":"2","thetime":"1487696400","clicks":"0","impressions":"1"},{"id":"243","ad":"4","group":"2","thetime":"1487696400","clicks":"0","impressions":"1"},{"id":"244","ad":"3","group":"1","thetime":"1487696400","clicks":"0","impressions":"2"},{"id":"245","ad":"3","group":"1","thetime":"1487840400","clicks":"0","impressions":"1"},{"id":"246","ad":"1","group":"1","thetime":"1487858400","clicks":"0","impressions":"4"},{"id":"247","ad":"4","group":"2","thetime":"1487858400","clicks":"0","impressions":"4"},{"id":"248","ad":"3","group":"1","thetime":"1487858400","clicks":"0","impressions":"4"},{"id":"249","ad":"3","group":"1","thetime":"1490090400","clicks":"0","impressions":"2"},{"id":"250","ad":"1","group":"1","thetime":"1490090400","clicks":"0","impressions":"2"},{"id":"251","ad":"3","group":"1","thetime":"1490094000","clicks":"0","impressions":"8"},{"id":"252","ad":"1","group":"1","thetime":"1490094000","clicks":"0","impressions":"8"},{"id":"253","ad":"3","group":"1","thetime":"1490104800","clicks":"0","impressions":"2"},{"id":"254","ad":"1","group":"1","thetime":"1490104800","clicks":"0","impressions":"2"},{"id":"255","ad":"4","group":"2","thetime":"1491314400","clicks":"0","impressions":"1"},{"id":"256","ad":"2","group":"2","thetime":"1491314400","clicks":"0","impressions":"1"},{"id":"257","ad":"1","group":"1","thetime":"1491314400","clicks":"0","impressions":"2"},{"id":"258","ad":"3","group":"1","thetime":"1491314400","clicks":"0","impressions":"2"},{"id":"259","ad":"3","group":"1","thetime":"1491346800","clicks":"0","impressions":"1"},{"id":"260","ad":"1","group":"1","thetime":"1491346800","clicks":"0","impressions":"1"},{"id":"261","ad":"3","group":"1","thetime":"1491354000","clicks":"0","impressions":"1"},{"id":"262","ad":"1","group":"1","thetime":"1491354000","clicks":"0","impressions":"1"},{"id":"263","ad":"2","group":"2","thetime":"1491364800","clicks":"0","impressions":"1"},{"id":"264","ad":"3","group":"1","thetime":"1491364800","clicks":"0","impressions":"1"},{"id":"265","ad":"1","group":"1","thetime":"1491364800","clicks":"0","impressions":"1"},{"id":"266","ad":"4","group":"2","thetime":"1491386400","clicks":"0","impressions":"1"},{"id":"267","ad":"2","group":"2","thetime":"1491386400","clicks":"0","impressions":"1"},{"id":"268","ad":"1","group":"1","thetime":"1491436800","clicks":"0","impressions":"1"},{"id":"269","ad":"3","group":"1","thetime":"1491436800","clicks":"0","impressions":"1"},{"id":"270","ad":"3","group":"1","thetime":"1491476400","clicks":"0","impressions":"1"},{"id":"271","ad":"1","group":"1","thetime":"1491476400","clicks":"0","impressions":"1"},{"id":"272","ad":"3","group":"1","thetime":"1491480000","clicks":"0","impressions":"1"},{"id":"273","ad":"1","group":"1","thetime":"1491480000","clicks":"0","impressions":"1"}]}