[{"sidebar":["thim_layout_builder-5"],"header_left":["thim_layout_builder-2"],"header_right":["thim_layout_builder-3"],"before_main":["thim_layout_builder-6"],"after_main":["thim_layout_builder-7"],"footer-sidebar-1":["thim_layout_builder-4"]},{"thim_layout_builder":{"5":{"widget_logic":"","content":"[vc_row css=\".vc_custom_1485163399375{margin-top: -10px !important;}\"][vc_column][thim-author-info layout=\"layout-2\" title=\"About me\" author_name=\"image_name\" author_name_position=\"bottom\" upload_image=\"3430\" image_name=\"3435\"]Anyone who has had a heated an debate about politics or regilon, form example, might recognize this[\/thim-author-info][thim-social-links social_links=\"%5B%7B%22icon%22%3A%22fa%20fa-facebook%22%2C%22link%22%3A%22http%3A%2F%2Ffacebook.com%2Fthimpress%2F%22%7D%2C%7B%22icon%22%3A%22fa%20fa-twitter%22%2C%22link%22%3A%22http%3A%2F%2Ftwitter.com%2Fthimpress%2F%22%7D%2C%7B%22icon%22%3A%22fa%20fa-google-plus%22%2C%22link%22%3A%22%23%22%7D%2C%7B%22icon%22%3A%22fa%20fa-instagram%22%2C%22link%22%3A%22%23%22%7D%2C%7B%22icon%22%3A%22fa%20fa-pinterest-p%22%2C%22link%22%3A%22%23%22%7D%2C%7B%22icon%22%3A%22fa%20fa-youtube-play%22%2C%22link%22%3A%22%23%22%7D%2C%7B%22icon%22%3A%22fa%20fa-tumblr%22%2C%22link%22%3A%22%23%22%7D%5D\" title=\"Subscribe &amp; follow\"][thim-block-33 title=\"Recent Posts\" posts_per_page=\"4\" orderby=\"title\"][thim-block-28 layout=\"layout-2\" posts_per_page=\"3\" category=\"side\"][thim-block-12 title=\"\" posts_per_page=\"4\"][vc_column_text]<iframe style=\"border: none; overflow: hidden;\" src=\"https:\/\/www.facebook.com\/plugins\/page.php?href=https%3A%2F%2Fwww.facebook.com%2Fenvato&amp;tabs&amp;width=340&amp;height=214&amp;small_header=false&amp;adapt_container_width=false&amp;hide_cover=false&amp;show_facepile=true&amp;appId=170868463410432\" width=\"318\" height=\"214\"><\/iframe>[\/vc_column_text][thim-ads ad_id=\"4\"][vc_column_text]\r\n<div class=\"sidebar-subscribe\">\r\n<h3>Subscribe<\/h3>\r\nGet the recent popular straight into your inbox\r\n\r\n[mc4wp_form]\r\n\r\n<\/div>\r\n[\/vc_column_text][vc_wp_tagcloud taxonomy=\"post_tag\"][\/vc_column][\/vc_row]","custom_css":".vc_custom_1485163399375{margin-top: -10px !important;}","widget-class":""},"2":{"widget_logic":"","content":"[vc_row][vc_column][thim-social-links style=\"list\" social_links=\"%5B%7B%22icon%22%3A%22fa%20fa-facebook%22%2C%22link%22%3A%22http%3A%2F%2Ffacebook.com%2Fthimpress%22%7D%2C%7B%22icon%22%3A%22fa%20fa-twitter%22%2C%22link%22%3A%22http%3A%2F%2Ftwitter.com%2Fthimpress%22%7D%2C%7B%22icon%22%3A%22fa%20fa-instagram%22%2C%22link%22%3A%22http%3A%2F%2Finstagram.com%2Fthimpress%22%7D%2C%7B%22icon%22%3A%22fa%20fa-youtube-play%22%2C%22link%22%3A%22http%3A%2F%2Fyoutube.com%2Fthimpress%22%7D%2C%7B%22icon%22%3A%22fa%20fa-tumblr%22%2C%22link%22%3A%22http%3A%2F%2Ftumblr.com%2Fthimpress%22%7D%5D\"][\/vc_column][\/vc_row]","custom_css":""},"3":{"widget_logic":"","content":"[vc_row][vc_column][vc_wp_search][thim-login-popup show_submit_post=\"\"][\/vc_column][\/vc_row]","custom_css":""},"6":{"widget_logic":"!is_single() && !is_author()","content":"[vc_row css=\".vc_custom_1509001367737{margin-top: 40px !important;margin-bottom: 10px !important;}\"][vc_column][thim-block-28 posts_per_page=\"4\" category=\"header\"][vc_empty_space height=\"10px\"][thim-ads ad_id=\"3\"][\/vc_column][\/vc_row]","custom_css":".vc_custom_1509001367737{margin-top: 40px !important;margin-bottom: 10px !important;}","widget-class":""},"7":{"widget_logic":"is_home()","content":"[vc_row full_width=\"stretch_row\" el_class=\"thim-newsletter2\"][vc_column width=\"3\/4\" el_class=\"thim-newsletter-box\"][vc_column_text]\r\n<div class=\"box-newsletter\">\r\n<h3>Join the community<\/h3>\r\nNewsletter to Get in Touch\r\n\r\n[mc4wp_form]\r\n<ul>\r\n \t<li><span class=\"number like-title-font\"><i class=\"fa fa-facebook-square\"><\/i> 1.2k<\/span>\r\n<span class=\"name\">facebook<\/span><\/li>\r\n \t<li><span class=\"number like-title-font\"><i class=\"fa fa-instagram\"><\/i> 1.3k<\/span>\r\n<span class=\"name\">instagram<\/span><\/li>\r\n \t<li><span class=\"number like-title-font\"><i class=\"fa fa-twitter-square\"><\/i> 2.1k<\/span>\r\n<span class=\"name\">twitter<\/span><\/li>\r\n<\/ul>\r\n<\/div>\r\n[\/vc_column_text][vc_single_image image=\"3445\" img_size=\"full\"][\/vc_column][vc_column width=\"1\/4\"][\/vc_column][\/vc_row][vc_row full_width=\"stretch_row_content_no_spaces\" css=\".vc_custom_1509078111137{margin-bottom: 0px !important;}\" el_class=\"thim-instagram-feed\"][vc_column css=\".vc_custom_1509078090956{margin-bottom: -35px !important;}\"][vc_column_text][instagram-feed][\/vc_column_text][\/vc_column][\/vc_row]","custom_css":".vc_custom_1509078111137{margin-bottom: 0px !important;}.vc_custom_1509078090956{margin-bottom: -35px !important;}","widget-class":""},"4":{"widget_logic":"","content":"[vc_row][vc_column width=\"1\/3\" offset=\"vc_hidden-xs\"][vc_single_image image=\"3432\" img_size=\"full\" alignment=\"center\" onclick=\"custom_link\" img_link_target=\"_blank\" link=\"http:\/\/creativemag.thimpress.com\/demo-beauty\/\"][vc_column_text]\r\n<p style=\"text-align: center;\">Lommodo ligula eget dolor. Aenean massa.Cum sociis\r\nque penatibus et magnis dis parturient montes lorem,\r\nnascetur ridiculusmus. Donec quam felis, ultricies\r\nnec massa.Cum sociis ...<\/p>\r\n[\/vc_column_text][thim-social-links social_links=\"%5B%7B%22icon%22%3A%22fa%20fa-facebook%22%2C%22link%22%3A%22http%3A%2F%2Fwww.facebook.com%2FThimPress%2F%22%7D%2C%7B%22icon%22%3A%22fa%20fa-google-plus%22%2C%22link%22%3A%22http%3A%2F%2Fwww.google.com%2FThimPress%2F%22%7D%2C%7B%22icon%22%3A%22fa%20fa-instagram%22%2C%22link%22%3A%22http%3A%2F%2Fwww.instagram.com%2FThimPress%2F%22%7D%2C%7B%22icon%22%3A%22fa%20fa-pinterest-p%22%2C%22link%22%3A%22http%3A%2F%2Fwww.pinterest.com%2FThimPress%2F%22%7D%2C%7B%22icon%22%3A%22fa%20fa-twitter%22%2C%22link%22%3A%22http%3A%2F%2Fwww.twitter.com%2FThimPress%2F%22%7D%2C%7B%22icon%22%3A%22fa%20fa-youtube-play%22%2C%22link%22%3A%22http%3A%2F%2Fwww.youtube.com%2FThimPress%2F%22%7D%5D\" align_items=\"center\" icon_size=\"45px\"][vc_column_text css=\".vc_custom_1507025844761{margin-top: 30px !important;}\" el_class=\"like-copyright-text\"]\r\n<p style=\"text-align: center;\">Copyright \u00a9 2017 ThimPress. All rights reserved.\r\nDesigned by <a href=\"http:\/\/thimpress.com\">ThimPress.<\/a><\/p>\r\n[\/vc_column_text][\/vc_column][vc_column width=\"1\/3\" offset=\"vc_hidden-xs\"][thim-block-33 title=\"popular posts\" posts_per_page=\"3\"][\/vc_column][vc_column width=\"1\/6\" offset=\"vc_hidden-xs\"][vc_wp_custommenu title=\"Custom links\" nav_menu=\"104\"][\/vc_column][vc_column width=\"2\/12\" offset=\"vc_hidden-xs\"][vc_wp_categories][\/vc_column][\/vc_row]","custom_css":".vc_custom_1507025844761{margin-top: 30px !important;}","widget-class":""},"_multiwidget":1}}]