{"adrotate":[{"id":"1","title":"Ad 270x270","bannercode":"&lt;a href=\\&quot;https:\/\/themeforest.net\/item\/magazine-wordpress-theme-mag-wp\/19305239?ref=thimpress&amp;utm_source=demo&amp;utm_medium=adsbanner\\&quot;&gt;&lt;img alt=\\&quot;\\&quot; src=\\&quot;https:\/\/magwp.thimpress.com\/wp-content\/uploads\/2017\/02\/option1-270x270-min.png\\&quot; \/&gt;&lt;\/a&gt;","thetime":"1480006355","updated":"1487328306","author":"admin","imagetype":"","image":"","paid":"U","tracker":"Y","desktop":"Y","mobile":"Y","tablet":"Y","os_ios":"Y","os_android":"Y","os_other":"Y","responsive":"N","type":"active","weight":"6","autodelete":"N","budget":"0","crate":"0","irate":"0","cities":"a:0:{}","countries":"a:0:{}"},{"id":"2","title":"Ad 728x90","bannercode":"&lt;a href=\\&quot;https:\/\/themeforest.net\/item\/magazine-wordpress-theme-mag-wp\/19305239?ref=thimpress&amp;utm_source=demo&amp;utm_medium=adsbanner\\&quot;&gt;&lt;img alt=\\&quot;\\&quot; src=\\&quot;https:\/\/magwp.thimpress.com\/wp-content\/uploads\/2017\/04\/thim_magwp.png\\&quot; \/&gt;&lt;\/a&gt;","thetime":"1480006355","updated":"1492770244","author":"admin","imagetype":"","image":"","paid":"U","tracker":"Y","desktop":"Y","mobile":"Y","tablet":"Y","os_ios":"Y","os_android":"Y","os_other":"Y","responsive":"N","type":"active","weight":"6","autodelete":"N","budget":"0","crate":"0","irate":"0","cities":"a:0:{}","countries":"a:0:{}"},{"id":"3","title":"Ad 270x270 - 2","bannercode":"&lt;a href=\\&quot;https:\/\/themeforest.net\/item\/magazine-wordpress-theme-mag-wp\/19305239?ref=thimpress&amp;utm_source=demo&amp;utm_medium=adsbanner\\&quot;&gt;&lt;img alt=\\&quot;\\&quot; src=\\&quot;https:\/\/magwp.thimpress.com\/wp-content\/uploads\/2017\/02\/option3-270x270-min.png\\&quot; \/&gt;&lt;\/a&gt;","thetime":"1487328317","updated":"1487328337","author":"admin","imagetype":"","image":"","paid":"U","tracker":"Y","desktop":"Y","mobile":"Y","tablet":"Y","os_ios":"Y","os_android":"Y","os_other":"Y","responsive":"N","type":"active","weight":"6","autodelete":"N","budget":"0","crate":"0","irate":"0","cities":"a:0:{}","countries":"a:0:{}"},{"id":"4","title":"Ad 728x90 - 2","bannercode":"&lt;a href=\\&quot;https:\/\/themeforest.net\/item\/magazine-wordpress-theme-mag-wp\/19305239?ref=thimpress&amp;utm_source=demo&amp;utm_medium=adsbanner\\&quot;&gt;&lt;img alt=\\&quot;\\&quot; src=\\&quot;https:\/\/magwp.thimpress.com\/wp-content\/uploads\/2017\/04\/magwp_thimpress.png\\&quot; \/&gt;&lt;\/a&gt;","thetime":"1487328348","updated":"1492770251","author":"admin","imagetype":"","image":"","paid":"U","tracker":"Y","desktop":"Y","mobile":"Y","tablet":"Y","os_ios":"Y","os_android":"Y","os_other":"Y","responsive":"N","type":"active","weight":"6","autodelete":"N","budget":"0","crate":"0","irate":"0","cities":"a:0:{}","countries":"a:0:{}"}],"adrotate_groups":[{"id":"1","name":"Group 270x270","modus":"1","fallback":"0","cat":"","cat_loc":"0","cat_par":"0","page":"","page_loc":"0","page_par":"0","mobile":"0","geo":"0","wrapper_before":"","wrapper_after":"","align":"3","gridrows":"1","gridcolumns":"1","admargin":"0","admargin_bottom":"0","admargin_left":"0","admargin_right":"0","adwidth":"270","adheight":"270","adspeed":"6000"},{"id":"2","name":"Group 728x90","modus":"1","fallback":"0","cat":"","cat_loc":"0","cat_par":"0","page":"","page_loc":"0","page_par":"0","mobile":"0","geo":"0","wrapper_before":"","wrapper_after":"","align":"3","gridrows":"1","gridcolumns":"1","admargin":"0","admargin_bottom":"0","admargin_left":"0","admargin_right":"0","adwidth":"728","adheight":"90","adspeed":"6000"}],"adrotate_linkmeta":[{"id":"1","ad":"1","group":"0","user":"0","schedule":"1"},{"id":"2","ad":"2","group":"0","user":"0","schedule":"2"},{"id":"3","ad":"3","group":"0","user":"0","schedule":"3"},{"id":"4","ad":"4","group":"0","user":"0","schedule":"4"},{"id":"5","ad":"1","group":"1","user":"0","schedule":"0"},{"id":"6","ad":"3","group":"1","user":"0","schedule":"0"},{"id":"7","ad":"2","group":"2","user":"0","schedule":"0"},{"id":"8","ad":"4","group":"2","user":"0","schedule":"0"}],"adrotate_schedule":[{"id":"1","name":"Schedule for ad 1","starttime":"1480006320","stoptime":"2528643120","maxclicks":"0","maximpressions":"0","spread":"N","daystarttime":"0000","daystoptime":"0000","day_mon":"Y","day_tue":"Y","day_wed":"Y","day_thu":"Y","day_fri":"Y","day_sat":"Y","day_sun":"Y","autodelete":"N"},{"id":"2","name":"Schedule for ad 2","starttime":"1480006320","stoptime":"2528643120","maxclicks":"0","maximpressions":"0","spread":"N","daystarttime":"0000","daystoptime":"0000","day_mon":"Y","day_tue":"Y","day_wed":"Y","day_thu":"Y","day_fri":"Y","day_sat":"Y","day_sun":"Y","autodelete":"N"},{"id":"3","name":"Schedule for ad 3","starttime":"1487328300","stoptime":"2535965100","maxclicks":"0","maximpressions":"0","spread":"N","daystarttime":"0000","daystoptime":"0000","day_mon":"Y","day_tue":"Y","day_wed":"Y","day_thu":"Y","day_fri":"Y","day_sat":"Y","day_sun":"Y","autodelete":"N"},{"id":"4","name":"Schedule for ad 4","starttime":"1487328300","stoptime":"2535965100","maxclicks":"0","maximpressions":"0","spread":"N","daystarttime":"0000","daystoptime":"0000","day_mon":"Y","day_tue":"Y","day_wed":"Y","day_thu":"Y","day_fri":"Y","day_sat":"Y","day_sun":"Y","autodelete":"N"}],"adrotate_stats":[{"id":"1","ad":"1","group":"0","thetime":"1479945600","clicks":"0","impressions":"11"},{"id":"2","ad":"2","group":"0","thetime":"1479945600","clicks":"0","impressions":"8"},{"id":"3","ad":"2","group":"0","thetime":"1480032000","clicks":"0","impressions":"27"},{"id":"4","ad":"1","group":"0","thetime":"1480032000","clicks":"0","impressions":"28"},{"id":"5","ad":"2","group":"0","thetime":"1480291200","clicks":"0","impressions":"32"},{"id":"6","ad":"1","group":"0","thetime":"1480291200","clicks":"0","impressions":"37"},{"id":"7","ad":"2","group":"0","thetime":"1480377600","clicks":"0","impressions":"16"},{"id":"8","ad":"1","group":"0","thetime":"1480377600","clicks":"0","impressions":"17"},{"id":"9","ad":"2","group":"0","thetime":"1480464000","clicks":"0","impressions":"53"},{"id":"10","ad":"1","group":"0","thetime":"1480464000","clicks":"0","impressions":"54"},{"id":"11","ad":"1","group":"0","thetime":"1480550400","clicks":"0","impressions":"66"},{"id":"12","ad":"2","group":"0","thetime":"1480550400","clicks":"0","impressions":"61"},{"id":"13","ad":"2","group":"0","thetime":"1480636800","clicks":"0","impressions":"27"},{"id":"14","ad":"1","group":"0","thetime":"1480636800","clicks":"0","impressions":"25"},{"id":"15","ad":"2","group":"0","thetime":"1480896000","clicks":"0","impressions":"23"},{"id":"16","ad":"1","group":"0","thetime":"1480896000","clicks":"0","impressions":"20"},{"id":"17","ad":"1","group":"0","thetime":"1484229600","clicks":"0","impressions":"1"},{"id":"18","ad":"1","group":"0","thetime":"1484575200","clicks":"0","impressions":"2"},{"id":"19","ad":"1","group":"0","thetime":"1484737200","clicks":"0","impressions":"2"},{"id":"20","ad":"1","group":"0","thetime":"1484758800","clicks":"0","impressions":"1"},{"id":"21","ad":"1","group":"0","thetime":"1484834400","clicks":"0","impressions":"1"},{"id":"22","ad":"1","group":"0","thetime":"1484924400","clicks":"0","impressions":"1"},{"id":"23","ad":"1","group":"0","thetime":"1485180000","clicks":"0","impressions":"4"},{"id":"24","ad":"2","group":"0","thetime":"1485183600","clicks":"0","impressions":"1"},{"id":"25","ad":"1","group":"0","thetime":"1485252000","clicks":"0","impressions":"1"},{"id":"26","ad":"2","group":"0","thetime":"1485255600","clicks":"0","impressions":"1"},{"id":"27","ad":"1","group":"0","thetime":"1485262800","clicks":"0","impressions":"6"},{"id":"28","ad":"2","group":"0","thetime":"1485262800","clicks":"0","impressions":"1"},{"id":"29","ad":"2","group":"0","thetime":"1485266400","clicks":"0","impressions":"1"},{"id":"30","ad":"1","group":"0","thetime":"1485334800","clicks":"0","impressions":"1"},{"id":"31","ad":"2","group":"0","thetime":"1485352800","clicks":"0","impressions":"1"},{"id":"32","ad":"1","group":"0","thetime":"1486126800","clicks":"0","impressions":"1"},{"id":"33","ad":"1","group":"0","thetime":"1486371600","clicks":"0","impressions":"1"},{"id":"34","ad":"1","group":"0","thetime":"1486393200","clicks":"0","impressions":"3"},{"id":"35","ad":"1","group":"0","thetime":"1486396800","clicks":"0","impressions":"5"},{"id":"36","ad":"2","group":"0","thetime":"1486396800","clicks":"0","impressions":"5"},{"id":"37","ad":"1","group":"0","thetime":"1486458000","clicks":"0","impressions":"1"},{"id":"38","ad":"1","group":"0","thetime":"1486461600","clicks":"0","impressions":"2"},{"id":"39","ad":"1","group":"0","thetime":"1486476000","clicks":"0","impressions":"1"},{"id":"40","ad":"2","group":"0","thetime":"1486566000","clicks":"0","impressions":"5"},{"id":"41","ad":"1","group":"0","thetime":"1486566000","clicks":"0","impressions":"3"},{"id":"42","ad":"2","group":"0","thetime":"1486569600","clicks":"0","impressions":"1"},{"id":"43","ad":"1","group":"0","thetime":"1486648800","clicks":"0","impressions":"1"},{"id":"44","ad":"2","group":"0","thetime":"1486731600","clicks":"0","impressions":"1"},{"id":"45","ad":"1","group":"0","thetime":"1486738800","clicks":"0","impressions":"1"},{"id":"46","ad":"2","group":"0","thetime":"1487152800","clicks":"0","impressions":"1"},{"id":"47","ad":"1","group":"0","thetime":"1487167200","clicks":"0","impressions":"5"},{"id":"48","ad":"2","group":"0","thetime":"1487170800","clicks":"0","impressions":"3"},{"id":"49","ad":"1","group":"0","thetime":"1487170800","clicks":"0","impressions":"1"},{"id":"50","ad":"1","group":"0","thetime":"1487239200","clicks":"0","impressions":"3"},{"id":"51","ad":"2","group":"0","thetime":"1487239200","clicks":"0","impressions":"2"},{"id":"52","ad":"1","group":"0","thetime":"1487253600","clicks":"0","impressions":"2"},{"id":"53","ad":"2","group":"0","thetime":"1487253600","clicks":"0","impressions":"1"},{"id":"54","ad":"1","group":"0","thetime":"1487257200","clicks":"0","impressions":"1"},{"id":"55","ad":"3","group":"1","thetime":"1487325600","clicks":"0","impressions":"5"},{"id":"56","ad":"4","group":"2","thetime":"1487325600","clicks":"0","impressions":"6"},{"id":"57","ad":"2","group":"2","thetime":"1487325600","clicks":"1","impressions":"6"},{"id":"58","ad":"1","group":"1","thetime":"1487325600","clicks":"0","impressions":"5"},{"id":"59","ad":"1","group":"0","thetime":"1487325600","clicks":"0","impressions":"1"},{"id":"60","ad":"1","group":"1","thetime":"1487329200","clicks":"0","impressions":"6"},{"id":"61","ad":"2","group":"2","thetime":"1487329200","clicks":"0","impressions":"2"},{"id":"62","ad":"3","group":"1","thetime":"1487329200","clicks":"0","impressions":"4"},{"id":"63","ad":"4","group":"2","thetime":"1487329200","clicks":"0","impressions":"2"},{"id":"64","ad":"2","group":"2","thetime":"1487336400","clicks":"0","impressions":"1"},{"id":"65","ad":"4","group":"2","thetime":"1487336400","clicks":"0","impressions":"1"},{"id":"66","ad":"1","group":"1","thetime":"1487336400","clicks":"0","impressions":"1"},{"id":"67","ad":"4","group":"2","thetime":"1487340000","clicks":"0","impressions":"6"},{"id":"68","ad":"2","group":"2","thetime":"1487340000","clicks":"0","impressions":"4"},{"id":"69","ad":"1","group":"1","thetime":"1487340000","clicks":"0","impressions":"5"},{"id":"70","ad":"3","group":"1","thetime":"1487340000","clicks":"0","impressions":"6"},{"id":"71","ad":"4","group":"2","thetime":"1487343600","clicks":"0","impressions":"7"},{"id":"72","ad":"2","group":"2","thetime":"1487343600","clicks":"0","impressions":"7"},{"id":"73","ad":"1","group":"1","thetime":"1487343600","clicks":"0","impressions":"6"},{"id":"74","ad":"3","group":"1","thetime":"1487343600","clicks":"0","impressions":"3"},{"id":"75","ad":"4","group":"2","thetime":"1487588400","clicks":"0","impressions":"7"},{"id":"76","ad":"3","group":"1","thetime":"1487588400","clicks":"0","impressions":"4"},{"id":"77","ad":"2","group":"2","thetime":"1487588400","clicks":"0","impressions":"3"},{"id":"78","ad":"1","group":"1","thetime":"1487588400","clicks":"0","impressions":"3"},{"id":"79","ad":"4","group":"2","thetime":"1487595600","clicks":"0","impressions":"5"},{"id":"80","ad":"3","group":"1","thetime":"1487595600","clicks":"0","impressions":"9"},{"id":"81","ad":"2","group":"2","thetime":"1487595600","clicks":"0","impressions":"15"},{"id":"82","ad":"1","group":"1","thetime":"1487595600","clicks":"0","impressions":"8"},{"id":"83","ad":"3","group":"1","thetime":"1487599200","clicks":"0","impressions":"4"},{"id":"84","ad":"4","group":"2","thetime":"1487599200","clicks":"0","impressions":"4"},{"id":"85","ad":"2","group":"2","thetime":"1487599200","clicks":"0","impressions":"4"},{"id":"86","ad":"1","group":"1","thetime":"1487599200","clicks":"0","impressions":"4"},{"id":"87","ad":"4","group":"2","thetime":"1487602800","clicks":"0","impressions":"2"},{"id":"88","ad":"3","group":"1","thetime":"1487602800","clicks":"0","impressions":"2"},{"id":"89","ad":"1","group":"1","thetime":"1487602800","clicks":"0","impressions":"2"},{"id":"90","ad":"2","group":"2","thetime":"1487602800","clicks":"0","impressions":"2"},{"id":"91","ad":"3","group":"1","thetime":"1487606400","clicks":"0","impressions":"1"},{"id":"92","ad":"4","group":"2","thetime":"1487606400","clicks":"0","impressions":"1"},{"id":"93","ad":"2","group":"2","thetime":"1487606400","clicks":"0","impressions":"1"},{"id":"94","ad":"3","group":"1","thetime":"1487610000","clicks":"0","impressions":"8"},{"id":"95","ad":"2","group":"2","thetime":"1487610000","clicks":"0","impressions":"7"},{"id":"96","ad":"4","group":"2","thetime":"1487610000","clicks":"0","impressions":"8"},{"id":"97","ad":"1","group":"1","thetime":"1487610000","clicks":"0","impressions":"8"},{"id":"98","ad":"3","group":"1","thetime":"1487671200","clicks":"0","impressions":"19"},{"id":"99","ad":"4","group":"2","thetime":"1487671200","clicks":"0","impressions":"5"},{"id":"100","ad":"1","group":"1","thetime":"1487671200","clicks":"0","impressions":"19"},{"id":"101","ad":"2","group":"2","thetime":"1487671200","clicks":"0","impressions":"6"},{"id":"102","ad":"2","group":"2","thetime":"1487674800","clicks":"0","impressions":"1"},{"id":"103","ad":"4","group":"2","thetime":"1487674800","clicks":"0","impressions":"1"},{"id":"104","ad":"2","group":"2","thetime":"1487682000","clicks":"0","impressions":"1"},{"id":"105","ad":"4","group":"2","thetime":"1487682000","clicks":"0","impressions":"1"},{"id":"106","ad":"1","group":"1","thetime":"1487682000","clicks":"0","impressions":"1"},{"id":"107","ad":"3","group":"1","thetime":"1487682000","clicks":"0","impressions":"1"},{"id":"108","ad":"2","group":"2","thetime":"1487689200","clicks":"0","impressions":"1"},{"id":"109","ad":"4","group":"2","thetime":"1487689200","clicks":"0","impressions":"1"},{"id":"110","ad":"2","group":"2","thetime":"1487754000","clicks":"0","impressions":"2"},{"id":"111","ad":"3","group":"1","thetime":"1487754000","clicks":"0","impressions":"2"},{"id":"112","ad":"4","group":"2","thetime":"1487754000","clicks":"0","impressions":"2"},{"id":"113","ad":"1","group":"1","thetime":"1487754000","clicks":"0","impressions":"1"},{"id":"114","ad":"2","group":"2","thetime":"1487757600","clicks":"0","impressions":"1"},{"id":"115","ad":"3","group":"1","thetime":"1487757600","clicks":"0","impressions":"1"},{"id":"116","ad":"4","group":"2","thetime":"1487840400","clicks":"0","impressions":"14"},{"id":"117","ad":"2","group":"2","thetime":"1487840400","clicks":"0","impressions":"13"},{"id":"118","ad":"1","group":"1","thetime":"1487840400","clicks":"0","impressions":"14"},{"id":"119","ad":"3","group":"1","thetime":"1487840400","clicks":"0","impressions":"13"},{"id":"120","ad":"3","group":"1","thetime":"1487869200","clicks":"0","impressions":"17"},{"id":"121","ad":"4","group":"2","thetime":"1487869200","clicks":"0","impressions":"14"},{"id":"122","ad":"2","group":"2","thetime":"1487869200","clicks":"0","impressions":"16"},{"id":"123","ad":"1","group":"1","thetime":"1487869200","clicks":"0","impressions":"14"},{"id":"124","ad":"4","group":"2","thetime":"1487930400","clicks":"0","impressions":"1"},{"id":"125","ad":"1","group":"1","thetime":"1487948400","clicks":"0","impressions":"1"},{"id":"126","ad":"4","group":"2","thetime":"1487948400","clicks":"0","impressions":"1"},{"id":"127","ad":"2","group":"2","thetime":"1487948400","clicks":"0","impressions":"1"},{"id":"128","ad":"3","group":"1","thetime":"1487948400","clicks":"0","impressions":"1"},{"id":"129","ad":"3","group":"1","thetime":"1488193200","clicks":"0","impressions":"1"},{"id":"130","ad":"2","group":"2","thetime":"1488193200","clicks":"0","impressions":"1"},{"id":"131","ad":"4","group":"2","thetime":"1488193200","clicks":"0","impressions":"1"},{"id":"132","ad":"3","group":"1","thetime":"1488200400","clicks":"0","impressions":"2"},{"id":"133","ad":"2","group":"2","thetime":"1488200400","clicks":"0","impressions":"2"},{"id":"134","ad":"1","group":"1","thetime":"1488200400","clicks":"0","impressions":"2"},{"id":"135","ad":"1","group":"1","thetime":"1488214800","clicks":"0","impressions":"2"},{"id":"136","ad":"4","group":"2","thetime":"1488214800","clicks":"0","impressions":"2"},{"id":"137","ad":"2","group":"2","thetime":"1488214800","clicks":"0","impressions":"1"},{"id":"138","ad":"3","group":"1","thetime":"1488214800","clicks":"0","impressions":"1"},{"id":"139","ad":"3","group":"1","thetime":"1488276000","clicks":"0","impressions":"2"},{"id":"140","ad":"4","group":"2","thetime":"1488276000","clicks":"0","impressions":"2"},{"id":"141","ad":"1","group":"1","thetime":"1488276000","clicks":"0","impressions":"2"},{"id":"142","ad":"2","group":"2","thetime":"1488276000","clicks":"0","impressions":"2"},{"id":"143","ad":"1","group":"1","thetime":"1488297600","clicks":"0","impressions":"3"},{"id":"144","ad":"2","group":"2","thetime":"1488297600","clicks":"0","impressions":"2"},{"id":"145","ad":"4","group":"2","thetime":"1488297600","clicks":"0","impressions":"2"},{"id":"146","ad":"3","group":"1","thetime":"1488297600","clicks":"0","impressions":"1"},{"id":"147","ad":"3","group":"1","thetime":"1488301200","clicks":"0","impressions":"7"},{"id":"148","ad":"2","group":"2","thetime":"1488301200","clicks":"0","impressions":"7"},{"id":"149","ad":"1","group":"1","thetime":"1488301200","clicks":"0","impressions":"7"},{"id":"150","ad":"4","group":"2","thetime":"1488301200","clicks":"0","impressions":"6"},{"id":"151","ad":"2","group":"2","thetime":"1488366000","clicks":"0","impressions":"4"},{"id":"152","ad":"1","group":"1","thetime":"1488366000","clicks":"0","impressions":"3"},{"id":"153","ad":"4","group":"2","thetime":"1488366000","clicks":"0","impressions":"3"},{"id":"154","ad":"3","group":"1","thetime":"1488366000","clicks":"0","impressions":"3"},{"id":"155","ad":"2","group":"2","thetime":"1488369600","clicks":"0","impressions":"2"},{"id":"156","ad":"1","group":"1","thetime":"1488369600","clicks":"0","impressions":"2"},{"id":"157","ad":"4","group":"2","thetime":"1488369600","clicks":"0","impressions":"2"},{"id":"158","ad":"3","group":"1","thetime":"1488369600","clicks":"0","impressions":"1"},{"id":"159","ad":"2","group":"2","thetime":"1488373200","clicks":"0","impressions":"1"},{"id":"160","ad":"2","group":"2","thetime":"1488376800","clicks":"0","impressions":"1"},{"id":"161","ad":"3","group":"1","thetime":"1488384000","clicks":"0","impressions":"2"},{"id":"162","ad":"1","group":"1","thetime":"1488384000","clicks":"0","impressions":"10"},{"id":"163","ad":"2","group":"2","thetime":"1488384000","clicks":"0","impressions":"1"},{"id":"164","ad":"4","group":"2","thetime":"1488384000","clicks":"0","impressions":"1"},{"id":"165","ad":"1","group":"1","thetime":"1488387600","clicks":"0","impressions":"1"},{"id":"166","ad":"2","group":"2","thetime":"1488387600","clicks":"0","impressions":"1"},{"id":"167","ad":"3","group":"1","thetime":"1488387600","clicks":"0","impressions":"1"},{"id":"168","ad":"4","group":"2","thetime":"1488387600","clicks":"0","impressions":"1"},{"id":"169","ad":"2","group":"2","thetime":"1490025600","clicks":"0","impressions":"4"},{"id":"170","ad":"3","group":"1","thetime":"1490025600","clicks":"0","impressions":"4"},{"id":"171","ad":"1","group":"1","thetime":"1490025600","clicks":"0","impressions":"2"},{"id":"172","ad":"4","group":"2","thetime":"1490025600","clicks":"0","impressions":"3"},{"id":"173","ad":"3","group":"1","thetime":"1490101200","clicks":"0","impressions":"1"},{"id":"174","ad":"2","group":"2","thetime":"1490101200","clicks":"0","impressions":"1"},{"id":"175","ad":"1","group":"1","thetime":"1490101200","clicks":"0","impressions":"1"},{"id":"176","ad":"4","group":"2","thetime":"1490101200","clicks":"0","impressions":"1"},{"id":"177","ad":"4","group":"2","thetime":"1490108400","clicks":"0","impressions":"1"},{"id":"178","ad":"1","group":"1","thetime":"1490108400","clicks":"0","impressions":"1"},{"id":"179","ad":"4","group":"2","thetime":"1490263200","clicks":"0","impressions":"1"},{"id":"180","ad":"1","group":"1","thetime":"1490608800","clicks":"0","impressions":"3"},{"id":"181","ad":"2","group":"2","thetime":"1490608800","clicks":"0","impressions":"1"},{"id":"182","ad":"4","group":"2","thetime":"1490608800","clicks":"0","impressions":"1"},{"id":"183","ad":"3","group":"1","thetime":"1490608800","clicks":"0","impressions":"3"},{"id":"184","ad":"1","group":"1","thetime":"1490716800","clicks":"0","impressions":"1"},{"id":"185","ad":"3","group":"1","thetime":"1490886000","clicks":"0","impressions":"1"},{"id":"186","ad":"1","group":"1","thetime":"1490886000","clicks":"0","impressions":"1"},{"id":"187","ad":"2","group":"2","thetime":"1491314400","clicks":"0","impressions":"13"},{"id":"188","ad":"3","group":"1","thetime":"1491314400","clicks":"0","impressions":"13"},{"id":"189","ad":"1","group":"1","thetime":"1491314400","clicks":"0","impressions":"12"},{"id":"190","ad":"4","group":"2","thetime":"1491314400","clicks":"0","impressions":"12"},{"id":"191","ad":"2","group":"2","thetime":"1491318000","clicks":"0","impressions":"39"},{"id":"192","ad":"1","group":"1","thetime":"1491318000","clicks":"0","impressions":"35"},{"id":"193","ad":"3","group":"1","thetime":"1491318000","clicks":"0","impressions":"38"},{"id":"194","ad":"4","group":"2","thetime":"1491318000","clicks":"0","impressions":"35"},{"id":"195","ad":"2","group":"2","thetime":"1491321600","clicks":"0","impressions":"34"},{"id":"196","ad":"3","group":"1","thetime":"1491321600","clicks":"0","impressions":"34"},{"id":"197","ad":"1","group":"1","thetime":"1491321600","clicks":"0","impressions":"32"},{"id":"198","ad":"4","group":"2","thetime":"1491321600","clicks":"0","impressions":"33"},{"id":"199","ad":"4","group":"2","thetime":"1491325200","clicks":"0","impressions":"33"},{"id":"200","ad":"1","group":"1","thetime":"1491325200","clicks":"0","impressions":"33"},{"id":"201","ad":"2","group":"2","thetime":"1491325200","clicks":"0","impressions":"33"},{"id":"202","ad":"3","group":"1","thetime":"1491325200","clicks":"0","impressions":"32"},{"id":"203","ad":"3","group":"1","thetime":"1491328800","clicks":"0","impressions":"32"},{"id":"204","ad":"2","group":"2","thetime":"1491328800","clicks":"0","impressions":"32"},{"id":"205","ad":"4","group":"2","thetime":"1491328800","clicks":"0","impressions":"31"},{"id":"206","ad":"1","group":"1","thetime":"1491328800","clicks":"0","impressions":"29"},{"id":"207","ad":"4","group":"2","thetime":"1491332400","clicks":"0","impressions":"15"},{"id":"208","ad":"2","group":"2","thetime":"1491332400","clicks":"0","impressions":"15"},{"id":"209","ad":"3","group":"1","thetime":"1491332400","clicks":"0","impressions":"20"},{"id":"210","ad":"1","group":"1","thetime":"1491332400","clicks":"0","impressions":"22"},{"id":"211","ad":"1","group":"1","thetime":"1491336000","clicks":"0","impressions":"10"},{"id":"212","ad":"4","group":"2","thetime":"1491336000","clicks":"0","impressions":"10"},{"id":"213","ad":"2","group":"2","thetime":"1491336000","clicks":"0","impressions":"11"},{"id":"214","ad":"3","group":"1","thetime":"1491336000","clicks":"0","impressions":"9"},{"id":"215","ad":"1","group":"1","thetime":"1491339600","clicks":"0","impressions":"11"},{"id":"216","ad":"4","group":"2","thetime":"1491339600","clicks":"0","impressions":"9"},{"id":"217","ad":"2","group":"2","thetime":"1491339600","clicks":"0","impressions":"8"},{"id":"218","ad":"3","group":"1","thetime":"1491339600","clicks":"0","impressions":"8"},{"id":"219","ad":"4","group":"2","thetime":"1491343200","clicks":"0","impressions":"19"},{"id":"220","ad":"3","group":"1","thetime":"1491343200","clicks":"0","impressions":"21"},{"id":"221","ad":"2","group":"2","thetime":"1491343200","clicks":"0","impressions":"21"},{"id":"222","ad":"1","group":"1","thetime":"1491343200","clicks":"0","impressions":"20"},{"id":"223","ad":"4","group":"2","thetime":"1491350400","clicks":"0","impressions":"22"},{"id":"224","ad":"1","group":"1","thetime":"1491350400","clicks":"0","impressions":"24"},{"id":"225","ad":"3","group":"1","thetime":"1491350400","clicks":"0","impressions":"24"},{"id":"226","ad":"2","group":"2","thetime":"1491350400","clicks":"0","impressions":"24"},{"id":"227","ad":"4","group":"2","thetime":"1491354000","clicks":"0","impressions":"35"},{"id":"228","ad":"3","group":"1","thetime":"1491354000","clicks":"0","impressions":"35"},{"id":"229","ad":"1","group":"1","thetime":"1491354000","clicks":"0","impressions":"34"},{"id":"230","ad":"2","group":"2","thetime":"1491354000","clicks":"0","impressions":"33"},{"id":"231","ad":"3","group":"1","thetime":"1491357600","clicks":"0","impressions":"34"},{"id":"232","ad":"2","group":"2","thetime":"1491357600","clicks":"0","impressions":"34"},{"id":"233","ad":"1","group":"1","thetime":"1491357600","clicks":"0","impressions":"32"},{"id":"234","ad":"4","group":"2","thetime":"1491357600","clicks":"0","impressions":"33"},{"id":"235","ad":"3","group":"1","thetime":"1491361200","clicks":"0","impressions":"35"},{"id":"236","ad":"4","group":"2","thetime":"1491361200","clicks":"0","impressions":"35"},{"id":"237","ad":"1","group":"1","thetime":"1491361200","clicks":"0","impressions":"42"},{"id":"238","ad":"2","group":"2","thetime":"1491361200","clicks":"0","impressions":"37"},{"id":"239","ad":"1","group":"1","thetime":"1491364800","clicks":"0","impressions":"30"},{"id":"240","ad":"2","group":"2","thetime":"1491364800","clicks":"0","impressions":"28"},{"id":"241","ad":"4","group":"2","thetime":"1491364800","clicks":"0","impressions":"29"},{"id":"242","ad":"3","group":"1","thetime":"1491364800","clicks":"0","impressions":"26"},{"id":"243","ad":"4","group":"2","thetime":"1491368400","clicks":"0","impressions":"1"},{"id":"244","ad":"1","group":"1","thetime":"1491368400","clicks":"0","impressions":"1"},{"id":"245","ad":"3","group":"1","thetime":"1491368400","clicks":"0","impressions":"1"},{"id":"246","ad":"2","group":"2","thetime":"1491368400","clicks":"0","impressions":"1"},{"id":"247","ad":"2","group":"2","thetime":"1491390000","clicks":"0","impressions":"1"},{"id":"248","ad":"1","group":"1","thetime":"1491390000","clicks":"0","impressions":"1"},{"id":"249","ad":"2","group":"2","thetime":"1491400800","clicks":"0","impressions":"26"},{"id":"250","ad":"3","group":"1","thetime":"1491400800","clicks":"0","impressions":"26"},{"id":"251","ad":"4","group":"2","thetime":"1491400800","clicks":"0","impressions":"25"},{"id":"252","ad":"1","group":"1","thetime":"1491400800","clicks":"0","impressions":"25"},{"id":"253","ad":"3","group":"1","thetime":"1491404400","clicks":"0","impressions":"36"},{"id":"254","ad":"2","group":"2","thetime":"1491404400","clicks":"0","impressions":"35"},{"id":"255","ad":"1","group":"1","thetime":"1491404400","clicks":"0","impressions":"34"},{"id":"256","ad":"4","group":"2","thetime":"1491404400","clicks":"0","impressions":"33"},{"id":"257","ad":"2","group":"2","thetime":"1491408000","clicks":"0","impressions":"36"},{"id":"258","ad":"4","group":"2","thetime":"1491408000","clicks":"0","impressions":"37"},{"id":"259","ad":"1","group":"1","thetime":"1491408000","clicks":"0","impressions":"34"},{"id":"260","ad":"3","group":"1","thetime":"1491408000","clicks":"0","impressions":"32"},{"id":"261","ad":"3","group":"1","thetime":"1491411600","clicks":"0","impressions":"34"},{"id":"262","ad":"2","group":"2","thetime":"1491411600","clicks":"0","impressions":"36"},{"id":"263","ad":"1","group":"1","thetime":"1491411600","clicks":"0","impressions":"35"},{"id":"264","ad":"4","group":"2","thetime":"1491411600","clicks":"0","impressions":"35"},{"id":"265","ad":"3","group":"1","thetime":"1491415200","clicks":"0","impressions":"34"},{"id":"266","ad":"1","group":"1","thetime":"1491415200","clicks":"0","impressions":"37"},{"id":"267","ad":"2","group":"2","thetime":"1491415200","clicks":"0","impressions":"35"},{"id":"268","ad":"4","group":"2","thetime":"1491415200","clicks":"0","impressions":"34"},{"id":"269","ad":"3","group":"1","thetime":"1491418800","clicks":"0","impressions":"54"},{"id":"270","ad":"2","group":"2","thetime":"1491418800","clicks":"0","impressions":"35"},{"id":"271","ad":"1","group":"1","thetime":"1491418800","clicks":"0","impressions":"53"},{"id":"272","ad":"4","group":"2","thetime":"1491418800","clicks":"0","impressions":"33"},{"id":"273","ad":"4","group":"2","thetime":"1491422400","clicks":"0","impressions":"14"},{"id":"274","ad":"2","group":"2","thetime":"1491422400","clicks":"0","impressions":"13"},{"id":"275","ad":"3","group":"1","thetime":"1491422400","clicks":"0","impressions":"15"},{"id":"276","ad":"1","group":"1","thetime":"1491422400","clicks":"0","impressions":"13"},{"id":"277","ad":"2","group":"2","thetime":"1491429600","clicks":"0","impressions":"1"},{"id":"278","ad":"3","group":"1","thetime":"1491433200","clicks":"0","impressions":"1"},{"id":"279","ad":"1","group":"1","thetime":"1491440400","clicks":"0","impressions":"1"},{"id":"280","ad":"3","group":"1","thetime":"1491440400","clicks":"0","impressions":"1"},{"id":"281","ad":"1","group":"1","thetime":"1491458400","clicks":"0","impressions":"1"},{"id":"282","ad":"2","group":"2","thetime":"1491458400","clicks":"0","impressions":"1"},{"id":"283","ad":"3","group":"1","thetime":"1491458400","clicks":"0","impressions":"1"},{"id":"284","ad":"4","group":"2","thetime":"1491458400","clicks":"0","impressions":"1"},{"id":"285","ad":"2","group":"2","thetime":"1491462000","clicks":"0","impressions":"1"},{"id":"286","ad":"3","group":"1","thetime":"1491462000","clicks":"0","impressions":"1"},{"id":"287","ad":"1","group":"1","thetime":"1491462000","clicks":"0","impressions":"1"},{"id":"288","ad":"3","group":"1","thetime":"1491469200","clicks":"0","impressions":"1"},{"id":"289","ad":"1","group":"1","thetime":"1491469200","clicks":"0","impressions":"1"},{"id":"290","ad":"4","group":"2","thetime":"1491469200","clicks":"0","impressions":"1"},{"id":"291","ad":"1","group":"1","thetime":"1491476400","clicks":"0","impressions":"5"},{"id":"292","ad":"3","group":"1","thetime":"1491476400","clicks":"0","impressions":"4"},{"id":"293","ad":"1","group":"1","thetime":"1491480000","clicks":"0","impressions":"1"},{"id":"294","ad":"4","group":"2","thetime":"1491483600","clicks":"0","impressions":"1"},{"id":"295","ad":"1","group":"1","thetime":"1491487200","clicks":"0","impressions":"1"},{"id":"296","ad":"4","group":"2","thetime":"1491487200","clicks":"0","impressions":"1"},{"id":"297","ad":"4","group":"2","thetime":"1491490800","clicks":"0","impressions":"20"},{"id":"298","ad":"1","group":"1","thetime":"1491490800","clicks":"0","impressions":"19"},{"id":"299","ad":"3","group":"1","thetime":"1491490800","clicks":"0","impressions":"18"},{"id":"300","ad":"2","group":"2","thetime":"1491490800","clicks":"0","impressions":"19"},{"id":"301","ad":"3","group":"1","thetime":"1491494400","clicks":"0","impressions":"1"},{"id":"302","ad":"3","group":"1","thetime":"1491915600","clicks":"0","impressions":"1"},{"id":"303","ad":"2","group":"2","thetime":"1491915600","clicks":"0","impressions":"1"},{"id":"304","ad":"1","group":"1","thetime":"1491915600","clicks":"0","impressions":"1"},{"id":"305","ad":"4","group":"2","thetime":"1491915600","clicks":"0","impressions":"1"},{"id":"306","ad":"1","group":"1","thetime":"1492092000","clicks":"0","impressions":"1"},{"id":"307","ad":"4","group":"2","thetime":"1492092000","clicks":"0","impressions":"1"},{"id":"308","ad":"3","group":"1","thetime":"1492092000","clicks":"0","impressions":"1"},{"id":"309","ad":"2","group":"2","thetime":"1492092000","clicks":"0","impressions":"1"},{"id":"310","ad":"2","group":"2","thetime":"1492160400","clicks":"0","impressions":"2"},{"id":"311","ad":"4","group":"2","thetime":"1492160400","clicks":"0","impressions":"4"},{"id":"312","ad":"1","group":"1","thetime":"1492160400","clicks":"0","impressions":"2"},{"id":"313","ad":"3","group":"1","thetime":"1492160400","clicks":"0","impressions":"1"},{"id":"314","ad":"3","group":"1","thetime":"1492617600","clicks":"0","impressions":"3"},{"id":"315","ad":"4","group":"2","thetime":"1492617600","clicks":"0","impressions":"3"},{"id":"316","ad":"2","group":"2","thetime":"1492617600","clicks":"0","impressions":"3"},{"id":"317","ad":"1","group":"1","thetime":"1492617600","clicks":"0","impressions":"1"},{"id":"318","ad":"4","group":"2","thetime":"1492621200","clicks":"0","impressions":"4"},{"id":"319","ad":"2","group":"2","thetime":"1492621200","clicks":"0","impressions":"3"},{"id":"320","ad":"1","group":"1","thetime":"1492621200","clicks":"0","impressions":"4"},{"id":"321","ad":"3","group":"1","thetime":"1492621200","clicks":"0","impressions":"2"},{"id":"322","ad":"2","group":"2","thetime":"1492700400","clicks":"0","impressions":"1"},{"id":"323","ad":"1","group":"1","thetime":"1492700400","clicks":"0","impressions":"2"},{"id":"324","ad":"4","group":"2","thetime":"1492700400","clicks":"0","impressions":"1"},{"id":"325","ad":"3","group":"1","thetime":"1492707600","clicks":"0","impressions":"5"},{"id":"326","ad":"1","group":"1","thetime":"1492707600","clicks":"0","impressions":"3"},{"id":"327","ad":"4","group":"2","thetime":"1492707600","clicks":"0","impressions":"1"},{"id":"328","ad":"2","group":"2","thetime":"1492707600","clicks":"0","impressions":"1"}]}