[{"wp_inactive_widgets":["text-4","text-3","thim_layout_builder-2","search-2","recent-posts-2","recent-comments-2","archives-2","categories-2","meta-2"],"menu-right":["thim_layout_builder-2"],"sidebar":["search-2","categories-2","thim_layout_builder-4","custom_html-2","tag_cloud-2"],"footer-sidebar-1":["nav_menu-2"],"footer-sidebar-2":["nav_menu-3"],"footer-sidebar-3":["nav_menu-4"],"footer-sidebar-4":["nav_menu-5"],"footer-sidebar-5":["text-5","thim_layout_builder-6"]},{"thim_layout_builder":{"2":{"widget-class":"","content":"<p>[vc_row][vc_column][thim-login-popup user_menu=\"true\" show_icon=\"true\" shortcode=\"`{`miniorange_social_login shape=``round`` theme=``default```}`\" popup_image=\"619\"][thim-search-courses layout=\"layout-1\" show_number_favorite=\"\"][\/vc_column][\/vc_row]<\/p>\r\n","custom_css":""},"4":{"widget-class":"","content":"<p>[vc_row][vc_column css=\".vc_custom_1550483406029{padding-right: 0px !important;padding-left: 0px !important;}\"][thim-posts layout=\"kindergarten-layout-widget-2\" title=\"Latest posts\" number=\"3\"][\/vc_column][\/vc_row]<\/p>\r\n","custom_css":".vc_custom_1550483406029{padding-right: 0px !important;padding-left: 0px !important;}"},"6":{"widget-class":"","content":"[vc_row][vc_column][thim-social-links layout=\"kindergarten-layout-footer-2\" links=\"%5B%7B%22icon%22%3A%22fa%20fa-facebook%22%2C%22url%22%3A%22%23%22%7D%2C%7B%22icon%22%3A%22fa%20fa-twitter%22%2C%22url%22%3A%22%23%22%7D%2C%7B%22icon%22%3A%22fa%20fa-pinterest-p%22%2C%22url%22%3A%22%23%22%7D%2C%7B%22icon%22%3A%22fa%20fa-google-plus%22%2C%22url%22%3A%22%23%22%7D%2C%7B%22icon%22%3A%22fa%20fa-linkedin%22%2C%22url%22%3A%22%23%22%7D%5D\"][\/vc_column][\/vc_row]","custom_css":""},"_multiwidget":1},"search":{"2":{"title":""},"_multiwidget":1},"categories":{"2":{"title":"","count":0,"hierarchical":0,"dropdown":0},"_multiwidget":1},"custom_html":{"2":{"title":"","content":"<div class=\"bl-info-contact\"> <h5 class=\"title-block\">Free Call<\/h5><div class=\"description-block\">Pulvinar est metro ligula blandit maecenas<\/div><div class=\"content-block\">1-900-22-44-88<\/div><a href=\"#\" class=\"button-block\">\r\nCOntact us<\/a><\/div>","widget-class":""},"_multiwidget":1},"tag_cloud":{"2":{"title":"Tags","count":0,"taxonomy":"post_tag","widget-class":""},"_multiwidget":1},"nav_menu":{"2":{"title":"Menu","nav_menu":18,"widget-class":""},"3":{"title":"Courses","nav_menu":19,"widget-class":""},"4":{"title":"Topics","nav_menu":20,"widget-class":""},"5":{"title":"Info for","nav_menu":21,"widget-class":""},"_multiwidget":1},"text":{"5":{"title":"Instagram","text":"[instagram-feed]","filter":true,"visual":true,"widget-class":""},"4":{"title":"","text":"<div class=\"thim-toolbar-help-info\"><i class=\"fa fa-envelope-o\"><\/i> <a href=\"#\">support@kidschool.com<\/a><\/div>","filter":true,"visual":true,"widget-class":""},"3":{"title":"","text":"<div class=\"thim-toolbar-help-info\"><i class=\"fa fa-envelope-o\"><\/i> <a href=\"#\">support@kidschool.com<\/a><\/div>","filter":true,"visual":true},"_multiwidget":1},"recent-posts":{"2":{"title":"","number":5},"_multiwidget":1},"recent-comments":{"2":{"title":"","number":5},"_multiwidget":1},"archives":{"2":{"title":"","count":0,"dropdown":0},"_multiwidget":1},"meta":{"2":{"title":""},"_multiwidget":1}}]