[{"wp_inactive_widgets":["text-1210000","text-1210010","list-post-1210008","search-room-1210001","mini-cart-room-2","search-room-2","text-7","categories-2","text-5","list-post-2","text-6","text-3","text-4","social-2","woocommerce_widget_cart-2","nav_menu-2","nav_menu-3","siteorigin-panels-builder-2","text-8","social-3"],"sidebar-1":["text-7","categories-2","text-9","list-post-2","text-10"],"toolbar":["text-11","text-12","social-2","woocommerce_widget_cart-2"],"logo_left":["text-13"],"logo_right":["social-4"],"sidebar_hotel":["mini-cart-room-2","search-room-2"],"footer":["sow-editor-2","nav_menu-2","nav_menu-4","siteorigin-panels-builder-2"],"footer_copyright":["copyright-2"]},{"text":{"7":{"title":"About Blog","text":"<div class=\"thim-sidebar-about-blog\">\r\n<div class=\"thim-image\"><img  src=\"\/\/sailing.thimpress.com\/demo-5\/wp-content\/uploads\/sites\/5\/2015\/09\/sidebar-about-blog-1.jpg\" alt=\"About blog\" \/><img class=\"thim-logo\" src=\"\/\/sailing.thimpress.com\/demo-5\/wp-content\/uploads\/sites\/5\/2015\/09\/logo-1.png\" alt=\"Sailing\" width=\"135\" height=\"55\"><div class=\"thim-bg-color\"><\/div><\/div><div class=\"thim-description\">Typi non habent claritatem insitam; est usus legentis in iis qui facit eorum claritatem. Investigationes demonstraverunt.<\/div><\/div>\r\n","filter":false,"widget-class":"","widget_logic":"!is_singular('hb_room') && !is_page('search-room') && !is_page('room-checkout') && !is_page('my-rooms')"},"9":{"title":"Instagram Slider","text":"[instagram-feed num=9 cols=3 showfollow=false  showheader=false showbutton=false]","filter":false,"widget-class":""},"10":{"title":"Pinterest","text":"<a data-pin-board-width=\"270\" data-pin-do=\"embedBoard\" data-pin-scale-height=\"320\" data-pin-scale-width=\"80\" href=\"https:\/\/www.pinterest.com\/pinterest\/official-news\/\"><\/a>\r\n<!-- Please call pinit.js only once per page -->\r\n<script async defer src=\"\/\/assets.pinterest.com\/js\/pinit.js\"><\/script>","filter":false,"widget-class":"thim-sidebar-pinterest"},"11":{"title":"","text":"Call Us. <a href=\"tel:00123456789\" class=\"value\"><b>+00 123 456 789<\/b><\/a>","filter":false,"widget-class":""},"12":{"title":"","text":"<div class=\"thim-select-language\">\r\n<div class=\"language\">\r\n    <span>Languages<\/span>\r\n    <ul>\r\n        <li><a href=\"#\">English<\/a><\/li>\r\n        <li><a href=\"#\">German<\/a><\/li>\r\n        <li><a href=\"#\">French<\/a><\/li>\r\n    <\/ul>\r\n<\/div>\r\n<\/div>","filter":false,"widget-class":""},"13":{"title":"","text":"<ul>\r\n\t<li><a href=\"#\">PL<\/a><\/li>\r\n\t<li class=\"current-lang\"><a href=\"#\">EN<\/a><\/li>\r\n\t<li><a href=\"#\">JP<\/a><\/li>\r\n<\/ul>","filter":false,"widget-class":""},"1210000":{"title":"","text":"[rev_slider alias=\"slider-5\"]","widget-class":"","filter":false,"panels_info":{"class":"WP_Widget_Text","raw":false,"grid":0,"cell":0,"id":0,"style":{"background_display":"tile"}},"id":"text-1210000"},"1210010":{"title":"Instagram","text":"[instagram-feed num=9 cols=3 showfollow=false  showheader=false showbutton=false]","filter":false,"panels_info":{"class":"WP_Widget_Text","raw":false,"grid":5,"cell":2,"id":10,"style":{"widget_css":"margin-top: 60px;","background_display":"tile"}},"id":"text-1210010"},"5":{"title":"Instagram Slider","text":"[instagram-feed num=9 cols=3 showfollow=false  showheader=false showbutton=false]","filter":false,"widget-class":"","widget_logic":"!is_singular('hb_room') && !is_page('search-room') && !is_page('room-checkout') && !is_page('my-rooms')"},"6":{"title":"Pinterest","text":"<a data-pin-board-width=\"270\" data-pin-do=\"embedBoard\" data-pin-scale-height=\"320\" data-pin-scale-width=\"80\" href=\"https:\/\/www.pinterest.com\/pinterest\/official-news\/\"><\/a>\r\n<!-- Please call pinit.js only once per page -->\r\n<script async defer src=\"\/\/assets.pinterest.com\/js\/pinit.js\"><\/script>","filter":false,"widget-class":"thim-sidebar-pinterest","widget_logic":"!is_singular('hb_room') && !is_page('search-room') && !is_page('room-checkout') && !is_page('my-rooms')"},"3":{"title":"","text":"Call Us. <a href=\"tel:00123456789\" class=\"value\"><b>+00 123 456 789<\/b><\/a>","filter":false,"widget-class":""},"4":{"title":"","text":"<div class=\"thim-select-language\">\r\n<div class=\"language\">\r\n    <span>Languages<\/span>\r\n    <ul>\r\n        <li><a href=\"#\">English<\/a><\/li>\r\n        <li><a href=\"#\">German<\/a><\/li>\r\n        <li><a href=\"#\">French<\/a><\/li>\r\n    <\/ul>\r\n<\/div>\r\n<\/div>","filter":false,"widget-class":""},"8":{"title":"","text":"<ul>\r\n\t<li><a href=\"#\">PL<\/a><\/li>\r\n\t<li class=\"current-lang\"><a href=\"#\">EN<\/a><\/li>\r\n\t<li><a href=\"#\">JP<\/a><\/li>\r\n<\/ul>","filter":false,"widget-class":""},"_multiwidget":1},"categories":{"2":{"title":"","count":1,"hierarchical":0,"dropdown":0,"widget-class":"","widget_logic":"!is_singular('hb_room') && !is_page('search-room') && !is_page('room-checkout') && !is_page('my-rooms')"},"_multiwidget":1},"list-post":{"2":{"title":"Recent Posts","cat_id":"all","image_size":"thumbnail","show_description":"no","number_posts":3,"orderby":"popular","order":"desc","link":"","text_link":"","style":"sidebar","widget-class":"","widget_logic":"!is_singular('hb_room') && !is_page('search-room') && !is_page('room-checkout') && !is_page('my-rooms')"},"1210008":{"title":"Upcomming Events","cat_id":"7","image_size":"none","show_description":"yes","number_posts":2,"orderby":"recent","order":"desc","link":"#","text_link":"Read All Events","style":"homepage","panels_info":{"class":"Thim_List_Post_Widget","raw":false,"grid":5,"cell":0,"id":8,"style":{"widget_css":"margin-top: 60px;","background_display":"tile"}},"id":"list-post-1210008"},"_multiwidget":1},"social":{"2":{"title":"","version":"new","link_face":"#","link_twitter":"#","link_google":"","link_dribble":"","link_linkedin":"","link_pinterest":"","link_digg":"","link_youtube":"","link_instagram":"","new_version":[{"social_name":"foursquare","social_url":"#"},{"social_name":"tripadvisor","social_url":"#"},{"social_name":"yelp","social_url":"#"},{"social_name":"facebook","social_url":"https:\/\/www.facebook.com\/thimpress"}],"link_target":"_self","ref":false,"widget-class":""},"4":{"title":"","version":"new","link_face":"","link_twitter":"","link_google":"","link_dribble":"","link_linkedin":"","link_pinterest":"","link_digg":"","link_youtube":"","link_instagram":"","new_version":[{"social_name":"facebook","social_url":"http:\/\/www.facebook.com\/thimpress\/"},{"social_name":"twitter","social_url":"https:\/\/twitter.com\/thimpress\/"}],"link_target":"_self","ref":false,"widget-class":"thim-float-right"},"3":{"title":"","version":"new","link_face":"","link_twitter":"","link_google":"","link_dribble":"","link_linkedin":"","link_pinterest":"","link_digg":"","link_youtube":"","link_instagram":"","new_version":[{"social_name":"facebook","social_url":"http:\/\/www.facebook.com\/thimpress\/"},{"social_name":"twitter","social_url":"https:\/\/twitter.com\/thimpress\/"}],"link_target":"_self","ref":false,"widget-class":"thim-float-right"},"_multiwidget":1},"woocommerce_widget_cart":{"2":{"title":"Cart","hide_if_empty":0,"widget-class":"","widget_logic":"is_woocommerce()"},"_multiwidget":1},"mini-cart-room":{"2":{"title":"Your Booking","widget_logic":"","widget-class":""},"_multiwidget":1},"search-room":{"2":{"title":"Your Reservation","background_color":"#2eb0d1","background_image":2538,"widget_logic":"","widget-class":"thim-fixed","show_label":false},"1210001":{"title":"Check Availability","background_color":false,"background_image":0,"widget-class":"","show_label":false,"panels_info":{"class":"Thim_Search_Room_Widget","raw":false,"grid":1,"cell":0,"id":1,"style":{"background_display":"tile"}},"id":"search-room-1210001"},"_multiwidget":1},"sow-editor":{"2":{"title":"","text":"<div class=\"thim-footer-location\">\r\n\t<div class=\"image\">\r\n\t\t<img class=\"alignnone size-full wp-image-1970\" src=\"\/\/sailing.thimpress.com\/demo-4\/wp-content\/uploads\/sites\/4\/2015\/09\/logo-1.png\" alt=\"logo-footer\" width=\"135\" height=\"55\" \/>\r\n\t<\/div>\r\n\tCall. <a href=\"tel:+00123456789\" class=\"value\"><b>+00 123 456 789<\/b><\/a><br \/>\r\n\tEmail. <a href=\"mailto:hello@sailing.com\"><b>hello@sailing.com<\/b><\/a>\r\n\r\n\t329 Queensberry Street, North Melbourne VIC 3051, Australia.\r\n<\/div>","text_selected_editor":"html","autop":true,"_sow_form_id":"19717564535c232db081dcb957374596","_sow_form_timestamp":"1545809354680","widget_logic":"","widget-class":"col-md-4"},"_multiwidget":1},"nav_menu":{"2":{"nav_menu":25,"widget-class":"col-sm-2","widget_logic":""},"4":{"nav_menu":26,"widget-class":"col-sm-2","widget_logic":""},"3":{"nav_menu":37,"widget-class":"col-sm-2"},"_multiwidget":1},"siteorigin-panels-builder":{"2":{"panels_data":"{\"widgets\":[{\"title\":\"Get Our Newsletter\",\"text\":\"[mc4wp_form]\",\"filter\":\"\",\"panels_info\":{\"class\":\"WP_Widget_Text\",\"raw\":false,\"grid\":0,\"cell\":0,\"id\":0,\"style\":{\"class\":\"newletter\",\"widget_css\":\"\",\"padding\":\"\",\"background\":\"\",\"background_image_attachment\":\"0\",\"background_display\":\"tile\",\"border_color\":\"\",\"font_color\":\"\"}}},{\"title\":\"\",\"link_face\":\"http:\/\/www.facebook.com\/thimpress\",\"link_twitter\":\"http:\/\/www.twitter.com\/thimpress\",\"link_google\":\"#\",\"link_dribble\":\"\",\"link_linkedin\":\"\",\"link_pinterest\":\"#\",\"link_digg\":\"\",\"link_youtube\":\"\",\"link_instagram\":\"\",\"link_target\":\"_self\",\"panels_info\":{\"class\":\"Thim_Social_Widget\",\"raw\":true,\"grid\":0,\"cell\":0,\"id\":1,\"style\":{\"class\":\"\",\"widget_css\":\"\",\"padding\":\"\",\"background\":\"\",\"background_image_attachment\":\"0\",\"background_display\":\"tile\",\"border_color\":\"\",\"font_color\":\"\"}}}],\"grids\":[{\"cells\":1,\"style\":{}}],\"grid_cells\":[{\"grid\":0,\"weight\":1}]}","builder_id":"56e8e17e2af40","widget-class":"col-sm-4"},"_multiwidget":1},"copyright":{"2":{"year":"2018","site_name":"ThimPress","link_site":"https:\/\/thimpress.com\/","widget_logic":"","widget-class":""},"_multiwidget":1}}]