[{"wp_inactive_widgets":["mini-cart-room-2","search-room-2","text-7","categories-2","list-post-2","social-2","nav_menu-2","siteorigin-panels-builder-2"],"sidebar-1":["text-7","categories-2","text-9","list-post-2","text-10"],"menu_right":["text-1210011","social-2"],"sidebar_hotel":["mini-cart-room-2","search-room-2"],"footer":["sow-editor-2","nav_menu-2","nav_menu-4","siteorigin-panels-builder-2"],"footer_copyright":["copyright-2"]},{"text":{"7":{"title":"About Blog","text":"<div class=\"thim-sidebar-about-blog\">\r\n<div class=\"thim-image\"><img  src=\"\/\/sailing.thimpress.com\/demo-5\/wp-content\/uploads\/sites\/5\/2015\/09\/sidebar-about-blog-1.jpg\" alt=\"About blog\" \/><img class=\"thim-logo\" src=\"\/\/sailing.thimpress.com\/demo-5\/wp-content\/uploads\/sites\/5\/2020\/09\/logo-1.png\" alt=\"Sailing\" width=\"135\" height=\"55\"><div class=\"thim-bg-color\"><\/div><\/div><div class=\"thim-description\">Typi non habent claritatem insitam; est usus legentis in iis qui facit eorum claritatem. Investigationes demonstraverunt.<\/div><\/div>\r\n","filter":false,"widget-class":"","widget_logic":"!is_singular('hb_room') && !is_page('search-room') && !is_page('room-checkout') && !is_page('my-rooms')","visual":false},"9":{"title":"Instagram Slider","text":"[instagram-feed num=9 cols=3 showfollow=false  showheader=false showbutton=false]","filter":false,"widget-class":""},"10":{"title":"Pinterest","text":"<a data-pin-board-width=\"270\" data-pin-do=\"embedBoard\" data-pin-scale-height=\"320\" data-pin-scale-width=\"80\" href=\"https:\/\/www.pinterest.com\/pinterest\/official-news\/\"><\/a>\r\n<!-- Please call pinit.js only once per page -->\r\n<script async defer src=\"\/\/assets.pinterest.com\/js\/pinit.js\"><\/script>","filter":false,"widget-class":"thim-sidebar-pinterest"},"1210011":{"title":"","text":"<div class=\"thim-select-language language-new\">\r\n<div class=\"language\">\r\n\r\n<span>Languages<\/span>\r\n<ul>\r\n \t<li><a href=\"#\"><img src=\"https:\/\/sailing.thimpress.com\/demo-5\/wp-content\/uploads\/sites\/5\/2021\/07\/ger_icon.png\" alt=\"img\" \/>Ger<\/a><\/li>\r\n \t<li><a href=\"#\"><img src=\"https:\/\/sailing.thimpress.com\/demo-5\/wp-content\/uploads\/sites\/5\/2021\/07\/elh_icon.png\" alt=\"img\" \/>Amc<\/a><\/li>\r\n \t<li><a href=\"#\"><img src=\"https:\/\/sailing.thimpress.com\/demo-5\/wp-content\/uploads\/sites\/5\/2021\/07\/amc_icon.png\" alt=\"img\" \/>Elh<\/a><\/li>\r\n<\/ul>\r\n<\/div>\r\n<\/div>","filter":true,"visual":true,"widget_logic":"","widget-class":""},"_multiwidget":1},"categories":{"2":{"title":"","count":1,"hierarchical":0,"dropdown":0,"widget-class":"","widget_logic":"!is_singular('hb_room') && !is_page('search-room') && !is_page('room-checkout') && !is_page('my-rooms')"},"_multiwidget":1},"list-post":{"2":{"title":"Recent Posts","cat_id":"all","image_size":"thumbnail","show_description":"no","number_posts":3,"orderby":"popular","order":"desc","link":"","text_link":"","style":"sidebar","widget-class":"","widget_logic":"!is_singular('hb_room') && !is_page('search-room') && !is_page('room-checkout') && !is_page('my-rooms')"},"_multiwidget":1},"social":{"2":{"title":"","version":"new","link_face":"#","link_twitter":"#","link_google":"","link_dribble":"","link_linkedin":"","link_pinterest":"","link_digg":"","link_youtube":"","link_instagram":"","new_version":[{"social_name":"facebook","social_url":"https:\/\/www.facebook.com\/thimpress"},{"social_name":"twitter","social_url":"https:\/\/twitter.com\/thimpress"}],"link_target":"_self","ref":false,"widget_logic":"","widget-class":"custom-social"},"_multiwidget":1},"mini-cart-room":{"2":{"title":"Your Booking","widget_logic":"","widget-class":""},"_multiwidget":1},"search-room":{"2":{"title":"Your Reservation","background_color":"#2eb0d1","background_image":2538,"widget_logic":"","widget-class":"thim-fixed","show_label":false},"_multiwidget":1},"sow-editor":{"2":{"title":"","text":"<div class=\"thim-footer-location\">\r\n\t<div class=\"image\">\r\n\t\t<img class=\"alignnone size-full wp-image-1970\" src=\"https:\/\/sailing.thimpress.com\/demo-5\/wp-content\/uploads\/sites\/5\/2020\/09\/logo-1.png\" alt=\"logo-footer\" width=\"135\" height=\"55\" \/>\r\n\t<\/div>\r\n\tCall. <a href=\"tel:+00123456789\" class=\"value\"><b>+00 123 456 789<\/b><\/a><br \/>\r\n\tEmail. <a href=\"mailto:hello@sailing.com\"><b>hello@sailing.com<\/b><\/a>\r\n\r\n\t329 Queensberry Street, North Melbourne VIC 3051, Australia.\r\n<\/div>","text_selected_editor":"html","autop":true,"_sow_form_id":"19717564535c232db081dcb957374596","_sow_form_timestamp":"1600359308407","widget_logic":"","widget-class":"col-sm-4"},"_multiwidget":1},"nav_menu":{"2":{"nav_menu":25,"widget-class":"col-sm-2","widget_logic":""},"4":{"nav_menu":26,"widget-class":"col-sm-2","widget_logic":""},"_multiwidget":1},"siteorigin-panels-builder":{"2":{"panels_data":"{\"widgets\":[{\"title\":\"Get Our Newsletter\",\"text\":\"[mc4wp_form]\",\"filter\":\"\",\"panels_info\":{\"class\":\"WP_Widget_Text\",\"raw\":false,\"grid\":0,\"cell\":0,\"id\":0,\"style\":{\"class\":\"newletter\",\"widget_css\":\"\",\"padding\":\"\",\"background\":\"\",\"background_image_attachment\":\"0\",\"background_display\":\"tile\",\"border_color\":\"\",\"font_color\":\"\"}}},{\"title\":\"\",\"link_face\":\"https:\/\/www.facebook.com\/thimpress\",\"link_twitter\":\"https:\/\/www.twitter.com\/thimpress\",\"link_google\":\"#\",\"link_dribble\":\"\",\"link_linkedin\":\"\",\"link_pinterest\":\"#\",\"link_digg\":\"\",\"link_youtube\":\"\",\"link_instagram\":\"\",\"link_target\":\"_self\",\"panels_info\":{\"class\":\"Thim_Social_Widget\",\"raw\":true,\"grid\":0,\"cell\":0,\"id\":1,\"style\":{\"class\":\"\",\"widget_css\":\"\",\"padding\":\"\",\"background\":\"\",\"background_image_attachment\":\"0\",\"background_display\":\"tile\",\"border_color\":\"\",\"font_color\":\"\"}}}],\"grids\":[{\"cells\":1,\"style\":{}}],\"grid_cells\":[{\"grid\":0,\"weight\":1}]}","builder_id":"56e8e17e2af40","widget-class":"col-sm-4"},"_multiwidget":1},"copyright":{"2":{"first_text":"\u00a9","year":"2020","site_name":"ThimPress","link_site":"https:\/\/thimpress.com\/","last_text":"All rights reserved. Powered by WordPress.","widget_logic":"","widget-class":""},"_multiwidget":1}}]