[{"sidebar":["text-14","categories-2","text-27"],"toolbar":["text-33"],"right_menu":["text-28"],"footer_top":["text-29"],"footer-sidebar-1":["text-30"],"footer-sidebar-2":["nav_menu-6"],"footer-sidebar-3":["nav_menu-8"],"footer-sidebar-4":["text-31"],"sidebar_events":["text-32"],"sidebar_hotel":["hb_widget_search-2","hb_widget_cart-3"],"sidebar_shop":["woocommerce_product_categories-2","woocommerce_price_filter-2"],"copyright":["copyright-3"]},{"text":{"14":{"title":"","text":"<a href=\"https:\/\/luxstay.thimpress.com\/gallery\/\">\r\n<img alt=\"\" src=\"https:\/\/luxstay.thimpress.com\/wp-content\/uploads\/2016\/10\/gallery_ads.jpg\">\r\n<\/a>","filter":false,"widget-class":"no-padding sidebar-single-image"},"27":{"title":"","text":"<a href=\"https:\/\/luxstay.thimpress.com\/element-3\/gallery\/\">\r\n<img alt=\"\" src=\"https:\/\/luxstay.thimpress.com\/element-3\/wp-content\/uploads\/2016\/10\/gallery_ads.jpg\">\r\n<\/a>","filter":false,"widget-class":"no-padding sidebar-single-image","widget_logic":""},"33":{"title":"","text":"[INSERT_ELEMENTOR id=\"3873\"]","filter":true,"visual":true,"widget_logic":"","widget-class":""},"28":{"title":"","text":" <ul class=\"header-info\">\r\n            <li><a href=\"https:\/\/luxstay.thimpress.com\/demo-3\/rooms\/\" class=\"btn-book\"><i class=\"las la-calendar-check\"><\/i> BOOK YOUR STAY<\/a><\/li>\r\n        <\/ul>","filter":false,"widget-class":"","visual":false,"widget_logic":""},"29":{"title":"","text":"<div class=\"footer-top-email\">\r\n<h3>Newsletter<\/h3>\r\n[mc4wp_form]\r\n<\/div>","filter":false,"widget-class":""},"30":{"title":"","text":"<div class=\"thim-footer-location\">\r\n<a class=\"logo-footer\" href=\"https:\/\/luxstay.thimpress.com\/demo-3\"><img src=\"https:\/\/luxstay.thimpress.com\/demo-3\/wp-content\/uploads\/sites\/4\/2017\/03\/logo-footer2.png\" alt=\"\"\/><\/a>\r\n<p>You have questions regarding our services? Contact us, we will be happy to help you out!<\/p>\r\n<p class=\"info\"><i class=\"las la-location-arrow\"><\/i><span>123 Camino Ramon, Suite 500 San Ramon, United Kingdom<\/span><\/p>\r\n<p class=\"info\"><i class=\"las la-phone\"><\/i><a href=\"tel:8812345678\">(+88) 12-345-678<\/a><\/p>\r\n<p class=\"info email\"><i class=\"las la-envelope\"><\/i><a href=\"mailto:contact@thimpress.com\">contact@thimpress.com<\/a><\/p>\r\n<\/div>","filter":false,"widget-class":"","widget_logic":"","visual":false},"31":{"title":"Connect Us","text":"<ul class=\"list-social\">\r\n<li><a class=\"facebook\" href=\"https:\/\/www.facebook.com\/thimpress\">Facebook<\/a><\/li>\r\n<li><a class=\"twitter\" href=\"https:\/\/www.twitter.com\/thimpress\">Twitter\r\n<\/a><\/li>\r\n<li><a class=\"instagram\" href=\"https:\/\/www.thimpress.com\/\">Instagram<\/a><\/li>\r\n<li><a class=\"youtube\" href=\"https:\/\/www.thimpress.com\/\">Youtube<\/a><\/li>\r\n<li><a class=\"google\" href=\"https:\/\/www.thimpress.com\/\">Google +<\/a><\/li>\r\n<ul>","filter":false,"widget-class":""},"32":{"title":"","text":"","filter":false,"widget-class":"hide"},"_multiwidget":1},"categories":{"2":{"title":"Categories","count":0,"hierarchical":0,"dropdown":0,"widget-class":"","widget_logic":""},"_multiwidget":1},"nav_menu":{"6":{"title":"Booking","nav_menu":52,"widget-class":"","widget_logic":""},"8":{"title":"About Us","nav_menu":55,"widget-class":"","widget_logic":""},"_multiwidget":1},"hb_widget_search":{"2":{"title":"CHECK AVAILABILITY","show_title":"true","show_label":"true","widget-class":"","widget_logic":""},"_multiwidget":1},"hb_widget_cart":{"3":{"title":"Your Booking","widget_logic":"","widget-class":""},"_multiwidget":1},"woocommerce_product_categories":{"2":{"title":"Categories","orderby":"name","dropdown":0,"count":0,"hierarchical":1,"show_children_only":0,"hide_empty":0,"widget-class":"","widget_logic":""},"_multiwidget":1},"woocommerce_price_filter":{"2":{"title":"Filter by price","widget-class":"","widget_logic":""},"_multiwidget":1},"copyright":{"3":{"first_text":"\u00a9","year":"","site_name":"ThimPress","link_site":"https:\/\/thimpress.com\/","last_text":"All rights reserved. Powered by WordPress.","widget_logic":"","widget-class":""},"_multiwidget":1}}]