[{"sidebar":["text-34","categories-2","text-27"],"toolbar":["text-33"],"right_menu":["text-28"],"footer-sidebar-1":["text-30"],"footer-sidebar-2":["nav_menu-6"],"footer-sidebar-3":["nav_menu-8"],"footer-sidebar-4":["text-31"],"sidebar_events":["text-32"],"sidebar_hotel":["hb_widget_cart-3"],"sidebar_shop":["woocommerce_product_categories-2","woocommerce_price_filter-2"],"copyright":["copyright-3","custom_html-2"]},{"text":{"34":{"title":"About Hotel","text":"Nam dapibus nisl vitae elit fringilla rutrum. Aenean sollicitudin, erat a elementum rutrum, neque sem pretium metus, quis mollis nisl nunc et massa. Vestibulum sed metus in lorem tristique ullamcorper id vitae erat. Nulla mollis sapien sollicitudin lacinia lacinia.\r\n\r\n<a class=\"thim-readmore\" href=\"https:\/\/luxstay.thimpress.com\/about-us\/\">Read more<\/a>","filter":true,"visual":true,"widget_logic":"","widget-class":""},"27":{"title":"","text":"<a href=\"https:\/\/luxstay.thimpress.com\/element-3\/gallery\/\">\r\n<img alt=\"\" src=\"https:\/\/luxstay.thimpress.com\/element-3\/wp-content\/uploads\/2016\/10\/gallery_ads.jpg\">\r\n<\/a>","filter":false,"widget-class":"no-padding sidebar-single-image","widget_logic":""},"33":{"title":"","text":"[thim_ekit id=\"9778\"]","filter":true,"visual":true,"widget_logic":"","widget-class":""},"28":{"title":"","text":" <ul class=\"header-info\">\r\n            <li><a href=\"https:\/\/luxstay.thimpress.com\/demo-3\/rooms\/\" class=\"btn-book\"><i class=\"ion-calendar-01\"><\/i> Book Now<\/a><\/li>\r\n        <\/ul>","filter":false,"widget-class":"","visual":false,"widget_logic":""},"30":{"title":"","text":"<div class=\"thim-footer-top-email \">\r\n<h5>Sign up for newsletter<\/h5>\r\n<p>Sign up for our newsletter to receive our news, deals and special offer<\/p>\r\n[mc4wp_form]\r\n\r\n<\/div>","filter":false,"widget-class":"max-width-410","widget_logic":"","visual":false},"31":{"title":"Contact Us","text":"<div class=\"thim-footer-location\">\r\n<p class=\"info\"><i class=\"las la-phone\"><\/i><a href=\"tel:00123456789\">+00 123 456 789<\/a><\/p>\r\n<p class=\"info\"><i class=\"ion-email\"><\/i><a href=\"mailto:hello@thimpress.com\">hello@thimpress.com<\/a><\/p>\r\n<p class=\"info\"><i class=\"ion-market\"><\/i> 329 Queensberry Street, North Melbourne VIC 3051, Australia<\/p>\r\n\r\n<\/div>","filter":false,"widget-class":"","visual":false,"widget_logic":""},"32":{"title":"","text":"","filter":false,"widget-class":"hide"},"_multiwidget":1},"categories":{"2":{"title":"Categories","count":0,"hierarchical":0,"dropdown":0,"widget-class":"","widget_logic":""},"_multiwidget":1},"nav_menu":{"6":{"title":"Company","nav_menu":52,"widget_logic":"","widget-class":""},"8":{"title":"Experiences","nav_menu":55,"widget_logic":"","widget-class":""},"_multiwidget":1},"hb_widget_cart":{"3":{"title":"Your Booking","widget_logic":"","widget-class":""},"_multiwidget":1},"woocommerce_product_categories":{"2":{"title":"Categories","orderby":"name","dropdown":0,"count":0,"hierarchical":1,"show_children_only":0,"hide_empty":0,"widget-class":"","widget_logic":""},"_multiwidget":1},"woocommerce_price_filter":{"2":{"title":"Filter by price","widget-class":"","widget_logic":""},"_multiwidget":1},"copyright":{"3":{"first_text":"\u00a9","year":"","site_name":"ThimPress","link_site":"https:\/\/thimpress.com\/","last_text":"All rights reserved. Powered by WordPress.","widget_logic":"","widget-class":""},"_multiwidget":1},"custom_html":{"2":{"title":"","content":"<div class=\"copyright-social-footer\">\r\n\t<label>Stay Connected:<\/label>\r\n\t<ul class=\"social-link-no-border\">\r\n \t<li><a class=\"twitter\" href=\"https:\/\/www.twitter.com\/thimpress\/\"><i class=\"fa fa-x-twitter\" aria-hidden=\"true\"><\/i><\/a><\/li>\r\n<li><a class=\"facebook\" href=\"https:\/\/www.facebook.com\/thimpress\/\"><i class=\"fa fa-facebook\" aria-hidden=\"true\"><\/i><\/a><\/li>\r\n<li><a class=\"instagram\" href=\"http:\/\/thimpress.com\/\"><i class=\"fa fa-instagram\" aria-hidden=\"true\"><\/i><\/a><\/li>\r\n<li><a class=\"pinterest\" href=\"http:\/\/thimpress.com\/\"><i class=\"fa fa-pinterest\" aria-hidden=\"true\"><\/i><\/a><\/li>\r\n<\/ul>\r\n<\/div>\r\n","widget_logic":"","widget-class":""},"_multiwidget":1}}]