[{"topbar_left":["text-2"],"topbar_right":["thim_layout_builder-2"],"sidebar":["thim_search-2","categories-2","thim-posts-2","tag_cloud-2"],"menu-right":["thim_layout_builder-4"],"footer-sidebar-1":["thim_layout_builder-3"],"footer-sidebar-2":["nav_menu-2"],"footer-sidebar-3":["thim_layout_builder-5"],"footer-sidebar-4":["nav_menu-3"]},{"text":{"2":{"title":"","text":"<ul class=\"list-inline\">\r\n \t<li class=\"list-inline-item\"><i class=\"ion-ios-location\"><\/i> PO Box 97845 Baker st. 567, Los Angeles, California, US.<\/li>\r\n \t<li class=\"list-inline-item\"><i class=\"ion-android-call\"><\/i> <a href=\"tel:00123456789\">(00) 123 456 789<\/a><\/li>\r\n<\/ul>","filter":true,"visual":true,"widget-class":""},"_multiwidget":1},"thim_layout_builder":{"2":{"widget-class":"","content":"<p>[vc_row][vc_column][thim-login-popup mc_image=\"235\" popup_image=\"235\"][thim-social-links links=\"%5B%7B%22icon%22%3A%22fa%20fa-facebook-official%22%2C%22url%22%3A%22%23%22%7D%2C%7B%22icon%22%3A%22fa%20fa-twitter%22%2C%22url%22%3A%22%23%22%7D%2C%7B%22icon%22%3A%22fa%20fa-google-plus%22%2C%22url%22%3A%22%23%22%7D%5D\"][\/vc_column][\/vc_row]<\/p>\r\n","custom_css":""},"4":{"widget-class":"","content":"<p>[vc_row equal_height=\"yes\"][vc_column][thim-search-posts show_popup=\"true\"][thim-button shape=\"round\" style=\"primary\" link=\"url:%23|title:book%20appoint%20ment|target:%20_blank|\"][\/vc_column][\/vc_row]<\/p>\r\n","custom_css":""},"3":{"widget-class":"","content":"[vc_row][vc_column][vc_single_image image=\"659\" img_size=\"full\" css=\".vc_custom_1536219579472{margin-bottom: 20px !important;}\"][vc_column_text css=\".vc_custom_1536219589022{margin-bottom: 25px !important;}\"]I am text block. Click edit button to change this text.[\/vc_column_text][vc_column_text css=\".vc_custom_1536219597562{margin-bottom: 25px !important;}\"][mc4wp_form id=\"429\"][\/vc_column_text][thim-social-links links=\"%5B%7B%22icon%22%3A%22fa%20fa-facebook-official%22%2C%22url%22%3A%22%23%22%7D%2C%7B%22icon%22%3A%22fa%20fa-twitter%22%2C%22url%22%3A%22%23%22%7D%2C%7B%22icon%22%3A%22fa%20fa-pinterest-p%22%2C%22url%22%3A%22%23%22%7D%2C%7B%22icon%22%3A%22fa%20fa-linkedin%22%2C%22url%22%3A%22%23%22%7D%5D\"][\/vc_column][\/vc_row]","custom_css":".vc_custom_1536219579472{margin-bottom: 20px !important;}.vc_custom_1536219589022{margin-bottom: 25px !important;}.vc_custom_1536219597562{margin-bottom: 25px !important;}"},"5":{"widget-class":"","content":"[vc_row][vc_column][thim-twitter username=\"thimpress\"][\/vc_column][\/vc_row]","custom_css":""},"_multiwidget":1},"thim_search":{"2":{"title":"","popup":0,"widget-class":""},"_multiwidget":1},"categories":{"2":{"title":"","count":1,"hierarchical":0,"dropdown":0,"widget-class":""},"_multiwidget":1},"thim-posts":{"2":{"title":"Related posts","number":5,"show_date":true,"show_author":false,"show_number_comment":false,"widget-class":""},"_multiwidget":1},"tag_cloud":{"2":{"title":"","count":0,"taxonomy":"post_tag","widget-class":""},"_multiwidget":1},"nav_menu":{"2":{"title":"Useful Links","nav_menu":28,"widget-class":"menu-column-2"},"3":{"title":"Medical Departments","nav_menu":29,"widget-class":""},"_multiwidget":1}}]