[{"sidebar":["search-2","thim-courses-categories-4","thim_categories-2","thim-recent-courses-2","media_image-2","recent-posts-2"],"header_right":["thim-login-2","woocommerce_widget_cart-2"],"after_main":["thim_layout_builder-4","thim_layout_builder-8"],"off_canvas_menu":["text-2","thim_layout_builder-3"],"footer-sidebar-1":["text-3"],"footer-sidebar-2":["nav_menu-2"],"footer-sidebar-3":["nav_menu-3"],"footer-sidebar-4":["nav_menu-4"],"footer-sidebar-5":["nav_menu-5"],"footer-sidebar-6":["text-4"],"footer_sticky":["thim_layout_builder-2"],"top_sidebar_courses":["thim_layout_builder-6"],"sidebar_courses":["thim-courses-categories-2","thim-recent-courses-3","media_image-3","recent-posts-3"],"sidebar_forums":["thim-courses-categories-3","thim-recent-courses-5","media_image-5"],"sidebar_events":["recent-posts-4","media_image-4","thim-recent-courses-4"]},{"search":{"2":{"title":""},"_multiwidget":1},"thim-courses-categories":{"4":{"title":"Categories","show_counts":false,"widget_logic":"is_page(40)","widget-class":""},"2":{"title":"Categories","show_counts":false,"widget_logic":"","widget-class":""},"3":{"title":"Categories","show_counts":false,"widget_logic":"","widget-class":""},"_multiwidget":1},"thim_categories":{"2":{"title":"Categories","widget_logic":"!is_page(40)","widget-class":""},"_multiwidget":1},"thim-recent-courses":{"2":{"title":"Latest Courses","number_courses":"3","widget_logic":"","widget-class":""},"3":{"title":"Latest Courses","number_courses":"3","widget_logic":"","widget-class":""},"5":{"title":"Latest Courses","number_courses":"3","widget_logic":"","widget-class":""},"4":{"title":"Latest Courses","number_courses":"3","widget_logic":"","widget-class":""},"_multiwidget":1},"media_image":{"2":{"attachment_id":9958,"url":"https:\/\/coursebuilder.thimpress.com\/demo-coursify\/wp-content\/uploads\/sites\/4\/2024\/12\/banner.png","title":"","size":"full","width":510,"height":701,"caption":"","alt":"","link_type":"custom","link_url":"http:\/\/thimpress.com","image_classes":"","link_classes":"","link_rel":"","image_title":"","widget_logic":"            !is_page(40)        ","widget-class":"","link_target_blank":false},"3":{"attachment_id":9958,"url":"https:\/\/coursebuilder.thimpress.com\/demo-coursify\/wp-content\/uploads\/sites\/4\/2024\/12\/banner.png","title":"","size":"full","width":510,"height":701,"caption":"","alt":"","link_type":"custom","link_url":"http:\/\/thimpress.com","image_classes":"","link_classes":"","link_rel":"","image_title":"","widget_logic":"                    ","widget-class":"","link_target_blank":false},"5":{"attachment_id":9958,"url":"https:\/\/coursebuilder.thimpress.com\/demo-coursify\/wp-content\/uploads\/sites\/4\/2024\/12\/banner-218x300.png","title":"","size":"medium","width":510,"height":701,"caption":"","alt":"","link_type":"none","link_url":"","image_classes":"","link_classes":"","link_rel":"","image_title":"","widget_logic":"                    ","widget-class":"","link_target_blank":false},"4":{"attachment_id":9958,"url":"https:\/\/coursebuilder.thimpress.com\/demo-coursify\/wp-content\/uploads\/sites\/4\/2024\/12\/banner-218x300.png","title":"","size":"medium","width":510,"height":701,"caption":"","alt":"","link_type":"none","link_url":"","image_classes":"","link_classes":"","link_rel":"httpsthemeforestnetitemcourse-builder-wordpress-learning-management-system-theme-elearning-software20370918refthimpress","image_title":"","widget_logic":"                    ","widget-class":"","link_target_blank":true},"_multiwidget":1},"recent-posts":{"2":{"title":"LASTEST POSTS","number":3,"show_date":true,"widget_logic":"!is_page(40)","widget-class":""},"3":{"title":"Latest Posts","number":3,"show_date":true,"widget_logic":"","widget-class":""},"4":{"title":"Recent Posts","number":3,"show_date":true,"widget_logic":"","widget-class":""},"_multiwidget":1},"thim-login":{"2":{"text_register":"Register","text_login":"Login","text_logout":"Logout","link":"https:\/\/coursebuilder.thimpress.com\/demo-coursify\/account\/","shortcode":"[miniorange_social_login]","popup":true,"widget_logic":"","widget-class":"","term":"","captcha":false,"phone":false,"first_name":false,"last_name":false},"_multiwidget":1},"woocommerce_widget_cart":{"2":{"hide_if_empty":0,"widget_logic":"                    ","widget-class":"cart-style-border "},"_multiwidget":1},"thim_layout_builder":{"4":{"widget_logic":"is_home()","widget-class":"","content":"<p>[vc_row full_width=\"stretch_row_content\" parallax=\"content-moving\" parallax_image=\"653\" overlay_color=\"rgba(33,33,33,0.5)\" css=\".vc_custom_1503889705956{padding-bottom: 161px !important;background-image: url(https:\/\/coursebuilder.thimpress.com\/wp-content\/uploads\/sites\/4\/2017\/07\/layer-31@3x.png?id=264) !important;background-position: center;background-repeat: no-repeat !important;background-size: cover !important;}\" el_class=\"res-blog-cta\"][vc_column width=\"1\/2\"][vc_single_image image=\"399\" img_size=\"full\" alignment=\"right\"][\/vc_column][vc_column width=\"1\/2\"][thim-text-box title_1=\"\u201cMy first thought was, who am I to teach?\u201d\" title_2=\"\u2013 Mary Kate McDevitt, Skillshare teacher with 50,000 students\" button_text=\"Watch Video\" link=\"https:\/\/coursebuilder.thimpress.com\/demo-2\/contact\/\" button=\"url:https%3A%2F%2Fwww.youtube.com%2Fwatch%3Fv%3DTtoHkSuKJwE|title:WATCH%20VIDEO|target:%20_blank|\"]\u2013 Mary Kate McDevitt, Skillshare teacher with 50,000 students[\/thim-text-box][\/vc_column][\/vc_row]<\/p>\r\n","custom_css":".vc_custom_1503889705956{padding-bottom: 161px !important;background-image: url(https:\/\/coursebuilder.thimpress.com\/wp-content\/uploads\/sites\/4\/2017\/07\/layer-31@3x.png?id=264) !important;background-position: center;background-repeat: no-repeat !important;background-size: cover !important;}"},"8":{"widget_logic":"thim_is_lp_courses_page()","widget-class":"","content":"[vc_row full_width=\"stretch_row_content\" overlay_color=\"rgba(33,33,33,0.5)\" css=\".vc_custom_1504172802475{padding-bottom: 118px !important;background-image: url(https:\/\/coursebuilder.thimpress.com\/wp-content\/uploads\/2017\/07\/layer-31@3x.png?id=264) !important;background-position: center !important;background-repeat: no-repeat !important;background-size: cover !important;}\" el_class=\"res-blog-cta courses-trusted\"][vc_column width=\"1\/2\"][vc_single_image image=\"399\" img_size=\"full\" alignment=\"right\"][\/vc_column][vc_column width=\"1\/2\"][thim-text-box title_1=\"TRUSTED BY OVER 6000+ STUDENTS\" title_2=\"Join our community of students around\r\nthe world helping you succeed.\" link=\"https:\/\/coursebuilder.thimpress.com\/contact\/\" style=\"left\" button_text=\"GET STARTED\" button=\"url:%23|title:GET%20STARTED||\"]Join our community of students around,the world helping you succeed.[\/thim-text-box][\/vc_column][\/vc_row]","custom_css":".vc_custom_1504172802475{padding-bottom: 118px !important;background-image: url(https:\/\/coursebuilder.thimpress.com\/wp-content\/uploads\/2017\/07\/layer-31@3x.png?id=264) !important;background-position: center !important;background-repeat: no-repeat !important;background-size: cover !important;}"},"3":{"widget_logic":"","widget-class":"","content":"[vc_row css=\".vc_custom_1705308438069{margin-top: -40px !important;}\"][vc_column][thim-social-links social_links=\"%5B%7B%22name%22%3A%22facebook%22%2C%22link%22%3A%22http%3A%2F%2Ffacebook.com%2Fthimpress%22%7D%2C%7B%22name%22%3A%22twitter%22%2C%22link%22%3A%22http%3A%2F%2Ftwitter.com%2Fthimpress%22%7D%5D\"][\/vc_column][\/vc_row]","custom_css":".vc_custom_1705308438069{margin-top: -40px !important;}"},"2":{"widget-class":"","content":"[vc_row full_width=\"stretch_row_content\" css=\".vc_custom_1678875029664{padding-top: 100px !important;padding-bottom: 100px !important;background: #fafafa url(https:\/\/coursebuilder.thimpress.com\/wp-content\/uploads\/sites\/4\/2017\/06\/bg-1.png?id=156) !important;background-position: center !important;background-repeat: no-repeat !important;background-size: cover !important;}\"][vc_column][vc_wp_text]<img class=\"aligncenter size-medium\" src=\"https:\/\/coursebuilder.thimpress.com\/demo-coursify\/wp-content\/uploads\/sites\/4\/2024\/11\/logo-footer.png\" width=\"200\" height=\"68\" \/>[\/vc_wp_text][thim-course-search el_class=\"thim-search-footer\"][vc_empty_space height=\"40px\"][vc_wp_text]\r\n<p style=\"text-align: center; max-width: 857px; margin: 0 auto; color: #666;\">\u00a0\u201c You don't need a whole ecommerce system to sell your online courses. Paypal, Stripe payment methods integration can help you sell your courses out of the box. In the case you wanna use WooCommerce, this awesome WordPress . \u201d<\/p>\r\n[\/vc_wp_text][thim-social-links social_links=\"%5B%7B%22name%22%3A%22Facebook%22%2C%22link%22%3A%22http%3A%2F%2Ffacebook.com%2Fthimpress%22%7D%2C%7B%22name%22%3A%22Twitter%22%2C%22link%22%3A%22https%3A%2F%2Ftwitter.com%2Fthimpress%22%7D%5D\"][\/vc_column][\/vc_row]","custom_css":".vc_custom_1678875029664{padding-top: 100px !important;padding-bottom: 100px !important;background: #fafafa url(https:\/\/coursebuilder.thimpress.com\/wp-content\/uploads\/sites\/4\/2017\/06\/bg-1.png?id=156) !important;background-position: center !important;background-repeat: no-repeat !important;background-size: cover !important;}","widget_logic":"is_page_template( 'templates\/home-page.php' )"},"6":{"widget_logic":"","widget-class":"","content":"[vc_row full_width=\"stretch_row_content_no_spaces\" css=\".vc_custom_1728879728169{padding-top: 31px !important;background-color: #f2f2f2 !important;}\" el_class=\"overflow top-courses-overflow\"][vc_column][thim-heading heading_style=\"layout-2\" primary_heading=\"Popular Courses\" secondary_heading=\"Learn to develop Android and iOS applications and Web Development within six weeks from a teacher\r\nwith real-world experience. Get a 75% discount if you buy it here!\" primary_heading_tag=\"h3\" hide_separator=\"true\" primary_heading_color=\"#ffffff\" secondary_heading_color=\"#ffffff\"][thim-courses-carousel course_dots=\"true\" course_columns=\"4\" course_number=\"6\" el_class=\"top-courses\"][\/vc_column][\/vc_row]","custom_css":".vc_custom_1728879728169{padding-top: 31px !important;background-color: #f2f2f2 !important;}"},"_multiwidget":1},"text":{"2":{"title":"","text":"<ul>\r\n \t<li><i class=\"fa fa-phone\" aria-hidden=\"true\"><\/i> <a href=\"tel:0123456789\">+(0123) 456 789<\/a><\/li>\r\n \t<li><i class=\"fa fas fa-envelope\"><\/i> <a href=\"mailto:info@thimpress.com\">info@thimpress.com<\/a><\/li>\r\n<\/ul>","filter":true,"widget_logic":"","widget-class":"","visual":true},"3":{"title":"Contact","text":"<ul>\r\n \t<li><i class=\"far fa-envelope\"><\/i> <a href=\"mailto:Info@thimpress.com\">Info@thimpress.com<\/a><\/li>\r\n \t<li><i class=\"fa fa-phone\"><\/i> <a href=\"tel:0122456789\">+ (0122) 456 789<\/a><\/li>\r\n \t<li><i class=\"fa fa-fax\"><\/i> + (0123) 456 789<\/li>\r\n \t<li><i class=\"fa fa-map-marker\"><\/i> No 200 Joseob, Canada.<\/li>\r\n<\/ul>","filter":true,"widget_logic":"                                        ","widget-class":"fz-15","visual":true},"4":{"title":"Mobile","text":"<ul>\r\n \t<li><a href=\"https:\/\/coursebuilder.thimpress.com\/demo-coursify\/#app-store\"><img class=\"alignnone wp-image-61 size-full\" src=\"https:\/\/coursebuilder.thimpress.com\/wp-content\/uploads\/2017\/06\/layer-138.png\" alt=\"\" width=\"128\" height=\"37\" \/><\/a><\/li>\r\n \t<li><a href=\"https:\/\/coursebuilder.thimpress.com\/demo-coursify\/#google-play\"><img class=\"alignnone wp-image-60 size-full\" src=\"https:\/\/coursebuilder.thimpress.com\/wp-content\/uploads\/2017\/06\/layer-131.png\" alt=\"\" width=\"128\" height=\"37\" \/><\/a><\/li>\r\n<\/ul>","filter":true,"widget_logic":"","widget-class":"fz-15","visual":true},"_multiwidget":1},"nav_menu":{"2":{"title":"Company","nav_menu":2,"widget_logic":"","widget-class":"fz-15"},"3":{"title":"Programs","nav_menu":6,"widget_logic":"","widget-class":"fz-15"},"4":{"title":"Links","nav_menu":4,"widget_logic":"","widget-class":"fz-15"},"5":{"title":"Support","nav_menu":7,"widget_logic":"","widget-class":"fz-15"},"_multiwidget":1}}]