[{"topbar_left":["thim_layout_builder-3"],"topbar_right":["thim_layout_builder-4"],"footer-sidebar-1":["text-3"],"footer-sidebar-2":["nav_menu-2"],"footer-sidebar-3":["nav_menu-4"],"footer-sidebar-4":["nav_menu-3"],"footer-sidebar-5":["text-4"],"footer-sidebar-after":["thim_layout_builder-6"],"sidebar":["search-2","recent-posts-2","archives-2","categories-2","meta-2"],"sidebar_shop":["woocommerce_product_search-2","woocommerce_product_categories-2","woocommerce_price_filter-2","woocommerce_products-2","woocommerce_product_tag_cloud-2","media_image-2"]},{"thim_layout_builder":{"3":{"widget-class":"","content":"[vc_row el_class=\"languages-currency\"][vc_column][vc_column_text]\r\n<div class=\"woo-languages\">\r\n<div class=\"active\"><i class=\"ion-earth\"><\/i> Eng<\/div>\r\n<ul>\r\n \t<li><a href=\"#\">Eng<\/a><\/li>\r\n \t<li><a href=\"#\">Fre<\/a><\/li>\r\n \t<li><a href=\"#\">Ger<\/a><\/li>\r\n<\/ul>\r\n<\/div>\r\n[\/vc_column_text][vc_column_text]\r\n<div class=\"woo-currency\">\r\n<div class=\"active\">USD<\/div>\r\n<ul>\r\n \t<li><a href=\"#\">USD<\/a><\/li>\r\n \t<li><a href=\"#\">EURO<\/a><\/li>\r\n<\/ul>\r\n<\/div>\r\n[\/vc_column_text][vc_column_text]Free shipping for all orders of $150[\/vc_column_text][\/vc_column][\/vc_row]","custom_css":""},"4":{"widget-class":"","content":"[vc_row][vc_column][thim-social-links social_links=\"%5B%7B%22icon%22%3A%22fa%20fa-facebook%22%2C%22link%22%3A%22https%3A%2F%2Fwww.facebook.com%2FThimPress%2F%22%7D%2C%7B%22icon%22%3A%22fa%20fa-twitter%22%2C%22link%22%3A%22https%3A%2F%2Ftwitter.com%2Fthimpress%2F%22%7D%2C%7B%22icon%22%3A%22fa%20fa-google-plus%22%2C%22link%22%3A%22https%3A%2F%2Fplus.google.com%2Fthimpress%2F%22%7D%2C%7B%22icon%22%3A%22fa%20fa-youtube-play%22%2C%22link%22%3A%22https%3A%2F%2Fyoutube.com%2Fthimpress%2F%22%7D%5D\"][thim-login-popup shortcode=\"`{`wordpress_social_login`}`\" mc_logo=\"305\" mc_image=\"477\" mc_heading=\"Best company you ever work with.\" mc_description=\"In publishing and graphic design, lorem ipsum is a filler text or greeking commonly used to demonstrate the textual elements of a graphic document or visual presentation.\"][\/vc_column][\/vc_row]","custom_css":""},"6":{"widget-class":"","content":"<p>[vc_row][vc_column width=\"1\/3\"][thim-social-links social_links=\"%5B%7B%22icon%22%3A%22fa%20fa-facebook%22%2C%22link%22%3A%22http%3A%2F%2Ffacebook.com%2Fthimpress%2F%22%7D%2C%7B%22icon%22%3A%22fa%20fa-google-plus%22%2C%22link%22%3A%22http%3A%2F%2Fplus.google.com%2Fthimpress%2F%22%7D%2C%7B%22icon%22%3A%22fa%20fa-pinterest-p%22%2C%22link%22%3A%22%23%22%7D%2C%7B%22icon%22%3A%22fa%20fa-instagram%22%2C%22link%22%3A%22%23%22%7D%2C%7B%22icon%22%3A%22fa%20fa-twitter%22%2C%22link%22%3A%22http%3A%2F%2Ftwitter.com%2Fthimpress%2F%22%7D%2C%7B%22icon%22%3A%22fa%20fa-youtube-play%22%2C%22link%22%3A%22http%3A%2F%2Fyoutube.com%2Fthimpress%2F%22%7D%5D\" el_class=\"style-2\"][\/vc_column][vc_column width=\"1\/3\"][vc_single_image image=\"946\" img_size=\"full\" alignment=\"center\" onclick=\"custom_link\" img_link_target=\"_blank\" link=\"http:\/\/galax.thimpress.com\/demo-5\/\"][\/vc_column][vc_column width=\"1\/3\"][vc_single_image image=\"938\" img_size=\"full\" title=\"Online Payments by:\" el_class=\"footer-payment\"][\/vc_column][\/vc_row][vc_row][vc_column][\/vc_column][\/vc_row]<\/p>\r\n","custom_css":""},"_multiwidget":1},"text":{"3":{"title":"Contact","text":"<ul class=\"thim-contact-list\">\r\n \t<li><i class=\"ion-email\" aria-hidden=\"true\"><\/i> <a href=\"mailto:info@thimpress.com\">info@thimpress.com<\/a><\/li>\r\n \t<li><i class=\"ion-ios-telephone\" aria-hidden=\"true\"><\/i> <a href=\"tel:00123456789\">+00 123 456 789<\/a><\/li>\r\n \t<li><i class=\"ion-iphone\" aria-hidden=\"true\"><\/i> <a href=\"tel:00123456789\">+00 111 456 789<\/a><\/li>\r\n \t<li><i class=\"ion-ios-location\" aria-hidden=\"true\"><\/i>No 200 Joseob, Canada.<\/li>\r\n<\/ul>","filter":true,"visual":true,"widget-class":""},"4":{"title":"Social Networks","text":"Click and Get started in seconds\r\n<ul class=\"list-inline\">\r\n \t<li class=\"list-inline-item\"><a href=\"http:\/\/galax.thimpress.com\/demo-5\/about-us\/\" target=\"_blank\" rel=\"noopener\"><img class=\"alignnone size-full wp-image-420\" src=\"https:\/\/galax.thimpress.com\/demo-5\/wp-content\/uploads\/sites\/5\/2017\/12\/shop01-google-play.png\" alt=\"\" width=\"132\" height=\"47\" \/><\/a><\/li>\r\n \t<li class=\"list-inline-item\"><a href=\"http:\/\/galax.thimpress.com\/demo-5\/contact\/\" target=\"_blank\" rel=\"noopener\"><img class=\"alignnone size-full wp-image-419\" src=\"https:\/\/galax.thimpress.com\/demo-5\/wp-content\/uploads\/sites\/5\/2017\/12\/shop01-app-store.png\" alt=\"\" width=\"132\" height=\"47\" \/><\/a><\/li>\r\n<\/ul>","filter":true,"visual":true,"widget_logic":"","widget-class":""},"_multiwidget":1},"nav_menu":{"2":{"title":"Programs","nav_menu":45,"widget-class":""},"4":{"title":"Useful Links","nav_menu":3,"widget-class":""},"3":{"title":"Support","nav_menu":4,"widget-class":""},"_multiwidget":1},"search":{"2":{"title":"","widget_logic":"!is_page('cart')&&!is_page('checkout')","widget-class":""},"_multiwidget":1},"recent-posts":{"2":{"title":"","number":5,"show_date":false,"widget_logic":"!is_page('cart')&&!is_page('checkout')","widget-class":""},"_multiwidget":1},"archives":{"2":{"title":"","count":0,"dropdown":0,"widget_logic":"!is_page('cart')&&!is_page('checkout')","widget-class":""},"_multiwidget":1},"categories":{"2":{"title":"","count":0,"hierarchical":0,"dropdown":0,"widget_logic":"!is_page('cart')&&!is_page('checkout')","widget-class":""},"_multiwidget":1},"meta":{"2":{"title":"","widget_logic":"!is_page('cart')&&!is_page('checkout')","widget-class":""},"_multiwidget":1},"woocommerce_product_search":{"2":{"title":"","widget-class":""},"_multiwidget":1},"woocommerce_product_categories":{"2":{"title":"Categories","orderby":"name","dropdown":0,"count":1,"hierarchical":1,"show_children_only":0,"hide_empty":0,"max_depth":"","widget-class":""},"_multiwidget":1},"woocommerce_price_filter":{"2":{"title":"Filter by price","widget-class":""},"_multiwidget":1},"woocommerce_products":{"2":{"title":"POPULAR PRODUCTS","number":4,"show":"","orderby":"date","order":"desc","hide_free":0,"show_hidden":0,"widget-class":""},"_multiwidget":1},"woocommerce_product_tag_cloud":{"2":{"title":"Tags","widget-class":""},"_multiwidget":1},"media_image":{"2":{"attachment_id":511,"url":"http:\/\/galax.thimpress.com\/demo-5\/wp-content\/uploads\/sites\/5\/2018\/03\/banner.jpg","title":"","size":"full","width":298,"height":325,"caption":"","alt":"","link_type":"custom","link_url":"https:\/\/thimpress.com\/product\/education-pack-1-free-education-wordpress-theme\/","image_classes":"","link_classes":"","link_rel":"","link_target_blank":false,"image_title":"","widget-class":"","widget_logic":""},"_multiwidget":1}}]