[{"course-sidebar":["media_image-5","block-7"],"footer":["text-1210021"]},{"media_image":{"5":{"size":"full","width":330,"height":359,"caption":"","alt":"","link_type":"custom","link_url":"https:\/\/1.envato.market\/Yx2YR","image_classes":"","link_classes":"","link_rel":"","link_target_blank":false,"image_title":"","attachment_id":13282,"url":"https:\/\/eduma.thimpress.com\/demo-marketplace\/wp-content\/uploads\/sites\/99\/2022\/11\/ads-sidebar.jpg","title":"","widget_logic":"","widget-class":""},"_multiwidget":1},"block":{"7":{"content":"<!-- wp:search {\"label\":\"Search\",\"placeholder\":\"Search products\u2026\",\"buttonText\":\"Search\",\"query\":{\"post_type\":\"product\"}} \/-->"},"_multiwidget":1},"text":{"1210021":{"title":"","text":"[thim_ekit id=\"8920\"]","filter":true,"visual":true,"widget_logic":"","widget-class":""},"_multiwidget":false}}]