[{"topbar_left":["text-2"],"topbar_right":["thim_layout_builder-2"],"sidebar":["thim_search-2","categories-2","thim-posts-3","tag_cloud-2"],"menu-right":["thim_layout_builder-4"],"info-right":["text-3"],"footer-sidebar-1":["thim_layout_builder-3"],"footer-sidebar-2":["nav_menu-2"],"footer-sidebar-3":["custom_html-2"],"footer-sidebar-4":["thim-posts-2"]},{"text":{"2":{"title":"","text":"<ul class=\"list-inline\">\r\n \t\r\n \t<li class=\"list-inline-item\"><i class=\"ion-ios-email\"><\/i> <a href=\"mailto:office@medical.com\">office@medical.com<\/a><\/li>\r\n\r\n    <li class=\"list-inline-item\"><i class=\"ion-ios-location\"><\/i> PO Box 97845 Baker st. 567, Los Angeles, California, US.<\/li>\r\n<\/ul>","filter":true,"visual":true,"widget-class":"thim-header-v2"},"3":{"title":"","text":"<ul>\r\n \t<li><i class=\"ion-ios-clock-outline\"><\/i> Mon - Fri: <a href=\"#\">08.00 - 17.00<\/a><\/li>\r\n \t<li><i class=\"ion-android-call\"><\/i> Tell Free: <a href=\"tel:00123456789\">(00) 123-456-789<\/a><\/li>\r\n<\/ul>","filter":true,"visual":true,"widget-class":"additional-info-list"},"_multiwidget":1},"thim_layout_builder":{"2":{"widget-class":"","content":"<p>[vc_row el_class=\"thim-header-v2\"][vc_column][thim-login-popup text_login=\"Login\" show_icon=\"\" mc_image=\"235\" mc_heading=\"Best company you ever work with.\" mc_description=\"In publishing and graphic design, lorem ipsum is a filler text or greeking commonly used to demonstrate the textual elements of a graphic document or visual presentation.\" popup_image=\"779\"][thim-social-links links=\"%5B%7B%22icon%22%3A%22fa%20fa-facebook-official%22%2C%22url%22%3A%22%23%22%7D%2C%7B%22icon%22%3A%22fa%20fa-twitter%22%2C%22url%22%3A%22%23%22%7D%2C%7B%22icon%22%3A%22fa%20fa-google-plus%22%2C%22url%22%3A%22%23%22%7D%5D\"][\/vc_column][\/vc_row]<\/p>\r\n","custom_css":""},"4":{"widget-class":"","content":"[vc_row equal_height=\"yes\"][vc_column][thim-button size=\"lg\" icon_type=\"\" style=\"primary\" link=\"url:%23|title:book%20appoint%20ment|target:%20_blank|\"][\/vc_column][\/vc_row]\r\n","custom_css":""},"3":{"widget-class":"","content":"[vc_row][vc_column][vc_single_image image=\"688\" img_size=\"full\" css=\".vc_custom_1536050846026{margin-bottom: 15px !important;}\"][vc_column_text css=\".vc_custom_1536050923073{margin-bottom: 20px !important;}\"]I am text block. Click edit button to change this text.[\/vc_column_text][vc_column_text css=\".vc_custom_1536050929094{margin-bottom: 20px !important;}\"][mc4wp_form id=\"429\"][\/vc_column_text][thim-social-links links=\"%5B%7B%22icon%22%3A%22fa%20fa-facebook-official%22%2C%22url%22%3A%22%23%22%7D%2C%7B%22icon%22%3A%22fa%20fa-twitter%22%2C%22url%22%3A%22%23%22%7D%2C%7B%22icon%22%3A%22fa%20fa-pinterest-p%22%2C%22url%22%3A%22%23%22%7D%2C%7B%22icon%22%3A%22fa%20fa-linkedin%22%2C%22url%22%3A%22%23%22%7D%5D\"][\/vc_column][\/vc_row]","custom_css":".vc_custom_1536050846026{margin-bottom: 15px !important;}.vc_custom_1536050923073{margin-bottom: 20px !important;}.vc_custom_1536050929094{margin-bottom: 20px !important;}"},"_multiwidget":1},"thim_search":{"2":{"title":"","popup":0,"widget-class":""},"_multiwidget":1},"categories":{"2":{"title":"","count":1,"hierarchical":0,"dropdown":0,"widget-class":""},"_multiwidget":1},"thim-posts":{"3":{"title":"Related posts","number":5,"show_date":true,"show_author":false,"show_number_comment":false,"widget-class":""},"2":{"title":"Recent Posts","number":2,"show_date":true,"show_author":false,"show_number_comment":false,"widget-class":""},"_multiwidget":1},"tag_cloud":{"2":{"title":"TAGS","count":0,"taxonomy":"post_tag","widget-class":""},"_multiwidget":1},"nav_menu":{"2":{"title":"Useful Links","nav_menu":28,"widget-class":"menu-column-2"},"_multiwidget":1},"custom_html":{"2":{"title":"Connect Us","content":"<ul class=\"thim-contact-list\">\r\n<li><i class=\"fa fa-phone\" aria-hidden=\"true\"><\/i> <a href=\"tel:00123456789\">(+00) 123456-789<\/a><\/li><li><i class=\"fa fa-envelope-o\" aria-hidden=\"true\"><\/i> <a href=\"mailto:info@thimpress.com\">info@thimpress.com<\/a><\/li><li><i class=\"fa fa-fax\" aria-hidden=\"true\"><\/i> <a href=\"tel:01123456789\">(+01) 123456-789<\/a><\/li><li><i class=\"fa fa-map-marker\" aria-hidden=\"true\"><\/i> PO Box 97845 Baker st. 567, Los Angeles, California, US.<\/li>\r\n<\/ul>","widget-class":""},"_multiwidget":1}}]