[{"header_right":["thim-login-3","woocommerce_widget_cart-2"],"sidebar":["search-2","thim_categories-2","thim-recent-courses-4","media_image-2","recent-posts-2"],"topbar":["text-6"],"after_main":["text-8","text-9","text-10"],"off_canvas_menu":["text-2","text-5"],"footer-sidebar-1":["text-3"],"footer-sidebar-2":["nav_menu-2"],"footer-sidebar-3":["nav_menu-3"],"footer-sidebar-4":["nav_menu-4"],"footer-sidebar-5":["text-4"],"top_sidebar_courses":["text-7"],"sidebar_courses":["thim-courses-categories-2","thim-recent-courses-3","media_image-3","recent-posts-3"],"sidebar_forums":["thim-courses-categories-3","thim-recent-courses-5","media_image-4"],"sidebar_events":["recent-posts-4","media_image-5","thim-recent-courses-6"]},{"thim-login":{"3":{"text_register":"Register","text_login":"Login","text_logout":"Logout","link":"","widget_logic":"","widget-class":""},"_multiwidget":1},"woocommerce_widget_cart":{"2":{"hide_if_empty":0,"widget_logic":"","widget-class":""},"_multiwidget":1},"search":{"2":{"title":"","widget_logic":"","widget-class":""},"_multiwidget":1},"thim_categories":{"2":{"title":"Categories","widget_logic":"","widget-class":""},"_multiwidget":1},"thim-recent-courses":{"4":{"title":"Latest Courses","number_courses":"3","widget_logic":"","widget-class":""},"3":{"title":"Latest Courses","number_courses":"3","widget_logic":"","widget-class":""},"5":{"title":"Latest Courses","number_courses":"3","widget_logic":"","widget-class":""},"6":{"title":"Latest Courses","number_courses":"3","widget_logic":"","widget-class":""},"_multiwidget":1},"media_image":{"2":{"attachment_id":795,"url":"https:\/\/coursebuilder.thimpress.com\/wp-content\/uploads\/sites\/19\/2017\/08\/wordpress-theme.jpg","title":"","size":"full","width":360,"height":392,"caption":"","alt":"","link_type":"custom","link_url":"http:\/\/thimpress.com","image_classes":"","link_classes":"","link_rel":"","image_title":"","widget_logic":"","widget-class":"","link_target_blank":true},"3":{"attachment_id":795,"url":"https:\/\/coursebuilder.thimpress.com\/wp-content\/uploads\/sites\/19\/2017\/08\/wordpress-theme.jpg","title":"","size":"full","width":360,"height":392,"caption":"","alt":"","link_type":"custom","link_url":"http:\/\/thimpress.com","image_classes":"","link_classes":"","link_rel":"","image_title":"","widget_logic":"","widget-class":"","link_target_blank":true},"4":{"attachment_id":795,"url":"https:\/\/coursebuilder.thimpress.com\/demo-4\/wp-content\/uploads\/sites\/19\/2017\/08\/wordpress-theme-276x300.jpg","title":"","size":"medium","width":360,"height":392,"caption":"","alt":"","link_type":"none","link_url":"","image_classes":"","link_classes":"","link_rel":"","image_title":"","widget_logic":"","widget-class":"","link_target_blank":false},"5":{"attachment_id":795,"url":"https:\/\/coursebuilder.thimpress.com\/element-4\/wp-content\/uploads\/sites\/19\/2017\/08\/wordpress-theme-276x300.jpg","title":"","size":"medium","width":360,"height":392,"caption":"","alt":"","link_type":"custom","link_url":"#","image_classes":"","link_classes":"","link_rel":"","link_target_blank":false,"image_title":"","widget_logic":"","widget-class":""},"_multiwidget":1},"recent-posts":{"2":{"title":"LASTEST POSTS","number":3,"show_date":true,"widget_logic":"","widget-class":""},"3":{"title":"Latest Posts","number":3,"show_date":true,"widget_logic":"","widget-class":""},"4":{"title":"Recent Posts","number":3,"show_date":true,"widget_logic":"","widget-class":""},"_multiwidget":1},"text":{"6":{"title":"","text":"[thim_ekit id=\"6967\"]","filter":true,"visual":true,"widget_logic":"","widget-class":""},"8":{"title":"","text":"[thim_ekit id=\"7094\"]","filter":true,"visual":true,"widget_logic":"is_home()","widget-class":""},"9":{"title":"","text":"[thim_ekit id=\"7095\"]","filter":true,"visual":true,"widget_logic":"thim_is_lp_profile_page() && is_user_logged_in()","widget-class":""},"10":{"title":"","text":"[thim_ekit id=\"7096\"]","filter":true,"visual":true,"widget_logic":"thim_is_lp_courses_page()","widget-class":""},"2":{"title":"","text":"<ul>\r\n \t<li><i class=\"fa fa-phone\" aria-hidden=\"true\"><\/i> <a href=\"tel:0123456789\">+(0123) 456 789<\/a><\/li>\r\n \t<li><i class=\"fa fa-envelope-o\" aria-hidden=\"true\"><\/i> <a href=\"mailto:info@thimpress.com\">info@thimpress.com<\/a><\/li>\r\n<\/ul>","filter":"content","widget_logic":"","widget-class":""},"5":{"title":"","text":"[thim_ekit id=\"6966\"]","filter":true,"visual":true,"widget_logic":"","widget-class":""},"3":{"title":"","text":"<a href=\"https:\/\/coursebuilder.thimpress.com\/element-4\"><img src=\"https:\/\/coursebuilder.thimpress.com\/demo-4\/wp-content\/uploads\/sites\/19\/2017\/09\/logo-home4-1.png\" alt=\"\" \/><\/a>\r\n\r\n<p style=\"margin-top: 20px;\">Join thousands of teachers making a difference everyday<\/p>\r\n<ul>\r\n \t<li><i class=\"fa fa-envelope-o\"><\/i> <a href=\"mailto:Info@thimpress.com\">Info@thimpress.com<\/a><\/li>\r\n \t<li><i class=\"fa fa-phone\"><\/i> <a href=\"tel:0122456789\">+ (0122) 456 789<\/a><\/li>\r\n \t<li><i class=\"fa fa-map-marker\"><\/i> No 200 Joseob, Canada.<\/li>\r\n<\/ul>","filter":true,"widget_logic":"","widget-class":"","visual":true},"4":{"title":"Subscribe","text":"<p>Join thousands of teachers making a difference everyday<\/p>\r\n[mc4wp_form id=\"4227\"]","filter":true,"widget_logic":"","widget-class":"fz-15","visual":true},"7":{"title":"","text":"[thim_ekit id=\"6964\"]","filter":true,"visual":true,"widget_logic":"","widget-class":""},"_multiwidget":1},"nav_menu":{"2":{"title":"Company","nav_menu":2,"widget_logic":"","widget-class":""},"3":{"title":"Links","nav_menu":4,"widget_logic":"","widget-class":""},"4":{"title":"Support","nav_menu":7,"widget_logic":"","widget-class":""},"_multiwidget":1},"thim-courses-categories":{"2":{"title":"Categories","show_counts":false,"widget_logic":"","widget-class":""},"3":{"title":"Categories","show_counts":false,"widget_logic":"","widget-class":""},"_multiwidget":1}}]