[{"sidebar":["categories-2","list-post-3","media_image-2","tag_cloud-2"],"menu_right":["text-7"],"menu_left":["text-6"],"footer-top":["custom_html-2"],"footer-sidebar-1":["text-2"],"footer-sidebar-2":["text-3"],"footer-sidebar-3":["text-4"],"footer-sidebar-4":["text-5"],"menu-left":["text-6"]},{"categories":{"2":{"title":"","count":1,"hierarchical":0,"dropdown":0},"_multiwidget":1},"list-post":{"3":{"layout":"style-3","title":"Latest post","font_size":24,"category_post":"16","limit_post":"3","orderby":"popular","order":"asc","columns":"2","columns_tab":"2","columns_mb":"2","show_post_desc":false},"_multiwidget":1},"media_image":{"2":{"size":"full","width":400,"height":400,"caption":"","alt":"","link_type":"custom","link_url":"","image_classes":"","link_classes":"","link_rel":"","link_target_blank":false,"image_title":"","attachment_id":4442,"url":"https:\/\/luxhotel.thimpress.com\/demo-2\/wp-content\/uploads\/sites\/2\/2021\/05\/Untitled-3.jpg","title":""},"_multiwidget":1},"tag_cloud":{"2":{"title":"Tag clouds","count":0,"taxonomy":"post_tag"},"_multiwidget":1},"text":{"7":{"title":"","text":"[INSERT_ELEMENTOR id=\"79\"]","filter":true,"visual":true},"6":{"title":"","text":"<div class=\"thim-mobile\">\r\n<div class=\"thim-phone-image\"><i class=\"las la-phone-volume\"><\/i><\/div>\r\n<div class=\"thim-mobile-info\">Need help? Call us now:\r\n<a class=\"value\" href=\"tel:(+88)123456789\">(+88) 12 345 6789<\/a><\/div>\r\n<\/div>","filter":true,"visual":true},"2":{"title":"","text":"<i class=\"las la-mobile\"><\/i>\r\n<a href=\"tel:1-800-544-2787\">(04) 495-9400<\/a>\r\n<a href=\"tel:1-800-544-2787\">1-800-544-2787<\/a>","filter":true,"visual":true},"3":{"title":"","text":"<i class=\"las la-map-marked-alt\"><\/i>\r\n\r\nA26BT5 Building\r\n\r\nLondon, England","filter":true,"visual":true},"4":{"title":"","text":"<i class=\"las la-at\"><\/i>\r\n\r\n<a href=\"mailto:support@luxhotel.com\">Support\r\n@luxhotel.com<\/a>","filter":true,"visual":true},"5":{"title":"","text":"<i class=\"las la-clock\"><\/i>\r\n\r\nDaily: 10:00 am \u2013 5:00 pm\r\n\r\nMonday &amp; Holidays: Closed","filter":true,"visual":true},"_multiwidget":1},"custom_html":{"2":{"title":"","content":"[INSERT_ELEMENTOR id=\"34\"]"},"_multiwidget":1}}]