[{"sidebar":["search-4","categories-2","courses-2","single-images-2","list-post-2"],"toolbar":["login-popup-3","courses-searching-3","text-1210016","social-2"],"menu_right":["text-1210017","siteorigin-panels-builder-10"],"footer":["siteorigin-panels-builder-9"],"sidebar_shop":["woocommerce_widget_cart-2"],"sidebar_courses":["course-categories-3","courses-7","single-images-7"]},{"search":{"4":{"title":"Search","widget-class":"","widget_logic":""},"_multiwidget":1},"categories":{"2":{"title":"","count":0,"hierarchical":0,"dropdown":0},"_multiwidget":1},"courses":{"2":{"heading_group":{"title":"Popular Courses","textcolor":false,"size":"h3","font_heading":"default","custom_font_heading":{"custom_font_size":18,"custom_font_weight":"normal"}},"desc_group":{"des":"","des_color":false,"des_font_size":16,"des_font_weight":"normal"},"order":"popular","layout":"list-sidebar","limit":3,"view_all_courses":"","slider-options":{"show_navigation":true,"item_visible":"4","show_pagination":false},"grid-options":{"columns":"2"},"widget-class":"","widget_logic":""},"7":{"title":"Latest Courses","order":"latest","cat_id":"all","layout":"list-sidebar","thumbnail_width":400,"thumbnail_height":300,"limit":3,"view_all_courses":"","view_all_position":"top","slider-options":{"show_navigation":true,"item_visible":"4","auto_play":0,"show_pagination":false},"grid-options":{"columns":"4"},"tabs-options":{"limit_tab":4,"cat_id_tab":false},"widget_logic":"","widget-class":"","featured":false},"_multiwidget":1},"single-images":{"2":{"image":3384,"image_size":"","image_link":"#","link_target":"_self","image_alignment":"left","css_animation":false,"widget-class":"","widget_logic":""},"7":{"image":3384,"image_size":"full","image_link":"#","link_target":"_self","image_alignment":"left","css_animation":false,"widget_logic":"","widget-class":""},"_multiwidget":1},"list-post":{"2":{"title":"Latest Posts","cat_id":"9","image_size":"thumbnail","show_description":"no","number_posts":3,"orderby":"recent","order":"desc","link":"","text_link":"","style":"sidebar","widget-class":"","widget_logic":""},"_multiwidget":1},"login-popup":{"3":{"text_register":"Register","text_login":"Login","text_logout":"Logout","text_profile":"Profile","layout":"icon","term":"","shortcode":"","widget_logic":"","widget-class":"","captcha":false},"_multiwidget":1},"courses-searching":{"3":{"layout":"overlay","title":"Search Courses","description":"Description for search course widget.","placeholder":"What do you want to learn today?","widget_logic":"","widget-class":""},"_multiwidget":1},"text":{"1210016":{"title":"","text":"<div class=\"thim-have-any-question\">\r\n<div class=\"mobile\"><i class=\"fa fa-phone\"><\/i>Need help? Call us now: <a class=\"value\" href=\"tel:00123456789\">(00) 123 456 789<\/a><\/div>\r\n<div class=\"email\"><i class=\"fa fa-envelope\"><\/i><a href=\"mailto:hello@eduma.com\">hello@eduma.com<\/a><\/div>\r\n<\/div>","filter":true,"visual":true,"widget_logic":"","widget-class":""},"1210017":{"title":"","text":"<ul>\r\n \t<li class=\"phone-topbar\"><i class=\"ion ion-android-call\"><\/i> Need help? Call us now: <a class=\"special-link\" href=\"#\">(+88) 12 345 6789<\/a><\/li>\r\n<\/ul>","filter":true,"visual":true,"widget_logic":"","widget-class":""},"_multiwidget":1},"social":{"2":{"title":"","style":"style-4","link_face":"#","link_twitter":"#","link_google":"#","link_dribble":"#","link_linkedin":"","link_pinterest":"","link_instagram":"","link_youtube":"","link_snapchat":"","link_target":"_self","widget_logic":"","widget-class":"","show_label":false},"_multiwidget":1},"siteorigin-panels-builder":{"10":{"panels_data":{"widgets":[{"title":"REQUEST INFO","url":"#","new_window":false,"custom_style":"custom_style","style_options":{"font_size":16,"font_weight":"300","border_width":"","color":"#ffffff","border_color":false,"bg_color":"#ef4360","hover_color":"#ffffff","hover_border_color":false,"hover_bg_color":"#d1345e"},"icon":{"icon":"","icon_size":14,"icon_position":false},"layout":{"button_size":"normal","rounding":false},"widget_logic":"","widget-class":"","panels_info":{"class":"Thim_Button_Widget","raw":false,"grid":0,"cell":0,"id":0,"widget_id":"0b48a3c8-7fad-4564-8b45-97bf7b407bfd","style":{"background_image_attachment":false,"background_display":"tile"}}},{"title":"APPLY NOW","url":"#","new_window":false,"custom_style":"custom_style","style_options":{"font_size":16,"font_weight":"300","border_width":"","color":"#ffffff","border_color":false,"bg_color":"#0eb1b2","hover_color":"#ffffff","hover_border_color":false,"hover_bg_color":"#07938f"},"icon":{"icon":"","icon_size":14,"icon_position":false},"layout":{"button_size":"normal","rounding":false},"widget_logic":"","widget-class":"","panels_info":{"class":"Thim_Button_Widget","grid":0,"cell":0,"id":1,"widget_id":"705759d8-00db-4059-a552-8d5a3c9908d2","style":{"background_image_attachment":false,"background_display":"tile"}}},{"layout":"overlay","title":"Search Courses","description":"Description for search course widget.","placeholder":"What do you want to learn today?","widget_logic":"","widget-class":"","panels_info":{"class":"Thim_Courses_Searching_Widget","grid":0,"cell":0,"id":2,"widget_id":"72b73cf0-888f-4516-ad53-5789dbcc41d8","style":{"background_image_attachment":false,"background_display":"tile"}}}],"grids":[{"cells":1,"style":[]}],"grid_cells":[{"grid":0,"index":0,"weight":1,"style":[]}]},"builder_id":"5d75c9f7dc5a9","widget_logic":"","widget-class":""},"9":{"panels_data":{"widgets":[{"title_group":{"title":"","color_title":false,"size":"h3","font_heading":"default","custom_heading":{"custom_font_size":14,"custom_font_weight":"normal","custom_mg_top":0,"custom_mg_bt":0},"line_after_title":false},"desc_group":{"content":"<em>(04) 495-9400<\/em>\n1-800-544-2787","custom_font_size_des":16,"custom_font_weight":"500","color_description":"#ffffff"},"read_more_group":{"link":"","target":"_self","read_more":"complete_box","link_to_icon":"no","button_read_more_group":{"read_text":"Read More","read_more_text_color":false,"border_read_more_text":false,"bg_read_more_text":false,"read_more_text_color_hover":false,"bg_read_more_text_hover":false}},"icon_type":"font-awesome","font_7_stroke_group":{"icon":"","icon_size":14},"font_awesome_group":{"icon":"phone","icon_size":22},"font_flaticon_group":{"icon":"","icon_size":14},"font_image_group":{"icon_img":0},"width_icon_box":100,"height_icon_box":0,"color_group":{"icon_color":"#ffffff","icon_border_color":false,"icon_bg_color":false,"icon_hover_color":false,"icon_border_color_hover":false,"icon_bg_color_hover":false},"layout_group":{"box_icon_style":false,"pos":"top","text_align_sc":"text-center","style_box":false},"widget_background":"none","bg_box_color":false,"self_video":0,"self_poster":0,"css_animation":false,"widget_logic":"","widget-class":"","panels_info":{"class":"Thim_Icon_Box_Widget","raw":false,"grid":1,"cell":0,"id":0,"widget_id":"53a72e4b-913c-433b-be1e-b94055b56b5f","style":{"background_image_attachment":false,"background_display":"tile"}}},{"title_group":{"title":"","color_title":false,"size":"h3","font_heading":"default","custom_heading":{"custom_font_size":14,"custom_font_weight":"normal","custom_mg_top":0,"custom_mg_bt":0},"line_after_title":false},"desc_group":{"content":"A26BT5 BUILDING <\/br> LONDON, ENGLAND","custom_font_size_des":16,"custom_font_weight":"500","color_description":"#ffffff"},"read_more_group":{"link":"","target":"_self","read_more":"complete_box","link_to_icon":"no","button_read_more_group":{"read_text":"Read More","read_more_text_color":false,"border_read_more_text":false,"bg_read_more_text":false,"read_more_text_color_hover":false,"bg_read_more_text_hover":false}},"icon_type":"font-awesome","font_7_stroke_group":{"icon":"","icon_size":14},"font_awesome_group":{"icon":"map-marker","icon_size":22},"font_flaticon_group":{"icon":"","icon_size":14},"font_image_group":{"icon_img":0},"width_icon_box":100,"height_icon_box":0,"color_group":{"icon_color":"#ffffff","icon_border_color":false,"icon_bg_color":false,"icon_hover_color":false,"icon_border_color_hover":false,"icon_bg_color_hover":false},"layout_group":{"box_icon_style":false,"pos":"top","text_align_sc":"text-center","style_box":false},"widget_background":"none","bg_box_color":false,"self_video":0,"self_poster":0,"css_animation":false,"widget_logic":"","widget-class":"","panels_info":{"class":"Thim_Icon_Box_Widget","raw":false,"grid":1,"cell":1,"id":1,"widget_id":"ea07457a-0149-4d0f-8346-0234bc34e9bd","style":{"background_image_attachment":false,"background_display":"tile"}}},{"title_group":{"title":"","color_title":false,"size":"h3","font_heading":"default","custom_heading":{"custom_font_size":14,"custom_font_weight":"normal","custom_mg_top":0,"custom_mg_bt":0},"line_after_title":false},"desc_group":{"content":"SUPPORT<\/br> @ARTSCHOOL.COM","custom_font_size_des":16,"custom_font_weight":"500","color_description":"#ffffff"},"read_more_group":{"link":"","target":"_self","read_more":"complete_box","link_to_icon":"no","button_read_more_group":{"read_text":"Read More","read_more_text_color":false,"border_read_more_text":false,"bg_read_more_text":false,"read_more_text_color_hover":false,"bg_read_more_text_hover":false}},"icon_type":"font-awesome","font_7_stroke_group":{"icon":"","icon_size":14},"font_awesome_group":{"icon":"envelope-o","icon_size":22},"font_flaticon_group":{"icon":"","icon_size":14},"font_image_group":{"icon_img":0},"width_icon_box":100,"height_icon_box":0,"color_group":{"icon_color":"#ffffff","icon_border_color":false,"icon_bg_color":false,"icon_hover_color":false,"icon_border_color_hover":false,"icon_bg_color_hover":false},"layout_group":{"box_icon_style":false,"pos":"top","text_align_sc":"text-center","style_box":false},"widget_background":"none","bg_box_color":false,"self_video":0,"self_poster":0,"css_animation":false,"widget_logic":"","widget-class":"","panels_info":{"class":"Thim_Icon_Box_Widget","raw":false,"grid":1,"cell":2,"id":2,"widget_id":"8d219b19-20d2-4311-852d-35f2aaba4651","style":{"background_image_attachment":false,"background_display":"tile"}}},{"title_group":{"title":"","color_title":false,"size":"h3","font_heading":"default","custom_heading":{"custom_font_size":14,"custom_font_weight":"normal","custom_mg_top":0,"custom_mg_bt":0},"line_after_title":false},"desc_group":{"content":"DAILY: 10:00 AM \u2013 5:00 PM <\/br>\nMONDAY &amp; HOLIDAYS: CLOSED","custom_font_size_des":16,"custom_font_weight":"500","color_description":"#ffffff"},"read_more_group":{"link":"","target":"_self","read_more":"complete_box","link_to_icon":"no","button_read_more_group":{"read_text":"Read More","read_more_text_color":false,"border_read_more_text":false,"bg_read_more_text":false,"read_more_text_color_hover":false,"bg_read_more_text_hover":false}},"icon_type":"font-awesome","font_7_stroke_group":{"icon":"","icon_size":14},"font_awesome_group":{"icon":"clock-o","icon_size":22},"font_flaticon_group":{"icon":"","icon_size":14},"font_image_group":{"icon_img":0},"width_icon_box":100,"height_icon_box":0,"color_group":{"icon_color":"#ffffff","icon_border_color":false,"icon_bg_color":false,"icon_hover_color":false,"icon_border_color_hover":false,"icon_bg_color_hover":false},"layout_group":{"box_icon_style":false,"pos":"top","text_align_sc":"text-center","style_box":false},"widget_background":"none","bg_box_color":false,"self_video":0,"self_poster":0,"css_animation":false,"widget_logic":"","widget-class":"","panels_info":{"class":"Thim_Icon_Box_Widget","raw":false,"grid":1,"cell":3,"id":3,"widget_id":"b48fd375-765b-468b-bfb6-31e78fbf953e","style":{"background_image_attachment":false,"background_display":"tile"}}},{"title":"","text":"<a href=\"http:\/\/educationwp.thimpress.com\/demo-new-art\/wp-content\/uploads\/sites\/79\/2019\/09\/ArtEduma1-min.png\"><img class=\"alignnone size-full wp-image-11114\" src=\"http:\/\/educationwp.thimpress.com\/demo-new-art\/wp-content\/uploads\/sites\/79\/2019\/09\/ArtEduma1-min.png\" alt=\"\" width=\"181\" height=\"31\" \/><\/a>","filter":true,"visual":true,"widget_logic":"","widget-class":"","panels_info":{"class":"WP_Widget_Text","raw":false,"grid":2,"cell":0,"id":4,"widget_id":"ad70c454-73fa-4237-985e-55a4b6ddc136","style":{"background_image_attachment":false,"background_display":"tile"}}},{"title":"","style":false,"link_face":"#","link_twitter":"#","link_google":"#","link_dribble":"#","link_linkedin":"#","link_pinterest":"","link_instagram":"","link_youtube":"","link_snapchat":"","link_target":"_self","widget_logic":"","widget-class":"","show_label":false,"panels_info":{"class":"Thim_Social_Widget","raw":false,"grid":2,"cell":0,"id":5,"widget_id":"ca45d5e9-b5c5-45a9-b6f0-ba42b5d6cbe1","style":{"background_image_attachment":false,"background_display":"tile"}}},{"title":"Menu","nav_menu":105,"widget_logic":"","widget-class":"","panels_info":{"class":"WP_Nav_Menu_Widget","raw":false,"grid":2,"cell":1,"id":6,"widget_id":"260bf04d-6389-41fe-ba75-e9ee8bca3f7c","style":{"background_image_attachment":false,"background_display":"tile"}}},{"title":"Courses","nav_menu":106,"widget_logic":"","widget-class":"","panels_info":{"class":"WP_Nav_Menu_Widget","raw":false,"grid":2,"cell":2,"id":7,"widget_id":"8bee0655-f63a-4fa5-8369-927d9ea45e15","style":{"background_image_attachment":false,"background_display":"tile"}}},{"title":"Topics","nav_menu":107,"widget_logic":"","widget-class":"","panels_info":{"class":"WP_Nav_Menu_Widget","raw":false,"grid":2,"cell":3,"id":8,"widget_id":"af2a5ade-022b-4243-a826-78c411d7d0e0","style":{"background_image_attachment":false,"background_display":"tile"}}},{"title":"Info For","nav_menu":108,"widget_logic":"","widget-class":"","panels_info":{"class":"WP_Nav_Menu_Widget","raw":false,"grid":2,"cell":4,"id":9,"widget_id":"311afb27-6398-4164-ae10-c5f583a761c5","style":{"background_image_attachment":false,"background_display":"tile"}}}],"grids":[{"cells":1,"style":{"row_css":"margin-top:-137px;\nposition:relative;\nz-index:-1;","padding":"156px 0px 0px 0px","background_image_attachment":"11113","background_image_attachment_fallback":false,"background_display":"center","row_stretch":"full","cell_alignment":"flex-start"},"ratio":1,"ratio_direction":"right"},{"cells":4,"style":{"class":"thim-width-column-responsive","row_css":"margin-top:-190px;","background_image_attachment":false,"background_display":"tile","bottom_margin":"0px","gutter":"0px","cell_alignment":"flex-start"},"ratio":1,"ratio_direction":"right"},{"cells":5,"style":{"padding":"120px 0px 110px 0px","mobile_padding":"30px 0px 30px 0px","background_image_attachment":false,"background_display":"tile","cell_alignment":"flex-start"}}],"grid_cells":[{"grid":0,"index":0,"weight":1,"style":[]},{"grid":1,"index":0,"weight":0.25,"style":{"padding":"41px 0px 38px 0px","background":"#ef4360","background_image_attachment":false,"background_display":"tile","vertical_alignment":"auto"}},{"grid":1,"index":1,"weight":0.25,"style":{"padding":"41px 0px 38px 0px","background":"#b29e2d","background_image_attachment":false,"background_display":"tile","vertical_alignment":"auto"}},{"grid":1,"index":2,"weight":0.25,"style":{"padding":"41px 0px 38px 0px","background":"#89c869","background_image_attachment":false,"background_display":"tile","vertical_alignment":"auto"}},{"grid":1,"index":3,"weight":0.25,"style":{"padding":"41px 0px 38px 0px","background":"#0eb1b2","background_image_attachment":false,"background_display":"tile","vertical_alignment":"auto"}},{"grid":2,"index":0,"weight":0.33300000000000002,"style":{"padding":"46px 0px 0px 0px","background_image_attachment":false,"background_display":"tile","vertical_alignment":"auto"}},{"grid":2,"index":1,"weight":0.16675000000000001,"style":[]},{"grid":2,"index":2,"weight":0.16675000000000001,"style":[]},{"grid":2,"index":3,"weight":0.16675000000000001,"style":[]},{"grid":2,"index":4,"weight":0.16675000000000001,"style":[]}]},"builder_id":"5d7753c45963b","widget_logic":"","widget-class":""},"_multiwidget":1},"woocommerce_widget_cart":{"2":{"title":"Cart","hide_if_empty":0,"widget-class":"","widget_logic":"is_woocommerce()"},"_multiwidget":1},"course-categories":{"3":{"title":"All Courses","layout":"base","slider-options":{"limit":15,"show_navigation":true,"item_visible":"7","auto_play":0,"show_pagination":false},"widget_logic":"","widget-class":"","list-options":{"show_counts":false,"hierarchical":false}},"_multiwidget":1}}]