[{"wp_inactive_widgets":["siteorigin-panels-builder-3","siteorigin-panels-builder-2","siteorigin-panels-builder-5","siteorigin-panels-builder-4","siteorigin-panels-builder-6","siteorigin-panels-builder-7","siteorigin-panels-builder-8","box-2","button-2","text-4","text-3","text-2","tag_cloud-2","archives-2","categories-2","meta-2"],"sidebar-1":["text-3","categories-2","text-5","tag_cloud-2"],"toolbar":["siteorigin-panels-builder-3"],"top_sidebar":["siteorigin-panels-builder-9"],"menu_sidebar":["button-2"],"footer":["siteorigin-panels-builder-10","siteorigin-panels-builder-11"]},{"text":{"3":{"title":"About Blog","text":"<div style=\"position: relative;\"><img  alt=\"landscaping\" src=\"http:\/\/landscaping.thimpress.com\/wp-content\/uploads\/sites\/2\/2016\/05\/about.jpg\">\r\n<\/div>\r\n<p style=\"padding-top: 10px; font-weight: 400\">\r\nEach of these five companies \u2013 though very different \u2013 can teach all of us in the lawn and landscape industry how to use our expertise and insight to truly educate our prospects and customers in a new way that is far removed from the traditional ways of marketing and sales.<\/p>\r\n","filter":false,"widget-class":""},"5":{"title":"Instagram post","text":"[instagram-feed num=9 cols=3 showfollow=false  showheader=false]","filter":false,"widget-class":""},"4":{"title":"Instagram post","text":"[instagram-feed num=9 cols=3 showfollow=false  showheader=false]","filter":false,"widget-class":""},"2":{"title":"Instagram post","text":"[instagram-feed num=9 cols=3 showfollow=false  showheader=false]","filter":false,"widget-class":""},"_multiwidget":1},"categories":{"2":{"title":"","count":1,"hierarchical":0,"dropdown":0,"widget-class":""},"_multiwidget":1},"tag_cloud":{"2":{"title":"Tags","taxonomy":"post_tag","widget-class":""},"_multiwidget":1},"siteorigin-panels-builder":{"3":{"panels_data":{"widgets":[{"title":"","text":"<select>\n\t<option value=\"en\" selected=\"selected\">English<\/option>\n\t<option value=\"fr\">Fran\u00e7ais<\/option>\n<\/select>","panels_info":{"class":"WP_Widget_Text","raw":false,"grid":0,"cell":0,"id":0,"style":{"class":"thim-select-style-2","widget_css":"","padding":"","background":"","background_image_attachment":"0","background_display":"tile","border_color":"","font_color":"","link_color":""}}},{"panels_data":{"widgets":[{"title":"","link_face":"https:\/\/www.facebook.com\/thimpress","link_twitter":"https:\/\/www.twitter.com\/thimpress","link_google":"","link_dribble":"","link_linkedin":"https:\/\/www.thimpress.com","link_pinterest":"","link_digg":"","link_youtube":"","link_instagram":"https:\/\/www.thimpress.com","link_target":"_self","style":"default","align":"right","panels_info":{"class":"Thim_Social_Widget","raw":false,"grid":0,"cell":0,"id":0,"style":{"class":"","widget_css":"","padding":"","background":"","background_image_attachment":"0","background_display":"tile","border_color":"","font_color":"","link_color":""}}}],"grids":[{"cells":1,"style":{"id":"","class":"","cell_class":"","row_css":"","bottom_margin":"","gutter":"","padding":"","row_stretch":"","collapse_order":"","background":"","background_image_attachment":"0","background_display":"tile","border_color":"","overlay":""}}],"grid_cells":[{"grid":0,"weight":1}]},"builder_id":"56d6b45805211","panels_info":{"class":"SiteOrigin_Panels_Widgets_Layout","raw":false,"grid":0,"cell":1,"id":1,"style":{"class":"thim-float-right thim-hidden-768px","widget_css":"","padding":"","background":"","background_image_attachment":"0","background_display":"tile","border_color":"","font_color":"","link_color":""}}}],"grids":[{"cells":2,"style":{"id":"","class":"thim-hidden-md-2","cell_class":"","row_css":"","bottom_margin":"","gutter":"0px","padding":"","row_stretch":"","collapse_order":"","background":"","background_image_attachment":"0","background_display":"tile","border_color":"","overlay":""}}],"grid_cells":[{"grid":0,"weight":0.5},{"grid":0,"weight":0.5}]},"builder_id":"571ef0d117bd4","widget-class":""},"9":{"panels_data":{"widgets":[{"box_style":"iconbox","title_group":{"title":"1422 1st St. Santa Rosa","font_family":"default","text_color":"#333333","font_size":14,"line_height":1.6,"font_weight":"bold","line":"true"},"desc_group":{"content":"CA 94559. United States","text_color":"#666666"},"readmore_group":{"link":"","read_more":"more","button_readmore_group":{"read_text":"Read More","button_style":"default"}},"box_style_default":{"background_image":0,"overlay_style":"overlay","overlay_color":"#000000","overlay_opacity":0.5},"box_style_video":{"url":""},"box_style_simple":{"background_image":0,"layout":"image-at-top","text_align":"text-left","overflow":"hidden"},"box_style_iconbox":{"icon":"map-marker","icon_size":16,"icon_color":"#9aca42","icon_line_height":50,"icon_width":40,"icon_height":50,"pos":"left"},"widget-class":"","panels_info":{"class":"Thim_Box_Widget","grid":0,"cell":0,"id":0,"widget_id":"dba6864d-21ae-4659-a79e-ba0c6f520347","style":{"class":"","widget_css":"","padding":"","background":"","background_image_attachment":"0","background_display":"tile","border_color":"","font_color":"","link_color":""}}},{"box_style":"iconbox","title_group":{"title":"Mon - Sat: 9:00 - 18:00 ","font_family":"default","text_color":"#333333","font_size":14,"line_height":1.6,"font_weight":"bold","line":"true"},"desc_group":{"content":"Sunday: CLOSE","text_color":"#666666"},"readmore_group":{"link":"","read_more":"more","button_readmore_group":{"read_text":"Read More","button_style":"default"}},"box_style_default":{"background_image":0,"overlay_style":"overlay","overlay_color":"#000000","overlay_opacity":0.5},"box_style_video":{"url":""},"box_style_simple":{"background_image":0,"layout":"image-at-top","text_align":"text-left","overflow":"hidden"},"box_style_iconbox":{"icon":"clock-o","icon_size":16,"icon_color":"#9aca42","icon_line_height":50,"icon_width":40,"icon_height":50,"pos":"left"},"widget-class":"","panels_info":{"class":"Thim_Box_Widget","grid":0,"cell":0,"id":1,"widget_id":"22d7ec36-ef38-4caf-ad33-a14e3f51cdd7","style":{"class":"","widget_css":"","padding":"","background":"","background_image_attachment":"0","background_display":"tile","border_color":"","font_color":"","link_color":""}}},{"box_style":"iconbox","title_group":{"title":"<a href=\"tel:18002345678\">1800 234 5678<\/a>","font_family":"default","text_color":"#333333","font_size":14,"line_height":1.6,"font_weight":"bold","line":"true"},"desc_group":{"content":"Free call","text_color":"#666666"},"readmore_group":{"link":"","read_more":"more","button_readmore_group":{"read_text":"Read More","button_style":"default"}},"box_style_default":{"background_image":0,"overlay_style":"overlay","overlay_color":"#000000","overlay_opacity":0.5},"box_style_video":{"url":""},"box_style_simple":{"background_image":0,"layout":"image-at-top","text_align":"text-left","overflow":"hidden"},"box_style_iconbox":{"icon":"phone","icon_size":16,"icon_color":"#9aca42","icon_line_height":50,"icon_width":40,"icon_height":50,"pos":"left"},"widget-class":"","panels_info":{"class":"Thim_Box_Widget","grid":0,"cell":0,"id":2,"widget_id":"60351a48-3c7e-4c23-8f6d-843820ec5521","style":{"class":"","widget_css":"","padding":"","background":"","background_image_attachment":"0","background_display":"tile","border_color":"","font_color":"","link_color":""}}}],"grids":[{"cells":1,"style":{"id":"","class":"thim-float-right","cell_class":"","row_css":"","bottom_margin":"","gutter":"","padding":"","row_stretch":"","collapse_order":"","background":"","background_image_attachment":"0","background_display":"tile","border_color":"","overlay":""}}],"grid_cells":[{"grid":0,"weight":1}]},"builder_id":"575782c6b3645","widget-class":""},"10":{"panels_data":{"widgets":[{"box_style":"simple","title_group":{"title":"AWARDS &amp; RECOGNITION","font_family":"custom","text_color":"#ffffff","font_size":24,"line_height":1.6,"font_weight":"700","line":"false"},"desc_group":{"content":"Check out some of our <a href=\"#\" class=\"thim-link-color\">Awards and Testimonials.<\/a>","text_color":"#ffffff"},"readmore_group":{"link":"","read_more":"complete_box","button_readmore_group":{"read_text":"Read More","button_style":"default"}},"box_style_default":{"background_image":0,"overlay_style":"overlay","overlay_color":"#000000","overlay_opacity":0.5},"box_style_video":{"url":""},"box_style_simple":{"background_image":63,"layout":"image-at-left","width_box":80,"text_align":"text-left","overflow":"visible"},"box_style_iconbox":{"icon":"","icon_size":14,"icon_color":"#333","icon_line_height":14,"icon_width":100,"icon_height":100,"pos":"top"},"widget-class":"","panels_info":{"class":"Thim_Box_Widget","raw":false,"grid":0,"cell":0,"id":0,"widget_id":"ea8d36d2-906e-494c-a911-5a424b55bc65","style":{"class":"","widget_css":"","padding":"18px 50px","background":"","background_image_attachment":"0","background_display":"tile","border_color":"","font_color":"","link_color":""}}},{"box_style":"simple","title_group":{"title":"COMMERCIAL SERVICES?","font_family":"custom","text_color":"#ffffff","font_size":24,"line_height":1.6,"font_weight":"700","line":"false"},"desc_group":{"content":"Some examples of our <a href=\"#\" class=\"thim-link-color\">Commercial Customers.<\/a>","text_color":"#ffffff"},"readmore_group":{"link":"","read_more":"complete_box","button_readmore_group":{"read_text":"Read More","button_style":"default"}},"box_style_default":{"background_image":0,"overlay_style":"overlay","overlay_color":"#000000","overlay_opacity":0.5},"box_style_video":{"url":""},"box_style_simple":{"background_image":64,"layout":"image-at-left","width_box":60,"text_align":"text-left","overflow":"visible"},"box_style_iconbox":{"icon":"","icon_size":14,"icon_color":"#333","icon_line_height":14,"icon_width":100,"icon_height":100,"pos":"top"},"widget-class":"","panels_info":{"class":"Thim_Box_Widget","raw":false,"grid":0,"cell":1,"id":1,"widget_id":"6970f17a-d1f4-4262-89bd-c8b3b6bb2dfa","style":{"class":"","widget_css":"","padding":"18px 50px","background":"","background_image_attachment":"0","background_display":"tile","border_color":"","font_color":"","link_color":""}}}],"grids":[{"cells":2,"style":{"id":"","class":"thim-line-between","cell_class":"","row_css":"padding-top: 95px;\npadding-bottom: 95px;","bottom_margin":"","gutter":"","padding":"","row_stretch":"full","collapse_order":"","background":"","background_image_attachment":"66","background_display":"cover","border_color":"","overlay":"thim-overlay-color"}}],"grid_cells":[{"grid":0,"weight":0.5},{"grid":0,"weight":0.5}]},"builder_id":"576cab52f28d1","widget-class":""},"11":{"panels_data":{"widgets":[{"title":"","text":"<p><img class=\"size-full wp-image-42 aligncenter\" src=\"http:\/\/landscaping.thimpress.com\/wp-content\/uploads\/2016\/04\/icon-map.png\" alt=\"icon-map\" width=\"230\" height=\"110\" \/><\/p>","text_selected_editor":"tmce","autop":true,"_sow_form_id":"571f14caf2b8b","widget-class":"","panels_info":{"class":"SiteOrigin_Widget_Editor_Widget","raw":false,"grid":0,"cell":0,"id":0,"widget_id":"21392c9a-6e9c-4139-b5a3-238aea50029b","style":{"class":"","widget_css":"","padding":"35px 0px 0px","background":"","background_image_attachment":"0","background_display":"tile","border_color":"","font_color":"","link_color":""}}},{"title":"Australia","text":"<ul>\n \t<li><i class=\"fa fa-map-marker\" aria-hidden=\"true\"><\/i> 334a Marrickville Road Marrickville NSW 2204.<\/li>\n \t<li><i class=\"fa fa-phone\" aria-hidden=\"true\"><\/i> <a href=\"tel:00123456789\" class=\"thim-hover-color-title\">+(00) 123 456 789<\/a><\/li>\n \t<li><i class=\"fa fa-envelope\" aria-hidden=\"true\"><\/i> <a href=\"mailto:wordpress@landscaping.com\" class=\"thim-hover-color-title\">wordpress@landscaping.com<\/a><\/li>\n<\/ul>\n","text_selected_editor":"html","autop":true,"_sow_form_id":"571f14f197d2c","widget-class":"","panels_info":{"class":"SiteOrigin_Widget_Editor_Widget","raw":false,"grid":0,"cell":1,"id":1,"widget_id":"739a422a-3883-44bd-ae00-5de80d10166c","style":{"class":"thim-title-not-line","widget_css":"","padding":"0px 0px 0px 15px","background":"","background_image_attachment":"0","background_display":"tile","border_color":"","font_color":"#ffffff","link_color":""}}},{"title":"United Kingdom","text":"<ul>\n \t<li><i class=\"fa fa-map-marker\" aria-hidden=\"true\"><\/i> NAAONB, 11 High Street, Fairford, Gloucestershire GL4 4AD.<\/li>\n \t<li><i class=\"fa fa-phone\" aria-hidden=\"true\"><\/i> <a href=\"tel:00123456789\" class=\"thim-hover-color-title\">+(00) 123 456 789<\/a><\/li>\n \t<li><i class=\"fa fa-envelope\" aria-hidden=\"true\"><\/i> <a href=\"mailto:wordpress@landscaping.com\" class=\"thim-hover-color-title\">wordpress@landscaping.com<\/a><\/li>\n<\/ul>","text_selected_editor":"html","autop":true,"_sow_form_id":"571f292ea6a7b","widget-class":"","panels_info":{"class":"SiteOrigin_Widget_Editor_Widget","raw":false,"grid":0,"cell":2,"id":2,"widget_id":"7755c5bf-5392-43f6-8bac-e14f1e29b38d","style":{"class":"thim-title-not-line","widget_css":"","padding":"0px 0px 0px 15px","background":"","background_image_attachment":"0","background_display":"tile","border_color":"","font_color":"#ffffff","link_color":""}}},{"title":"United States","text":"<ul>\n \t<li><i class=\"fa fa-map-marker\" aria-hidden=\"true\"><\/i> 100 Maryland Avenue, SW, Washington, DC 20001.<\/li>\n \t<li><i class=\"fa fa-phone\" aria-hidden=\"true\"><\/i> <a href=\"tel:00123456789\" class=\"thim-hover-color-title\">+(00) 123 456 789<\/a><\/li>\n \t<li><i class=\"fa fa-envelope\" aria-hidden=\"true\"><\/i> <a href=\"mailto:wordpress@landscaping.com\" class=\"thim-hover-color-title\">wordpress@landscaping.com<\/a><\/li>\n<\/ul>","text_selected_editor":"html","autop":true,"_sow_form_id":"571f29305b749","widget-class":"","panels_info":{"class":"SiteOrigin_Widget_Editor_Widget","raw":false,"grid":0,"cell":3,"id":3,"widget_id":"39bbea3a-2154-4f28-bd0f-72249d9c27e2","style":{"class":"thim-title-not-line","widget_css":"","padding":"0px 0px 0px 15px","background":"","background_image_attachment":"0","background_display":"tile","border_color":"","font_color":"#ffffff","link_color":""}}},{"title":"About Company","text":"<p>Our landscaping company has professionals in landscape design, construction and maintenance. We invest in the talent and equipment necessary to create and maintain landscapes that mirror the lifestyles and unique tastes of discriminating clients while adding distinction and value to their properties.<\/p>","text_selected_editor":"tinymce","autop":true,"_sow_form_id":"571f132ab92e7","widget-class":"","panels_info":{"class":"SiteOrigin_Widget_Editor_Widget","raw":false,"grid":1,"cell":0,"id":4,"widget_id":"27624df7-0e1c-4f4d-9df2-217b2df3b7ae","style":{"class":"","widget_css":"","padding":"","background":"","background_image_attachment":"0","background_display":"tile","border_color":"","font_color":"","link_color":""}}},{"title":"Infomation","nav_menu":33,"widget-class":"","panels_info":{"class":"WP_Nav_Menu_Widget","grid":1,"cell":1,"id":5,"widget_id":"ae4e0c7d-8f90-42ac-a0a5-fff815f2aa30","style":{"id":"","class":"","widget_css":"","mobile_css":"","padding":"","mobile_padding":"","background":"","background_image_attachment":"0","background_display":"tile","border_color":"","font_color":"","link_color":""}}},{"title":"Services","nav_menu":35,"widget-class":"","panels_info":{"class":"WP_Nav_Menu_Widget","grid":1,"cell":2,"id":6,"widget_id":"ea78bbf1-dd13-482d-9191-ba0337af44b6","style":{"id":"","class":"","widget_css":"","mobile_css":"","padding":"","mobile_padding":"","background":"","background_image_attachment":"0","background_display":"tile","border_color":"","font_color":"","link_color":""}}},{"title":"Get Our Newsletter","text":"[mc4wp_form id=\"43\"]","widget-class":"","filter":false,"panels_info":{"class":"WP_Widget_Text","raw":false,"grid":1,"cell":3,"id":7,"widget_id":"5f18014f-aa81-482a-8b22-25f1706e4584","style":{"class":"","widget_css":"","padding":"","background":"","background_image_attachment":"0","background_display":"tile","border_color":"","font_color":"","link_color":""}}},{"title":"","link_face":"https:\/\/www.facebook.com\/thimpress","link_twitter":"https:\/\/twitter.com\/thimpress","link_google":"","link_dribble":"","link_linkedin":"","link_pinterest":"","link_digg":"#","link_youtube":"#","link_instagram":"","link_target":"_self","style":"default","align":"left","widget-class":"","panels_info":{"class":"Thim_Social_Widget","raw":false,"grid":1,"cell":3,"id":8,"widget_id":"a25cc048-1e0b-45fd-9a2d-dddcd362276e","style":{"class":"","widget_css":"","padding":"","background":"","background_image_attachment":"0","background_display":"tile","border_color":"","font_color":"","link_color":""}}},{"title":"","text":"<hr>","widget-class":"","filter":false,"panels_info":{"class":"WP_Widget_Text","raw":false,"grid":2,"cell":0,"id":9,"widget_id":"4445b3a6-cbcf-433b-9ed8-b4b732ed4544","style":{"class":"","widget_css":"","padding":"","background":"","background_image_attachment":"0","background_display":"tile","border_color":"","font_color":"","link_color":""}}},{"text_align":"left","widget-class":"","panels_info":{"class":"Thim_Copyright_Widget","raw":false,"grid":3,"cell":0,"id":10,"widget_id":"61fd91f8-469b-48e2-9278-6d9aa0f37b26","style":{"class":"","widget_css":"","padding":"","background":"","background_image_attachment":"0","background_display":"tile","border_color":"","font_color":"","link_color":""}}},{"nav_menu":32,"widget-class":"","panels_info":{"class":"WP_Nav_Menu_Widget","grid":3,"cell":1,"id":11,"widget_id":"b9784d4a-dfdc-404a-b206-600fa65b6cd9","style":{"id":"","class":"thim-float-list text-right","widget_css":"","mobile_css":"","padding":"","mobile_padding":"","background":"","background_image_attachment":"0","background_display":"tile","border_color":"","font_color":"","link_color":""}}}],"grids":[{"cells":4,"style":{"id":"","class":"thim-line-between-columns thim-margin-bottom","cell_class":"","row_css":"","bottom_margin":"0px","gutter":"","padding":"80px 0px 50px 0px","row_stretch":"full","collapse_order":"","background":"#9aca42","background_image_attachment":"0","background_display":"tile","border_color":"","overlay":""}},{"cells":4,"style":{"id":"","class":"thim-margin-bottom","cell_class":"","row_css":"","bottom_margin":"0px","gutter":"","padding":"80px 0px 50px 0px","row_stretch":"","collapse_order":"","background":"","background_image_attachment":"0","background_display":"tile","border_color":"","overlay":""}},{"cells":1,"style":{"id":"","class":"","cell_class":"","row_css":"","bottom_margin":"0px","gutter":"","padding":"","row_stretch":"","collapse_order":"","background":"","background_image_attachment":"0","background_display":"tile","border_color":"","overlay":""}},{"cells":2,"style":{"id":"","class":"","cell_class":"","row_css":"","bottom_margin":"","gutter":"","padding":"20px 0px 33px","row_stretch":"","collapse_order":"","background":"","background_image_attachment":"0","background_display":"tile","border_color":"","overlay":""}}],"grid_cells":[{"grid":0,"index":0,"weight":0.25,"style":[]},{"grid":0,"index":1,"weight":0.25,"style":[]},{"grid":0,"index":2,"weight":0.25,"style":[]},{"grid":0,"index":3,"weight":0.25,"style":[]},{"grid":1,"index":0,"weight":0.32989690721649,"style":[]},{"grid":1,"index":1,"weight":0.17010309278351,"style":[]},{"grid":1,"index":2,"weight":0.17010309278351,"style":[]},{"grid":1,"index":3,"weight":0.32989690721649,"style":[]},{"grid":2,"index":0,"weight":1,"style":[]},{"grid":3,"index":0,"weight":0.5,"style":[]},{"grid":3,"index":1,"weight":0.5,"style":[]}]},"builder_id":"5ad5a019214dc","widget-class":""},"2":{"panels_data":{"widgets":[{"box_style":"iconbox","title_group":{"title":"1422 1st St. Santa Rosa","font_family":"default","text_color":"#333333","font_size":14,"line_height":1.6,"font_weight":"bold","line":"true"},"desc_group":{"content":"CA 94559. United States","text_color":"#666666"},"readmore_group":{"link":"","read_more":"more","button_readmore_group":{"read_text":"Read More","button_style":"default"}},"box_style_default":{"background_image":0,"overlay_style":"overlay","overlay_color":"#000000","overlay_opacity":0.5},"box_style_video":{"url":""},"box_style_simple":{"background_image":0,"layout":"image-at-top","text_align":"text-left","overflow":"hidden"},"box_style_iconbox":{"icon":"map-marker","icon_size":16,"icon_color":"#9aca42","icon_line_height":50,"icon_width":40,"icon_height":50,"pos":"left"},"widget-class":"","panels_info":{"class":"Thim_Box_Widget","grid":0,"cell":0,"id":0,"widget_id":"dba6864d-21ae-4659-a79e-ba0c6f520347","style":{"class":"","widget_css":"","padding":"","background":"","background_image_attachment":"0","background_display":"tile","border_color":"","font_color":"","link_color":""}}},{"box_style":"iconbox","title_group":{"title":"Mon - Sat: 9:00 - 18:00 ","font_family":"default","text_color":"#333333","font_size":14,"line_height":1.6,"font_weight":"bold","line":"true"},"desc_group":{"content":"Sunday: CLOSE","text_color":"#666666"},"readmore_group":{"link":"","read_more":"more","button_readmore_group":{"read_text":"Read More","button_style":"default"}},"box_style_default":{"background_image":0,"overlay_style":"overlay","overlay_color":"#000000","overlay_opacity":0.5},"box_style_video":{"url":""},"box_style_simple":{"background_image":0,"layout":"image-at-top","text_align":"text-left","overflow":"hidden"},"box_style_iconbox":{"icon":"clock-o","icon_size":16,"icon_color":"#9aca42","icon_line_height":50,"icon_width":40,"icon_height":50,"pos":"left"},"widget-class":"","panels_info":{"class":"Thim_Box_Widget","grid":0,"cell":0,"id":1,"widget_id":"22d7ec36-ef38-4caf-ad33-a14e3f51cdd7","style":{"class":"","widget_css":"","padding":"","background":"","background_image_attachment":"0","background_display":"tile","border_color":"","font_color":"","link_color":""}}},{"box_style":"iconbox","title_group":{"title":"<a href=\"tel:18002345678\">1800 234 5678<\/a>","font_family":"default","text_color":"#333333","font_size":14,"line_height":1.6,"font_weight":"bold","line":"true"},"desc_group":{"content":"Free call","text_color":"#666666"},"readmore_group":{"link":"","read_more":"more","button_readmore_group":{"read_text":"Read More","button_style":"default"}},"box_style_default":{"background_image":0,"overlay_style":"overlay","overlay_color":"#000000","overlay_opacity":0.5},"box_style_video":{"url":""},"box_style_simple":{"background_image":0,"layout":"image-at-top","text_align":"text-left","overflow":"hidden"},"box_style_iconbox":{"icon":"phone","icon_size":16,"icon_color":"#9aca42","icon_line_height":50,"icon_width":40,"icon_height":50,"pos":"left"},"widget-class":"","panels_info":{"class":"Thim_Box_Widget","grid":0,"cell":0,"id":2,"widget_id":"60351a48-3c7e-4c23-8f6d-843820ec5521","style":{"class":"","widget_css":"","padding":"","background":"","background_image_attachment":"0","background_display":"tile","border_color":"","font_color":"","link_color":""}}}],"grids":[{"cells":1,"style":{"id":"","class":"thim-float-right","cell_class":"","row_css":"","bottom_margin":"","gutter":"","padding":"","row_stretch":"","collapse_order":"","background":"","background_image_attachment":"0","background_display":"tile","border_color":"","overlay":""}}],"grid_cells":[{"grid":0,"weight":1}]},"builder_id":"575782c6b3645","widget-class":""},"5":{"panels_data":{"widgets":[{"box_style":"simple","title_group":{"title":"AWARDS &amp; RECOGNITION","font_family":"custom","text_color":"#ffffff","font_size":24,"line_height":1.6,"font_weight":"700","line":"false"},"desc_group":{"content":"Check out some of our <a href=\"#\" class=\"thim-link-color\">Awards and Testimonials.<\/a>","text_color":"#ffffff"},"readmore_group":{"link":"","read_more":"complete_box","button_readmore_group":{"read_text":"Read More","button_style":"default"}},"box_style_default":{"background_image":0,"overlay_style":"overlay","overlay_color":"#000000","overlay_opacity":0.5},"box_style_video":{"url":""},"box_style_simple":{"background_image":63,"layout":"image-at-left","width_box":80,"text_align":"text-left","overflow":"visible"},"box_style_iconbox":{"icon":"","icon_size":14,"icon_color":"#333","icon_line_height":14,"icon_width":100,"icon_height":100,"pos":"top"},"widget-class":"","panels_info":{"class":"Thim_Box_Widget","raw":false,"grid":0,"cell":0,"id":0,"widget_id":"ea8d36d2-906e-494c-a911-5a424b55bc65","style":{"class":"","widget_css":"","padding":"18px 50px","background":"","background_image_attachment":"0","background_display":"tile","border_color":"","font_color":"","link_color":""}}},{"box_style":"simple","title_group":{"title":"COMMERCIAL SERVICES?","font_family":"custom","text_color":"#ffffff","font_size":24,"line_height":1.6,"font_weight":"700","line":"false"},"desc_group":{"content":"Some examples of our <a href=\"#\" class=\"thim-link-color\">Commercial Customers.<\/a>","text_color":"#ffffff"},"readmore_group":{"link":"","read_more":"complete_box","button_readmore_group":{"read_text":"Read More","button_style":"default"}},"box_style_default":{"background_image":0,"overlay_style":"overlay","overlay_color":"#000000","overlay_opacity":0.5},"box_style_video":{"url":""},"box_style_simple":{"background_image":64,"layout":"image-at-left","width_box":60,"text_align":"text-left","overflow":"visible"},"box_style_iconbox":{"icon":"","icon_size":14,"icon_color":"#333","icon_line_height":14,"icon_width":100,"icon_height":100,"pos":"top"},"widget-class":"","panels_info":{"class":"Thim_Box_Widget","raw":false,"grid":0,"cell":1,"id":1,"widget_id":"6970f17a-d1f4-4262-89bd-c8b3b6bb2dfa","style":{"class":"","widget_css":"","padding":"18px 50px","background":"","background_image_attachment":"0","background_display":"tile","border_color":"","font_color":"","link_color":""}}}],"grids":[{"cells":2,"style":{"id":"","class":"thim-line-between","cell_class":"","row_css":"padding-top: 95px;\npadding-bottom: 95px;","bottom_margin":"","gutter":"","padding":"","row_stretch":"full","collapse_order":"","background":"","background_image_attachment":"66","background_display":"cover","border_color":"","overlay":"thim-overlay-color"}}],"grid_cells":[{"grid":0,"weight":0.5},{"grid":0,"weight":0.5}]},"builder_id":"576cab52f28d1","widget-class":""},"4":{"panels_data":{"widgets":[{"title":"","text":"<p><img class=\"size-full wp-image-42 aligncenter\" src=\"http:\/\/landscaping.thimpress.com\/wp-content\/uploads\/2016\/04\/icon-map.png\" alt=\"icon-map\" width=\"230\" height=\"110\" \/><\/p>","text_selected_editor":"tmce","autop":true,"_sow_form_id":"571f14caf2b8b","widget-class":"","panels_info":{"class":"SiteOrigin_Widget_Editor_Widget","raw":false,"grid":0,"cell":0,"id":0,"widget_id":"21392c9a-6e9c-4139-b5a3-238aea50029b","style":{"class":"","widget_css":"","padding":"35px 0px 0px","background":"","background_image_attachment":"0","background_display":"tile","border_color":"","font_color":"","link_color":""}}},{"title":"Australia","text":"<ul>\n \t<li><i class=\"fa fa-map-marker\" aria-hidden=\"true\"><\/i> 334a Marrickville Road Marrickville NSW 2204.<\/li>\n \t<li><i class=\"fa fa-phone\" aria-hidden=\"true\"><\/i> <a href=\"tel:00123456789\" class=\"thim-hover-color-title\">+(00) 123 456 789<\/a><\/li>\n \t<li><i class=\"fa fa-envelope\" aria-hidden=\"true\"><\/i> <a href=\"mailto:wordpress@landscaping.com\" class=\"thim-hover-color-title\">wordpress@landscaping.com<\/a><\/li>\n<\/ul>\n","text_selected_editor":"html","autop":true,"_sow_form_id":"571f14f197d2c","widget-class":"","panels_info":{"class":"SiteOrigin_Widget_Editor_Widget","raw":false,"grid":0,"cell":1,"id":1,"widget_id":"739a422a-3883-44bd-ae00-5de80d10166c","style":{"class":"thim-title-not-line","widget_css":"","padding":"0px 0px 0px 15px","background":"","background_image_attachment":"0","background_display":"tile","border_color":"","font_color":"#ffffff","link_color":""}}},{"title":"United Kingdom","text":"<ul>\n \t<li><i class=\"fa fa-map-marker\" aria-hidden=\"true\"><\/i> NAAONB, 11 High Street, Fairford, Gloucestershire GL4 4AD.<\/li>\n \t<li><i class=\"fa fa-phone\" aria-hidden=\"true\"><\/i> <a href=\"tel:00123456789\" class=\"thim-hover-color-title\">+(00) 123 456 789<\/a><\/li>\n \t<li><i class=\"fa fa-envelope\" aria-hidden=\"true\"><\/i> <a href=\"mailto:wordpress@landscaping.com\" class=\"thim-hover-color-title\">wordpress@landscaping.com<\/a><\/li>\n<\/ul>","text_selected_editor":"html","autop":true,"_sow_form_id":"571f292ea6a7b","widget-class":"","panels_info":{"class":"SiteOrigin_Widget_Editor_Widget","raw":false,"grid":0,"cell":2,"id":2,"widget_id":"7755c5bf-5392-43f6-8bac-e14f1e29b38d","style":{"class":"thim-title-not-line","widget_css":"","padding":"0px 0px 0px 15px","background":"","background_image_attachment":"0","background_display":"tile","border_color":"","font_color":"#ffffff","link_color":""}}},{"title":"United States","text":"<ul>\n \t<li><i class=\"fa fa-map-marker\" aria-hidden=\"true\"><\/i> 100 Maryland Avenue, SW, Washington, DC 20001.<\/li>\n \t<li><i class=\"fa fa-phone\" aria-hidden=\"true\"><\/i> <a href=\"tel:00123456789\" class=\"thim-hover-color-title\">+(00) 123 456 789<\/a><\/li>\n \t<li><i class=\"fa fa-envelope\" aria-hidden=\"true\"><\/i> <a href=\"mailto:wordpress@landscaping.com\" class=\"thim-hover-color-title\">wordpress@landscaping.com<\/a><\/li>\n<\/ul>","text_selected_editor":"html","autop":true,"_sow_form_id":"571f29305b749","widget-class":"","panels_info":{"class":"SiteOrigin_Widget_Editor_Widget","raw":false,"grid":0,"cell":3,"id":3,"widget_id":"39bbea3a-2154-4f28-bd0f-72249d9c27e2","style":{"class":"thim-title-not-line","widget_css":"","padding":"0px 0px 0px 15px","background":"","background_image_attachment":"0","background_display":"tile","border_color":"","font_color":"#ffffff","link_color":""}}},{"title":"About Company","text":"<p>Our landscaping company has professionals in landscape design, construction and maintenance. We invest in the talent and equipment necessary to create and maintain landscapes that mirror the lifestyles and unique tastes of discriminating clients while adding distinction and value to their properties.<\/p>","text_selected_editor":"tinymce","autop":true,"_sow_form_id":"571f132ab92e7","widget-class":"","panels_info":{"class":"SiteOrigin_Widget_Editor_Widget","raw":false,"grid":1,"cell":0,"id":4,"widget_id":"27624df7-0e1c-4f4d-9df2-217b2df3b7ae","style":{"class":"","widget_css":"","padding":"","background":"","background_image_attachment":"0","background_display":"tile","border_color":"","font_color":"","link_color":""}}},{"title":"Infomation","nav_menu":33,"widget-class":"","panels_info":{"class":"WP_Nav_Menu_Widget","raw":false,"grid":1,"cell":1,"id":5,"widget_id":"ae4e0c7d-8f90-42ac-a0a5-fff815f2aa30","style":{"class":"","widget_css":"","padding":"","background":"","background_image_attachment":"0","background_display":"tile","border_color":"","font_color":"","link_color":""}}},{"title":"Services","nav_menu":35,"widget-class":"","panels_info":{"class":"WP_Nav_Menu_Widget","raw":false,"grid":1,"cell":2,"id":6,"widget_id":"ea78bbf1-dd13-482d-9191-ba0337af44b6","style":{"class":"","widget_css":"","padding":"","background":"","background_image_attachment":"0","background_display":"tile","border_color":"","font_color":"","link_color":""}}},{"title":"Get Our Newsletter","text":"[mc4wp_form id=\"43\"]","widget-class":"","filter":false,"panels_info":{"class":"WP_Widget_Text","raw":false,"grid":1,"cell":3,"id":7,"widget_id":"5f18014f-aa81-482a-8b22-25f1706e4584","style":{"class":"","widget_css":"","padding":"","background":"","background_image_attachment":"0","background_display":"tile","border_color":"","font_color":"","link_color":""}}},{"title":"","link_face":"https:\/\/www.facebook.com\/thimpress","link_twitter":"https:\/\/twitter.com\/thimpress","link_google":"","link_dribble":"","link_linkedin":"","link_pinterest":"","link_digg":"#","link_youtube":"#","link_instagram":"","link_target":"_self","style":"default","align":"left","widget-class":"","panels_info":{"class":"Thim_Social_Widget","raw":false,"grid":1,"cell":3,"id":8,"widget_id":"a25cc048-1e0b-45fd-9a2d-dddcd362276e","style":{"class":"","widget_css":"","padding":"","background":"","background_image_attachment":"0","background_display":"tile","border_color":"","font_color":"","link_color":""}}},{"title":"","text":"<hr>","widget-class":"","filter":false,"panels_info":{"class":"WP_Widget_Text","raw":false,"grid":2,"cell":0,"id":9,"widget_id":"4445b3a6-cbcf-433b-9ed8-b4b732ed4544","style":{"class":"","widget_css":"","padding":"","background":"","background_image_attachment":"0","background_display":"tile","border_color":"","font_color":"","link_color":""}}},{"text_align":"left","widget-class":"","panels_info":{"class":"Thim_Copyright_Widget","raw":false,"grid":3,"cell":0,"id":10,"widget_id":"61fd91f8-469b-48e2-9278-6d9aa0f37b26","style":{"class":"","widget_css":"","padding":"","background":"","background_image_attachment":"0","background_display":"tile","border_color":"","font_color":"","link_color":""}}},{"nav_menu":32,"widget-class":"","panels_info":{"class":"WP_Nav_Menu_Widget","grid":3,"cell":1,"id":11,"widget_id":"b9784d4a-dfdc-404a-b206-600fa65b6cd9","style":{"class":"thim-float-list text-right","widget_css":"","padding":"","background":"","background_image_attachment":"0","background_display":"tile","border_color":"","font_color":"","link_color":""}}}],"grids":[{"cells":4,"style":{"id":"","class":"thim-line-between-columns thim-margin-bottom","cell_class":"","row_css":"","bottom_margin":"0px","gutter":"","padding":"80px 0px 50px 0px","row_stretch":"full","collapse_order":"","background":"#9aca42","background_image_attachment":"0","background_display":"tile","border_color":"","overlay":""}},{"cells":4,"style":{"id":"","class":"thim-margin-bottom","cell_class":"","row_css":"","bottom_margin":"0px","gutter":"","padding":"80px 0px 50px 0px","row_stretch":"","collapse_order":"","background":"","background_image_attachment":"0","background_display":"tile","border_color":"","overlay":""}},{"cells":1,"style":{"id":"","class":"","cell_class":"","row_css":"","bottom_margin":"0px","gutter":"","padding":"","row_stretch":"","collapse_order":"","background":"","background_image_attachment":"0","background_display":"tile","border_color":"","overlay":""}},{"cells":2,"style":{"id":"","class":"","cell_class":"","row_css":"","bottom_margin":"","gutter":"","padding":"20px 0px 33px","row_stretch":"","collapse_order":"","background":"","background_image_attachment":"0","background_display":"tile","border_color":"","overlay":""}}],"grid_cells":[{"grid":0,"weight":0.25},{"grid":0,"weight":0.25},{"grid":0,"weight":0.25},{"grid":0,"weight":0.25},{"grid":1,"weight":0.32989690721649},{"grid":1,"weight":0.17010309278351},{"grid":1,"weight":0.17010309278351},{"grid":1,"weight":0.32989690721649},{"grid":2,"weight":1},{"grid":3,"weight":0.5},{"grid":3,"weight":0.5}]},"builder_id":"582c108e664c0","widget-class":""},"6":{"panels_data":{"widgets":[{"box_style":"iconbox","title_group":{"title":"1422 1st St. Santa Rosa","font_family":"default","text_color":"#333333","font_size":14,"line_height":1.6,"font_weight":"bold","line":"true"},"desc_group":{"content":"CA 94559. United States","text_color":"#666666"},"readmore_group":{"link":"","read_more":"more","button_readmore_group":{"read_text":"Read More","button_style":"default"}},"box_style_default":{"background_image":0,"overlay_style":"overlay","overlay_color":"#000000","overlay_opacity":0.5},"box_style_video":{"url":""},"box_style_simple":{"background_image":0,"layout":"image-at-top","text_align":"text-left","overflow":"hidden"},"box_style_iconbox":{"icon":"map-marker","icon_size":16,"icon_color":"#9aca42","icon_line_height":50,"icon_width":40,"icon_height":50,"pos":"left"},"widget-class":"","panels_info":{"class":"Thim_Box_Widget","grid":0,"cell":0,"id":0,"widget_id":"dba6864d-21ae-4659-a79e-ba0c6f520347","style":{"class":"","widget_css":"","padding":"","background":"","background_image_attachment":"0","background_display":"tile","border_color":"","font_color":"","link_color":""}}},{"box_style":"iconbox","title_group":{"title":"Mon - Sat: 9:00 - 18:00 ","font_family":"default","text_color":"#333333","font_size":14,"line_height":1.6,"font_weight":"bold","line":"true"},"desc_group":{"content":"Sunday: CLOSE","text_color":"#666666"},"readmore_group":{"link":"","read_more":"more","button_readmore_group":{"read_text":"Read More","button_style":"default"}},"box_style_default":{"background_image":0,"overlay_style":"overlay","overlay_color":"#000000","overlay_opacity":0.5},"box_style_video":{"url":""},"box_style_simple":{"background_image":0,"layout":"image-at-top","text_align":"text-left","overflow":"hidden"},"box_style_iconbox":{"icon":"clock-o","icon_size":16,"icon_color":"#9aca42","icon_line_height":50,"icon_width":40,"icon_height":50,"pos":"left"},"widget-class":"","panels_info":{"class":"Thim_Box_Widget","grid":0,"cell":0,"id":1,"widget_id":"22d7ec36-ef38-4caf-ad33-a14e3f51cdd7","style":{"class":"","widget_css":"","padding":"","background":"","background_image_attachment":"0","background_display":"tile","border_color":"","font_color":"","link_color":""}}},{"box_style":"iconbox","title_group":{"title":"<a href=\"tel:18002345678\">1800 234 5678<\/a>","font_family":"default","text_color":"#333333","font_size":14,"line_height":1.6,"font_weight":"bold","line":"true"},"desc_group":{"content":"Free call","text_color":"#666666"},"readmore_group":{"link":"","read_more":"more","button_readmore_group":{"read_text":"Read More","button_style":"default"}},"box_style_default":{"background_image":0,"overlay_style":"overlay","overlay_color":"#000000","overlay_opacity":0.5},"box_style_video":{"url":""},"box_style_simple":{"background_image":0,"layout":"image-at-top","text_align":"text-left","overflow":"hidden"},"box_style_iconbox":{"icon":"phone","icon_size":16,"icon_color":"#9aca42","icon_line_height":50,"icon_width":40,"icon_height":50,"pos":"left"},"widget-class":"","panels_info":{"class":"Thim_Box_Widget","grid":0,"cell":0,"id":2,"widget_id":"60351a48-3c7e-4c23-8f6d-843820ec5521","style":{"class":"","widget_css":"","padding":"","background":"","background_image_attachment":"0","background_display":"tile","border_color":"","font_color":"","link_color":""}}}],"grids":[{"cells":1,"style":{"id":"","class":"thim-float-right","cell_class":"","row_css":"","bottom_margin":"","gutter":"","padding":"","row_stretch":"","collapse_order":"","background":"","background_image_attachment":"0","background_display":"tile","border_color":"","overlay":""}}],"grid_cells":[{"grid":0,"weight":1}]},"builder_id":"575782c6b3645","widget-class":""},"7":{"panels_data":{"widgets":[{"box_style":"simple","title_group":{"title":"AWARDS &amp; RECOGNITION","font_family":"custom","text_color":"#ffffff","font_size":24,"line_height":1.6,"font_weight":"700","line":"false"},"desc_group":{"content":"Check out some of our <a href=\"#\" class=\"thim-link-color\">Awards and Testimonials.<\/a>","text_color":"#ffffff"},"readmore_group":{"link":"","read_more":"complete_box","button_readmore_group":{"read_text":"Read More","button_style":"default"}},"box_style_default":{"background_image":0,"overlay_style":"overlay","overlay_color":"#000000","overlay_opacity":0.5},"box_style_video":{"url":""},"box_style_simple":{"background_image":63,"layout":"image-at-left","width_box":80,"text_align":"text-left","overflow":"visible"},"box_style_iconbox":{"icon":"","icon_size":14,"icon_color":"#333","icon_line_height":14,"icon_width":100,"icon_height":100,"pos":"top"},"widget-class":"","panels_info":{"class":"Thim_Box_Widget","raw":false,"grid":0,"cell":0,"id":0,"widget_id":"ea8d36d2-906e-494c-a911-5a424b55bc65","style":{"class":"","widget_css":"","padding":"18px 50px","background":"","background_image_attachment":"0","background_display":"tile","border_color":"","font_color":"","link_color":""}}},{"box_style":"simple","title_group":{"title":"COMMERCIAL SERVICES?","font_family":"custom","text_color":"#ffffff","font_size":24,"line_height":1.6,"font_weight":"700","line":"false"},"desc_group":{"content":"Some examples of our <a href=\"#\" class=\"thim-link-color\">Commercial Customers.<\/a>","text_color":"#ffffff"},"readmore_group":{"link":"","read_more":"complete_box","button_readmore_group":{"read_text":"Read More","button_style":"default"}},"box_style_default":{"background_image":0,"overlay_style":"overlay","overlay_color":"#000000","overlay_opacity":0.5},"box_style_video":{"url":""},"box_style_simple":{"background_image":64,"layout":"image-at-left","width_box":60,"text_align":"text-left","overflow":"visible"},"box_style_iconbox":{"icon":"","icon_size":14,"icon_color":"#333","icon_line_height":14,"icon_width":100,"icon_height":100,"pos":"top"},"widget-class":"","panels_info":{"class":"Thim_Box_Widget","raw":false,"grid":0,"cell":1,"id":1,"widget_id":"6970f17a-d1f4-4262-89bd-c8b3b6bb2dfa","style":{"class":"","widget_css":"","padding":"18px 50px","background":"","background_image_attachment":"0","background_display":"tile","border_color":"","font_color":"","link_color":""}}}],"grids":[{"cells":2,"style":{"id":"","class":"thim-line-between","cell_class":"","row_css":"padding-top: 95px;\npadding-bottom: 95px;","bottom_margin":"","gutter":"","padding":"","row_stretch":"full","collapse_order":"","background":"","background_image_attachment":"66","background_display":"cover","border_color":"","overlay":"thim-overlay-color"}}],"grid_cells":[{"grid":0,"weight":0.5},{"grid":0,"weight":0.5}]},"builder_id":"576cab52f28d1","widget-class":""},"8":{"panels_data":{"widgets":[{"title":"","text":"<p><img class=\"size-full wp-image-42 aligncenter\" src=\"http:\/\/landscaping.thimpress.com\/wp-content\/uploads\/2016\/04\/icon-map.png\" alt=\"icon-map\" width=\"230\" height=\"110\" \/><\/p>","text_selected_editor":"tmce","autop":true,"_sow_form_id":"571f14caf2b8b","widget-class":"","panels_info":{"class":"SiteOrigin_Widget_Editor_Widget","raw":false,"grid":0,"cell":0,"id":0,"widget_id":"21392c9a-6e9c-4139-b5a3-238aea50029b","style":{"class":"","widget_css":"","padding":"35px 0px 0px","background":"","background_image_attachment":"0","background_display":"tile","border_color":"","font_color":"","link_color":""}}},{"title":"Australia","text":"<ul>\n \t<li><i class=\"fa fa-map-marker\" aria-hidden=\"true\"><\/i> 334a Marrickville Road Marrickville NSW 2204.<\/li>\n \t<li><i class=\"fa fa-phone\" aria-hidden=\"true\"><\/i> <a href=\"tel:00123456789\" class=\"thim-hover-color-title\">+(00) 123 456 789<\/a><\/li>\n \t<li><i class=\"fa fa-envelope\" aria-hidden=\"true\"><\/i> <a href=\"mailto:wordpress@landscaping.com\" class=\"thim-hover-color-title\">wordpress@landscaping.com<\/a><\/li>\n<\/ul>\n","text_selected_editor":"html","autop":true,"_sow_form_id":"571f14f197d2c","widget-class":"","panels_info":{"class":"SiteOrigin_Widget_Editor_Widget","raw":false,"grid":0,"cell":1,"id":1,"widget_id":"739a422a-3883-44bd-ae00-5de80d10166c","style":{"class":"thim-title-not-line","widget_css":"","padding":"0px 0px 0px 15px","background":"","background_image_attachment":"0","background_display":"tile","border_color":"","font_color":"#ffffff","link_color":""}}},{"title":"United Kingdom","text":"<ul>\n \t<li><i class=\"fa fa-map-marker\" aria-hidden=\"true\"><\/i> NAAONB, 11 High Street, Fairford, Gloucestershire GL4 4AD.<\/li>\n \t<li><i class=\"fa fa-phone\" aria-hidden=\"true\"><\/i> <a href=\"tel:00123456789\" class=\"thim-hover-color-title\">+(00) 123 456 789<\/a><\/li>\n \t<li><i class=\"fa fa-envelope\" aria-hidden=\"true\"><\/i> <a href=\"mailto:wordpress@landscaping.com\" class=\"thim-hover-color-title\">wordpress@landscaping.com<\/a><\/li>\n<\/ul>","text_selected_editor":"html","autop":true,"_sow_form_id":"571f292ea6a7b","widget-class":"","panels_info":{"class":"SiteOrigin_Widget_Editor_Widget","raw":false,"grid":0,"cell":2,"id":2,"widget_id":"7755c5bf-5392-43f6-8bac-e14f1e29b38d","style":{"class":"thim-title-not-line","widget_css":"","padding":"0px 0px 0px 15px","background":"","background_image_attachment":"0","background_display":"tile","border_color":"","font_color":"#ffffff","link_color":""}}},{"title":"United States","text":"<ul>\n \t<li><i class=\"fa fa-map-marker\" aria-hidden=\"true\"><\/i> 100 Maryland Avenue, SW, Washington, DC 20001.<\/li>\n \t<li><i class=\"fa fa-phone\" aria-hidden=\"true\"><\/i> <a href=\"tel:00123456789\" class=\"thim-hover-color-title\">+(00) 123 456 789<\/a><\/li>\n \t<li><i class=\"fa fa-envelope\" aria-hidden=\"true\"><\/i> <a href=\"mailto:wordpress@landscaping.com\" class=\"thim-hover-color-title\">wordpress@landscaping.com<\/a><\/li>\n<\/ul>","text_selected_editor":"html","autop":true,"_sow_form_id":"571f29305b749","widget-class":"","panels_info":{"class":"SiteOrigin_Widget_Editor_Widget","raw":false,"grid":0,"cell":3,"id":3,"widget_id":"39bbea3a-2154-4f28-bd0f-72249d9c27e2","style":{"class":"thim-title-not-line","widget_css":"","padding":"0px 0px 0px 15px","background":"","background_image_attachment":"0","background_display":"tile","border_color":"","font_color":"#ffffff","link_color":""}}},{"title":"About Company","text":"<p>Our landscaping company has professionals in landscape design, construction and maintenance. We invest in the talent and equipment necessary to create and maintain landscapes that mirror the lifestyles and unique tastes of discriminating clients while adding distinction and value to their properties.<\/p>","text_selected_editor":"tinymce","autop":true,"_sow_form_id":"571f132ab92e7","widget-class":"","panels_info":{"class":"SiteOrigin_Widget_Editor_Widget","raw":false,"grid":1,"cell":0,"id":4,"widget_id":"27624df7-0e1c-4f4d-9df2-217b2df3b7ae","style":{"class":"","widget_css":"","padding":"","background":"","background_image_attachment":"0","background_display":"tile","border_color":"","font_color":"","link_color":""}}},{"title":"Infomation","nav_menu":33,"widget-class":"","panels_info":{"class":"WP_Nav_Menu_Widget","grid":1,"cell":1,"id":5,"widget_id":"ae4e0c7d-8f90-42ac-a0a5-fff815f2aa30","style":{"id":"","class":"","widget_css":"","mobile_css":"","padding":"","mobile_padding":"","background":"","background_image_attachment":"0","background_display":"tile","border_color":"","font_color":"","link_color":""}}},{"title":"Services","nav_menu":35,"widget-class":"","panels_info":{"class":"WP_Nav_Menu_Widget","grid":1,"cell":2,"id":6,"widget_id":"ea78bbf1-dd13-482d-9191-ba0337af44b6","style":{"id":"","class":"","widget_css":"","mobile_css":"","padding":"","mobile_padding":"","background":"","background_image_attachment":"0","background_display":"tile","border_color":"","font_color":"","link_color":""}}},{"title":"Get Our Newsletter","text":"[mc4wp_form id=\"43\"]","widget-class":"","filter":false,"panels_info":{"class":"WP_Widget_Text","raw":false,"grid":1,"cell":3,"id":7,"widget_id":"5f18014f-aa81-482a-8b22-25f1706e4584","style":{"class":"","widget_css":"","padding":"","background":"","background_image_attachment":"0","background_display":"tile","border_color":"","font_color":"","link_color":""}}},{"title":"","link_face":"https:\/\/www.facebook.com\/thimpress","link_twitter":"https:\/\/twitter.com\/thimpress","link_google":"","link_dribble":"","link_linkedin":"","link_pinterest":"","link_digg":"#","link_youtube":"#","link_instagram":"","link_target":"_self","style":"default","align":"left","widget-class":"","panels_info":{"class":"Thim_Social_Widget","raw":false,"grid":1,"cell":3,"id":8,"widget_id":"a25cc048-1e0b-45fd-9a2d-dddcd362276e","style":{"class":"","widget_css":"","padding":"","background":"","background_image_attachment":"0","background_display":"tile","border_color":"","font_color":"","link_color":""}}},{"title":"","text":"<hr>","widget-class":"","filter":false,"panels_info":{"class":"WP_Widget_Text","raw":false,"grid":2,"cell":0,"id":9,"widget_id":"4445b3a6-cbcf-433b-9ed8-b4b732ed4544","style":{"class":"","widget_css":"","padding":"","background":"","background_image_attachment":"0","background_display":"tile","border_color":"","font_color":"","link_color":""}}},{"text_align":"left","widget-class":"","panels_info":{"class":"Thim_Copyright_Widget","raw":false,"grid":3,"cell":0,"id":10,"widget_id":"61fd91f8-469b-48e2-9278-6d9aa0f37b26","style":{"class":"","widget_css":"","padding":"","background":"","background_image_attachment":"0","background_display":"tile","border_color":"","font_color":"","link_color":""}}},{"nav_menu":8,"panels_info":{"class":"WP_Nav_Menu_Widget","raw":false,"grid":3,"cell":1,"id":11,"widget_id":"b9784d4a-dfdc-404a-b206-600fa65b6cd9","style":{"class":"thim-float-list text-right","widget_css":"","padding":"","background":"","background_image_attachment":"0","background_display":"tile","border_color":"","font_color":"","link_color":""}}}],"grids":[{"cells":4,"style":{"id":"","class":"thim-line-between-columns thim-margin-bottom","cell_class":"","row_css":"","bottom_margin":"0px","gutter":"","padding":"80px 0px 50px 0px","row_stretch":"full","collapse_order":"","background":"#9aca42","background_image_attachment":"0","background_display":"tile","border_color":"","overlay":""}},{"cells":4,"style":{"id":"","class":"thim-margin-bottom","cell_class":"","row_css":"","bottom_margin":"0px","gutter":"","padding":"80px 0px 50px 0px","row_stretch":"","collapse_order":"","background":"","background_image_attachment":"0","background_display":"tile","border_color":"","overlay":""}},{"cells":1,"style":{"id":"","class":"","cell_class":"","row_css":"","bottom_margin":"0px","gutter":"","padding":"","row_stretch":"","collapse_order":"","background":"","background_image_attachment":"0","background_display":"tile","border_color":"","overlay":""}},{"cells":2,"style":{"id":"","class":"","cell_class":"","row_css":"","bottom_margin":"","gutter":"","padding":"20px 0px 33px","row_stretch":"","collapse_order":"","background":"","background_image_attachment":"0","background_display":"tile","border_color":"","overlay":""}}],"grid_cells":[{"grid":0,"index":0,"weight":0.25,"style":[]},{"grid":0,"index":1,"weight":0.25,"style":[]},{"grid":0,"index":2,"weight":0.25,"style":[]},{"grid":0,"index":3,"weight":0.25,"style":[]},{"grid":1,"index":0,"weight":0.32989690721649,"style":[]},{"grid":1,"index":1,"weight":0.17010309278351,"style":[]},{"grid":1,"index":2,"weight":0.17010309278351,"style":[]},{"grid":1,"index":3,"weight":0.32989690721649,"style":[]},{"grid":2,"index":0,"weight":1,"style":[]},{"grid":3,"index":0,"weight":0.5,"style":[]},{"grid":3,"index":1,"weight":0.5,"style":[]}]},"builder_id":"59152c42262f0","widget-class":""},"_multiwidget":1},"button":{"2":{"text":"GET A QUOTE","link":"http:\/\/landscaping.thimpress.com\/contact-us\/","align":"center","style":"style8","size":"large","button_option":{"custom":"yes","button_color":"#86b530","text_color":"#FFF","button_hover_color":"#559b00","text_hover_color":"#FFF","icon":"location-arrow"},"widget-class":""},"_multiwidget":1},"box":{"2":{"box_style":"base","title_group":{"title":"This is an box.","font_family":"custom","text_color":false,"font_size":24,"line_height":1.6,"font_weight":"700","line":"true"},"desc_group":{"content":"Write a short description, that will describe the title or something informational and useful.","text_color":false},"readmore_group":{"link":"","read_more":"complete_box","button_readmore_group":{"read_text":"Read More","button_style":"default"}},"box_style_default":{"background_image":0,"overlay_style":"overlay","overlay_color":"#000000","overlay_opacity":0.5},"box_style_video":{"url":""},"box_style_simple":{"background_image":0,"layout":"image-at-top","width_box":145,"text_align":"text-left","overflow":"hidden"},"box_style_iconbox":{"icon":"","icon_size":14,"icon_color":"#333","icon_line_height":14,"icon_width":100,"icon_height":100,"pos":"top"},"widget-class":""},"_multiwidget":1},"archives":{"2":{"title":"","count":0,"dropdown":0},"_multiwidget":1},"meta":{"2":{"title":""},"_multiwidget":1}}]