[{"sidebar":["search-2","thim-courses-categories-4","thim_categories-2","thim-recent-courses-2","media_image-2","recent-posts-2"],"header_right":["thim-login-2","woocommerce_widget_cart-2"],"after_main":["text-8","text-9","text-10"],"off_canvas_menu":["text-2","text-6"],"footer-sidebar-1":["text-3"],"footer-sidebar-2":["nav_menu-2"],"footer-sidebar-3":["nav_menu-3"],"footer-sidebar-4":["nav_menu-4"],"footer-sidebar-5":["nav_menu-5"],"footer-sidebar-6":["text-4"],"footer_sticky":["text-5"],"top_sidebar_courses":["text-7"],"sidebar_courses":["thim-courses-categories-2","thim-recent-courses-3","media_image-3","recent-posts-3"],"sidebar_forums":["thim-courses-categories-3","thim-recent-courses-5","media_image-5"],"sidebar_events":["recent-posts-4","media_image-4","thim-recent-courses-4"]},{"search":{"2":{"title":""},"_multiwidget":1},"thim-courses-categories":{"4":{"title":"Categories","show_counts":false,"widget_logic":"is_page(40)","widget-class":""},"2":{"title":"Categories","show_counts":false,"widget_logic":"","widget-class":""},"3":{"title":"Categories","show_counts":false,"widget_logic":"","widget-class":""},"_multiwidget":1},"thim_categories":{"2":{"title":"Categories","widget_logic":"!is_page(40)","widget-class":""},"_multiwidget":1},"thim-recent-courses":{"2":{"title":"Latest Courses","number_courses":"3","widget_logic":"","widget-class":""},"3":{"title":"Latest Courses","number_courses":"3","widget_logic":"","widget-class":""},"5":{"title":"Latest Courses","number_courses":"3","widget_logic":"","widget-class":""},"4":{"title":"Latest Courses","number_courses":"3","widget_logic":"","widget-class":""},"_multiwidget":1},"media_image":{"2":{"attachment_id":795,"url":"https:\/\/coursebuilder.thimpress.com\/wp-content\/uploads\/sites\/17\/2017\/08\/wordpress-theme.jpg","title":"","size":"full","width":360,"height":392,"caption":"","alt":"","link_type":"custom","link_url":"http:\/\/thimpress.com","image_classes":"","link_classes":"","link_rel":"","image_title":"","widget_logic":"!is_page(40)","widget-class":"","link_target_blank":false},"3":{"attachment_id":795,"url":"https:\/\/coursebuilder.thimpress.com\/wp-content\/uploads\/sites\/17\/2017\/08\/wordpress-theme.jpg","title":"","size":"full","width":360,"height":392,"caption":"","alt":"","link_type":"custom","link_url":"http:\/\/thimpress.com","image_classes":"","link_classes":"","link_rel":"","image_title":"","widget_logic":"","widget-class":"","link_target_blank":false},"5":{"attachment_id":795,"url":"https:\/\/coursebuilder.thimpress.com\/demo-2\/wp-content\/uploads\/sites\/17\/2017\/08\/wordpress-theme-276x300.jpg","title":"","size":"medium","width":360,"height":392,"caption":"","alt":"","link_type":"none","link_url":"","image_classes":"","link_classes":"","link_rel":"","image_title":"","widget_logic":"","widget-class":"","link_target_blank":false},"4":{"attachment_id":795,"url":"https:\/\/coursebuilder.thimpress.com\/demo-2\/wp-content\/uploads\/sites\/17\/2017\/08\/wordpress-theme-276x300.jpg","title":"","size":"medium","width":360,"height":392,"caption":"","alt":"","link_type":"none","link_url":"","image_classes":"","link_classes":"","link_rel":"httpsthemeforestnetitemcourse-builder-wordpress-learning-management-system-theme-elearning-software20370918refthimpress","image_title":"","widget_logic":"","widget-class":"","link_target_blank":true},"_multiwidget":1},"recent-posts":{"2":{"title":"LASTEST POSTS","number":3,"show_date":true,"widget_logic":"!is_page(40)","widget-class":""},"3":{"title":"Latest Posts","number":3,"show_date":true,"widget_logic":"","widget-class":""},"4":{"title":"Recent Posts","number":3,"show_date":true,"widget_logic":"","widget-class":""},"_multiwidget":1},"thim-login":{"2":{"text_register":"Register","text_login":"Login","text_logout":"Logout","link":"https:\/\/coursebuilder.thimpress.com\/element-2\/account\/","shortcode":"[wordpress_social_login]","popup":true,"widget_logic":"","widget-class":""},"_multiwidget":1},"woocommerce_widget_cart":{"2":{"hide_if_empty":0,"widget_logic":"","widget-class":""},"_multiwidget":1},"text":{"8":{"title":"","text":"[thim_ekit id=\"7938\"]","filter":true,"visual":true,"widget_logic":"is_home()","widget-class":""},"9":{"title":"","text":"[thim_ekit id=\"7940\"]","filter":true,"visual":true,"widget_logic":"thim_is_lp_profile_page() && is_user_logged_in()","widget-class":""},"10":{"title":"","text":"[thim_ekit id=\"7939\"]","filter":true,"visual":true,"widget_logic":"thim_is_lp_courses_page()","widget-class":""},"2":{"title":"","text":"<ul>\r\n \t<li><i class=\"fa fa-phone\" aria-hidden=\"true\"><\/i> <a href=\"tel:0123456789\">+(0123) 456 789<\/a><\/li>\r\n \t<li><i class=\"fa fa-envelope-o\" aria-hidden=\"true\"><\/i> <a href=\"mailto:info@thimpress.com\">info@thimpress.com<\/a><\/li>\r\n<\/ul>","filter":"content","widget_logic":"","widget-class":""},"6":{"title":"","text":"[thim_ekit id=\"7906\"]","filter":true,"visual":true,"widget_logic":"","widget-class":""},"3":{"title":"Contact","text":"<ul>\r\n \t<li><i class=\"fa fa-envelope-o\"><\/i> <a href=\"mailto:Info@thimpress.com\">Info@thimpress.com<\/a><\/li>\r\n \t<li><i class=\"fa fa-phone\"><\/i> <a href=\"tel:0122456789\">+ (0122) 456 789<\/a><\/li>\r\n \t<li><i class=\"fa fa-fax\"><\/i> + (0123) 456 789<\/li>\r\n \t<li><i class=\"fa fa-map-marker\"><\/i> No 200 Joseob, Canada.<\/li>\r\n<\/ul>","filter":true,"widget_logic":"","widget-class":"fz-15","visual":true},"4":{"title":"Mobile","text":"<ul>\r\n \t<li><a href=\"https:\/\/coursebuilder.thimpress.com\/element-2\/#app-store\"><img class=\"alignnone wp-image-61 size-full\" src=\"https:\/\/coursebuilder.thimpress.com\/wp-content\/uploads\/2017\/06\/layer-138.png\" alt=\"\" width=\"128\" height=\"37\" \/><\/a><\/li>\r\n \t<li><a href=\"https:\/\/coursebuilder.thimpress.com\/element-2\/#google-play\"><img class=\"alignnone wp-image-60 size-full\" src=\"https:\/\/coursebuilder.thimpress.com\/wp-content\/uploads\/2017\/06\/layer-131.png\" alt=\"\" width=\"128\" height=\"37\" \/><\/a><\/li>\r\n<\/ul>","filter":true,"widget_logic":"","widget-class":"fz-15","visual":true},"5":{"title":"","text":"[thim_ekit id=\"7862\"]","filter":true,"visual":true,"widget_logic":"","widget-class":""},"7":{"title":"","text":"[thim_ekit id=\"7905\"]","filter":true,"visual":true,"widget_logic":"","widget-class":""},"_multiwidget":1},"nav_menu":{"2":{"title":"Company","nav_menu":2,"widget_logic":"","widget-class":"fz-15"},"3":{"title":"Programs","nav_menu":6,"widget_logic":"","widget-class":"fz-15"},"4":{"title":"Links","nav_menu":4,"widget_logic":"","widget-class":"fz-15"},"5":{"title":"Support","nav_menu":7,"widget_logic":"","widget-class":"fz-15"},"_multiwidget":1}}]