[{"sidebar":["text-22","categories-2","text-14"],"right_menu":["text-15"],"footer-sidebar-1":["text-17","text-19"],"footer-sidebar-2":["block-2"],"footer-sidebar-3":["block-3"],"footer-sidebar-4":["block-4"],"sidebar_events":["text-21"],"sidebar_hotel":["hb_widget_cart-2"],"copyright":["copyright-2"]},{"text":{"22":{"title":"About Hotel","text":"Nam dapibus nisl vitae elit fringilla rutrum. Aenean sollicitudin, erat a elementum rutrum, neque sem pretium metus, quis mollis nisl nunc et massa. \r\n\r\n<a class=\"thim-readmore\" href=\"https:\/\/luxstay.thimpress.com\/about-us\/\">Read more<\/a>","filter":true,"visual":true,"widget_logic":"","widget-class":""},"14":{"title":"","text":"<a href=\"https:\/\/luxstay.thimpress.com\/demo-2\/gallery\/\">\r\n<img alt=\"\" src=\"https:\/\/luxstay.thimpress.com\/wp-content\/uploads\/sites\/2\/2016\/10\/gallery_ads.jpg\">\r\n<\/a>","filter":false,"widget-class":"no-padding sidebar-single-image","widget_logic":""},"15":{"title":"","text":" <ul class=\"header-info\">\r\n            <li><a href=\"tel:00123456789\" class=\"value\"><i class=\"ion-tele\"><\/i> +00 123 456 789<\/a> <\/li>\r\n            <li><a href=\"https:\/\/luxstay.thimpress.com\/demo-2\/rooms\" class=\"btn-book\"><i class=\"ion-calendar-02\"><\/i> Book Now<\/a><\/li>\r\n        <\/ul>","filter":false,"widget-class":"no-border","widget_logic":"","visual":false},"17":{"title":"","text":"<a href=\"http:\/\/luxstay.thimpress.com\/\" ><img src=\"https:\/\/luxstay.thimpress.com\/demo-2\/wp-content\/uploads\/sites\/2\/2021\/06\/lg_white.png\" alt=\"img\" style=\"margin-bottom:20px;\"\/><\/a>","filter":false,"widget-class":"","visual":false,"widget_logic":""},"19":{"title":"","text":"<div class=\"thim-footer-top-email \">\r\n<span>Sign up for our newsletter <\/span>\r\n[mc4wp_form id=78]\r\n<\/div>","filter":false,"widget-class":"","visual":false,"widget_logic":""},"21":{"title":"","text":"","filter":false,"widget-class":"hide"},"_multiwidget":1},"categories":{"2":{"title":"Categories","count":0,"hierarchical":0,"dropdown":0,"widget_logic":"","widget-class":""},"_multiwidget":1},"block":{"2":{"content":"<div class=\"info-contact\">\r\n<div class=\"icon\"><i class=\"las la-phone\"><\/i><\/div>\r\n<h5>Phone<\/h5>\r\n+00 123 456 789\r\n<\/div>","widget_logic":"","widget-class":""},"3":{"content":"<div class=\"info-contact\">\r\n<div class=\"icon\"><i class=\"las la-envelope\"><\/i><\/div>\r\n<h5>Email<\/h5>\r\n<a href=\"mailto:contact@barber.com\">Contact@barber.com<\/a>\r\n\r\n<\/div>","widget_logic":"","widget-class":""},"4":{"content":"<div class=\"info-contact\">\r\n<div class=\"icon\"><i class=\"ion-market\"><\/i><\/div>\r\n<h5>Address<\/h5>\r\nAddress123 Lorem ipsum dolor sit amet, consectetur\r\n<\/div>","widget_logic":"","widget-class":""},"_multiwidget":1},"hb_widget_cart":{"2":{"title":"YOUR BOOKING","widget_logic":"","widget-class":""},"_multiwidget":1},"copyright":{"2":{"first_text":"","year":"","site_name":"LuxStay | Luxury Hotel & BnB WordPress Theme","link_site":"https:\/\/1.envato.market\/VW2K3?utm_source=demo&utm_medium=demofooter&utm_campaign=luxstay","last_text":"<\/a> \u00a9 Powered by <a class=\"link_primary\" href=\"https:\/\/thimpress.com\" target=\"_blank\">ThimPress.<\/a>","widget_logic":"","widget-class":""},"_multiwidget":1}}]