[{"sidebar":["search-2","thim_categories-2","thim-recent-courses-4","media_image-2","recent-posts-2"],"header_right":["thim-login-3","woocommerce_widget_cart-2"],"after_main":["text-7","text-9"],"off_canvas_menu":["text-2","text-5"],"footer-sidebar-1":["text-3"],"footer-sidebar-2":["nav_menu-2"],"footer-sidebar-3":["nav_menu-3"],"footer-sidebar-4":["nav_menu-4"],"footer-sidebar-5":["text-4"],"top_sidebar_courses":["text-6"],"sidebar_courses":["thim-courses-categories-2","thim-recent-courses-3","media_image-3","recent-posts-3"],"sidebar_forums":["thim-courses-categories-3","thim-recent-courses-5","media_image-4"],"sidebar_events":["recent-posts-4","media_image-5","thim-recent-courses-6"]},{"search":{"2":{"title":"","widget_logic":"","widget-class":""},"_multiwidget":1},"thim_categories":{"2":{"title":"Categories","widget_logic":"","widget-class":""},"_multiwidget":1},"thim-recent-courses":{"4":{"title":"Latest Courses","number_courses":"3","widget_logic":"","widget-class":""},"3":{"title":"Latest Courses","number_courses":"3","widget_logic":"","widget-class":""},"5":{"title":"Latest Courses","number_courses":"3","widget_logic":"","widget-class":""},"6":{"title":"Latest Courses","number_courses":"3","widget_logic":"","widget-class":""},"_multiwidget":1},"media_image":{"2":{"attachment_id":8457,"url":"https:\/\/coursebuilder.thimpress.com\/demo-el-corporate-learning\/wp-content\/uploads\/sites\/21\/2024\/10\/banner.png","title":"","size":"full","width":510,"height":701,"caption":"","alt":"","link_type":"custom","link_url":"http:\/\/thimpress.com","image_classes":"","link_classes":"","link_rel":"","image_title":"","widget_logic":"                    ","widget-class":"","link_target_blank":true},"3":{"attachment_id":8457,"url":"https:\/\/coursebuilder.thimpress.com\/demo-el-corporate-learning\/wp-content\/uploads\/sites\/21\/2024\/10\/banner.png","title":"","size":"full","width":510,"height":701,"caption":"","alt":"","link_type":"custom","link_url":"http:\/\/thimpress.com","image_classes":"","link_classes":"","link_rel":"","image_title":"","widget_logic":"                    ","widget-class":"","link_target_blank":true},"4":{"attachment_id":8457,"url":"https:\/\/coursebuilder.thimpress.com\/demo-el-corporate-learning\/wp-content\/uploads\/sites\/21\/2024\/10\/banner-218x300.png","title":"","size":"medium","width":510,"height":701,"caption":"","alt":"","link_type":"none","link_url":"","image_classes":"","link_classes":"","link_rel":"","image_title":"","widget_logic":"                    ","widget-class":"","link_target_blank":false},"5":{"attachment_id":8457,"url":"https:\/\/coursebuilder.thimpress.com\/demo-el-corporate-learning\/wp-content\/uploads\/sites\/21\/2024\/10\/banner-218x300.png","title":"","size":"medium","width":510,"height":701,"caption":"","alt":"","link_type":"custom","link_url":"#","image_classes":"","link_classes":"","link_rel":"","link_target_blank":false,"image_title":"","widget_logic":"                    ","widget-class":""},"_multiwidget":1},"recent-posts":{"2":{"title":"LASTEST POSTS","number":3,"show_date":true,"widget_logic":"","widget-class":""},"3":{"title":"Latest Posts","number":3,"show_date":true,"widget_logic":"","widget-class":""},"4":{"title":"Recent Posts","number":3,"show_date":true,"widget_logic":"","widget-class":""},"_multiwidget":1},"thim-login":{"3":{"text_register":"Register","text_login":"Login","text_logout":"Logout","link":"","widget_logic":"","widget-class":"","shortcode":"[wordpress_social_login]","popup":true},"_multiwidget":1},"woocommerce_widget_cart":{"2":{"hide_if_empty":0,"widget_logic":"","widget-class":"hide-number"},"_multiwidget":1},"text":{"7":{"title":"","text":"[thim_ekit id=\"8405\"]","filter":true,"visual":true,"widget_logic":"is_home()","widget-class":""},"9":{"title":"","text":"[thim_ekit id=\"8407\"]","filter":true,"visual":true,"widget_logic":"thim_is_lp_courses_page()","widget-class":""},"2":{"title":"","text":"<ul>\r\n \t<li><i class=\"fa fa-phone\" aria-hidden=\"true\"><\/i> <a href=\"tel:0123456789\">+(0123) 456 789<\/a><\/li>\r\n \t<li><i class=\"fa fa-envelope-o\" aria-hidden=\"true\"><\/i> <a href=\"mailto:info@thimpress.com\">info@thimpress.com<\/a><\/li>\r\n<\/ul>","filter":"content","widget_logic":"","widget-class":""},"5":{"title":"","text":"[thim_ekit id=\"8377\"]","filter":true,"visual":true,"widget_logic":"","widget-class":""},"3":{"title":"","text":"<a href=\"https:\/\/coursebuilder.thimpress.com\/wordpresslms-2\/\"><img class=\"alignnone wp-image-4357 size-full\" src=\"https:\/\/coursebuilder.thimpress.com\/demo-5\/wp-content\/uploads\/sites\/21\/2018\/01\/logo5.png\" alt=\"\" width=\"146\" height=\"51\" \/><\/a>\r\n\r\n<p style=\"margin-top: 20px;\">Join thousands of teachers making a difference everyday<\/p>\r\n<ul>\r\n \t<li><i class=\"fa fa-envelope-o\"><\/i> <a href=\"mailto:Info@thimpress.com\">Info@thimpress.com<\/a><\/li>\r\n \t<li><i class=\"fa fa-phone\"><\/i> <a href=\"tel:0122456789\">+ (0122) 456 789<\/a><\/li>\r\n \t<li><i class=\"fa fa-map-marker\"><\/i> No 200 Joseob, Canada.<\/li>\r\n<\/ul>","filter":true,"widget_logic":"","widget-class":"","visual":true},"4":{"title":"Subscribe","text":"Join thousands of teachers making a difference everyday\r\n\r\n[mc4wp_form id=\"4227\"]","filter":true,"widget_logic":"","widget-class":"home5","visual":true},"6":{"title":"","text":"[thim_ekit id=\"8387\"]","filter":true,"visual":true,"widget_logic":"","widget-class":""},"_multiwidget":1},"nav_menu":{"2":{"title":"Company","nav_menu":2,"widget_logic":"","widget-class":""},"3":{"title":"Links","nav_menu":4,"widget_logic":"","widget-class":""},"4":{"title":"Support","nav_menu":7,"widget_logic":"","widget-class":""},"_multiwidget":1},"thim-courses-categories":{"2":{"title":"Categories","show_counts":false,"widget_logic":"","widget-class":""},"3":{"title":"Categories","show_counts":false,"widget_logic":"","widget-class":""},"_multiwidget":1}}]