[{"sidebar":["thim_layout_builder-5"],"header_left":["thim_layout_builder-8"],"header_right":["thim_layout_builder-3"],"before_main":["thim_layout_builder-6"],"after_main":["thim_layout_builder-7"],"footer-sidebar-1":["thim_layout_builder-4"]},{"thim_layout_builder":{"5":{"widget_logic":"","content":"<p>[vc_row css=\".vc_custom_1485163399375{margin-top: -10px !important;}\"][vc_column][thim-author-info title=\"About me\" author_name=\"image_name\" author_name_position=\"bottom\" image_name=\"2948\" upload_image=\"2944\"]I'm a Copywriter in a Digital Agency,<br \/>\r\nI was searching for courses that'll<br \/>\r\nhelp me broaden my skill set[\/thim-author-info][thim-social-links style=\"grid\" social_links=\"%5B%7B%22icon%22%3A%22fa%20fa-facebook%22%2C%22text%22%3A%22Facebook%22%2C%22link%22%3A%22http%3A%2F%2Ffacebook.com%2Fthimpress%2F%22%7D%2C%7B%22icon%22%3A%22fa%20fa-twitter%22%2C%22text%22%3A%22twitter%22%2C%22link%22%3A%22http%3A%2F%2Ftwitter.com%2Fthimpress%2F%22%7D%2C%7B%22icon%22%3A%22fa%20fa-pinterest-p%22%2C%22text%22%3A%22pinterest%22%2C%22link%22%3A%22%23%22%7D%2C%7B%22icon%22%3A%22fa%20fa-instagram%22%2C%22text%22%3A%22instagram%22%2C%22link%22%3A%22%23%22%7D%2C%7B%22icon%22%3A%22fa%20fa-youtube-play%22%2C%22text%22%3A%22youtube%22%2C%22link%22%3A%22%23%22%7D%2C%7B%22icon%22%3A%22fa%20fa-google-plus%22%2C%22text%22%3A%22google%20plus%22%2C%22link%22%3A%22%23%22%7D%5D\" title=\"KEEP IN TOUCH\"][thim-ads ad_id=\"5\"][thim-block-33 title=\"TRENDING POSTS\" layout=\"layout-2\" display_category=\"no\" category=\"side\" data=\"order_by:date|order:DESC|categories:121\"][vc_column_text]<\/p>\r\n<h2 class=\"widgettitle\">INSTAGRAM<\/h2>\r\n<p>[instagram-feed num=6 cols=2 imageres=thumb][\/vc_column_text][\/vc_column][\/vc_row]<\/p>\r\n","custom_css":".vc_custom_1485163399375{margin-top: -10px !important;}","widget-class":""},"8":{"widget_logic":"","widget-class":"","content":"[vc_row][vc_column][thim-social-links social_links=\"%5B%7B%22icon%22%3A%22fa%20fa-facebook%22%2C%22link%22%3A%22http%3A%2F%2Ffacebook.com%2Fthimpress%22%7D%2C%7B%22icon%22%3A%22fa%20fa-google-plus%22%2C%22link%22%3A%22%23%22%7D%2C%7B%22icon%22%3A%22fa%20fa-instagram%22%2C%22link%22%3A%22%23%22%7D%2C%7B%22icon%22%3A%22fa%20fa-pinterest%22%2C%22link%22%3A%22%23%22%7D%2C%7B%22icon%22%3A%22fa%20fa-twitter%22%2C%22link%22%3A%22http%3A%2F%2Ftwitter.com%2Fthimpress%22%7D%2C%7B%22icon%22%3A%22fa%20fa-youtube-play%22%2C%22link%22%3A%22http%3A%2F%2Fyoutube.com%2Fthimpress%22%7D%5D\"][\/vc_column][\/vc_row]","custom_css":""},"3":{"widget_logic":"","content":"[vc_row][vc_column][thim-weather location=\"London\"][vc_wp_search][\/vc_column][\/vc_row]","custom_css":"","widget-class":""},"6":{"widget_logic":"is_home()","content":"<p>[vc_row el_class=\"lifestyle-slider\"][vc_column][thim-block-28 layout=\"layout-4\" post_type=\"post\" category=\"header\" data=\"order_by:date|order:DESC|categories:120\"][\/vc_column][\/vc_row][vc_row css=\".vc_custom_1509521455085{margin-bottom: 30px !important;}\" el_class=\"lifestyle-trending\"][vc_column][thim-block-30 title=\"\" item_visible=\"3\" display_category=\"no\" display_dots=\"no\" post_type=\"post\" category=\"feature\" data=\"order_by:date|order:DESC|categories:124\"][\/vc_column][\/vc_row][vc_row css=\".vc_custom_1509521468227{margin-bottom: 40px !important;}\" el_class=\"lifestyle-box-categories\"][vc_column][thim-block-29 title=\"CATEGORIES\" item_visible=\"4\" items=\"%5B%7B%22box_img%22%3A%223621%22%2C%22box_secondary%22%3A%22The%20Best%22%2C%22box_primary%22%3A%22LOOKS%20OF%20THE%20DAY%22%2C%22box_text_link%22%3A%22Read%20more%22%2C%22box_link%22%3A%22http%3A%2F%2Fcreativemag.thimpress.com%2Fdemo-lifestyle%2Fnews%2F%22%7D%2C%7B%22box_img%22%3A%223622%22%2C%22box_secondary%22%3A%22Contribute%22%2C%22box_primary%22%3A%22TO%20THE%20BLOG%22%2C%22box_text_link%22%3A%22Contact%20me%22%2C%22box_link%22%3A%22http%3A%2F%2Fcreativemag.thimpress.com%2Fdemo-lifestyle%2Fnews%2F%22%7D%2C%7B%22box_img%22%3A%223671%22%2C%22box_secondary%22%3A%22My%20Tips%3A%22%2C%22box_primary%22%3A%22TRENDING%20NOW%22%2C%22box_text_link%22%3A%22Read%20more%22%2C%22box_link%22%3A%22http%3A%2F%2Fcreativemag.thimpress.com%2Fdemo-lifestyle%2Fnews%2F%22%7D%2C%7B%22box_img%22%3A%223675%22%2C%22box_secondary%22%3A%22The%20Latest%22%2C%22box_primary%22%3A%22MUST%20%20READ%22%2C%22box_text_link%22%3A%22Read%20more%22%2C%22box_link%22%3A%22http%3A%2F%2Fcreativemag.thimpress.com%2Fdemo-lifestyle%2Fnews%2F%22%7D%2C%7B%22box_img%22%3A%223585%22%2C%22box_secondary%22%3A%22Most%20Useful%22%2C%22box_primary%22%3A%22CHECK%20IT%20OUT%22%2C%22box_text_link%22%3A%22Read%20more%22%2C%22box_link%22%3A%22http%3A%2F%2Fcreativemag.thimpress.com%2Fdemo-lifestyle%2Fnews%2F%22%7D%5D\"][\/vc_column][\/vc_row]<\/p>\r\n","custom_css":".vc_custom_1509521455085{margin-bottom: 30px !important;}.vc_custom_1509521468227{margin-bottom: 40px !important;}","widget-class":""},"7":{"widget_logic":"","content":"[vc_row el_class=\"travel-newsletter\"][vc_column][vc_single_image image=\"3452\" img_size=\"full\" alignment=\"center\" el_class=\"img-absolute\"][vc_column_text]\r\n<div class=\"newsletter-box\">\r\n<div class=\"box-left\">\r\n<h3>Want more news like this?<\/h3>\r\n<p class=\"des\">Sign up to receive our weekly email newsletter and never miss\r\nan update!<\/div>\r\n<div class=\"box-right\">\r\n\r\n[mc4wp_form id=\"52\"]\r\n<p class=\"note\">By submitting above, you agree to Maga2 Travel privacy policy.<\/p>\r\n\r\n<\/div>\r\n<\/div>\r\n[\/vc_column_text][\/vc_column][\/vc_row]","custom_css":"","widget-class":""},"4":{"widget_logic":"","content":"<p>[vc_row][vc_column width=\"5\/12\" offset=\"vc_hidden-xs\"][vc_column_text]<\/p>\r\n<h2 class=\"widgettitle\" style=\"text-align: center;\"><span class=\"highlight\">About<\/span> Me<\/h2>\r\n<p style=\"text-align: center;\">Lommodo ligula eget dolor. Aenean massa.Cum sociis<br \/>\r\nque penatibus et magnis dis parturient montes lorem,<br \/>\r\nnascetur ridiculusmus. Donec quam felis, ultricies<br \/>\r\nnec massa.Cum sociis ...<\/p>\r\n<p>[\/vc_column_text][thim-social-links social_links=\"%5B%7B%22icon%22%3A%22fa%20fa-facebook%22%2C%22link%22%3A%22http%3A%2F%2Fwww.facebook.com%2FThimPress%2F%22%7D%2C%7B%22icon%22%3A%22fa%20fa-google-plus%22%2C%22link%22%3A%22http%3A%2F%2Fwww.google.com%2FThimPress%2F%22%7D%2C%7B%22icon%22%3A%22fa%20fa-instagram%22%2C%22link%22%3A%22http%3A%2F%2Fwww.instagram.com%2FThimPress%2F%22%7D%2C%7B%22icon%22%3A%22fa%20fa-pinterest-p%22%2C%22link%22%3A%22http%3A%2F%2Fwww.pinterest.com%2FThimPress%2F%22%7D%2C%7B%22icon%22%3A%22fa%20fa-twitter%22%2C%22link%22%3A%22http%3A%2F%2Fwww.twitter.com%2FThimPress%2F%22%7D%2C%7B%22icon%22%3A%22fa%20fa-youtube-play%22%2C%22link%22%3A%22http%3A%2F%2Fwww.youtube.com%2FThimPress%2F%22%7D%5D\" align_items=\"center\" icon_size=\"45px\"][vc_column_text css=\".vc_custom_1507025844761{margin-top: 30px !important;}\" el_class=\"like-copyright-text\"]<\/p>\r\n<p style=\"text-align: center;\">Copyright \u00a9 2017 ThimPress. All rights reserved.<br \/>\r\nDesigned by <a href=\"http:\/\/thimpress.com\">ThimPress.<\/a><\/p>\r\n<p>[\/vc_column_text][\/vc_column][vc_column width=\"4\/12\" offset=\"vc_hidden-xs\"][thim-block-33 title=\"`{`highlight text=``Popular```}` Post\" layout=\"layout-2\" display_category=\"no\" data=\"size:3\"][\/vc_column][vc_column width=\"3\/12\" offset=\"vc_hidden-xs\"][vc_wp_categories title=\"`{`highlight text=``Popular```}` Category\" options=\"count\"][\/vc_column][\/vc_row]<\/p>\r\n","custom_css":".vc_custom_1507025844761{margin-top: 30px !important;}","widget-class":""},"_multiwidget":1}}]