[{"sidebar":["thim_layout_builder-12","thim_layout_builder-13","thim_layout_builder-14","adrotate_widgets-2"],"topbar-left":["thim_layout_builder-16"],"topbar-right":["thim_layout_builder-5"],"header_right":["adrotate_widgets-3"],"footer-sidebar":["thim_layout_builder-9"],"thim_sidebar_1485154996":["thim_layout_builder-15"]},{"thim_layout_builder":{"12":{"widget-class":"","content":"[vc_row][vc_column][thim-top-author title=\"Top Authors\" numbers=\"5\"][vc_empty_space height=\"30px\"][\/vc_column][\/vc_row][vc_row][vc_column][thim-latest-reviews title=\"Featured by author\" posts_per_page=\"8\" thumbnail_size=\"270x160\" excerpt_length=\"10\" date_style=\"time-ago\"][\/vc_column][\/vc_row]","custom_css":""},"13":{"widget-class":"","content":"[vc_row][vc_column][thim-social-links style=\"list\" fan_number=\"fix\" social_links=\"%5B%7B%22name%22%3A%22facebook%22%2C%22link%22%3A%22http%3A%2F%2Ffacebook.com%2Fthimpress%22%2C%22fan_count%22%3A%22600%22%2C%22channel_id%22%3A%22UC9YrwXGgtj9X56NPDODcwHw%22%2C%22google_api_key%22%3A%22AIzaSyDslTCqQ_WJZ0naCSVUhVESu6050Cjq1lk%22%2C%22app_id%22%3A%22675870612574868%22%2C%22app_secret%22%3A%2254523fd80ed4715c79ed13db499b256c%22%7D%2C%7B%22name%22%3A%22twitter%22%2C%22link%22%3A%22http%3A%2F%2Ftwitter.com%2Fthimpress%22%2C%22fan_count%22%3A%22688%22%2C%22channel_id%22%3A%22UC9YrwXGgtj9X56NPDODcwHw%22%2C%22google_api_key%22%3A%22AIzaSyDslTCqQ_WJZ0naCSVUhVESu6050Cjq1lk%22%2C%22app_id%22%3A%22675870612574868%22%2C%22app_secret%22%3A%2254523fd80ed4715c79ed13db499b256c%22%7D%2C%7B%22name%22%3A%22rss%22%2C%22link%22%3A%22%23%22%2C%22fan_count%22%3A%2232%22%2C%22channel_id%22%3A%22UC9YrwXGgtj9X56NPDODcwHw%22%2C%22google_api_key%22%3A%22AIzaSyDslTCqQ_WJZ0naCSVUhVESu6050Cjq1lk%22%2C%22app_id%22%3A%22675870612574868%22%2C%22app_secret%22%3A%2254523fd80ed4715c79ed13db499b256c%22%7D%5D\" title=\"Follow MagWP\"][\/vc_column][\/vc_row]","custom_css":""},"14":{"widget-class":"","content":"[vc_row css=\".vc_custom_1485163399375{margin-top: -10px !important;}\"][vc_column][thim-top-news title=\"Popular\" popular_by=\"all_views\" per_view=\"6\" style=\"style2\" loadmore=\"no\"][\/vc_column][\/vc_row]","custom_css":".vc_custom_1485163399375{margin-top: -10px !important;}"},"16":{"content":"[vc_row][vc_column][thim-news-ticker title=\"Trending Now\" posts_per_page=\"4\"][\/vc_column][\/vc_row]","custom_css":""},"5":{"widget-class":"","content":"[vc_row][vc_column][thim-login-popup title=\"MAG WP\" show_icon=\"\" show_submit_post=\"\" shortcode=\"`{`wordpress_social_login`}`\"][vc_wp_custommenu nav_menu=\"140\"][\/vc_column][\/vc_row]","custom_css":""},"9":{"widget-class":"","content":"[vc_row][vc_column width=\"1\/6\" offset=\"vc_hidden-xs\"][vc_wp_custommenu title=\"MAGAZINE WP\" nav_menu=\"4\"][\/vc_column][vc_column width=\"1\/6\" offset=\"vc_hidden-xs\"][vc_wp_custommenu title=\"BLOG\" nav_menu=\"2\"][\/vc_column][vc_column width=\"1\/6\" offset=\"vc_hidden-xs\"][vc_wp_custommenu title=\"VIDEO\" nav_menu=\"8\"][\/vc_column][vc_column width=\"1\/6\" offset=\"vc_hidden-xs\"][vc_wp_custommenu title=\"PINTEREST\" nav_menu=\"6\"][\/vc_column][vc_column width=\"1\/3\" offset=\"vc_hidden-xs\"][vc_wp_text title=\"GET IT TOUCH\"]\r\n<div class=\"thim-footer-location\">\r\n<p class=\"info\"><i class=\"fa fa-map-marker\"><\/i>City: El Monte State: OK Street: Fairview 799<\/p>\r\n<p class=\"info\"><i class=\"fa fa-phone\"><\/i><a href=\"tel:19430947382\">+1 943 094 7382<\/a><\/p>\r\n<p class=\"info\"><i class=\"fa fa-paper-plane\"><\/i><a href=\"mailto:info@thimpress.com\">info@thimpress.com<\/a><\/p>\r\n\r\n<\/div>\r\n[\/vc_wp_text][vc_column_text][mc4wp_form][\/vc_column_text][\/vc_column][\/vc_row]","custom_css":""},"15":{"widget-class":"","content":"[vc_row][vc_column][thim-ads ad_id=\"2\"][\/vc_column][\/vc_row]","custom_css":""},"_multiwidget":1},"adrotate_widgets":{"2":{"title":"","description":"","type":"group","adid":"1","siteid":"1","widget-class":""},"3":{"title":"","description":"","type":"single","adid":"2","siteid":"28"},"_multiwidget":1}}]