[{"sidebar_events":["recent-posts-4","media_image-5","thim-recent-courses-6"],"sidebar":["search-2","media_image-2","recent-posts-2"],"header_right":["thim-login-4","woocommerce_widget_cart-3"],"after_main":["thim_layout_builder-10","thim_layout_builder-7","thim_layout_builder-8"],"off_canvas_menu":["text-2","thim_layout_builder-3"],"footer-sidebar-1":["text-3"],"footer-sidebar-2":["nav_menu-2"],"footer-sidebar-3":["nav_menu-3"],"footer-sidebar-4":["nav_menu-4"],"footer-sidebar-5":["nav_menu-5"],"footer-sidebar-6":["text-4"],"footer_sticky":["thim_layout_builder-2"],"top_sidebar_courses":["thim_layout_builder-6"],"sidebar_courses":["thim-courses-categories-2","thim-recent-courses-3","media_image-3","recent-posts-3"],"sidebar_forums":["thim-courses-categories-3","thim-recent-courses-5","media_image-4"]},{"recent-posts":{"4":{"title":"Recent Posts","number":3,"show_date":true,"widget_logic":"","widget-class":""},"2":{"title":"LASTEST POSTS","number":3,"show_date":true,"widget_logic":"","widget-class":""},"3":{"title":"Latest Posts","number":3,"show_date":true,"widget_logic":"","widget-class":""},"_multiwidget":1},"media_image":{"5":{"attachment_id":795,"url":"http:\/\/wordpresslms.thimpress.com\/wp-content\/uploads\/sites\/16\/2017\/08\/wordpress-theme-276x300.jpg","title":"","size":"medium","width":360,"height":392,"caption":"","alt":"","link_type":"custom","link_url":"","image_classes":"","link_classes":"","link_rel":"httpsthemeforestnetitemcourse-builder-wordpress-learning-management-system-theme-elearning-software20370918refthimpress","link_target_blank":true,"image_title":"","widget_logic":"","widget-class":""},"2":{"attachment_id":795,"url":"http:\/\/wordpresslms.thimpress.com\/wp-content\/uploads\/sites\/16\/2017\/08\/wordpress-theme.jpg","title":"","size":"full","width":360,"height":392,"caption":"","alt":"","link_type":"custom","link_url":"http:\/\/thimpress.com","image_classes":"","link_classes":"","link_rel":"","image_title":"","widget_logic":"","widget-class":"","link_target_blank":true},"3":{"attachment_id":795,"url":"http:\/\/wordpresslms.thimpress.com\/wp-content\/uploads\/sites\/16\/2017\/08\/wordpress-theme.jpg","title":"","size":"full","width":360,"height":392,"caption":"","alt":"","link_type":"custom","link_url":"http:\/\/thimpress.com","image_classes":"","link_classes":"","link_rel":"","image_title":"","widget_logic":"","widget-class":"","link_target_blank":true},"4":{"attachment_id":795,"url":"http:\/\/wordpresslms.thimpress.com\/wp-content\/uploads\/sites\/16\/2017\/08\/wordpress-theme-276x300.jpg","title":"","size":"medium","width":360,"height":392,"caption":"","alt":"","link_type":"none","link_url":"","image_classes":"","link_classes":"","link_rel":"","image_title":"","widget_logic":"","widget-class":"","link_target_blank":false},"_multiwidget":1},"thim-recent-courses":{"6":{"title":"Latest Courses","number_courses":"3","widget_logic":"","widget-class":""},"3":{"title":"Latest Courses","number_courses":"3","widget_logic":"","widget-class":""},"5":{"title":"Latest Courses","number_courses":"3","widget_logic":"","widget-class":""},"_multiwidget":1},"search":{"2":{"title":"","widget_logic":"","widget-class":""},"_multiwidget":1},"thim-login":{"4":{"text_register":"Register","text_login":"Login","text_logout":"Logout","link":"http:\/\/wordpresslms.thimpress.com\/element-1\/account\/","shortcode":"[wordpress_social_login]","popup":true,"widget_logic":"","widget-class":""},"_multiwidget":1},"woocommerce_widget_cart":{"3":{"hide_if_empty":0,"widget_logic":"","widget-class":""},"_multiwidget":1},"thim_layout_builder":{"10":{"widget_logic":"is_home()","widget-class":"","content":"<p>[vc_row full_width=\"stretch_row_content\" overlay_color=\"rgba(33,33,33,0.5)\" css=\".vc_custom_1501659887465{padding-bottom: 161px !important;background-image: url(http:\/\/wordpresslms.thimpress.com\/wp-content\/uploads\/sites\/16\/2017\/07\/layer-31@3x.png?id=264) !important;background-position: center !important;background-repeat: no-repeat !important;background-size: cover !important;}\" el_class=\"res-blog-cta\"][vc_column width=\"1\/2\"][vc_single_image image=\"399\" img_size=\"full\" alignment=\"right\"][\/vc_column][vc_column width=\"1\/2\"][thim-text-box title_1=\"\u201cMy first thought was, who am I to teach?\u201d\" title_2=\"\u2013 Mary Kate McDevitt, Skillshare teacher with 50,000 students\" button_text=\"Watch Video\" link=\"http:\/\/wordpresslms.thimpress.com\/element-1\/contact\/\" button=\"url:https%3A%2F%2Fwww.youtube.com%2Fwatch%3Fv%3DTtoHkSuKJwE|title:WATCH%20VIDEO|target:%20_blank|\"]\u2013 Mary Kate McDevitt, Skillshare teacher with 50,000 students[\/thim-text-box][\/vc_column][\/vc_row]<\/p>\r\n","custom_css":".vc_custom_1501659887465{padding-bottom: 161px !important;background-image: url(http:\/\/wordpresslms.thimpress.com\/wp-content\/uploads\/sites\/16\/2017\/07\/layer-31@3x.png?id=264) !important;background-position: center !important;background-repeat: no-repeat !important;background-size: cover !important;}"},"7":{"widget_logic":"thim_is_lp_profile_page() && is_user_logged_in()","widget-class":"","content":"[vc_row full_width=\"stretch_row\" parallax=\"content-moving\" parallax_image=\"707\" overlay_color=\"rgba(0,0,0,0.58)\" el_class=\"overflow-visible\" css=\".vc_custom_1503028582543{padding-top: 100px !important;padding-bottom: 100px !important;}\"][vc_column width=\"1\/2\"][vc_column_text el_class=\"thim-content-talk\"]I'm a Copywriter in a Digital Agency, I was searching for courses that'll help me broaden my skill set. Before signing up for Rob's.\r\n\r\n<img class=\"alignleft size-full wp-image-533\" src=\"http:\/\/wordpresslms.thimpress.com\/wp-content\/uploads\/sites\/16\/2017\/06\/micheal-a.png\" alt=\"\" width=\"249\" height=\"40\" \/>[\/vc_column_text][\/vc_column][vc_column width=\"1\/2\"][vc_column_text][contact-form-7 id=\"705\" title=\"Contact form Author\"][\/vc_column_text][\/vc_column][\/vc_row]","custom_css":".vc_custom_1503028582543{padding-top: 100px !important;padding-bottom: 100px !important;}"},"8":{"widget_logic":"thim_is_lp_courses_page()","widget-class":"","content":"[vc_row full_width=\"stretch_row_content\" overlay_color=\"rgba(33,33,33,0.5)\" css=\".vc_custom_1504172802475{padding-bottom: 118px !important;background-image: url(http:\/\/wordpresslms.thimpress.com\/wp-content\/uploads\/sites\/16\/2017\/07\/layer-31@3x.png?id=264) !important;background-position: center !important;background-repeat: no-repeat !important;background-size: cover !important;}\" el_class=\"res-blog-cta courses-trusted\"][vc_column width=\"1\/2\"][vc_single_image image=\"399\" img_size=\"full\" alignment=\"right\"][\/vc_column][vc_column width=\"1\/2\"][thim-text-box title_1=\"TRUSTED BY OVER 6000+ STUDENTS\" title_2=\"Join our community of students around\r\nthe world helping you succeed.\" link=\"http:\/\/wordpresslms.thimpress.com\/element-1\/contact\/\" style=\"left\" button_text=\"GET STARTED\" button=\"url:http%3A%2F%2Fwordpresslms.thimpress.com\/element-1%2Fcourses%2F|title:GET%20STARTED||\"]Join our community of students around,the world helping you succeed.[\/thim-text-box][\/vc_column][\/vc_row]","custom_css":".vc_custom_1504172802475{padding-bottom: 118px !important;background-image: url(http:\/\/wordpresslms.thimpress.com\/wp-content\/uploads\/sites\/16\/2017\/07\/layer-31@3x.png?id=264) !important;background-position: center !important;background-repeat: no-repeat !important;background-size: cover !important;}"},"3":{"widget_logic":"","widget-class":"","content":"[vc_row][vc_column][thim-social-links social_links=\"%5B%7B%22name%22%3A%22facebook%22%2C%22link%22%3A%22http%3A%2F%2Ffacebook.com%2Fthimpress%22%7D%2C%7B%22name%22%3A%22google%22%2C%22link%22%3A%22http%3A%2F%2Fplus.google.com%2Fthimpress%22%7D%2C%7B%22name%22%3A%22twitter%22%2C%22link%22%3A%22http%3A%2F%2Ftwitter.com%2Fthimpress%22%7D%2C%7B%22name%22%3A%22youtube%22%2C%22link%22%3A%22http%3A%2F%2Fyoutube.com%2Fthimpress%22%7D%5D\"][\/vc_column][\/vc_row]","custom_css":""},"2":{"widget-class":"","content":"[vc_row full_width=\"stretch_row_content\" css=\".vc_custom_1503636594891{padding-top: 114px !important;padding-bottom: 140px !important;background: #fafafa url(http:\/\/wordpresslms.thimpress.com\/wp-content\/uploads\/sites\/16\/2017\/06\/bg-1.png?id=156) !important;}\" el_class=\"repeat-x\"][vc_column][vc_column_text]<img class=\"aligncenter size-medium\" src=\"http:\/\/wordpresslms.thimpress.com\/element-1\/wp-content\/themes\/wordpress-lms\/assets\/images\/logo.png\" alt=\"\" width=\"246\" height=\"31\" \/>[\/vc_column_text][thim-course-search][vc_empty_space height=\"40px\"][vc_column_text]\r\n<p style=\"text-align: center; max-width: 857px; margin: 0 auto;\">\u00a0\u201c You don't need a whole ecommerce system to sell your online courses. Paypal, Stripe payment methods integration can help you sell your courses out of the box. In the case you wanna use WooCommerce, this awesome WordPress . \u201d<\/p>\r\n[\/vc_column_text][thim-social-links social_links=\"%5B%7B%22name%22%3A%22Facebook%22%2C%22link%22%3A%22http%3A%2F%2Ffacebook.com%2Fthimpress%22%7D%2C%7B%22name%22%3A%22Google%22%2C%22link%22%3A%22http%3A%2F%2Fplus.google.com%2Fthimpress%22%7D%2C%7B%22name%22%3A%22Twitter%22%2C%22link%22%3A%22http%3A%2F%2Ftwitter.com%2Fthimpress%22%7D%2C%7B%22name%22%3A%22Youtube%22%2C%22link%22%3A%22http%3A%2F%2Fyoutube.com%2Fthimpress%22%7D%5D\"][\/vc_column][\/vc_row]","custom_css":".vc_custom_1503636594891{padding-top: 114px !important;padding-bottom: 140px !important;background: #fafafa url(http:\/\/wordpresslms.thimpress.com\/wp-content\/uploads\/sites\/16\/2017\/06\/bg-1.png?id=156) !important;}","widget_logic":"is_page_template( 'templates\/home-page.php' )"},"6":{"widget_logic":"","widget-class":"","content":"[vc_row full_width=\"stretch_row_content_no_spaces\" css=\".vc_custom_1501224314823{padding-top: 31px !important;background-color: #18c1f0 !important;}\" el_class=\"overflow top-courses-overflow\"][vc_column][thim-heading primary_heading=\"Popular Courses\" secondary_heading=\"Learn to develop Android and iOS applications and Web Development within six weeks from a teacher\r\nwith real-world experience. Get a 75% discount if you buy it here!\" heading_style=\"layout-2\" primary_heading_tag=\"h3\" hide_separator=\"true\" primary_heading_color=\"#ffffff\" secondary_heading_color=\"#ffffff\"][thim-courses-carousel course_dots=\"true\" course_columns=\"4\" course_number=\"6\" el_class=\"top-courses\"][\/vc_column][\/vc_row]","custom_css":".vc_custom_1501224314823{padding-top: 31px !important;background-color: #18c1f0 !important;}"},"_multiwidget":1},"text":{"2":{"title":"","text":"<ul>\r\n \t<li><i class=\"fa fa-phone\" aria-hidden=\"true\"><\/i> <a href=\"tel:0123456789\">+(0123) 456 789<\/a><\/li>\r\n \t<li><i class=\"fa fa-envelope-o\" aria-hidden=\"true\"><\/i> <a href=\"mailto:info@thimpress.com\">info@thimpress.com<\/a><\/li>\r\n<\/ul>","filter":"content","widget_logic":"","widget-class":""},"3":{"title":"Contact","text":"<ul>\r\n \t<li><i class=\"fa fa-envelope-o\"><\/i> <a href=\"mailto:Info@thimpress.com\">Info@thimpress.com<\/a><\/li>\r\n \t<li><i class=\"fa fa-phone\"><\/i> <a href=\"tel:0122456789\">+ (0122) 456 789<\/a><\/li>\r\n \t<li><i class=\"fa fa-fax\"><\/i> + (0123) 456 789<\/li>\r\n \t<li><i class=\"fa fa-map-marker\"><\/i> No 200 Joseob, Canada.<\/li>\r\n<\/ul>","filter":true,"widget_logic":"","widget-class":"","visual":true},"4":{"title":"Mobile","text":"<ul>\r\n \t<li><a href=\"http:\/\/wordpresslms.thimpress.com\/element-1\/#app-store\"><img class=\"alignnone wp-image-61 size-full\" src=\"http:\/\/wordpresslms.thimpress.com\/wp-content\/uploads\/sites\/16\/2017\/06\/layer-138.png\" alt=\"\" width=\"132\" height=\"47\" \/><\/a><\/li>\r\n \t<li><a href=\"http:\/\/wordpresslms.thimpress.com\/element-1\/#google-play\"><img class=\"alignnone wp-image-60 size-full\" src=\"http:\/\/wordpresslms.thimpress.com\/wp-content\/uploads\/sites\/16\/2017\/06\/layer-131.png\" alt=\"\" width=\"132\" height=\"47\" \/><\/a><\/li>\r\n<\/ul>","filter":true,"widget_logic":"","widget-class":"","visual":true},"_multiwidget":1},"nav_menu":{"2":{"title":"Company","nav_menu":2,"widget_logic":"","widget-class":""},"3":{"title":"Programs","nav_menu":6,"widget_logic":"","widget-class":""},"4":{"title":"Links","nav_menu":4,"widget_logic":"","widget-class":""},"5":{"title":"Support","nav_menu":7,"widget_logic":"","widget-class":""},"_multiwidget":1},"thim-courses-categories":{"2":{"title":"Categories","show_counts":false,"widget_logic":"","widget-class":""},"3":{"title":"Categories","show_counts":false,"widget_logic":"","widget-class":""},"_multiwidget":1}}]