[{"wp_inactive_widgets":["list-post-2","list-post-3","woocommerce_widget_cart-2","custom_html-4"],"course-sidebar":["terms-by-taxonomy-2","list-course-widget-2","media_image-2","tag_cloud-6"],"menu-right":["text-3"],"menu-left":["categories-6"],"footer-top":["text-2"],"sidebar":["search-4","categories-7","list-post-4","tag_cloud-5"],"footer-sidebar-1":["search-3","categories-5","tag_cloud-4"],"shop-sidebar":["search-5","woocommerce_product_categories-2","woocommerce_price_filter-2","woocommerce_product_tag_cloud-2"],"sidebar_events":["search-2","categories-4","tag_cloud-3"]},{"terms-by-taxonomy":{"2":{"title":"Categories","taxonomy":"course_category","show_count":"yes","show_hierarchy":""},"_multiwidget":1},"list-course-widget":{"2":{"title":"Popular course","cat_id":"","image_size":"200x200","number_course":3,"orderby":"popular","order":"asc","style":"","number_row":3,"navigation":""},"_multiwidget":1},"media_image":{"2":{"size":"full","width":260,"height":300,"caption":"","alt":"","link_type":"custom","link_url":"","image_classes":"","link_classes":"","link_rel":"","link_target_blank":false,"image_title":"","attachment_id":4090,"url":"https:\/\/onelms.thimpress.com\/wp-content\/uploads\/2021\/07\/sb.jpg","title":""},"_multiwidget":1},"tag_cloud":{"6":{"title":"Tags Cloud","count":0,"taxonomy":"course_tag"},"5":{"title":"TAGS CLOUD","count":0,"taxonomy":"post_tag"},"4":{"title":"Tag","count":0,"taxonomy":"post_tag"},"3":{"title":"Tags Cloud","count":0,"taxonomy":"post_tag","widget-class":""},"_multiwidget":1},"text":{"3":{"title":"","text":"[INSERT_ELEMENTOR id=\"195\"]","filter":true,"visual":true},"2":{"title":"","text":"[INSERT_ELEMENTOR id=\"3673\"]","filter":true,"visual":true},"_multiwidget":1},"categories":{"6":{"title":"","count":0,"hierarchical":0,"dropdown":0},"7":{"title":"POST CATEGORIES","count":1,"hierarchical":0,"dropdown":0},"5":{"title":"","count":1,"hierarchical":0,"dropdown":0},"4":{"title":"","count":1,"hierarchical":0,"dropdown":0,"widget-class":""},"_multiwidget":1},"search":{"4":{"title":""},"3":{"title":""},"5":{"title":""},"2":{"title":"","widget-class":""},"_multiwidget":1},"list-post":{"4":{"title":"LATEST POSTS","cat_id":"","image_size":"thumbnail","number_posts":4,"orderby":"popular","order":"asc","text_link":"","link":"","style":"","el_class":"","el_id":"","show_description":false},"2":{"title":"Last Post","cat_id":"all","image_size":"thumbnail","show_description":"no","number_posts":4,"orderby":"popular","order":"asc","link":"","text_link":"","style":false,"widget-class":""},"3":{"title":"From Blog","cat_id":"","image_size":"thumbnail","number_posts":3,"orderby":"popular","order":"asc","text_link":"","link":"","style":"","el_class":"","el_id":"","show_description":false},"_multiwidget":1},"woocommerce_product_categories":{"2":{"title":"CATEGORIES","orderby":"name","dropdown":0,"count":0,"hierarchical":1,"show_children_only":0,"hide_empty":0,"max_depth":""},"_multiwidget":1},"woocommerce_price_filter":{"2":{"title":"PRICE RANGE"},"_multiwidget":1},"woocommerce_product_tag_cloud":{"2":{"title":"TAGS CLOUD"},"_multiwidget":1},"woocommerce_widget_cart":{"2":{"title":"Cart","hide_if_empty":0},"_multiwidget":1},"custom_html":{"4":{"title":"","content":"Appears in top of footer.\r\n"},"_multiwidget":1}}]