[{"sidebar":["text-14"],"right_menu":["text-15","text-16"],"footer_top":["text-17","text-18"],"footer-sidebar-1":["text-19"],"footer-sidebar-2":["nav_menu-6"],"footer-sidebar-3":["nav_menu-5"],"footer-sidebar-4":["text-20"],"sidebar_events":["text-21"],"sidebar_hotel":["hb_widget_search-2","hb_widget_cart-2"],"copyright":["copyright-2"]},{"text":{"14":{"title":"","text":"<a href=\"http:\/\/hotelwp.thimpress.com\/element-2\/gallery\/\">\r\n<img alt=\"\" src=\"http:\/\/hotelwp.thimpress.com\/wp-content\/uploads\/sites\/6\/2016\/10\/gallery_ads.jpg\">\r\n<\/a>","filter":false,"widget-class":"no-padding sidebar-single-image","widget_logic":""},"15":{"title":"","text":" <ul class=\"header-info\">\r\n            <li><a href=\"tel:00123456789\" class=\"value\"><i class=\"fa fa-phone\"><\/i> +00 123 456 789<\/a> <\/li>\r\n            <li><a href=\"http:\/\/hotelwp.thimpress.com\/element-2\/rooms\/\" class=\"btn-book\">BOOK NOW<\/a><\/li>\r\n        <\/ul>","filter":false,"widget-class":"","widget_logic":""},"16":{"title":"","text":"<select>\r\n  <option value=\"en\">EN<\/option>\r\n  <option value=\"fr\">FR<\/option>\r\n  <option value=\"it\">IT<\/option>\r\n<\/select>","filter":false,"widget-class":"","widget_logic":""},"17":{"title":"","text":"<a href=\"http:\/\/hotelwp.thimpress.com\/element-2\/\"><img src=\"http:\/\/hotelwp.thimpress.com\/wp-content\/uploads\/sites\/6\/2016\/09\/hotel-wp-logo-black.png\" alt=\"\"\/><\/a>","filter":false,"widget-class":"pull-left"},"18":{"title":"","text":"<ul class=\"thim-wg-social-link\">\r\n    <li><a class=\"twitter\" href=\"http:\/\/www.twitter.com\/thimpress\/\"><i class=\"fa fa-twitter\" aria-hidden=\"true\"><\/i><\/a><\/li>\r\n    <li><a class=\"facebook\" href=\"http:\/\/www.facebook.com\/thimpress\/\"><i class=\"fa fa-facebook\" aria-hidden=\"true\"><\/i><\/a><\/li>\r\n    <li><a class=\"instagram\" href=\"http:\/\/www.thimpress.com\/\"><i class=\"fa fa-instagram\" aria-hidden=\"true\"><\/i><\/a><\/li>\r\n    <li><a class=\"pinterest\" href=\"http:\/\/www.thimpress.com\/\"><i class=\"fa fa-pinterest\" aria-hidden=\"true\"><\/i><\/a><\/li>\r\n    <li><a class=\"tripadvisor\" href=\"http:\/\/www.thimpress.com\/\"><img src=\"http:\/\/hotelwp.thimpress.com\/wp-content\/uploads\/sites\/6\/2016\/09\/trip-icon.png\" alt=\"\"\/><\/a><\/li>\r\n<\/ul>\r\n","filter":false,"widget-class":"pull-right","widget_logic":""},"19":{"title":"STAY IN TOUCH","text":"<div class=\"footer-email\">\r\n<p>Sign up here to receive interesting\u00a0updates <\/p>\r\n[mc4wp_form]\r\n<\/div>","filter":false,"widget-class":""},"20":{"title":"CONTACT US","text":"<div class=\"thim-footer-location\">\r\n<p class=\"info\"><i class=\"fa fa-phone\"><\/i><a href=\"tel:00123456789\">+00 123 456 789<\/a><\/p>\r\n<p class=\"info\"><i class=\"fa fa-envelope\"><\/i><a href=\"mailto:hello@thimpress.com\">hello@thimpress.com<\/a><\/p>\r\n<p class=\"info\"><i class=\"fa fa-map-marker\"><\/i> <span>329 Queensberry Street, North Melbourne VIC 3051, Australia<\/span><\/p>\r\n<\/div>","filter":false,"widget-class":"","widget_logic":""},"21":{"title":"","text":"","filter":false,"widget-class":"hide"},"_multiwidget":1},"nav_menu":{"6":{"title":"COMPANY","nav_menu":51,"widget_logic":"","widget-class":""},"5":{"title":"SERVICES","nav_menu":54,"widget-class":""},"_multiwidget":1},"hb_widget_search":{"2":{"title":"CHECK AVAILABILITY","show_title":"true","show_label":"true","widget_logic":"","widget-class":""},"_multiwidget":1},"hb_widget_cart":{"2":{"title":"YOUR BOOKING","widget_logic":"","widget-class":""},"_multiwidget":1},"copyright":{"2":{"first_text":"\u00a9","year":"2018","site_name":"ThimPress","link_site":"https:\/\/thimpress.com\/","last_text":"All rights reserved. Powered by <a href=\"https:\/\/wordpress.org\/\">WordPress<\/a>.","widget_logic":"","widget-class":""},"_multiwidget":1}}]