[{"wp_inactive_widgets":["archives-2","meta-2","search-2","recent-posts-2","recent-comments-2"],"topbar_left":["text-5"],"topbar_right":["text-6"],"logo-right":["text-7"],"sidebar":["search-3","categories-2","tag_cloud-2"],"menu-right":["search-4"],"footer-sidebar-1":["text-4"],"footer-sidebar-2":["nav_menu-2"],"footer-sidebar-3":["custom_html-2"],"footer-sidebar-4":["nav_menu-3"]},{"text":{"5":{"title":"","text":"<ul class=\"list-inline\">\r\n<li class=\"list-inline-item\"><i class=\"ion-ios-location\"><\/i>25 New Design Street, San Francisco<\/li>\r\n<li class=\"list-inline-item\"><i class=\"ion-ios-clock-outline\"><\/i> Mon \u2013 Fri: 8am \u2013 7pm<\/li>\r\n<li class=\"list-inline-item\"><i class=\"ion-android-mail\"><\/i> hello@medical.com<\/li>\r\n<\/ul>","filter":true,"visual":true,"widget-class":""},"6":{"title":"","text":"[INSERT_ELEMENTOR id=\"1591\"]","filter":true,"visual":true,"widget-class":""},"7":{"title":"","text":"[INSERT_ELEMENTOR id=\"1675\"]","filter":true,"visual":true,"widget-class":""},"4":{"title":"","text":"<img class=\"alignnone size-full wp-image-1249\" src=\"http:\/\/healthify.thimpress.com\/healthify-2\/wp-content\/uploads\/sites\/14\/2018\/08\/footer-logo.png\" alt=\"\" width=\"168\" height=\"45\" \/>\r\n\r\nI am text block. Click edit button to change this text.\r\n\r\n[yikes-mailchimp form=\"1\"]\r\n\r\n[INSERT_ELEMENTOR id=\"1638\"]","filter":true,"visual":true,"widget-class":""},"_multiwidget":1},"search":{"3":{"title":""},"4":{"title":"","widget-class":""},"2":{"title":""},"_multiwidget":1},"categories":{"2":{"title":"","count":1,"hierarchical":0,"dropdown":0,"widget-class":""},"_multiwidget":1},"tag_cloud":{"2":{"title":"","count":0,"taxonomy":"post_tag","widget-class":""},"_multiwidget":1},"nav_menu":{"2":{"title":"Useful Links","nav_menu":26,"widget-class":"menu-column-2"},"3":{"title":"Medical Departments","nav_menu":25,"widget-class":""},"_multiwidget":1},"custom_html":{"2":{"title":"CONNECT US","content":"<ul class=\"thim-contact-list\">\r\n \t<li><i class=\"fa fa-phone\" aria-hidden=\"true\"><\/i> <a href=\"tel:00123456789\">(+00) 123456-789<\/a><\/li>\r\n \t<li><i class=\"fa fa-envelope-o\" aria-hidden=\"true\"><\/i> <a href=\"mailto:info@thimpress.com\">info@thimpress.com<\/a><\/li>\r\n \t<li><i class=\"fa fa-fax\" aria-hidden=\"true\"><\/i> <a href=\"tel:01123456789\">(+01) 123456-789<\/a><\/li>\r\n \t<li class=\"address\"><i class=\"fa fa-map-marker\" aria-hidden=\"true\"><\/i> PO Box 97845 Baker st. 567, Los Angeles, California, US.<\/li>\r\n<\/ul>","widget-class":""},"_multiwidget":1},"archives":{"2":{"title":"","count":0,"dropdown":0},"_multiwidget":1},"meta":{"2":{"title":""},"_multiwidget":1},"recent-posts":{"2":{"title":"","number":5},"_multiwidget":1},"recent-comments":{"2":{"title":"","number":5},"_multiwidget":1}}]