[{"sidebar":["search-5","categories-4","list-post-4","tag_cloud-5","single-images-7","text-17"],"toolbar":["text-18","woocommerce_widget_cart-4","login-popup-6","social-4"],"top_menu_right":["login-popup-7","woocommerce_widget_cart-5","search-6"],"top_menu_left":["text-19"],"footer":["text-22","nav_menu-3","social-5","text-23"],"copyright":["nav_menu-4"],"sidebar_courses":["courses-4","single-images-8","text-20"],"sidebar_events":["courses-5","single-images-9"],"sidebar_shop":["woocommerce_product_categories-2","woocommerce_price_filter-3","woocommerce_products-3","woocommerce_product_tag_cloud-3","text-21"]},{"search":{"5":{"title":"","widget-class":""},"6":{"title":"","widget-class":""},"_multiwidget":1},"categories":{"4":{"title":"","count":0,"hierarchical":0,"dropdown":0},"_multiwidget":1},"list-post":{"4":{"title":"Recent Posts","cat_id":"all","image_size":"thumbnail","show_description":"no","number_posts":3,"orderby":"recent","order":"desc","link":"","text_link":"","style":false,"widget-class":""},"_multiwidget":1},"tag_cloud":{"5":{"title":"","taxonomy":"post_tag","widget-class":""},"_multiwidget":1},"single-images":{"7":{"image":5699,"image_size":"full","image_link":"","link_target":"_blank","image_alignment":"left","css_animation":"","widget_logic":"","widget-class":"shop-image"},"8":{"image":5699,"image_size":"full","image_link":"#","link_target":"_blank","image_alignment":"left","css_animation":false,"widget-class":""},"9":{"image":6833,"image_size":"full","image_link":"#","link_target":"_self","image_alignment":"left","css_animation":false,"widget_logic":"","widget-class":""},"_multiwidget":1},"text":{"17":{"title":"","text":"<iframe src=\"https:\/\/www.facebook.com\/plugins\/page.php?href=https%3A%2F%2Fwww.facebook.com%2FThimPress%2F&tabs=timeline&width=270&height=500&small_header=false&adapt_container_width=true&hide_cover=false&show_facepile=true&appId\" height=\"322\" style=\"border:none;overflow:hidden;width:270;\"><\/iframe>","filter":false,"widget-class":""},"18":{"title":"","text":"<div class=\"thim-have-any-question\">\r\n<div class=\"mobile\"><i class=\"fa fa-phone\"><\/i><a href=\"tel:00123456789\" class=\"value\"> +00 123 456 789<\/a>\r\n<\/div>\r\n<div class=\"email\"><i class=\"fa fa-envelope\"><\/i><a href=\"mailto:hello@coaching.com\">hello@coaching.com<\/a>\r\n<\/div>\r\n<\/div>","filter":false,"widget-class":""},"19":{"title":"","text":"<div class=\"thim-have-any-question\">\r\n<div class=\"email\"><i class=\"fa fa-envelope\"><\/i><a href=\"mailto:hello@coaching.com\">hello@coaching.com<\/a>\r\n<\/div>\r\n<\/div>","filter":false,"widget-class":""},"22":{"title":"Get In Touch","text":"<div class=\"thim-footer-info\">\r\n<p><i class=\"fa fa-phone\"><\/i><a href=\"tel:00123456789\">+00 123 456 789<\/a><\/p>\r\n<p><i class=\"fa fa-envelope\"><\/i><a href=\"mailto:hello@coaching.com\">hello@coaching.com<\/a><\/p>\r\n<p><i class=\"fa fa-map-marker\"><\/i><a href=\"#\">PO Box 97845 Baker st. 567, Los Angeles, California, US.<\/a><\/p>\r\n<\/div>","filter":true,"visual":true,"widget_logic":"","widget-class":"col-sm-3"},"23":{"title":"NEWLETTERS","text":"<p>Subscribe to get updates right in your inbox. We promise to not send you spams.<\/p>\r\n[mc4wp_form id=\"3101\"]","filter":true,"visual":true,"widget_logic":"","widget-class":"col-sm-3"},"20":{"title":"","text":"<iframe src=\"https:\/\/www.facebook.com\/plugins\/page.php?href=https%3A%2F%2Fwww.facebook.com%2FThimPress%2F&tabs=timeline&width=270&height=500&small_header=false&adapt_container_width=true&hide_cover=false&show_facepile=true&appId\" width=\"270\" height=\"322\" style=\"border:none;overflow:hidden\"><\/iframe>","filter":false,"widget-class":""},"21":{"title":"","text":"<iframe src=\"https:\/\/www.facebook.com\/plugins\/page.php?href=https%3A%2F%2Fwww.facebook.com%2FThimPress%2F&tabs=timeline&width=270&height=500&small_header=false&adapt_container_width=true&hide_cover=false&show_facepile=true&appId\" width=\"270\" height=\"325\" style=\"border:none;overflow:hidden\"><\/iframe>","filter":false,"widget-class":""},"_multiwidget":1},"woocommerce_widget_cart":{"4":{"title":"","hide_if_empty":0,"widget-class":""},"5":{"title":"Cart","hide_if_empty":0,"widget-class":""},"_multiwidget":1},"login-popup":{"6":{"text_register":"Register","text_login":"Login","text_logout":"Logout","shortcode":"[miniorange_social_login]","widget-class":"","widget_logic":""},"7":{"show_register":"1","text_register":"Register","text_login":"Login","text_logout":"Logout","shortcode":"[miniorange_social_login]","widget-class":"","widget_logic":""},"_multiwidget":1},"social":{"4":{"title":"","link_face":"https:\/\/www.facebook.com\/ThimPress","link_twitter":"https:\/\/twitter.com\/thimpress","link_google":"#","link_dribble":"","link_linkedin":"#","link_pinterest":"","link_instagram":"","link_youtube":"","link_target":"_blank","style":"no-border","widget_logic":"","widget-class":"","show_text":false},"5":{"title":"SOCIAL LINKS","link_face":"#","link_twitter":"#","link_google":"#","link_dribble":"","link_linkedin":"","link_pinterest":"","link_instagram":"","link_youtube":"","link_target":"_self","style":false,"show_text":true,"widget_logic":"","widget-class":"col-sm-3"},"_multiwidget":1},"nav_menu":{"3":{"title":"USEFUL LINKS","nav_menu":33,"widget_logic":"","widget-class":"col-sm-3"},"4":{"nav_menu":31,"widget_logic":"","widget-class":""},"_multiwidget":1},"courses":{"4":{"title":"Popular Courses","order":"popular","cat_id":"all","layout":"list-sidebar","limit":3,"view_all_courses":"","slider-options":{"show_navigation":true,"item_visible":"4","show_pagination":false},"grid-options":{"columns":"4"},"widget-class":""},"5":{"title":"Popular Courses","order":"popular","cat_id":"all","layout":"list-sidebar","thumbnail_width":400,"thumbnail_height":300,"limit":3,"view_all_courses":"","view_all_position":"top","slider-options":{"show_navigation":true,"item_visible":"4","show_pagination":false},"grid-options":{"columns":"4"},"widget_logic":"","widget-class":""},"_multiwidget":1},"woocommerce_product_categories":{"2":{"title":"Categories","orderby":"name","dropdown":0,"count":0,"hierarchical":1,"show_children_only":0,"hide_empty":0,"widget-class":""},"_multiwidget":1},"woocommerce_price_filter":{"3":{"title":"Filter by price","widget-class":""},"_multiwidget":1},"woocommerce_products":{"3":{"title":"Best sellers","number":3,"show":"","orderby":"sales","order":"desc","hide_free":0,"show_hidden":0,"widget-class":""},"_multiwidget":1},"woocommerce_product_tag_cloud":{"3":{"title":"Product Tags","widget-class":""},"_multiwidget":1}}]