[{"sidebar":["search-4","thim_layout_builder-8","tag_cloud-3"],"sidebar-courses":["search-3","thim_layout_builder-11","tag_cloud-1"],"sidebar-events":["search-5","thim_layout_builder-9","tag_cloud-4"],"menu-right":["thim_layout_builder-2"],"footer-sidebar-1":["thim_layout_builder-4"],"footer-sidebar-2":["nav_menu-3"],"footer-sidebar-3":["nav_menu-4"],"footer-sidebar-4":["nav_menu-5"],"footer-sidebar-5":["text-7"],"copy-right":["thim_layout_builder-12"]},{"search":{"4":{"title":"","widget-class":""},"3":{"title":""},"5":{"title":"","widget-class":""},"_multiwidget":1},"thim_layout_builder":{"8":{"widget-class":"","content":"[vc_row css=\".vc_custom_1539864414850{margin-bottom: 50px !important;}\"][vc_column][thim-testimonials layout=\"layout-slider-3\" testimonials=\"%5B%7B%22name%22%3A%22John%20Doe%22%2C%22website%22%3A%22%23%22%2C%22works%22%3A%22Founder%22%2C%22content%22%3A%22This%20is%20my%20first%20time%20to%20consult%20in%20this%20hospital%20and%20I%E2%80%99m%20lucky%20I%20got%20a%20perfect%20doctor%20who%20takes%20care%20of%20me%20since%20day%20one%20of%20my%20consultation%2C%20until%20the%20day%20of%20my%20surgery.%22%7D%2C%7B%22name%22%3A%22John%20Doe%22%2C%22website%22%3A%22%23%22%2C%22works%22%3A%22Founder%22%2C%22content%22%3A%22This%20is%20my%20first%20time%20to%20consult%20in%20this%20hospital%20and%20I%E2%80%99m%20lucky%20I%20got%20a%20perfect%20doctor%20who%20takes%20care%20of%20me%20since%20day%20one%20of%20my%20consultation%2C%20until%20the%20day%20of%20my%20surgery.%22%7D%2C%7B%22name%22%3A%22John%20Doe%22%2C%22website%22%3A%22%23%22%2C%22works%22%3A%22Founder%22%2C%22content%22%3A%22This%20is%20my%20first%20time%20to%20consult%20in%20this%20hospital%20and%20I%E2%80%99m%20lucky%20I%20got%20a%20perfect%20doctor%20who%20takes%20care%20of%20me%20since%20day%20one%20of%20my%20consultation%2C%20until%20the%20day%20of%20my%20surgery.%22%7D%5D\" items_visible=\"1\" items_tablet=\"1\" items_mobile=\"1\"][\/vc_column][\/vc_row][vc_row css=\".vc_custom_1539864424395{margin-bottom: 50px !important;}\"][vc_column][thim-list-courses title=\"latest course\" number_items=\"3\"][\/vc_column][\/vc_row][vc_row css=\".vc_custom_1539864434022{margin-bottom: 50px !important;}\"][vc_column][vc_single_image image=\"1134\" img_size=\"full\"][\/vc_column][\/vc_row][vc_row css=\".vc_custom_1539864442273{margin-bottom: 50px !important;}\"][vc_column][thim-posts layout=\"layout-list-2\" title=\"Latest posts\" number=\"3\" show_date=\"\" show_author=\"\" show_number_comments=\"\"][\/vc_column][\/vc_row]","custom_css":".vc_custom_1539864414850{margin-bottom: 50px !important;}.vc_custom_1539864424395{margin-bottom: 50px !important;}.vc_custom_1539864434022{margin-bottom: 50px !important;}.vc_custom_1539864442273{margin-bottom: 50px !important;}"},"11":{"widget-class":"","content":"[vc_row css=\".vc_custom_1539864414850{margin-bottom: 50px !important;}\"][vc_column][thim-testimonials layout=\"layout-slider-3\" testimonials=\"%5B%7B%22name%22%3A%22John%20Doe%22%2C%22website%22%3A%22%23%22%2C%22works%22%3A%22Founder%22%2C%22content%22%3A%22This%20is%20my%20first%20time%20to%20consult%20in%20this%20hospital%20and%20I%E2%80%99m%20lucky%20I%20got%20a%20perfect%20doctor%20who%20takes%20care%20of%20me%20since%20day%20one%20of%20my%20consultation%2C%20until%20the%20day%20of%20my%20surgery.%22%7D%2C%7B%22name%22%3A%22John%20Doe%22%2C%22website%22%3A%22%23%22%2C%22works%22%3A%22Founder%22%2C%22content%22%3A%22This%20is%20my%20first%20time%20to%20consult%20in%20this%20hospital%20and%20I%E2%80%99m%20lucky%20I%20got%20a%20perfect%20doctor%20who%20takes%20care%20of%20me%20since%20day%20one%20of%20my%20consultation%2C%20until%20the%20day%20of%20my%20surgery.%22%7D%2C%7B%22name%22%3A%22John%20Doe%22%2C%22website%22%3A%22%23%22%2C%22works%22%3A%22Founder%22%2C%22content%22%3A%22This%20is%20my%20first%20time%20to%20consult%20in%20this%20hospital%20and%20I%E2%80%99m%20lucky%20I%20got%20a%20perfect%20doctor%20who%20takes%20care%20of%20me%20since%20day%20one%20of%20my%20consultation%2C%20until%20the%20day%20of%20my%20surgery.%22%7D%5D\" items_visible=\"1\" items_tablet=\"1\" items_mobile=\"1\"][\/vc_column][\/vc_row][vc_row css=\".vc_custom_1539864841172{margin-bottom: 50px !important;}\"][vc_column][thim-course-categories title=\"Categories\" show_count=\"true\" show_hierarchy=\"\"][\/vc_column][\/vc_row][vc_row css=\".vc_custom_1539864424395{margin-bottom: 50px !important;}\"][vc_column][thim-list-courses title=\"latest course\" number_items=\"3\"][\/vc_column][\/vc_row]","custom_css":".vc_custom_1539864414850{margin-bottom: 50px !important;}.vc_custom_1539864841172{margin-bottom: 50px !important;}.vc_custom_1539864424395{margin-bottom: 50px !important;}"},"9":{"widget-class":"","content":"[vc_row css=\".vc_custom_1539865024030{margin-bottom: 50px !important;}\"][vc_column][thim-testimonials layout=\"layout-slider-3\" testimonials=\"%5B%7B%22name%22%3A%22John%20Doe%22%2C%22website%22%3A%22%23%22%2C%22works%22%3A%22Founder%22%2C%22content%22%3A%22This%20is%20my%20first%20time%20to%20consult%20in%20this%20hospital%20and%20I%E2%80%99m%20lucky%20I%20got%20a%20perfect%20doctor%20who%20takes%20care%20of%20me%20since%20day%20one%20of%20my%20consultation%2C%20until%20the%20day%20of%20my%20surgery.%22%7D%2C%7B%22name%22%3A%22John%20Doe%22%2C%22website%22%3A%22%23%22%2C%22works%22%3A%22Founder%22%2C%22content%22%3A%22This%20is%20my%20first%20time%20to%20consult%20in%20this%20hospital%20and%20I%E2%80%99m%20lucky%20I%20got%20a%20perfect%20doctor%20who%20takes%20care%20of%20me%20since%20day%20one%20of%20my%20consultation%2C%20until%20the%20day%20of%20my%20surgery.%22%7D%5D\" items_visible=\"1\" items_tablet=\"1\" items_mobile=\"1\"][\/vc_column][\/vc_row][vc_row][vc_column][thim-event-calendar title=\"Calendar\"][\/vc_column][\/vc_row]","custom_css":".vc_custom_1539865024030{margin-bottom: 50px !important;}"},"2":{"widget-class":"","content":"[vc_row][vc_column][thim-login-popup text_login=\"Login\" text_register=\"\"][thim-button link=\"url:%23|title:Apply%20Now||\" shape=\"round\" button_border_width=\"0\" align=\"align-right\" button_font_size=\"14\" button_font_weight=\"400\" bg_color=\"#ffffff\" text_color=\"#292929\" bg_hover_color=\"#f3ae7f\" text_hover_color=\"#ffffff\" button_padding=\"0px 30px\" button_line_height=\"40\" icon_type=\"none\"][thim-search-posts][\/vc_column][\/vc_row]","custom_css":""},"4":{"widget-class":"","content":"[vc_row][vc_column][vc_single_image image=\"1221\" img_size=\"full\"][\/vc_column][\/vc_row]","custom_css":""},"12":{"widget-class":"","content":"[vc_row][vc_column][thim-social-links links=\"%5B%7B%22icon%22%3A%22fa%20fa-facebook%22%2C%22url%22%3A%22%23%22%7D%2C%7B%22icon%22%3A%22fa%20fa-twitter%22%2C%22url%22%3A%22%23%22%7D%2C%7B%22icon%22%3A%22fa%20fa-pinterest-p%22%2C%22url%22%3A%22%23%22%7D%2C%7B%22icon%22%3A%22fa%20fa-linkedin%22%2C%22url%22%3A%22%23%22%7D%5D\"][\/vc_column][\/vc_row]","custom_css":""},"_multiwidget":1},"tag_cloud":{"3":{"title":"Tags","count":0,"taxonomy":"post_tag","widget-class":""},"1":{"title":"Tags","count":0,"taxonomy":"post_tag","widget-class":""},"4":{"title":"Tags","count":0,"taxonomy":"post_tag","widget-class":""},"_multiwidget":1},"nav_menu":{"3":{"nav_menu":49,"widget-class":""},"4":{"nav_menu":50,"widget-class":""},"5":{"nav_menu":51,"widget-class":""},"_multiwidget":1},"text":{"7":{"title":"Subscribe","text":"[yikes-mailchimp form=\"1\"]","filter":true,"visual":true,"widget-class":"text-left"},"_multiwidget":1}}]