[{"sidebar":["search-4","thim_layout_builder-8","tag_cloud-3"],"sidebar-courses":["search-3","thim_layout_builder-11","tag_cloud-1"],"sidebar-events":["search-5","thim_layout_builder-9","tag_cloud-4"],"menu-right":["thim_layout_builder-2"],"footer-top":["thim_layout_builder-3"],"footer-sidebar-1":["thim_layout_builder-4"],"footer-sidebar-2":["nav_menu-3"],"footer-sidebar-3":["media_gallery-2"],"footer-sidebar-4":["custom_html-2"],"topbar_right":["thim_layout_builder-1"]},{"search":{"4":{"title":"","widget-class":""},"3":{"title":""},"5":{"title":"","widget-class":""},"_multiwidget":1},"thim_layout_builder":{"8":{"widget-class":"","content":"[vc_row css=\".vc_custom_1539864414850{margin-bottom: 50px !important;}\"][vc_column][thim-testimonials layout=\"layout-slider-3\" testimonials=\"%5B%7B%22name%22%3A%22John%20Doe%22%2C%22website%22%3A%22%23%22%2C%22works%22%3A%22Founder%22%2C%22content%22%3A%22This%20is%20my%20first%20time%20to%20consult%20in%20this%20hospital%20and%20I%E2%80%99m%20lucky%20I%20got%20a%20perfect%20doctor%20who%20takes%20care%20of%20me%20since%20day%20one%20of%20my%20consultation%2C%20until%20the%20day%20of%20my%20surgery.%22%7D%2C%7B%22name%22%3A%22John%20Doe%22%2C%22website%22%3A%22%23%22%2C%22works%22%3A%22Founder%22%2C%22content%22%3A%22This%20is%20my%20first%20time%20to%20consult%20in%20this%20hospital%20and%20I%E2%80%99m%20lucky%20I%20got%20a%20perfect%20doctor%20who%20takes%20care%20of%20me%20since%20day%20one%20of%20my%20consultation%2C%20until%20the%20day%20of%20my%20surgery.%22%7D%2C%7B%22name%22%3A%22John%20Doe%22%2C%22website%22%3A%22%23%22%2C%22works%22%3A%22Founder%22%2C%22content%22%3A%22This%20is%20my%20first%20time%20to%20consult%20in%20this%20hospital%20and%20I%E2%80%99m%20lucky%20I%20got%20a%20perfect%20doctor%20who%20takes%20care%20of%20me%20since%20day%20one%20of%20my%20consultation%2C%20until%20the%20day%20of%20my%20surgery.%22%7D%5D\" items_visible=\"1\" items_tablet=\"1\" items_mobile=\"1\"][\/vc_column][\/vc_row][vc_row css=\".vc_custom_1539864424395{margin-bottom: 50px !important;}\"][vc_column][thim-list-courses title=\"latest course\" number_items=\"3\"][\/vc_column][\/vc_row][vc_row css=\".vc_custom_1539864434022{margin-bottom: 50px !important;}\"][vc_column][vc_single_image image=\"1134\" img_size=\"full\"][\/vc_column][\/vc_row][vc_row css=\".vc_custom_1539864442273{margin-bottom: 50px !important;}\"][vc_column][thim-posts layout=\"layout-list-2\" title=\"Latest posts\" number=\"3\" show_date=\"\" show_author=\"\" show_number_comments=\"\"][\/vc_column][\/vc_row]","custom_css":".vc_custom_1539864414850{margin-bottom: 50px !important;}.vc_custom_1539864424395{margin-bottom: 50px !important;}.vc_custom_1539864434022{margin-bottom: 50px !important;}.vc_custom_1539864442273{margin-bottom: 50px !important;}"},"11":{"widget-class":"","content":"[vc_row css=\".vc_custom_1539864414850{margin-bottom: 50px !important;}\"][vc_column][thim-testimonials layout=\"layout-slider-3\" testimonials=\"%5B%7B%22name%22%3A%22John%20Doe%22%2C%22website%22%3A%22%23%22%2C%22works%22%3A%22Founder%22%2C%22content%22%3A%22This%20is%20my%20first%20time%20to%20consult%20in%20this%20hospital%20and%20I%E2%80%99m%20lucky%20I%20got%20a%20perfect%20doctor%20who%20takes%20care%20of%20me%20since%20day%20one%20of%20my%20consultation%2C%20until%20the%20day%20of%20my%20surgery.%22%7D%2C%7B%22name%22%3A%22John%20Doe%22%2C%22website%22%3A%22%23%22%2C%22works%22%3A%22Founder%22%2C%22content%22%3A%22This%20is%20my%20first%20time%20to%20consult%20in%20this%20hospital%20and%20I%E2%80%99m%20lucky%20I%20got%20a%20perfect%20doctor%20who%20takes%20care%20of%20me%20since%20day%20one%20of%20my%20consultation%2C%20until%20the%20day%20of%20my%20surgery.%22%7D%2C%7B%22name%22%3A%22John%20Doe%22%2C%22website%22%3A%22%23%22%2C%22works%22%3A%22Founder%22%2C%22content%22%3A%22This%20is%20my%20first%20time%20to%20consult%20in%20this%20hospital%20and%20I%E2%80%99m%20lucky%20I%20got%20a%20perfect%20doctor%20who%20takes%20care%20of%20me%20since%20day%20one%20of%20my%20consultation%2C%20until%20the%20day%20of%20my%20surgery.%22%7D%5D\" items_visible=\"1\" items_tablet=\"1\" items_mobile=\"1\"][\/vc_column][\/vc_row][vc_row css=\".vc_custom_1539864841172{margin-bottom: 50px !important;}\"][vc_column][thim-course-categories title=\"Categories\" show_count=\"true\" show_hierarchy=\"\"][\/vc_column][\/vc_row][vc_row css=\".vc_custom_1539864424395{margin-bottom: 50px !important;}\"][vc_column][thim-list-courses title=\"latest course\" number_items=\"3\"][\/vc_column][\/vc_row]","custom_css":".vc_custom_1539864414850{margin-bottom: 50px !important;}.vc_custom_1539864841172{margin-bottom: 50px !important;}.vc_custom_1539864424395{margin-bottom: 50px !important;}"},"9":{"widget-class":"","content":"[vc_row css=\".vc_custom_1539865024030{margin-bottom: 50px !important;}\"][vc_column][thim-testimonials layout=\"layout-slider-3\" testimonials=\"%5B%7B%22name%22%3A%22John%20Doe%22%2C%22website%22%3A%22%23%22%2C%22works%22%3A%22Founder%22%2C%22content%22%3A%22This%20is%20my%20first%20time%20to%20consult%20in%20this%20hospital%20and%20I%E2%80%99m%20lucky%20I%20got%20a%20perfect%20doctor%20who%20takes%20care%20of%20me%20since%20day%20one%20of%20my%20consultation%2C%20until%20the%20day%20of%20my%20surgery.%22%7D%2C%7B%22name%22%3A%22John%20Doe%22%2C%22website%22%3A%22%23%22%2C%22works%22%3A%22Founder%22%2C%22content%22%3A%22This%20is%20my%20first%20time%20to%20consult%20in%20this%20hospital%20and%20I%E2%80%99m%20lucky%20I%20got%20a%20perfect%20doctor%20who%20takes%20care%20of%20me%20since%20day%20one%20of%20my%20consultation%2C%20until%20the%20day%20of%20my%20surgery.%22%7D%5D\" items_visible=\"1\" items_tablet=\"1\" items_mobile=\"1\"][\/vc_column][\/vc_row][vc_row][vc_column][thim-event-calendar title=\"Calendar\"][\/vc_column][\/vc_row]","custom_css":".vc_custom_1539865024030{margin-bottom: 50px !important;}"},"2":{"widget-class":"","content":"<p>[vc_row][vc_column][thim-search-posts layout=\"layout-1\" show_number_favorite=\"\"][thim-login-popup layout=\"layout-2\" text_logout=\"\" user_menu=\"true\" show_icon=\"\" popup_image=\"1643\"][\/vc_column][\/vc_row]<\/p>\r\n","custom_css":""},"3":{"widget-class":"","content":"[vc_row full_width=\"stretch_row\" el_class=\"thim-background-call-to-action\" bp_css_tablet=\".vc_custom_1602571873196{background-image: url(http:\/\/ivy-school.thimpress.com\/demo-6\/wp-content\/uploads\/sites\/22\/2018\/12\/bg-png-07.png?id=1625) !important;background-position: center !important;background-repeat: no-repeat !important;background-size: cover !important;}\" css=\".vc_custom_1602571873194{padding-top: 0px !important;background-image: url(https:\/\/ivy-school.thimpress.com\/demo-6\/wp-content\/uploads\/sites\/22\/2018\/12\/bg-png-07.png?id=1625) !important;background-position: 0 0 !important;background-repeat: no-repeat !important;}\"][vc_column][vc_row_inner equal_height=\"yes\" css=\".vc_custom_1686798263325{padding-top: 80px !important;padding-bottom: 124px !important;}\" el_class=\"wrap-icon-box\" bp_css_mobile=\".vc_custom_1686798263326{padding-top: 0px !important;}\"][vc_column_inner width=\"1\/3\" offset=\"vc_col-lg-4 vc_col-md-4 vc_col-xs-12\" bp_css_mobile=\".vc_custom_1545038597037{margin-right: 0px !important;margin-bottom: 15px !important;padding-left: 15px !important;}\" css=\".vc_custom_1545038597031{margin-right: 12px !important;padding-left: 0px !important;}\" bp_css_tablet=\".vc_custom_1545038597035{margin-right: 0px !important;}\"][thim-icon-box layout=\"layout-6\" icon_type=\"icon_ionicon\" icon_ionicon=\"ion-ios-location-outline\" icon_position=\"icon-top\" title=\"OUR ADDRESS\" description=\"A26BT5 Building, SilverC Street, London, England\" box_icon_width=\"37\" box_icon_height=\"37\" title_tag=\"h3\" title_font_size=\"18\" title_font_weight=\"500\" icon_font_size=\"40\" desc_font_weight=\"300\" desc_font_size=\"16\" icon_color=\"#3599d5\" title_color=\"#333333\" desc_color=\"#666666\" button_text_color=\"#ff6666\" icon_margin=\"3px 0 6px\" title_margin=\"0 4px 16px\" title_custom_css=\"line-height: 1.666666; word-break: break-word;\" desc_margin=\"0 4px 19px\" desc_custom_css=\"line-height: 1.625; word-break: break-word;\" button=\"url:%23|title:Contact%20Now||\" button_text_hover_color=\"#2d7fd5\"][\/vc_column_inner][vc_column_inner width=\"1\/3\" offset=\"vc_col-lg-4 vc_col-md-4 vc_col-xs-12\" bp_css_mobile=\".vc_custom_1545038611718{margin-right: 0px !important;margin-bottom: 15px !important;padding-left: 15px !important;}\" css=\".vc_custom_1545038611710{margin-right: -3px !important;}\" bp_css_tablet=\".vc_custom_1545038611715{margin-right: 0px !important;}\"][thim-icon-box layout=\"layout-6\" icon_type=\"icon_ionicon\" icon_ionicon=\"ion-ios-telephone-outline\" icon_position=\"icon-top\" title=\"OUR PHONE \/ FAX\" description=\"Phone: (04) 3245-6988\r\nFax: (04) 3245-6888\" text_align=\"text-default\" box_icon_width=\"37\" box_icon_height=\"37\" title_tag=\"h3\" title_font_size=\"18\" title_font_weight=\"500\" icon_font_size=\"40\" desc_font_weight=\"300\" desc_font_size=\"16\" icon_color=\"#3599d5\" title_color=\"#333333\" desc_color=\"#666666\" button_text_color=\"#ff6666\" icon_margin=\"7px 0 2px\" title_margin=\"0 0 16px\" title_custom_css=\"line-height: 1.666666; word-break: break-word;\" desc_margin=\"0 50px 19px 0\" desc_custom_css=\"line-height: 1.625; word-break: break-word;\" button=\"url:%23|title:Contact%20Now||\" button_text_hover_color=\"#2d7fd5\"][\/vc_column_inner][vc_column_inner width=\"1\/3\" offset=\"vc_col-lg-4 vc_col-md-4 vc_col-xs-12\" bp_css_mobile=\".vc_custom_1545038634899{margin-right: 0px !important;margin-bottom: 15px !important;margin-left: 0px !important;padding-right: 15px !important;}\" css=\".vc_custom_1545038634895{margin-right: 0px !important;margin-left: 12px !important;padding-right: 0px !important;}\" bp_css_tablet=\".vc_custom_1545038634898{margin-right: 0px !important;}\"][thim-icon-box layout=\"layout-6\" icon_type=\"icon_ionicon\" icon_ionicon=\"ion-ios-email-outline\" icon_position=\"icon-top\" title=\"OUR EMAIL\" description=\"hello@thimpress.com\" text_align=\"text-default\" box_icon_width=\"37\" box_icon_height=\"37\" title_tag=\"h3\" title_font_size=\"18\" title_font_weight=\"500\" icon_font_size=\"52\" desc_font_weight=\"300\" desc_font_size=\"16\" icon_color=\"#3599d5\" title_color=\"#333333\" desc_color=\"#666666\" button_text_color=\"#ff6666\" icon_margin=\"5px 0 6px\" title_margin=\"0 12px 16px 0\" title_custom_css=\"line-height: 1.666666; word-break: break-word;\" button=\"url:%23|title:Contact%20Now||\" button_text_hover_color=\"#2d7fd5\"][\/vc_column_inner][\/vc_row_inner][thim-heading title=\"Subscribe to Our Newsletter\" sub_title=\"Learning day desirous informed expenses material returned six the. Reasonably conviction\" show_line=\"\" align=\"align-center\" title_max_width=\"670\" title_font_size=\"40\" title_line_height=\"1.25\" title_font_weight=\"500\" sub_title_font_size=\"16\" sub_title_line_height=\"1.625\" sub_title_font_weight=\"300\" line_width=\"55\" line_height=\"1\" title_color=\"#333333\" sub_title_color=\"#666666\" title_margin=\"0 auto 10px auto\" sub_title_margin=\"0 auto\" bp_css=\".vc_custom_1544165746012{margin-bottom: 52px !important;}\"][\/thim-heading][vc_column_text][mc4wp_form id=1926][\/vc_column_text][\/vc_column][\/vc_row]","custom_css":".vc_custom_1602571873194{padding-top: 0px !important;background-image: url(https:\/\/ivy-school.thimpress.com\/demo-6\/wp-content\/uploads\/sites\/22\/2018\/12\/bg-png-07.png?id=1625) !important;background-position: 0 0 !important;background-repeat: no-repeat !important;}.vc_custom_1602571873196{background-image: url(http:\/\/ivy-school.thimpress.com\/demo-6\/wp-content\/uploads\/sites\/22\/2018\/12\/bg-png-07.png?id=1625) !important;background-position: center !important;background-repeat: no-repeat !important;background-size: cover !important;}.vc_custom_1686798263325{padding-top: 80px !important;padding-bottom: 124px !important;}.vc_custom_1686798263326{padding-top: 0px !important;}.vc_custom_1544165746012{margin-bottom: 52px !important;}.vc_custom_1545038597031{margin-right: 12px !important;padding-left: 0px !important;}.vc_custom_1545038597035{margin-right: 0px !important;}.vc_custom_1545038597037{margin-right: 0px !important;margin-bottom: 15px !important;padding-left: 15px !important;}.vc_custom_1545038611710{margin-right: -3px !important;}.vc_custom_1545038611715{margin-right: 0px !important;}.vc_custom_1545038611718{margin-right: 0px !important;margin-bottom: 15px !important;padding-left: 15px !important;}.vc_custom_1545038634895{margin-right: 0px !important;margin-left: 12px !important;padding-right: 0px !important;}.vc_custom_1545038634898{margin-right: 0px !important;}.vc_custom_1545038634899{margin-right: 0px !important;margin-bottom: 15px !important;margin-left: 0px !important;padding-right: 15px !important;}"},"4":{"widget-class":"","content":"<p>[vc_row css=\".vc_custom_1544090615141{margin-top: -26px !important;}\"][vc_column][vc_single_image image=\"1731\" img_size=\"full\" css=\".vc_custom_1545040674704{margin-bottom: 24px !important;}\"][vc_column_text]DriveMe have been serving NYC with its 8 branches and completed 5k+ students in last 10 years. We have a team.[\/vc_column_text][thim-social-links links=\"%5B%7B%22icon%22%3A%22fa%20fa-facebook%22%2C%22url%22%3A%22%23%22%7D%2C%7B%22icon%22%3A%22fa%20fa-twitter%22%2C%22url%22%3A%22%23%22%7D%2C%7B%22icon%22%3A%22fa%20fa-skype%22%2C%22url%22%3A%22%23%22%7D%2C%7B%22icon%22%3A%22fa%20fa-google-plus%22%2C%22url%22%3A%22%23%22%7D%5D\"][\/vc_column][\/vc_row]<\/p>\r\n","custom_css":".vc_custom_1544090615141{margin-top: -26px !important;}.vc_custom_1545040674704{margin-bottom: 24px !important;}"},"1":{"widget-class":"","content":"[vc_row][vc_column][vc_wp_custommenu nav_menu=\"37\" el_class=\"link-topbar\"][thim-search-posts layout=\"layout-1\"][thim-login-popup layout=\"layout-2\" shortcode=\"`{`miniorange_social_login shape=``roundededges`` theme=``default`` space=``10`` size=``35```}`\" popup_image=\"181\"][\/vc_column][\/vc_row]","custom_css":""},"_multiwidget":1},"tag_cloud":{"3":{"title":"Tags","count":0,"taxonomy":"post_tag","widget-class":""},"1":{"title":"Tags","count":0,"taxonomy":"post_tag","widget-class":""},"4":{"title":"Tags","count":0,"taxonomy":"post_tag","widget-class":""},"_multiwidget":1},"nav_menu":{"3":{"title":"Useful Links","nav_menu":39,"widget-class":""},"_multiwidget":1},"media_gallery":{"2":{"title":"Our Gallery","columns":3,"size":"thumbnail","link_type":"post","orderby_random":false,"widget-class":"","ids":[1526,1520,1519,1518,1517,1516]},"_multiwidget":1},"custom_html":{"2":{"title":"Working hours","content":"<ul class=\"working-hours-list\">\r\n<li>\r\n<span class=\"day\">Monday, Wednesday<\/span>\r\n<span class=\"hours\">8:00 - 17:00<\/span>\r\n<\/li>\r\n<li><span class=\"day\">Thursday, Friday  <\/span>\r\n<span class=\"hours\">8:45 - 17:30 <\/span>\r\n<\/li>\r\n<li><span class=\"day\">Saturday    <\/span>\r\n<span class=\"hours\">9:35 - 17:00 <\/span>\r\n<\/li>\r\n<li><span class=\"day\">Sunday<\/span>\r\n<span class=\"hours\">10:00 - 17:00<\/span>\r\n<\/li>\r\n<\/ul>","widget-class":""},"_multiwidget":1}}]