[{"topbar":["text-2"],"topbar_right":["thim_layout_builder-1"],"sidebar":["search-4","thim_layout_builder-8","tag_cloud-3"],"sidebar-courses":["search-3","thim_layout_builder-11","tag_cloud-1"],"sidebar-events":["search-5","thim_layout_builder-9","tag_cloud-4"],"menu-right":["text-8","thim_layout_builder-2"],"footer-top":["thim_layout_builder-3"],"footer-sidebar-1":["thim_layout_builder-4"],"footer-sidebar-2":["nav_menu-7"],"footer-sidebar-3":["nav_menu-4"],"footer-sidebar-4":["nav_menu-5"],"footer-sidebar-5":["nav_menu-6"]},{"text":{"2":{"title":"Find Us","text":"<strong>Address<\/strong>\n123 Main Street\nNew York, NY 10001\n\n<strong>Hours<\/strong>\nMonday&mdash;Friday: 9:00AM&ndash;5:00PM\nSaturday &amp; Sunday: 11:00AM&ndash;3:00PM","filter":true,"visual":true},"8":{"title":"","text":"<ul>\r\n \t<li class=\"phone-topbar\"><i class=\"ion ion-android-call\"><\/i> Need help? Call us now: <a class=\"special-link\" href=\"#\">(+88) 12 345 6789<\/a><\/li>\r\n<\/ul>","filter":true,"visual":true,"widget-class":""},"_multiwidget":1},"thim_layout_builder":{"1":{"widget-class":"","content":"[vc_row][vc_column][vc_wp_custommenu nav_menu=\"37\" el_class=\"link-topbar\"][thim-search-posts layout=\"layout-1\"][thim-login-popup layout=\"layout-2\" shortcode=\"`{`miniorange_social_login shape=``roundededges`` theme=``default`` space=``10`` size=``35```}`\" popup_image=\"181\"][\/vc_column][\/vc_row]","custom_css":""},"8":{"widget-class":"","content":"[vc_row css=\".vc_custom_1539864414850{margin-bottom: 50px !important;}\"][vc_column][thim-testimonials layout=\"layout-slider-3\" testimonials=\"%5B%7B%22name%22%3A%22John%20Doe%22%2C%22website%22%3A%22%23%22%2C%22works%22%3A%22Founder%22%2C%22content%22%3A%22This%20is%20my%20first%20time%20to%20consult%20in%20this%20hospital%20and%20I%E2%80%99m%20lucky%20I%20got%20a%20perfect%20doctor%20who%20takes%20care%20of%20me%20since%20day%20one%20of%20my%20consultation%2C%20until%20the%20day%20of%20my%20surgery.%22%7D%2C%7B%22name%22%3A%22John%20Doe%22%2C%22website%22%3A%22%23%22%2C%22works%22%3A%22Founder%22%2C%22content%22%3A%22This%20is%20my%20first%20time%20to%20consult%20in%20this%20hospital%20and%20I%E2%80%99m%20lucky%20I%20got%20a%20perfect%20doctor%20who%20takes%20care%20of%20me%20since%20day%20one%20of%20my%20consultation%2C%20until%20the%20day%20of%20my%20surgery.%22%7D%2C%7B%22name%22%3A%22John%20Doe%22%2C%22website%22%3A%22%23%22%2C%22works%22%3A%22Founder%22%2C%22content%22%3A%22This%20is%20my%20first%20time%20to%20consult%20in%20this%20hospital%20and%20I%E2%80%99m%20lucky%20I%20got%20a%20perfect%20doctor%20who%20takes%20care%20of%20me%20since%20day%20one%20of%20my%20consultation%2C%20until%20the%20day%20of%20my%20surgery.%22%7D%5D\" items_visible=\"1\" items_tablet=\"1\" items_mobile=\"1\"][\/vc_column][\/vc_row][vc_row css=\".vc_custom_1539864424395{margin-bottom: 50px !important;}\"][vc_column][thim-list-courses title=\"latest course\" number_items=\"3\"][\/vc_column][\/vc_row][vc_row css=\".vc_custom_1539864434022{margin-bottom: 50px !important;}\"][vc_column][vc_single_image image=\"1134\" img_size=\"full\"][\/vc_column][\/vc_row][vc_row css=\".vc_custom_1539864442273{margin-bottom: 50px !important;}\"][vc_column][thim-posts layout=\"layout-list-2\" title=\"Latest posts\" number=\"3\" show_date=\"\" show_author=\"\" show_number_comments=\"\"][\/vc_column][\/vc_row]","custom_css":".vc_custom_1539864414850{margin-bottom: 50px !important;}.vc_custom_1539864424395{margin-bottom: 50px !important;}.vc_custom_1539864434022{margin-bottom: 50px !important;}.vc_custom_1539864442273{margin-bottom: 50px !important;}"},"11":{"widget-class":"","content":"[vc_row css=\".vc_custom_1539864414850{margin-bottom: 50px !important;}\"][vc_column][thim-testimonials layout=\"layout-slider-3\" testimonials=\"%5B%7B%22name%22%3A%22John%20Doe%22%2C%22website%22%3A%22%23%22%2C%22works%22%3A%22Founder%22%2C%22content%22%3A%22This%20is%20my%20first%20time%20to%20consult%20in%20this%20hospital%20and%20I%E2%80%99m%20lucky%20I%20got%20a%20perfect%20doctor%20who%20takes%20care%20of%20me%20since%20day%20one%20of%20my%20consultation%2C%20until%20the%20day%20of%20my%20surgery.%22%7D%2C%7B%22name%22%3A%22John%20Doe%22%2C%22website%22%3A%22%23%22%2C%22works%22%3A%22Founder%22%2C%22content%22%3A%22This%20is%20my%20first%20time%20to%20consult%20in%20this%20hospital%20and%20I%E2%80%99m%20lucky%20I%20got%20a%20perfect%20doctor%20who%20takes%20care%20of%20me%20since%20day%20one%20of%20my%20consultation%2C%20until%20the%20day%20of%20my%20surgery.%22%7D%2C%7B%22name%22%3A%22John%20Doe%22%2C%22website%22%3A%22%23%22%2C%22works%22%3A%22Founder%22%2C%22content%22%3A%22This%20is%20my%20first%20time%20to%20consult%20in%20this%20hospital%20and%20I%E2%80%99m%20lucky%20I%20got%20a%20perfect%20doctor%20who%20takes%20care%20of%20me%20since%20day%20one%20of%20my%20consultation%2C%20until%20the%20day%20of%20my%20surgery.%22%7D%5D\" items_visible=\"1\" items_tablet=\"1\" items_mobile=\"1\"][\/vc_column][\/vc_row][vc_row css=\".vc_custom_1539864841172{margin-bottom: 50px !important;}\"][vc_column][thim-course-categories title=\"Categories\" show_count=\"true\" show_hierarchy=\"\"][\/vc_column][\/vc_row][vc_row css=\".vc_custom_1539864424395{margin-bottom: 50px !important;}\"][vc_column][thim-list-courses title=\"latest course\" number_items=\"3\"][\/vc_column][\/vc_row]","custom_css":".vc_custom_1539864414850{margin-bottom: 50px !important;}.vc_custom_1539864841172{margin-bottom: 50px !important;}.vc_custom_1539864424395{margin-bottom: 50px !important;}"},"9":{"widget-class":"","content":"[vc_row css=\".vc_custom_1539865024030{margin-bottom: 50px !important;}\"][vc_column][thim-testimonials layout=\"layout-slider-3\" testimonials=\"%5B%7B%22name%22%3A%22John%20Doe%22%2C%22website%22%3A%22%23%22%2C%22works%22%3A%22Founder%22%2C%22content%22%3A%22This%20is%20my%20first%20time%20to%20consult%20in%20this%20hospital%20and%20I%E2%80%99m%20lucky%20I%20got%20a%20perfect%20doctor%20who%20takes%20care%20of%20me%20since%20day%20one%20of%20my%20consultation%2C%20until%20the%20day%20of%20my%20surgery.%22%7D%2C%7B%22name%22%3A%22John%20Doe%22%2C%22website%22%3A%22%23%22%2C%22works%22%3A%22Founder%22%2C%22content%22%3A%22This%20is%20my%20first%20time%20to%20consult%20in%20this%20hospital%20and%20I%E2%80%99m%20lucky%20I%20got%20a%20perfect%20doctor%20who%20takes%20care%20of%20me%20since%20day%20one%20of%20my%20consultation%2C%20until%20the%20day%20of%20my%20surgery.%22%7D%5D\" items_visible=\"1\" items_tablet=\"1\" items_mobile=\"1\"][\/vc_column][\/vc_row][vc_row][vc_column][thim-event-calendar title=\"Calendar\"][\/vc_column][\/vc_row]","custom_css":".vc_custom_1539865024030{margin-bottom: 50px !important;}"},"2":{"widget-class":"","content":"<p>[vc_row el_class=\"z-index-1\"][vc_column][thim-button link=\"url:%23|title:REQUEST%20INFO||\" size=\"lg\" button_border_width=\"0\" align=\"align-right\" button_font_size=\"16\" button_font_weight=\"300\" bg_color=\"#ef4360\" text_color=\"#ffffff\" bg_hover_color=\"#eb1438\" text_hover_color=\"#ffffff\" button_padding=\"0px 40px\" button_line_height=\"50\" bp_css_mobile=\".vc_custom_1544408065075{background-color: #ffffff !important;}\" icon_type=\"none\"][thim-button link=\"url:%23|title:APPLY%20NOW||\" button_border_width=\"0\" align=\"align-right\" button_font_size=\"16\" button_font_weight=\"300\" bg_color=\"#0eb1b2\" text_color=\"#ffffff\" bg_hover_color=\"#0a8283\" text_hover_color=\"#ffffff\" button_padding=\"0px 52px\" button_line_height=\"50\" bp_css=\".vc_custom_1544974742646{background-color: #0eb1b2 !important;}\" bp_css_tablet=\".vc_custom_1544974742648{background-color: #0eb1b2 !important;}\" bp_css_mobile=\".vc_custom_1544974742649{background-color: #ffffff !important;}\" icon_type=\"none\"][thim-search-posts layout=\"layout-1\" el_class=\"thim-element-search\"][\/vc_column][\/vc_row]<\/p>\r\n","custom_css":".vc_custom_1544408065075{background-color: #ffffff !important;}.vc_custom_1544974742646{background-color: #0eb1b2 !important;}.vc_custom_1544974742648{background-color: #0eb1b2 !important;}.vc_custom_1544974742649{background-color: #ffffff !important;}"},"3":{"widget-class":"thim-style-footer-bottom","content":"[vc_row full_width=\"stretch_row\" css=\".vc_custom_1602563529212{margin-bottom: -222px !important;padding-bottom: 232px !important;background-image: url(https:\/\/ivy-school.thimpress.com\/demo-5\/wp-content\/uploads\/sites\/21\/2018\/12\/bg-Art-4.png?id=1593) !important;}\" el_class=\"thim-background-iconbox\"][vc_column][\/vc_column][\/vc_row][vc_row full_width=\"stretch_row\" equal_height=\"yes\" el_class=\"thim-background-position\" css=\".vc_custom_1546491441866{margin-bottom: -75px !important;background-position: 0 0 !important;background-repeat: no-repeat !important;}\"][vc_column width=\"1\/2\" css=\".vc_custom_1544690116879{margin-left: 15px !important;padding-top: 43px !important;padding-right: 25px !important;padding-bottom: 38px !important;padding-left: 20px !important;background-color: #ef4360 !important;}\" offset=\"vc_col-lg-3 vc_col-md-3 vc_col-xs-12\" bp_css_tablet=\".vc_custom_1544690116882{margin-left: 0px !important;}\" bp_css_mobile=\".vc_custom_1544690116882{margin-left: 0px !important;}\"][thim-icon-box icon_fontawesome=\"fa fa-phone\" title=\"\" description=\"(04) 495-9400\r\n1-800-544-2787\" text_align=\"text-center\" show_line=\"\" icon_font_size=\"28\" desc_font_weight=\"500\" desc_font_size=\"16\" icon_color=\"#ffffff\" desc_color=\"#ffffff\" icon_margin=\"0 0 14px\"][\/vc_column][vc_column width=\"1\/2\" css=\".vc_custom_1544463855477{padding-top: 43px !important;padding-right: 20px !important;padding-bottom: 38px !important;padding-left: 20px !important;background-color: #b29e2d !important;}\" offset=\"vc_col-lg-3 vc_col-md-3 vc_col-xs-12\"][thim-icon-box icon_fontawesome=\"fa fa-map-marker\" title=\"\" description=\"A26BT5 BUILDING\r\nLONDON, ENGLAND\" text_align=\"text-center\" show_line=\"\" icon_font_size=\"28\" desc_font_weight=\"500\" desc_font_size=\"16\" icon_color=\"#ffffff\" desc_color=\"#ffffff\" icon_margin=\"0 0 14px\"][\/vc_column][vc_column width=\"1\/2\" css=\".vc_custom_1544463864756{padding-top: 43px !important;padding-right: 20px !important;padding-bottom: 38px !important;padding-left: 20px !important;background-color: #89c869 !important;}\" offset=\"vc_col-lg-3 vc_col-md-3 vc_col-xs-12\"][thim-icon-box icon_fontawesome=\"fa fa-envelope-o\" box_link=\"url:%23|||\" title=\"SUPPORT @ARTSCHOOL.COM\" text_align=\"text-center\" show_line=\"\" title_font_size=\"16\" title_font_weight=\"500\" icon_font_size=\"28\" desc_font_weight=\"500\" desc_font_size=\"16\" icon_color=\"#ffffff\" link_color=\"#ffffff\" link_hover_color=\"#ef4360\" desc_color=\"#ffffff\" icon_margin=\"0 0 14px\" bp_css=\".vc_custom_1567049854045{padding-right: 40px !important;padding-left: 40px !important;}\"][\/vc_column][vc_column width=\"1\/2\" css=\".vc_custom_1544690054209{margin-right: 15px !important;padding-top: 43px !important;padding-right: 20px !important;padding-bottom: 38px !important;padding-left: 20px !important;background-color: #0eb1b2 !important;}\" offset=\"vc_col-lg-3 vc_col-md-3 vc_col-xs-12\" bp_css_tablet=\".vc_custom_1544690054213{margin-right: 0px !important;}\" bp_css_mobile=\".vc_custom_1544690054214{margin-right: 0px !important;}\"][thim-icon-box icon_type=\"icon_ionicon\" icon_ionicon=\"ion-android-alarm-clock\" title=\"\" description=\"DAILY: 10:00 AM \u2013 5:00 PM\r\nMONDAY &amp; HOLIDAYS: CLOSED\" text_align=\"text-center\" show_line=\"\" icon_font_size=\"28\" desc_font_weight=\"500\" desc_font_size=\"16\" icon_color=\"#ffffff\" desc_color=\"#ffffff\" icon_margin=\"0 0 14px\"][\/vc_column][\/vc_row]","custom_css":".vc_custom_1602563529212{margin-bottom: -222px !important;padding-bottom: 232px !important;background-image: url(https:\/\/ivy-school.thimpress.com\/demo-5\/wp-content\/uploads\/sites\/21\/2018\/12\/bg-Art-4.png?id=1593) !important;}.vc_custom_1546491441866{margin-bottom: -75px !important;background-position: 0 0 !important;background-repeat: no-repeat !important;}.vc_custom_1544690116879{margin-left: 15px !important;padding-top: 43px !important;padding-right: 25px !important;padding-bottom: 38px !important;padding-left: 20px !important;background-color: #ef4360 !important;}.vc_custom_1544690116882{margin-left: 0px !important;}.vc_custom_1544690116882{margin-left: 0px !important;}.vc_custom_1544463855477{padding-top: 43px !important;padding-right: 20px !important;padding-bottom: 38px !important;padding-left: 20px !important;background-color: #b29e2d !important;}.vc_custom_1544463864756{padding-top: 43px !important;padding-right: 20px !important;padding-bottom: 38px !important;padding-left: 20px !important;background-color: #89c869 !important;}.vc_custom_1544690054209{margin-right: 15px !important;padding-top: 43px !important;padding-right: 20px !important;padding-bottom: 38px !important;padding-left: 20px !important;background-color: #0eb1b2 !important;}.vc_custom_1544690054213{margin-right: 0px !important;}.vc_custom_1544690054214{margin-right: 0px !important;}.vc_custom_1567049854045{padding-right: 40px !important;padding-left: 40px !important;}"},"4":{"widget-class":"","content":"[vc_row][vc_column css=\".vc_custom_1543980937726{padding-left: 6px !important;}\"][vc_single_image image=\"1667\" img_size=\"full\" alignment=\"center\" el_class=\"max-width-163\" css=\".vc_custom_1686738712579{margin-bottom: 12px !important;}\"][thim-social-links links=\"%5B%7B%22icon%22%3A%22fa%20fa-facebook%22%2C%22url%22%3A%22%23%22%7D%2C%7B%22icon%22%3A%22fa%20fa-twitter%22%2C%22url%22%3A%22%23%22%7D%2C%7B%22icon%22%3A%22fa%20fa-pinterest-p%22%2C%22url%22%3A%22%23%22%7D%2C%7B%22icon%22%3A%22fa%20fa-linkedin%22%2C%22url%22%3A%22%23%22%7D%2C%7B%22icon%22%3A%22fa%20fa-youtube-play%22%2C%22url%22%3A%22%23%22%7D%5D\"][\/vc_column][\/vc_row]","custom_css":".vc_custom_1543980937726{padding-left: 6px !important;}.vc_custom_1686738712579{margin-bottom: 12px !important;}"},"_multiwidget":1},"search":{"4":{"title":"","widget-class":""},"3":{"title":""},"5":{"title":"","widget-class":""},"_multiwidget":1},"tag_cloud":{"3":{"title":"Tags","count":0,"taxonomy":"post_tag","widget-class":""},"1":{"title":"Tags","count":0,"taxonomy":"post_tag","widget-class":""},"4":{"title":"Tags","count":0,"taxonomy":"post_tag","widget-class":""},"_multiwidget":1},"nav_menu":{"7":{"title":"Menu","nav_menu":50,"widget-class":""},"4":{"title":"Courses","nav_menu":50,"widget-class":""},"5":{"title":"Topics","nav_menu":38,"widget-class":""},"6":{"title":"Info For","nav_menu":38,"widget-class":""},"_multiwidget":1}}]