{"adrotate":[{"id":"1","title":"Ad 270x270","bannercode":"&lt;a href=\\&quot;https:\/\/themeforest.net\/item\/magazine-wordpress-theme-mag-wp\/19305239?ref=thimpress&amp;utm_source=demo&amp;utm_medium=adsbanner\\&quot;&gt;&lt;img alt=\\&quot;\\&quot; src=\\&quot;https:\/\/magwp.thimpress.com\/wp-content\/uploads\/2017\/02\/option1-270x270-min.png\\&quot; \/&gt;&lt;\/a&gt;","thetime":"1480006355","updated":"1487327255","author":"admin","imagetype":"","image":"","paid":"U","tracker":"Y","desktop":"Y","mobile":"Y","tablet":"Y","os_ios":"Y","os_android":"Y","os_other":"Y","responsive":"N","type":"active","weight":"6","autodelete":"N","budget":"0","crate":"0","irate":"0","cities":"a:0:{}","countries":"a:0:{}"},{"id":"2","title":"Ad 728x90","bannercode":"&lt;a href=\\&quot;https:\/\/themeforest.net\/item\/magazine-wordpress-theme-mag-wp\/19305239?ref=thimpress&amp;utm_source=demo&amp;utm_medium=adsbanner\\&quot;&gt;&lt;img alt=\\&quot;\\&quot; src=\\&quot;https:\/\/magwp.thimpress.com\/wp-content\/uploads\/2017\/04\/thimpress_magwp.png\\&quot; \/&gt;&lt;\/a&gt;","thetime":"1480006355","updated":"1492770178","author":"admin","imagetype":"","image":"","paid":"U","tracker":"Y","desktop":"Y","mobile":"Y","tablet":"Y","os_ios":"Y","os_android":"Y","os_other":"Y","responsive":"N","type":"active","weight":"6","autodelete":"N","budget":"0","crate":"0","irate":"0","cities":"a:0:{}","countries":"a:0:{}"},{"id":"3","title":"Ad 270x270 - 2","bannercode":"&lt;a href=\\&quot;https:\/\/themeforest.net\/item\/magazine-wordpress-theme-mag-wp\/19305239?ref=thimpress&amp;utm_source=demo&amp;utm_medium=adsbanner\\&quot;&gt;&lt;img alt=\\&quot;\\&quot; src=\\&quot;https:\/\/magwp.thimpress.com\/wp-content\/uploads\/2017\/02\/option3-270x270-min.png\\&quot; \/&gt;&lt;\/a&gt;","thetime":"1487327274","updated":"1487327344","author":"admin","imagetype":"","image":"","paid":"U","tracker":"Y","desktop":"Y","mobile":"Y","tablet":"Y","os_ios":"Y","os_android":"Y","os_other":"Y","responsive":"N","type":"active","weight":"6","autodelete":"N","budget":"0","crate":"0","irate":"0","cities":"a:0:{}","countries":"a:0:{}"},{"id":"4","title":"Ad 270x270 - 3","bannercode":"&lt;a href=\\&quot;https:\/\/themeforest.net\/item\/magazine-wordpress-theme-mag-wp\/19305239?ref=thimpress&amp;utm_source=demo&amp;utm_medium=adsbanner\\&quot;&gt;&lt;img alt=\\&quot;\\&quot; src=\\&quot;https:\/\/magwp.thimpress.com\/wp-content\/uploads\/2017\/02\/option4-270x270-min.png\\&quot; \/&gt;&lt;\/a&gt;","thetime":"1487327353","updated":"1487327393","author":"admin","imagetype":"","image":"","paid":"U","tracker":"Y","desktop":"Y","mobile":"Y","tablet":"Y","os_ios":"Y","os_android":"Y","os_other":"Y","responsive":"N","type":"active","weight":"6","autodelete":"N","budget":"0","crate":"0","irate":"0","cities":"a:0:{}","countries":"a:0:{}"},{"id":"5","title":"Ad 728x90 - 2","bannercode":"&lt;a href=\\&quot;https:\/\/themeforest.net\/item\/magazine-wordpress-theme-mag-wp\/19305239?ref=thimpress&amp;utm_source=demo&amp;utm_medium=adsbanner\\&quot;&gt;&lt;img alt=\\&quot;\\&quot; src=\\&quot;https:\/\/magwp.thimpress.com\/wp-content\/uploads\/2017\/04\/thim_magwp.png\\&quot; \/&gt;&lt;\/a&gt;","thetime":"1487327422","updated":"1492770128","author":"admin","imagetype":"","image":"","paid":"U","tracker":"Y","desktop":"Y","mobile":"Y","tablet":"Y","os_ios":"Y","os_android":"Y","os_other":"Y","responsive":"N","type":"active","weight":"6","autodelete":"N","budget":"0","crate":"0","irate":"0","cities":"a:0:{}","countries":"a:0:{}"},{"id":"6","title":"Ad 728x90 - 3","bannercode":"&lt;a href=\\&quot;https:\/\/themeforest.net\/item\/magazine-wordpress-theme-mag-wp\/19305239?ref=thimpress&amp;utm_source=demo&amp;utm_medium=adsbanner\\&quot;&gt;&lt;img alt=\\&quot;\\&quot; src=\\&quot;https:\/\/magwp.thimpress.com\/wp-content\/uploads\/2017\/04\/magwp_thimpress.png\\&quot; \/&gt;&lt;\/a&gt;","thetime":"1487327453","updated":"1492769968","author":"admin","imagetype":"","image":"","paid":"U","tracker":"Y","desktop":"Y","mobile":"Y","tablet":"Y","os_ios":"Y","os_android":"Y","os_other":"Y","responsive":"N","type":"active","weight":"6","autodelete":"N","budget":"0","crate":"0","irate":"0","cities":"a:0:{}","countries":"a:0:{}"}],"adrotate_groups":[{"id":"1","name":"Group 270x270","modus":"1","fallback":"0","cat":"","cat_loc":"0","cat_par":"0","page":"","page_loc":"0","page_par":"0","mobile":"0","geo":"0","wrapper_before":"","wrapper_after":"","align":"3","gridrows":"1","gridcolumns":"1","admargin":"0","admargin_bottom":"0","admargin_left":"0","admargin_right":"0","adwidth":"270","adheight":"270","adspeed":"6000"},{"id":"2","name":"Group 728x90","modus":"1","fallback":"0","cat":"","cat_loc":"0","cat_par":"0","page":"","page_loc":"0","page_par":"0","mobile":"0","geo":"0","wrapper_before":"","wrapper_after":"","align":"3","gridrows":"1","gridcolumns":"1","admargin":"0","admargin_bottom":"0","admargin_left":"0","admargin_right":"0","adwidth":"728","adheight":"90","adspeed":"6000"}],"adrotate_linkmeta":[{"id":"1","ad":"1","group":"0","user":"0","schedule":"1"},{"id":"2","ad":"2","group":"0","user":"0","schedule":"2"},{"id":"3","ad":"3","group":"0","user":"0","schedule":"3"},{"id":"4","ad":"4","group":"0","user":"0","schedule":"4"},{"id":"5","ad":"5","group":"0","user":"0","schedule":"5"},{"id":"6","ad":"6","group":"0","user":"0","schedule":"6"},{"id":"7","ad":"1","group":"1","user":"0","schedule":"0"},{"id":"8","ad":"3","group":"1","user":"0","schedule":"0"},{"id":"9","ad":"4","group":"1","user":"0","schedule":"0"},{"id":"10","ad":"2","group":"2","user":"0","schedule":"0"},{"id":"11","ad":"5","group":"2","user":"0","schedule":"0"},{"id":"12","ad":"6","group":"2","user":"0","schedule":"0"}],"adrotate_schedule":[{"id":"1","name":"Schedule for ad 1","starttime":"1480006320","stoptime":"2528643120","maxclicks":"0","maximpressions":"0","spread":"N","daystarttime":"0000","daystoptime":"0000","day_mon":"Y","day_tue":"Y","day_wed":"Y","day_thu":"Y","day_fri":"Y","day_sat":"Y","day_sun":"Y","autodelete":"N"},{"id":"2","name":"Schedule for ad 2","starttime":"1480006320","stoptime":"2528643120","maxclicks":"0","maximpressions":"0","spread":"N","daystarttime":"0000","daystoptime":"0000","day_mon":"Y","day_tue":"Y","day_wed":"Y","day_thu":"Y","day_fri":"Y","day_sat":"Y","day_sun":"Y","autodelete":"N"},{"id":"3","name":"Schedule for ad 3","starttime":"1487327220","stoptime":"2535964020","maxclicks":"0","maximpressions":"0","spread":"N","daystarttime":"0000","daystoptime":"0000","day_mon":"Y","day_tue":"Y","day_wed":"Y","day_thu":"Y","day_fri":"Y","day_sat":"Y","day_sun":"Y","autodelete":"N"},{"id":"4","name":"Schedule for ad 4","starttime":"1487327340","stoptime":"2535964140","maxclicks":"0","maximpressions":"0","spread":"N","daystarttime":"0000","daystoptime":"0000","day_mon":"Y","day_tue":"Y","day_wed":"Y","day_thu":"Y","day_fri":"Y","day_sat":"Y","day_sun":"Y","autodelete":"N"},{"id":"5","name":"Schedule for ad 5","starttime":"1487327400","stoptime":"2535964200","maxclicks":"0","maximpressions":"0","spread":"N","daystarttime":"0000","daystoptime":"0000","day_mon":"Y","day_tue":"Y","day_wed":"Y","day_thu":"Y","day_fri":"Y","day_sat":"Y","day_sun":"Y","autodelete":"N"},{"id":"6","name":"Schedule for ad 6","starttime":"1487327400","stoptime":"2535964200","maxclicks":"0","maximpressions":"0","spread":"N","daystarttime":"0000","daystoptime":"0000","day_mon":"Y","day_tue":"Y","day_wed":"Y","day_thu":"Y","day_fri":"Y","day_sat":"Y","day_sun":"Y","autodelete":"N"}],"adrotate_stats":[{"id":"1","ad":"1","group":"0","thetime":"1479945600","clicks":"0","impressions":"11"},{"id":"2","ad":"2","group":"0","thetime":"1479945600","clicks":"0","impressions":"8"},{"id":"3","ad":"2","group":"0","thetime":"1480032000","clicks":"0","impressions":"27"},{"id":"4","ad":"1","group":"0","thetime":"1480032000","clicks":"0","impressions":"28"},{"id":"5","ad":"2","group":"0","thetime":"1480291200","clicks":"0","impressions":"32"},{"id":"6","ad":"1","group":"0","thetime":"1480291200","clicks":"0","impressions":"37"},{"id":"7","ad":"2","group":"0","thetime":"1480377600","clicks":"0","impressions":"16"},{"id":"8","ad":"1","group":"0","thetime":"1480377600","clicks":"0","impressions":"17"},{"id":"9","ad":"2","group":"0","thetime":"1480464000","clicks":"0","impressions":"53"},{"id":"10","ad":"1","group":"0","thetime":"1480464000","clicks":"0","impressions":"54"},{"id":"11","ad":"1","group":"0","thetime":"1480550400","clicks":"0","impressions":"66"},{"id":"12","ad":"2","group":"0","thetime":"1480550400","clicks":"0","impressions":"61"},{"id":"13","ad":"2","group":"0","thetime":"1480636800","clicks":"0","impressions":"27"},{"id":"14","ad":"1","group":"0","thetime":"1480636800","clicks":"0","impressions":"25"},{"id":"15","ad":"2","group":"0","thetime":"1480896000","clicks":"0","impressions":"29"},{"id":"16","ad":"1","group":"0","thetime":"1480896000","clicks":"0","impressions":"25"},{"id":"17","ad":"2","group":"0","thetime":"1480982400","clicks":"0","impressions":"18"},{"id":"18","ad":"1","group":"0","thetime":"1480982400","clicks":"0","impressions":"14"},{"id":"19","ad":"2","group":"0","thetime":"1481068800","clicks":"0","impressions":"1"},{"id":"20","ad":"1","group":"0","thetime":"1481068800","clicks":"0","impressions":"1"},{"id":"21","ad":"2","group":"0","thetime":"1481155200","clicks":"0","impressions":"2"},{"id":"22","ad":"1","group":"0","thetime":"1481155200","clicks":"0","impressions":"2"},{"id":"23","ad":"2","group":"0","thetime":"1481241600","clicks":"0","impressions":"3"},{"id":"24","ad":"1","group":"0","thetime":"1481241600","clicks":"0","impressions":"3"},{"id":"25","ad":"2","group":"0","thetime":"1481500800","clicks":"0","impressions":"8"},{"id":"26","ad":"1","group":"0","thetime":"1481500800","clicks":"0","impressions":"4"},{"id":"27","ad":"2","group":"0","thetime":"1481587200","clicks":"0","impressions":"9"},{"id":"28","ad":"1","group":"0","thetime":"1481587200","clicks":"0","impressions":"9"},{"id":"29","ad":"2","group":"0","thetime":"1481673600","clicks":"0","impressions":"3"},{"id":"30","ad":"1","group":"0","thetime":"1481673600","clicks":"0","impressions":"3"},{"id":"31","ad":"2","group":"0","thetime":"1481760000","clicks":"0","impressions":"14"},{"id":"32","ad":"1","group":"0","thetime":"1481760000","clicks":"0","impressions":"13"},{"id":"33","ad":"2","group":"0","thetime":"1481846400","clicks":"0","impressions":"19"},{"id":"34","ad":"1","group":"0","thetime":"1481846400","clicks":"0","impressions":"16"},{"id":"35","ad":"2","group":"0","thetime":"1482019200","clicks":"0","impressions":"7"},{"id":"36","ad":"1","group":"0","thetime":"1482019200","clicks":"0","impressions":"7"},{"id":"37","ad":"2","group":"0","thetime":"1482105600","clicks":"0","impressions":"8"},{"id":"38","ad":"1","group":"0","thetime":"1482105600","clicks":"0","impressions":"8"},{"id":"39","ad":"2","group":"0","thetime":"1482192000","clicks":"0","impressions":"32"},{"id":"40","ad":"1","group":"0","thetime":"1482192000","clicks":"0","impressions":"20"},{"id":"41","ad":"2","group":"0","thetime":"1482278400","clicks":"0","impressions":"7"},{"id":"42","ad":"1","group":"0","thetime":"1482278400","clicks":"0","impressions":"5"},{"id":"43","ad":"2","group":"0","thetime":"1482364800","clicks":"0","impressions":"4"},{"id":"44","ad":"1","group":"0","thetime":"1482364800","clicks":"0","impressions":"4"},{"id":"45","ad":"2","group":"0","thetime":"1482451200","clicks":"0","impressions":"9"},{"id":"46","ad":"1","group":"0","thetime":"1482451200","clicks":"0","impressions":"6"},{"id":"47","ad":"2","group":"0","thetime":"1482710400","clicks":"0","impressions":"15"},{"id":"48","ad":"1","group":"0","thetime":"1482710400","clicks":"0","impressions":"14"},{"id":"49","ad":"2","group":"0","thetime":"1482796800","clicks":"0","impressions":"1"},{"id":"50","ad":"1","group":"0","thetime":"1482796800","clicks":"0","impressions":"1"},{"id":"51","ad":"2","group":"0","thetime":"1482883200","clicks":"0","impressions":"7"},{"id":"52","ad":"1","group":"0","thetime":"1482883200","clicks":"0","impressions":"5"},{"id":"53","ad":"2","group":"0","thetime":"1482969600","clicks":"0","impressions":"5"},{"id":"54","ad":"1","group":"0","thetime":"1482969600","clicks":"0","impressions":"4"},{"id":"55","ad":"2","group":"0","thetime":"1483441200","clicks":"0","impressions":"3"},{"id":"56","ad":"1","group":"0","thetime":"1483441200","clicks":"0","impressions":"2"},{"id":"57","ad":"2","group":"0","thetime":"1483455600","clicks":"0","impressions":"2"},{"id":"58","ad":"1","group":"0","thetime":"1483455600","clicks":"0","impressions":"2"},{"id":"59","ad":"2","group":"0","thetime":"1483459200","clicks":"0","impressions":"3"},{"id":"60","ad":"1","group":"0","thetime":"1483459200","clicks":"0","impressions":"2"},{"id":"61","ad":"2","group":"0","thetime":"1483524000","clicks":"0","impressions":"4"},{"id":"62","ad":"1","group":"0","thetime":"1483524000","clicks":"0","impressions":"4"},{"id":"63","ad":"2","group":"0","thetime":"1483534800","clicks":"0","impressions":"2"},{"id":"64","ad":"1","group":"0","thetime":"1483534800","clicks":"0","impressions":"2"},{"id":"65","ad":"2","group":"0","thetime":"1483542000","clicks":"0","impressions":"7"},{"id":"66","ad":"1","group":"0","thetime":"1483542000","clicks":"0","impressions":"6"},{"id":"67","ad":"2","group":"0","thetime":"1483545600","clicks":"0","impressions":"15"},{"id":"68","ad":"1","group":"0","thetime":"1483545600","clicks":"0","impressions":"10"},{"id":"69","ad":"2","group":"0","thetime":"1483549200","clicks":"0","impressions":"10"},{"id":"70","ad":"1","group":"0","thetime":"1483549200","clicks":"0","impressions":"6"},{"id":"71","ad":"2","group":"0","thetime":"1483603200","clicks":"0","impressions":"1"},{"id":"72","ad":"1","group":"0","thetime":"1483603200","clicks":"0","impressions":"1"},{"id":"73","ad":"2","group":"0","thetime":"1483606800","clicks":"0","impressions":"16"},{"id":"74","ad":"1","group":"0","thetime":"1483606800","clicks":"0","impressions":"13"},{"id":"75","ad":"2","group":"0","thetime":"1483610400","clicks":"0","impressions":"6"},{"id":"76","ad":"1","group":"0","thetime":"1483610400","clicks":"0","impressions":"5"},{"id":"77","ad":"2","group":"0","thetime":"1483614000","clicks":"0","impressions":"1"},{"id":"78","ad":"1","group":"0","thetime":"1483614000","clicks":"0","impressions":"1"},{"id":"79","ad":"2","group":"0","thetime":"1483621200","clicks":"0","impressions":"1"},{"id":"80","ad":"1","group":"0","thetime":"1483621200","clicks":"0","impressions":"1"},{"id":"81","ad":"2","group":"0","thetime":"1483689600","clicks":"0","impressions":"4"},{"id":"82","ad":"1","group":"0","thetime":"1483689600","clicks":"0","impressions":"4"},{"id":"83","ad":"2","group":"0","thetime":"1483696800","clicks":"0","impressions":"1"},{"id":"84","ad":"1","group":"0","thetime":"1483696800","clicks":"0","impressions":"1"},{"id":"85","ad":"2","group":"0","thetime":"1483700400","clicks":"0","impressions":"1"},{"id":"86","ad":"1","group":"0","thetime":"1483700400","clicks":"0","impressions":"1"},{"id":"87","ad":"2","group":"0","thetime":"1483714800","clicks":"0","impressions":"1"},{"id":"88","ad":"1","group":"0","thetime":"1483714800","clicks":"0","impressions":"1"},{"id":"89","ad":"2","group":"0","thetime":"1483920000","clicks":"0","impressions":"2"},{"id":"90","ad":"1","group":"0","thetime":"1483920000","clicks":"0","impressions":"4"},{"id":"91","ad":"2","group":"0","thetime":"1483956000","clicks":"0","impressions":"1"},{"id":"92","ad":"1","group":"0","thetime":"1483956000","clicks":"0","impressions":"1"},{"id":"93","ad":"2","group":"0","thetime":"1483970400","clicks":"0","impressions":"1"},{"id":"94","ad":"1","group":"0","thetime":"1483970400","clicks":"0","impressions":"1"},{"id":"95","ad":"2","group":"0","thetime":"1484038800","clicks":"0","impressions":"1"},{"id":"96","ad":"1","group":"0","thetime":"1484038800","clicks":"0","impressions":"1"},{"id":"97","ad":"2","group":"0","thetime":"1484150400","clicks":"0","impressions":"1"},{"id":"98","ad":"1","group":"0","thetime":"1484150400","clicks":"0","impressions":"1"},{"id":"99","ad":"2","group":"0","thetime":"1484211600","clicks":"0","impressions":"4"},{"id":"100","ad":"1","group":"0","thetime":"1484211600","clicks":"0","impressions":"4"},{"id":"101","ad":"2","group":"0","thetime":"1484218800","clicks":"0","impressions":"1"},{"id":"102","ad":"1","group":"0","thetime":"1484218800","clicks":"0","impressions":"1"},{"id":"103","ad":"2","group":"0","thetime":"1484226000","clicks":"0","impressions":"1"},{"id":"104","ad":"1","group":"0","thetime":"1484226000","clicks":"0","impressions":"1"},{"id":"105","ad":"2","group":"0","thetime":"1484229600","clicks":"0","impressions":"2"},{"id":"106","ad":"1","group":"0","thetime":"1484229600","clicks":"0","impressions":"2"},{"id":"107","ad":"2","group":"0","thetime":"1484233200","clicks":"0","impressions":"2"},{"id":"108","ad":"1","group":"0","thetime":"1484233200","clicks":"0","impressions":"2"},{"id":"109","ad":"2","group":"0","thetime":"1484298000","clicks":"0","impressions":"1"},{"id":"110","ad":"1","group":"0","thetime":"1484298000","clicks":"0","impressions":"1"},{"id":"111","ad":"2","group":"0","thetime":"1484305200","clicks":"0","impressions":"1"},{"id":"112","ad":"1","group":"0","thetime":"1484305200","clicks":"0","impressions":"1"},{"id":"113","ad":"2","group":"0","thetime":"1484316000","clicks":"0","impressions":"1"},{"id":"114","ad":"1","group":"0","thetime":"1484316000","clicks":"0","impressions":"1"},{"id":"115","ad":"2","group":"0","thetime":"1484319600","clicks":"0","impressions":"1"},{"id":"116","ad":"1","group":"0","thetime":"1484319600","clicks":"0","impressions":"1"},{"id":"117","ad":"2","group":"0","thetime":"1484323200","clicks":"0","impressions":"1"},{"id":"118","ad":"1","group":"0","thetime":"1484323200","clicks":"0","impressions":"3"},{"id":"119","ad":"2","group":"0","thetime":"1484326800","clicks":"0","impressions":"3"},{"id":"120","ad":"1","group":"0","thetime":"1484326800","clicks":"0","impressions":"3"},{"id":"121","ad":"2","group":"0","thetime":"1484557200","clicks":"0","impressions":"1"},{"id":"122","ad":"1","group":"0","thetime":"1484557200","clicks":"0","impressions":"1"},{"id":"123","ad":"2","group":"0","thetime":"1484560800","clicks":"0","impressions":"1"},{"id":"124","ad":"1","group":"0","thetime":"1484560800","clicks":"0","impressions":"1"},{"id":"125","ad":"2","group":"0","thetime":"1484575200","clicks":"0","impressions":"10"},{"id":"126","ad":"1","group":"0","thetime":"1484575200","clicks":"0","impressions":"10"},{"id":"127","ad":"2","group":"0","thetime":"1484582400","clicks":"0","impressions":"2"},{"id":"128","ad":"1","group":"0","thetime":"1484582400","clicks":"0","impressions":"2"},{"id":"129","ad":"2","group":"0","thetime":"1484586000","clicks":"0","impressions":"4"},{"id":"130","ad":"1","group":"0","thetime":"1484586000","clicks":"0","impressions":"4"},{"id":"131","ad":"2","group":"0","thetime":"1484643600","clicks":"0","impressions":"2"},{"id":"132","ad":"1","group":"0","thetime":"1484643600","clicks":"0","impressions":"2"},{"id":"133","ad":"2","group":"0","thetime":"1484650800","clicks":"0","impressions":"2"},{"id":"134","ad":"1","group":"0","thetime":"1484650800","clicks":"0","impressions":"2"},{"id":"135","ad":"2","group":"0","thetime":"1484658000","clicks":"0","impressions":"1"},{"id":"136","ad":"1","group":"0","thetime":"1484658000","clicks":"0","impressions":"1"},{"id":"137","ad":"2","group":"0","thetime":"1484661600","clicks":"0","impressions":"1"},{"id":"138","ad":"1","group":"0","thetime":"1484661600","clicks":"0","impressions":"1"},{"id":"139","ad":"2","group":"0","thetime":"1484668800","clicks":"0","impressions":"1"},{"id":"140","ad":"1","group":"0","thetime":"1484668800","clicks":"0","impressions":"1"},{"id":"141","ad":"2","group":"0","thetime":"1484672400","clicks":"0","impressions":"1"},{"id":"142","ad":"1","group":"0","thetime":"1484672400","clicks":"0","impressions":"1"},{"id":"143","ad":"2","group":"0","thetime":"1484733600","clicks":"0","impressions":"1"},{"id":"144","ad":"1","group":"0","thetime":"1484733600","clicks":"0","impressions":"1"},{"id":"145","ad":"2","group":"0","thetime":"1484737200","clicks":"0","impressions":"1"},{"id":"146","ad":"1","group":"0","thetime":"1484737200","clicks":"0","impressions":"3"},{"id":"147","ad":"2","group":"0","thetime":"1484744400","clicks":"0","impressions":"4"},{"id":"148","ad":"1","group":"0","thetime":"1484744400","clicks":"0","impressions":"4"},{"id":"149","ad":"2","group":"0","thetime":"1484748000","clicks":"0","impressions":"1"},{"id":"150","ad":"1","group":"0","thetime":"1484748000","clicks":"0","impressions":"1"},{"id":"151","ad":"2","group":"0","thetime":"1484751600","clicks":"0","impressions":"1"},{"id":"152","ad":"1","group":"0","thetime":"1484751600","clicks":"0","impressions":"1"},{"id":"153","ad":"2","group":"0","thetime":"1484755200","clicks":"0","impressions":"1"},{"id":"154","ad":"1","group":"0","thetime":"1484755200","clicks":"0","impressions":"1"},{"id":"155","ad":"2","group":"0","thetime":"1484758800","clicks":"0","impressions":"4"},{"id":"156","ad":"1","group":"0","thetime":"1484758800","clicks":"0","impressions":"4"},{"id":"157","ad":"2","group":"0","thetime":"1484762400","clicks":"0","impressions":"1"},{"id":"158","ad":"1","group":"0","thetime":"1484762400","clicks":"0","impressions":"1"},{"id":"159","ad":"2","group":"0","thetime":"1484820000","clicks":"0","impressions":"13"},{"id":"160","ad":"1","group":"0","thetime":"1484820000","clicks":"0","impressions":"9"},{"id":"161","ad":"2","group":"0","thetime":"1484823600","clicks":"0","impressions":"10"},{"id":"162","ad":"1","group":"0","thetime":"1484823600","clicks":"0","impressions":"4"},{"id":"163","ad":"2","group":"0","thetime":"1484830800","clicks":"0","impressions":"2"},{"id":"164","ad":"1","group":"0","thetime":"1484830800","clicks":"0","impressions":"2"},{"id":"165","ad":"2","group":"0","thetime":"1484834400","clicks":"0","impressions":"4"},{"id":"166","ad":"1","group":"0","thetime":"1484834400","clicks":"0","impressions":"8"},{"id":"167","ad":"2","group":"0","thetime":"1484845200","clicks":"0","impressions":"2"},{"id":"168","ad":"1","group":"0","thetime":"1484845200","clicks":"0","impressions":"3"},{"id":"169","ad":"2","group":"0","thetime":"1484917200","clicks":"0","impressions":"8"},{"id":"170","ad":"1","group":"0","thetime":"1484917200","clicks":"0","impressions":"6"},{"id":"171","ad":"2","group":"0","thetime":"1484920800","clicks":"0","impressions":"4"},{"id":"172","ad":"1","group":"0","thetime":"1484920800","clicks":"0","impressions":"4"},{"id":"173","ad":"2","group":"0","thetime":"1484924400","clicks":"0","impressions":"8"},{"id":"174","ad":"1","group":"0","thetime":"1484924400","clicks":"0","impressions":"9"},{"id":"175","ad":"2","group":"0","thetime":"1485162000","clicks":"0","impressions":"3"},{"id":"176","ad":"1","group":"0","thetime":"1485162000","clicks":"0","impressions":"3"},{"id":"177","ad":"2","group":"0","thetime":"1485165600","clicks":"0","impressions":"1"},{"id":"178","ad":"1","group":"0","thetime":"1485165600","clicks":"0","impressions":"1"},{"id":"179","ad":"2","group":"0","thetime":"1485180000","clicks":"0","impressions":"5"},{"id":"180","ad":"1","group":"0","thetime":"1485180000","clicks":"0","impressions":"5"},{"id":"181","ad":"1","group":"0","thetime":"1485183600","clicks":"0","impressions":"10"},{"id":"182","ad":"2","group":"0","thetime":"1485183600","clicks":"0","impressions":"7"},{"id":"183","ad":"2","group":"0","thetime":"1485187200","clicks":"0","impressions":"3"},{"id":"184","ad":"1","group":"0","thetime":"1485187200","clicks":"0","impressions":"2"},{"id":"185","ad":"2","group":"0","thetime":"1485212400","clicks":"0","impressions":"7"},{"id":"186","ad":"1","group":"0","thetime":"1485212400","clicks":"0","impressions":"7"},{"id":"187","ad":"2","group":"0","thetime":"1485248400","clicks":"0","impressions":"12"},{"id":"188","ad":"1","group":"0","thetime":"1485248400","clicks":"0","impressions":"10"},{"id":"189","ad":"2","group":"0","thetime":"1485252000","clicks":"0","impressions":"11"},{"id":"190","ad":"1","group":"0","thetime":"1485252000","clicks":"0","impressions":"11"},{"id":"191","ad":"2","group":"0","thetime":"1485255600","clicks":"0","impressions":"11"},{"id":"192","ad":"1","group":"0","thetime":"1485255600","clicks":"0","impressions":"10"},{"id":"193","ad":"2","group":"0","thetime":"1485331200","clicks":"0","impressions":"2"},{"id":"194","ad":"1","group":"0","thetime":"1485331200","clicks":"0","impressions":"2"},{"id":"195","ad":"2","group":"0","thetime":"1485334800","clicks":"0","impressions":"6"},{"id":"196","ad":"1","group":"0","thetime":"1485334800","clicks":"0","impressions":"9"},{"id":"197","ad":"1","group":"0","thetime":"1485349200","clicks":"0","impressions":"2"},{"id":"198","ad":"2","group":"0","thetime":"1485349200","clicks":"0","impressions":"1"},{"id":"199","ad":"2","group":"0","thetime":"1485352800","clicks":"0","impressions":"5"},{"id":"200","ad":"1","group":"0","thetime":"1485352800","clicks":"0","impressions":"5"},{"id":"201","ad":"2","group":"0","thetime":"1486022400","clicks":"0","impressions":"5"},{"id":"202","ad":"1","group":"0","thetime":"1486022400","clicks":"0","impressions":"5"},{"id":"203","ad":"2","group":"0","thetime":"1486026000","clicks":"0","impressions":"4"},{"id":"204","ad":"1","group":"0","thetime":"1486026000","clicks":"0","impressions":"2"},{"id":"205","ad":"2","group":"0","thetime":"1486047600","clicks":"0","impressions":"1"},{"id":"206","ad":"1","group":"0","thetime":"1486047600","clicks":"0","impressions":"1"},{"id":"207","ad":"2","group":"0","thetime":"1486051200","clicks":"0","impressions":"2"},{"id":"208","ad":"1","group":"0","thetime":"1486051200","clicks":"0","impressions":"2"},{"id":"209","ad":"2","group":"0","thetime":"1486054800","clicks":"0","impressions":"2"},{"id":"210","ad":"1","group":"0","thetime":"1486054800","clicks":"0","impressions":"1"},{"id":"211","ad":"2","group":"0","thetime":"1486116000","clicks":"0","impressions":"9"},{"id":"212","ad":"1","group":"0","thetime":"1486116000","clicks":"0","impressions":"8"},{"id":"213","ad":"2","group":"0","thetime":"1486126800","clicks":"0","impressions":"6"},{"id":"214","ad":"1","group":"0","thetime":"1486126800","clicks":"0","impressions":"5"},{"id":"215","ad":"2","group":"0","thetime":"1486321200","clicks":"0","impressions":"1"},{"id":"216","ad":"2","group":"0","thetime":"1486371600","clicks":"0","impressions":"8"},{"id":"217","ad":"1","group":"0","thetime":"1486371600","clicks":"0","impressions":"6"},{"id":"218","ad":"2","group":"0","thetime":"1486378800","clicks":"0","impressions":"1"},{"id":"219","ad":"1","group":"0","thetime":"1486378800","clicks":"0","impressions":"1"},{"id":"220","ad":"2","group":"0","thetime":"1486389600","clicks":"0","impressions":"4"},{"id":"221","ad":"1","group":"0","thetime":"1486389600","clicks":"0","impressions":"4"},{"id":"222","ad":"2","group":"0","thetime":"1486393200","clicks":"0","impressions":"1"},{"id":"223","ad":"1","group":"0","thetime":"1486393200","clicks":"0","impressions":"1"},{"id":"224","ad":"2","group":"0","thetime":"1486396800","clicks":"0","impressions":"6"},{"id":"225","ad":"1","group":"0","thetime":"1486396800","clicks":"0","impressions":"6"},{"id":"226","ad":"2","group":"0","thetime":"1486400400","clicks":"0","impressions":"4"},{"id":"227","ad":"1","group":"0","thetime":"1486400400","clicks":"0","impressions":"4"},{"id":"228","ad":"2","group":"0","thetime":"1486458000","clicks":"0","impressions":"1"},{"id":"229","ad":"1","group":"0","thetime":"1486458000","clicks":"0","impressions":"2"},{"id":"230","ad":"1","group":"0","thetime":"1486461600","clicks":"0","impressions":"2"},{"id":"231","ad":"2","group":"0","thetime":"1486476000","clicks":"0","impressions":"1"},{"id":"232","ad":"1","group":"0","thetime":"1486476000","clicks":"0","impressions":"2"},{"id":"233","ad":"2","group":"0","thetime":"1486479600","clicks":"0","impressions":"1"},{"id":"234","ad":"1","group":"0","thetime":"1486479600","clicks":"0","impressions":"1"},{"id":"235","ad":"2","group":"0","thetime":"1486483200","clicks":"0","impressions":"4"},{"id":"236","ad":"1","group":"0","thetime":"1486483200","clicks":"0","impressions":"4"},{"id":"237","ad":"2","group":"0","thetime":"1486537200","clicks":"0","impressions":"1"},{"id":"238","ad":"1","group":"0","thetime":"1486537200","clicks":"0","impressions":"1"},{"id":"239","ad":"2","group":"0","thetime":"1486544400","clicks":"0","impressions":"3"},{"id":"240","ad":"1","group":"0","thetime":"1486544400","clicks":"0","impressions":"2"},{"id":"241","ad":"2","group":"0","thetime":"1486566000","clicks":"0","impressions":"7"},{"id":"242","ad":"1","group":"0","thetime":"1486566000","clicks":"0","impressions":"6"},{"id":"243","ad":"2","group":"0","thetime":"1486569600","clicks":"0","impressions":"1"},{"id":"244","ad":"1","group":"0","thetime":"1486569600","clicks":"0","impressions":"2"},{"id":"245","ad":"2","group":"0","thetime":"1486591200","clicks":"0","impressions":"1"},{"id":"246","ad":"1","group":"0","thetime":"1486591200","clicks":"0","impressions":"2"},{"id":"247","ad":"1","group":"0","thetime":"1486594800","clicks":"0","impressions":"1"},{"id":"248","ad":"2","group":"0","thetime":"1486630800","clicks":"0","impressions":"5"},{"id":"249","ad":"1","group":"0","thetime":"1486630800","clicks":"0","impressions":"7"},{"id":"250","ad":"2","group":"0","thetime":"1486634400","clicks":"0","impressions":"5"},{"id":"251","ad":"1","group":"0","thetime":"1486634400","clicks":"0","impressions":"4"},{"id":"252","ad":"1","group":"0","thetime":"1486645200","clicks":"0","impressions":"3"},{"id":"253","ad":"2","group":"0","thetime":"1486648800","clicks":"0","impressions":"2"},{"id":"254","ad":"1","group":"0","thetime":"1486648800","clicks":"0","impressions":"3"},{"id":"255","ad":"2","group":"0","thetime":"1486652400","clicks":"0","impressions":"2"},{"id":"256","ad":"1","group":"0","thetime":"1486652400","clicks":"0","impressions":"2"},{"id":"257","ad":"2","group":"0","thetime":"1486656000","clicks":"0","impressions":"1"},{"id":"258","ad":"1","group":"0","thetime":"1486656000","clicks":"0","impressions":"1"},{"id":"259","ad":"2","group":"0","thetime":"1486720800","clicks":"0","impressions":"1"},{"id":"260","ad":"1","group":"0","thetime":"1486720800","clicks":"0","impressions":"1"},{"id":"261","ad":"2","group":"0","thetime":"1486724400","clicks":"0","impressions":"1"},{"id":"262","ad":"1","group":"0","thetime":"1486724400","clicks":"0","impressions":"1"},{"id":"263","ad":"2","group":"0","thetime":"1486731600","clicks":"0","impressions":"3"},{"id":"264","ad":"1","group":"0","thetime":"1486731600","clicks":"0","impressions":"2"},{"id":"265","ad":"2","group":"0","thetime":"1486738800","clicks":"0","impressions":"4"},{"id":"266","ad":"1","group":"0","thetime":"1486738800","clicks":"0","impressions":"4"},{"id":"267","ad":"1","group":"0","thetime":"1486742400","clicks":"0","impressions":"2"},{"id":"268","ad":"2","group":"0","thetime":"1486742400","clicks":"0","impressions":"2"},{"id":"269","ad":"2","group":"0","thetime":"1486983600","clicks":"0","impressions":"1"},{"id":"270","ad":"1","group":"0","thetime":"1486983600","clicks":"0","impressions":"1"},{"id":"271","ad":"2","group":"0","thetime":"1487001600","clicks":"0","impressions":"6"},{"id":"272","ad":"1","group":"0","thetime":"1487001600","clicks":"0","impressions":"8"},{"id":"273","ad":"2","group":"0","thetime":"1487005200","clicks":"0","impressions":"1"},{"id":"274","ad":"1","group":"0","thetime":"1487005200","clicks":"0","impressions":"1"},{"id":"275","ad":"2","group":"0","thetime":"1487059200","clicks":"0","impressions":"3"},{"id":"276","ad":"1","group":"0","thetime":"1487059200","clicks":"0","impressions":"3"},{"id":"277","ad":"2","group":"0","thetime":"1487062800","clicks":"0","impressions":"2"},{"id":"278","ad":"1","group":"0","thetime":"1487062800","clicks":"0","impressions":"2"},{"id":"279","ad":"1","group":"0","thetime":"1487080800","clicks":"0","impressions":"1"},{"id":"280","ad":"2","group":"0","thetime":"1487080800","clicks":"0","impressions":"1"},{"id":"281","ad":"2","group":"0","thetime":"1487084400","clicks":"0","impressions":"1"},{"id":"282","ad":"1","group":"0","thetime":"1487084400","clicks":"0","impressions":"1"},{"id":"283","ad":"2","group":"0","thetime":"1487149200","clicks":"0","impressions":"2"},{"id":"284","ad":"1","group":"0","thetime":"1487149200","clicks":"0","impressions":"6"},{"id":"285","ad":"2","group":"0","thetime":"1487167200","clicks":"0","impressions":"1"},{"id":"286","ad":"1","group":"0","thetime":"1487167200","clicks":"0","impressions":"1"},{"id":"287","ad":"2","group":"0","thetime":"1487170800","clicks":"0","impressions":"2"},{"id":"288","ad":"1","group":"0","thetime":"1487170800","clicks":"0","impressions":"2"},{"id":"289","ad":"2","group":"0","thetime":"1487174400","clicks":"0","impressions":"9"},{"id":"290","ad":"1","group":"0","thetime":"1487174400","clicks":"0","impressions":"9"},{"id":"291","ad":"2","group":"0","thetime":"1487178000","clicks":"0","impressions":"1"},{"id":"292","ad":"1","group":"0","thetime":"1487178000","clicks":"0","impressions":"1"},{"id":"293","ad":"2","group":"0","thetime":"1487242800","clicks":"0","impressions":"2"},{"id":"294","ad":"1","group":"0","thetime":"1487242800","clicks":"0","impressions":"1"},{"id":"295","ad":"2","group":"0","thetime":"1487250000","clicks":"0","impressions":"4"},{"id":"296","ad":"1","group":"0","thetime":"1487250000","clicks":"0","impressions":"4"},{"id":"297","ad":"2","group":"0","thetime":"1487253600","clicks":"0","impressions":"8"},{"id":"298","ad":"1","group":"0","thetime":"1487253600","clicks":"0","impressions":"8"},{"id":"299","ad":"2","group":"0","thetime":"1487257200","clicks":"0","impressions":"5"},{"id":"300","ad":"1","group":"0","thetime":"1487257200","clicks":"0","impressions":"4"},{"id":"301","ad":"2","group":"0","thetime":"1487322000","clicks":"0","impressions":"3"},{"id":"302","ad":"1","group":"0","thetime":"1487322000","clicks":"0","impressions":"3"},{"id":"303","ad":"2","group":"0","thetime":"1487325600","clicks":"0","impressions":"13"},{"id":"304","ad":"1","group":"0","thetime":"1487325600","clicks":"0","impressions":"14"},{"id":"305","ad":"2","group":"2","thetime":"1487325600","clicks":"0","impressions":"6"},{"id":"306","ad":"1","group":"1","thetime":"1487325600","clicks":"0","impressions":"6"},{"id":"307","ad":"5","group":"2","thetime":"1487325600","clicks":"0","impressions":"7"},{"id":"308","ad":"4","group":"1","thetime":"1487325600","clicks":"0","impressions":"7"},{"id":"309","ad":"6","group":"2","thetime":"1487325600","clicks":"0","impressions":"7"},{"id":"310","ad":"3","group":"1","thetime":"1487325600","clicks":"0","impressions":"7"},{"id":"311","ad":"4","group":"1","thetime":"1487329200","clicks":"0","impressions":"7"},{"id":"312","ad":"1","group":"1","thetime":"1487329200","clicks":"0","impressions":"7"},{"id":"313","ad":"6","group":"2","thetime":"1487329200","clicks":"0","impressions":"6"},{"id":"314","ad":"2","group":"2","thetime":"1487329200","clicks":"0","impressions":"6"},{"id":"315","ad":"3","group":"1","thetime":"1487329200","clicks":"0","impressions":"6"},{"id":"316","ad":"5","group":"2","thetime":"1487329200","clicks":"0","impressions":"6"},{"id":"317","ad":"6","group":"2","thetime":"1487332800","clicks":"0","impressions":"47"},{"id":"318","ad":"1","group":"1","thetime":"1487332800","clicks":"0","impressions":"47"},{"id":"319","ad":"2","group":"2","thetime":"1487332800","clicks":"0","impressions":"47"},{"id":"320","ad":"3","group":"1","thetime":"1487332800","clicks":"0","impressions":"47"},{"id":"321","ad":"5","group":"2","thetime":"1487332800","clicks":"0","impressions":"48"},{"id":"322","ad":"4","group":"1","thetime":"1487332800","clicks":"0","impressions":"48"},{"id":"323","ad":"1","group":"1","thetime":"1487336400","clicks":"0","impressions":"14"},{"id":"324","ad":"6","group":"2","thetime":"1487336400","clicks":"0","impressions":"14"},{"id":"325","ad":"2","group":"2","thetime":"1487336400","clicks":"0","impressions":"14"},{"id":"326","ad":"3","group":"1","thetime":"1487336400","clicks":"0","impressions":"15"},{"id":"327","ad":"5","group":"2","thetime":"1487336400","clicks":"0","impressions":"14"},{"id":"328","ad":"4","group":"1","thetime":"1487336400","clicks":"0","impressions":"14"},{"id":"329","ad":"1","group":"1","thetime":"1487340000","clicks":"0","impressions":"8"},{"id":"330","ad":"4","group":"1","thetime":"1487340000","clicks":"0","impressions":"7"},{"id":"331","ad":"3","group":"1","thetime":"1487340000","clicks":"0","impressions":"7"},{"id":"332","ad":"2","group":"2","thetime":"1487340000","clicks":"0","impressions":"6"},{"id":"333","ad":"5","group":"2","thetime":"1487340000","clicks":"0","impressions":"6"},{"id":"334","ad":"6","group":"2","thetime":"1487340000","clicks":"0","impressions":"6"},{"id":"335","ad":"4","group":"1","thetime":"1487350800","clicks":"0","impressions":"3"},{"id":"336","ad":"3","group":"1","thetime":"1487350800","clicks":"0","impressions":"3"},{"id":"337","ad":"1","group":"1","thetime":"1487350800","clicks":"0","impressions":"3"},{"id":"338","ad":"2","group":"2","thetime":"1487588400","clicks":"0","impressions":"1"},{"id":"339","ad":"1","group":"1","thetime":"1487588400","clicks":"0","impressions":"1"},{"id":"340","ad":"6","group":"2","thetime":"1487595600","clicks":"0","impressions":"4"},{"id":"341","ad":"4","group":"1","thetime":"1487595600","clicks":"0","impressions":"7"},{"id":"342","ad":"3","group":"1","thetime":"1487595600","clicks":"0","impressions":"7"},{"id":"343","ad":"2","group":"2","thetime":"1487595600","clicks":"0","impressions":"4"},{"id":"344","ad":"5","group":"2","thetime":"1487595600","clicks":"0","impressions":"7"},{"id":"345","ad":"1","group":"1","thetime":"1487595600","clicks":"0","impressions":"6"},{"id":"346","ad":"6","group":"2","thetime":"1487599200","clicks":"0","impressions":"1"},{"id":"347","ad":"6","group":"2","thetime":"1487602800","clicks":"0","impressions":"30"},{"id":"348","ad":"2","group":"2","thetime":"1487602800","clicks":"0","impressions":"30"},{"id":"349","ad":"5","group":"2","thetime":"1487602800","clicks":"0","impressions":"29"},{"id":"350","ad":"1","group":"1","thetime":"1487602800","clicks":"0","impressions":"28"},{"id":"351","ad":"3","group":"1","thetime":"1487602800","clicks":"0","impressions":"28"},{"id":"352","ad":"4","group":"1","thetime":"1487602800","clicks":"0","impressions":"27"},{"id":"353","ad":"5","group":"2","thetime":"1487606400","clicks":"0","impressions":"1"},{"id":"354","ad":"6","group":"2","thetime":"1487606400","clicks":"0","impressions":"8"},{"id":"355","ad":"2","group":"2","thetime":"1487606400","clicks":"0","impressions":"7"},{"id":"356","ad":"1","group":"1","thetime":"1487606400","clicks":"0","impressions":"3"},{"id":"357","ad":"4","group":"1","thetime":"1487606400","clicks":"0","impressions":"2"},{"id":"358","ad":"3","group":"1","thetime":"1487606400","clicks":"0","impressions":"4"},{"id":"359","ad":"3","group":"1","thetime":"1487610000","clicks":"0","impressions":"13"},{"id":"360","ad":"5","group":"2","thetime":"1487610000","clicks":"0","impressions":"11"},{"id":"361","ad":"1","group":"1","thetime":"1487610000","clicks":"0","impressions":"12"},{"id":"362","ad":"4","group":"1","thetime":"1487610000","clicks":"0","impressions":"13"},{"id":"363","ad":"6","group":"2","thetime":"1487610000","clicks":"0","impressions":"13"},{"id":"364","ad":"2","group":"2","thetime":"1487610000","clicks":"0","impressions":"11"},{"id":"365","ad":"6","group":"2","thetime":"1487667600","clicks":"0","impressions":"8"},{"id":"366","ad":"5","group":"2","thetime":"1487667600","clicks":"0","impressions":"8"},{"id":"367","ad":"2","group":"2","thetime":"1487667600","clicks":"0","impressions":"1"},{"id":"368","ad":"3","group":"1","thetime":"1487671200","clicks":"0","impressions":"1"},{"id":"369","ad":"5","group":"2","thetime":"1487671200","clicks":"0","impressions":"1"},{"id":"370","ad":"1","group":"1","thetime":"1487674800","clicks":"0","impressions":"1"},{"id":"371","ad":"3","group":"1","thetime":"1487682000","clicks":"0","impressions":"7"},{"id":"372","ad":"6","group":"2","thetime":"1487682000","clicks":"0","impressions":"4"},{"id":"373","ad":"5","group":"2","thetime":"1487682000","clicks":"0","impressions":"4"},{"id":"374","ad":"1","group":"1","thetime":"1487682000","clicks":"0","impressions":"6"},{"id":"375","ad":"4","group":"1","thetime":"1487682000","clicks":"0","impressions":"6"},{"id":"376","ad":"2","group":"2","thetime":"1487682000","clicks":"0","impressions":"4"},{"id":"377","ad":"2","group":"2","thetime":"1487689200","clicks":"0","impressions":"1"},{"id":"378","ad":"4","group":"1","thetime":"1487689200","clicks":"0","impressions":"1"},{"id":"379","ad":"1","group":"1","thetime":"1487689200","clicks":"0","impressions":"1"},{"id":"380","ad":"6","group":"2","thetime":"1487689200","clicks":"0","impressions":"1"},{"id":"381","ad":"5","group":"2","thetime":"1487689200","clicks":"0","impressions":"1"},{"id":"382","ad":"3","group":"1","thetime":"1487689200","clicks":"0","impressions":"1"},{"id":"383","ad":"4","group":"1","thetime":"1487750400","clicks":"0","impressions":"2"},{"id":"384","ad":"3","group":"1","thetime":"1487750400","clicks":"0","impressions":"2"},{"id":"385","ad":"6","group":"2","thetime":"1487750400","clicks":"0","impressions":"2"},{"id":"386","ad":"1","group":"1","thetime":"1487750400","clicks":"0","impressions":"2"},{"id":"387","ad":"2","group":"2","thetime":"1487750400","clicks":"0","impressions":"1"},{"id":"388","ad":"5","group":"2","thetime":"1487750400","clicks":"0","impressions":"1"},{"id":"389","ad":"2","group":"2","thetime":"1487754000","clicks":"0","impressions":"6"},{"id":"390","ad":"5","group":"2","thetime":"1487754000","clicks":"0","impressions":"10"},{"id":"391","ad":"4","group":"1","thetime":"1487754000","clicks":"0","impressions":"8"},{"id":"392","ad":"3","group":"1","thetime":"1487754000","clicks":"0","impressions":"6"},{"id":"393","ad":"6","group":"2","thetime":"1487754000","clicks":"0","impressions":"10"},{"id":"394","ad":"1","group":"1","thetime":"1487754000","clicks":"0","impressions":"8"},{"id":"395","ad":"1","group":"1","thetime":"1487757600","clicks":"0","impressions":"1"},{"id":"396","ad":"5","group":"2","thetime":"1487757600","clicks":"0","impressions":"1"},{"id":"397","ad":"6","group":"2","thetime":"1487757600","clicks":"0","impressions":"2"},{"id":"398","ad":"4","group":"1","thetime":"1487761200","clicks":"0","impressions":"11"},{"id":"399","ad":"3","group":"1","thetime":"1487761200","clicks":"0","impressions":"11"},{"id":"400","ad":"1","group":"1","thetime":"1487761200","clicks":"0","impressions":"12"},{"id":"401","ad":"5","group":"2","thetime":"1487761200","clicks":"0","impressions":"9"},{"id":"402","ad":"2","group":"2","thetime":"1487761200","clicks":"0","impressions":"8"},{"id":"403","ad":"6","group":"2","thetime":"1487761200","clicks":"0","impressions":"8"},{"id":"404","ad":"4","group":"1","thetime":"1487764800","clicks":"0","impressions":"4"},{"id":"405","ad":"6","group":"2","thetime":"1487764800","clicks":"0","impressions":"4"},{"id":"406","ad":"3","group":"1","thetime":"1487764800","clicks":"0","impressions":"4"},{"id":"407","ad":"2","group":"2","thetime":"1487764800","clicks":"0","impressions":"3"},{"id":"408","ad":"5","group":"2","thetime":"1487764800","clicks":"0","impressions":"3"},{"id":"409","ad":"1","group":"1","thetime":"1487764800","clicks":"0","impressions":"2"},{"id":"410","ad":"3","group":"1","thetime":"1487840400","clicks":"0","impressions":"9"},{"id":"411","ad":"6","group":"2","thetime":"1487840400","clicks":"0","impressions":"10"},{"id":"412","ad":"4","group":"1","thetime":"1487840400","clicks":"0","impressions":"8"},{"id":"413","ad":"5","group":"2","thetime":"1487840400","clicks":"0","impressions":"7"},{"id":"414","ad":"1","group":"1","thetime":"1487840400","clicks":"0","impressions":"9"},{"id":"415","ad":"2","group":"2","thetime":"1487840400","clicks":"0","impressions":"7"},{"id":"416","ad":"6","group":"2","thetime":"1487865600","clicks":"0","impressions":"21"},{"id":"417","ad":"3","group":"1","thetime":"1487865600","clicks":"0","impressions":"22"},{"id":"418","ad":"2","group":"2","thetime":"1487865600","clicks":"0","impressions":"21"},{"id":"419","ad":"1","group":"1","thetime":"1487865600","clicks":"0","impressions":"21"},{"id":"420","ad":"4","group":"1","thetime":"1487865600","clicks":"0","impressions":"21"},{"id":"421","ad":"5","group":"2","thetime":"1487865600","clicks":"0","impressions":"20"},{"id":"422","ad":"4","group":"1","thetime":"1487869200","clicks":"0","impressions":"5"},{"id":"423","ad":"1","group":"1","thetime":"1487869200","clicks":"0","impressions":"5"},{"id":"424","ad":"2","group":"2","thetime":"1487869200","clicks":"0","impressions":"4"},{"id":"425","ad":"3","group":"1","thetime":"1487869200","clicks":"0","impressions":"5"},{"id":"426","ad":"6","group":"2","thetime":"1487869200","clicks":"0","impressions":"4"},{"id":"427","ad":"5","group":"2","thetime":"1487869200","clicks":"0","impressions":"4"},{"id":"428","ad":"5","group":"2","thetime":"1487930400","clicks":"0","impressions":"1"},{"id":"429","ad":"6","group":"2","thetime":"1487930400","clicks":"0","impressions":"1"},{"id":"430","ad":"4","group":"1","thetime":"1487948400","clicks":"0","impressions":"1"},{"id":"431","ad":"6","group":"2","thetime":"1487948400","clicks":"0","impressions":"2"},{"id":"432","ad":"2","group":"2","thetime":"1487948400","clicks":"0","impressions":"1"},{"id":"433","ad":"3","group":"1","thetime":"1487948400","clicks":"0","impressions":"1"},{"id":"434","ad":"1","group":"1","thetime":"1487948400","clicks":"0","impressions":"1"},{"id":"435","ad":"5","group":"2","thetime":"1487948400","clicks":"0","impressions":"1"},{"id":"436","ad":"6","group":"2","thetime":"1488193200","clicks":"0","impressions":"2"},{"id":"437","ad":"5","group":"2","thetime":"1488193200","clicks":"0","impressions":"2"},{"id":"438","ad":"3","group":"1","thetime":"1488193200","clicks":"0","impressions":"1"},{"id":"439","ad":"4","group":"1","thetime":"1488193200","clicks":"0","impressions":"1"},{"id":"440","ad":"5","group":"2","thetime":"1488200400","clicks":"0","impressions":"3"},{"id":"441","ad":"6","group":"2","thetime":"1488200400","clicks":"0","impressions":"2"},{"id":"442","ad":"1","group":"1","thetime":"1488200400","clicks":"0","impressions":"1"},{"id":"443","ad":"4","group":"1","thetime":"1488214800","clicks":"0","impressions":"2"},{"id":"444","ad":"6","group":"2","thetime":"1488214800","clicks":"0","impressions":"2"},{"id":"445","ad":"2","group":"2","thetime":"1488214800","clicks":"0","impressions":"2"},{"id":"446","ad":"5","group":"2","thetime":"1488214800","clicks":"0","impressions":"2"},{"id":"447","ad":"1","group":"1","thetime":"1488214800","clicks":"0","impressions":"1"},{"id":"448","ad":"3","group":"1","thetime":"1488214800","clicks":"0","impressions":"2"},{"id":"449","ad":"1","group":"1","thetime":"1488290400","clicks":"0","impressions":"1"},{"id":"450","ad":"6","group":"2","thetime":"1488290400","clicks":"0","impressions":"1"},{"id":"451","ad":"3","group":"1","thetime":"1488297600","clicks":"0","impressions":"1"},{"id":"452","ad":"5","group":"2","thetime":"1488297600","clicks":"0","impressions":"1"},{"id":"453","ad":"6","group":"2","thetime":"1488297600","clicks":"0","impressions":"1"},{"id":"454","ad":"5","group":"2","thetime":"1488301200","clicks":"0","impressions":"1"},{"id":"455","ad":"4","group":"1","thetime":"1488366000","clicks":"0","impressions":"3"},{"id":"456","ad":"5","group":"2","thetime":"1488366000","clicks":"0","impressions":"3"},{"id":"457","ad":"3","group":"1","thetime":"1488366000","clicks":"0","impressions":"3"},{"id":"458","ad":"1","group":"1","thetime":"1488366000","clicks":"0","impressions":"3"},{"id":"459","ad":"6","group":"2","thetime":"1488366000","clicks":"0","impressions":"2"},{"id":"460","ad":"2","group":"2","thetime":"1488366000","clicks":"0","impressions":"2"},{"id":"461","ad":"3","group":"1","thetime":"1488373200","clicks":"0","impressions":"1"},{"id":"462","ad":"4","group":"1","thetime":"1488373200","clicks":"0","impressions":"1"},{"id":"463","ad":"4","group":"1","thetime":"1488376800","clicks":"0","impressions":"1"},{"id":"464","ad":"3","group":"1","thetime":"1488376800","clicks":"0","impressions":"2"},{"id":"465","ad":"1","group":"1","thetime":"1488376800","clicks":"0","impressions":"1"},{"id":"466","ad":"6","group":"2","thetime":"1488376800","clicks":"0","impressions":"1"},{"id":"467","ad":"5","group":"2","thetime":"1488376800","clicks":"0","impressions":"1"},{"id":"468","ad":"1","group":"1","thetime":"1488384000","clicks":"0","impressions":"2"},{"id":"469","ad":"6","group":"2","thetime":"1488384000","clicks":"0","impressions":"2"},{"id":"470","ad":"5","group":"2","thetime":"1488384000","clicks":"0","impressions":"2"},{"id":"471","ad":"2","group":"2","thetime":"1488384000","clicks":"0","impressions":"1"},{"id":"472","ad":"3","group":"1","thetime":"1488384000","clicks":"0","impressions":"1"},{"id":"473","ad":"5","group":"2","thetime":"1488387600","clicks":"0","impressions":"1"},{"id":"474","ad":"1","group":"1","thetime":"1488387600","clicks":"0","impressions":"1"},{"id":"475","ad":"2","group":"2","thetime":"1488387600","clicks":"0","impressions":"1"},{"id":"476","ad":"6","group":"2","thetime":"1488387600","clicks":"0","impressions":"1"},{"id":"477","ad":"3","group":"1","thetime":"1488387600","clicks":"0","impressions":"1"},{"id":"478","ad":"4","group":"1","thetime":"1488387600","clicks":"0","impressions":"1"},{"id":"479","ad":"6","group":"2","thetime":"1488794400","clicks":"0","impressions":"2"},{"id":"480","ad":"5","group":"2","thetime":"1488794400","clicks":"0","impressions":"1"},{"id":"481","ad":"3","group":"1","thetime":"1490025600","clicks":"0","impressions":"9"},{"id":"482","ad":"5","group":"2","thetime":"1490025600","clicks":"0","impressions":"9"},{"id":"483","ad":"2","group":"2","thetime":"1490025600","clicks":"0","impressions":"8"},{"id":"484","ad":"1","group":"1","thetime":"1490025600","clicks":"0","impressions":"8"},{"id":"485","ad":"6","group":"2","thetime":"1490025600","clicks":"0","impressions":"9"},{"id":"486","ad":"4","group":"1","thetime":"1490025600","clicks":"0","impressions":"9"},{"id":"487","ad":"3","group":"1","thetime":"1490101200","clicks":"0","impressions":"2"},{"id":"488","ad":"2","group":"2","thetime":"1490101200","clicks":"0","impressions":"2"},{"id":"489","ad":"6","group":"2","thetime":"1490101200","clicks":"0","impressions":"2"},{"id":"490","ad":"4","group":"1","thetime":"1490101200","clicks":"0","impressions":"2"},{"id":"491","ad":"1","group":"1","thetime":"1490101200","clicks":"0","impressions":"2"},{"id":"492","ad":"5","group":"2","thetime":"1490101200","clicks":"0","impressions":"2"},{"id":"493","ad":"3","group":"1","thetime":"1490108400","clicks":"0","impressions":"3"},{"id":"494","ad":"2","group":"2","thetime":"1490108400","clicks":"0","impressions":"3"},{"id":"495","ad":"1","group":"1","thetime":"1490108400","clicks":"0","impressions":"3"},{"id":"496","ad":"4","group":"1","thetime":"1490108400","clicks":"0","impressions":"2"},{"id":"497","ad":"5","group":"2","thetime":"1490108400","clicks":"0","impressions":"3"},{"id":"498","ad":"6","group":"2","thetime":"1490108400","clicks":"0","impressions":"2"},{"id":"499","ad":"3","group":"1","thetime":"1490263200","clicks":"0","impressions":"3"},{"id":"500","ad":"2","group":"2","thetime":"1490263200","clicks":"0","impressions":"3"},{"id":"501","ad":"1","group":"1","thetime":"1490263200","clicks":"0","impressions":"3"},{"id":"502","ad":"6","group":"2","thetime":"1490263200","clicks":"0","impressions":"2"},{"id":"503","ad":"4","group":"1","thetime":"1490263200","clicks":"0","impressions":"2"},{"id":"504","ad":"5","group":"2","thetime":"1490263200","clicks":"0","impressions":"2"},{"id":"505","ad":"3","group":"1","thetime":"1490608800","clicks":"0","impressions":"1"},{"id":"506","ad":"4","group":"1","thetime":"1491238800","clicks":"0","impressions":"1"},{"id":"507","ad":"6","group":"2","thetime":"1491238800","clicks":"0","impressions":"1"},{"id":"508","ad":"3","group":"1","thetime":"1491238800","clicks":"0","impressions":"1"},{"id":"509","ad":"2","group":"2","thetime":"1491238800","clicks":"0","impressions":"1"},{"id":"510","ad":"1","group":"1","thetime":"1491238800","clicks":"0","impressions":"1"},{"id":"511","ad":"5","group":"2","thetime":"1491238800","clicks":"0","impressions":"1"},{"id":"512","ad":"3","group":"1","thetime":"1491303600","clicks":"0","impressions":"1"},{"id":"513","ad":"6","group":"2","thetime":"1491303600","clicks":"0","impressions":"1"},{"id":"514","ad":"5","group":"2","thetime":"1491303600","clicks":"0","impressions":"1"},{"id":"515","ad":"1","group":"1","thetime":"1491307200","clicks":"0","impressions":"40"},{"id":"516","ad":"3","group":"1","thetime":"1491307200","clicks":"0","impressions":"40"},{"id":"517","ad":"6","group":"2","thetime":"1491307200","clicks":"0","impressions":"50"},{"id":"518","ad":"5","group":"2","thetime":"1491307200","clicks":"0","impressions":"50"},{"id":"519","ad":"1","group":"1","thetime":"1491310800","clicks":"0","impressions":"40"},{"id":"520","ad":"3","group":"1","thetime":"1491310800","clicks":"0","impressions":"40"},{"id":"521","ad":"6","group":"2","thetime":"1491310800","clicks":"0","impressions":"50"},{"id":"522","ad":"5","group":"2","thetime":"1491310800","clicks":"0","impressions":"50"},{"id":"523","ad":"4","group":"1","thetime":"1491310800","clicks":"0","impressions":"5"},{"id":"524","ad":"1","group":"1","thetime":"1491314400","clicks":"0","impressions":"40"},{"id":"525","ad":"3","group":"1","thetime":"1491314400","clicks":"0","impressions":"40"},{"id":"526","ad":"6","group":"2","thetime":"1491314400","clicks":"0","impressions":"50"},{"id":"527","ad":"5","group":"2","thetime":"1491314400","clicks":"0","impressions":"50"},{"id":"528","ad":"2","group":"2","thetime":"1491314400","clicks":"0","impressions":"3"},{"id":"529","ad":"4","group":"1","thetime":"1491314400","clicks":"0","impressions":"1"},{"id":"530","ad":"1","group":"1","thetime":"1491318000","clicks":"0","impressions":"39"},{"id":"531","ad":"3","group":"1","thetime":"1491318000","clicks":"0","impressions":"41"},{"id":"532","ad":"6","group":"2","thetime":"1491318000","clicks":"0","impressions":"59"},{"id":"533","ad":"5","group":"2","thetime":"1491318000","clicks":"0","impressions":"59"},{"id":"534","ad":"4","group":"1","thetime":"1491318000","clicks":"0","impressions":"5"},{"id":"535","ad":"2","group":"2","thetime":"1491318000","clicks":"0","impressions":"3"},{"id":"536","ad":"3","group":"1","thetime":"1491321600","clicks":"0","impressions":"40"},{"id":"537","ad":"6","group":"2","thetime":"1491321600","clicks":"0","impressions":"51"},{"id":"538","ad":"5","group":"2","thetime":"1491321600","clicks":"0","impressions":"50"},{"id":"539","ad":"1","group":"1","thetime":"1491321600","clicks":"0","impressions":"37"},{"id":"540","ad":"4","group":"1","thetime":"1491321600","clicks":"0","impressions":"1"},{"id":"541","ad":"2","group":"2","thetime":"1491321600","clicks":"0","impressions":"1"},{"id":"542","ad":"3","group":"1","thetime":"1491325200","clicks":"0","impressions":"37"},{"id":"543","ad":"6","group":"2","thetime":"1491325200","clicks":"0","impressions":"50"},{"id":"544","ad":"5","group":"2","thetime":"1491325200","clicks":"0","impressions":"50"},{"id":"545","ad":"1","group":"1","thetime":"1491325200","clicks":"0","impressions":"37"},{"id":"546","ad":"2","group":"2","thetime":"1491325200","clicks":"0","impressions":"5"},{"id":"547","ad":"4","group":"1","thetime":"1491325200","clicks":"0","impressions":"9"},{"id":"548","ad":"3","group":"1","thetime":"1491328800","clicks":"0","impressions":"44"},{"id":"549","ad":"6","group":"2","thetime":"1491328800","clicks":"0","impressions":"51"},{"id":"550","ad":"5","group":"2","thetime":"1491328800","clicks":"0","impressions":"52"},{"id":"551","ad":"1","group":"1","thetime":"1491328800","clicks":"0","impressions":"40"},{"id":"552","ad":"2","group":"2","thetime":"1491328800","clicks":"0","impressions":"12"},{"id":"553","ad":"4","group":"1","thetime":"1491328800","clicks":"0","impressions":"23"},{"id":"554","ad":"2","group":"2","thetime":"1491332400","clicks":"0","impressions":"19"},{"id":"555","ad":"1","group":"1","thetime":"1491332400","clicks":"0","impressions":"50"},{"id":"556","ad":"6","group":"2","thetime":"1491332400","clicks":"0","impressions":"62"},{"id":"557","ad":"3","group":"1","thetime":"1491332400","clicks":"0","impressions":"47"},{"id":"558","ad":"5","group":"2","thetime":"1491332400","clicks":"0","impressions":"62"},{"id":"559","ad":"4","group":"1","thetime":"1491332400","clicks":"0","impressions":"19"},{"id":"560","ad":"2","group":"2","thetime":"1491336000","clicks":"0","impressions":"32"},{"id":"561","ad":"4","group":"1","thetime":"1491336000","clicks":"0","impressions":"36"},{"id":"562","ad":"3","group":"1","thetime":"1491336000","clicks":"0","impressions":"60"},{"id":"563","ad":"6","group":"2","thetime":"1491336000","clicks":"0","impressions":"72"},{"id":"564","ad":"5","group":"2","thetime":"1491336000","clicks":"0","impressions":"73"},{"id":"565","ad":"1","group":"1","thetime":"1491336000","clicks":"0","impressions":"61"},{"id":"566","ad":"3","group":"1","thetime":"1491339600","clicks":"0","impressions":"14"},{"id":"567","ad":"1","group":"1","thetime":"1491339600","clicks":"0","impressions":"15"},{"id":"568","ad":"6","group":"2","thetime":"1491339600","clicks":"0","impressions":"19"},{"id":"569","ad":"5","group":"2","thetime":"1491339600","clicks":"0","impressions":"19"},{"id":"570","ad":"4","group":"1","thetime":"1491339600","clicks":"0","impressions":"4"},{"id":"571","ad":"2","group":"2","thetime":"1491339600","clicks":"0","impressions":"1"},{"id":"572","ad":"1","group":"1","thetime":"1491343200","clicks":"0","impressions":"6"},{"id":"573","ad":"6","group":"2","thetime":"1491343200","clicks":"0","impressions":"6"},{"id":"574","ad":"5","group":"2","thetime":"1491343200","clicks":"0","impressions":"4"},{"id":"575","ad":"3","group":"1","thetime":"1491343200","clicks":"0","impressions":"4"},{"id":"576","ad":"4","group":"1","thetime":"1491343200","clicks":"0","impressions":"1"},{"id":"577","ad":"2","group":"2","thetime":"1491343200","clicks":"0","impressions":"1"},{"id":"578","ad":"4","group":"1","thetime":"1491346800","clicks":"0","impressions":"12"},{"id":"579","ad":"6","group":"2","thetime":"1491346800","clicks":"0","impressions":"11"},{"id":"580","ad":"2","group":"2","thetime":"1491346800","clicks":"0","impressions":"8"},{"id":"581","ad":"5","group":"2","thetime":"1491346800","clicks":"0","impressions":"12"},{"id":"582","ad":"3","group":"1","thetime":"1491346800","clicks":"0","impressions":"11"},{"id":"583","ad":"1","group":"1","thetime":"1491346800","clicks":"0","impressions":"11"},{"id":"584","ad":"4","group":"1","thetime":"1491350400","clicks":"0","impressions":"2"},{"id":"585","ad":"5","group":"2","thetime":"1491350400","clicks":"0","impressions":"6"},{"id":"586","ad":"3","group":"1","thetime":"1491350400","clicks":"0","impressions":"3"},{"id":"587","ad":"1","group":"1","thetime":"1491350400","clicks":"0","impressions":"3"},{"id":"588","ad":"6","group":"2","thetime":"1491350400","clicks":"0","impressions":"4"},{"id":"589","ad":"2","group":"2","thetime":"1491354000","clicks":"0","impressions":"7"},{"id":"590","ad":"4","group":"1","thetime":"1491354000","clicks":"0","impressions":"6"},{"id":"591","ad":"3","group":"1","thetime":"1491354000","clicks":"0","impressions":"6"},{"id":"592","ad":"5","group":"2","thetime":"1491354000","clicks":"0","impressions":"6"},{"id":"593","ad":"6","group":"2","thetime":"1491354000","clicks":"0","impressions":"8"},{"id":"594","ad":"1","group":"1","thetime":"1491354000","clicks":"0","impressions":"7"},{"id":"595","ad":"5","group":"2","thetime":"1491357600","clicks":"0","impressions":"3"},{"id":"596","ad":"1","group":"1","thetime":"1491357600","clicks":"0","impressions":"2"},{"id":"597","ad":"6","group":"2","thetime":"1491357600","clicks":"0","impressions":"2"},{"id":"598","ad":"3","group":"1","thetime":"1491357600","clicks":"0","impressions":"2"},{"id":"599","ad":"1","group":"1","thetime":"1491361200","clicks":"0","impressions":"1"},{"id":"600","ad":"6","group":"2","thetime":"1491361200","clicks":"0","impressions":"1"},{"id":"601","ad":"5","group":"2","thetime":"1491361200","clicks":"0","impressions":"1"},{"id":"602","ad":"3","group":"1","thetime":"1491361200","clicks":"0","impressions":"1"},{"id":"603","ad":"6","group":"2","thetime":"1491364800","clicks":"0","impressions":"4"},{"id":"604","ad":"4","group":"1","thetime":"1491364800","clicks":"0","impressions":"1"},{"id":"605","ad":"1","group":"1","thetime":"1491364800","clicks":"0","impressions":"3"},{"id":"606","ad":"5","group":"2","thetime":"1491364800","clicks":"0","impressions":"3"},{"id":"607","ad":"2","group":"2","thetime":"1491364800","clicks":"0","impressions":"2"},{"id":"608","ad":"3","group":"1","thetime":"1491364800","clicks":"0","impressions":"2"},{"id":"609","ad":"1","group":"1","thetime":"1491368400","clicks":"0","impressions":"6"},{"id":"610","ad":"3","group":"1","thetime":"1491368400","clicks":"0","impressions":"6"},{"id":"611","ad":"2","group":"2","thetime":"1491368400","clicks":"0","impressions":"4"},{"id":"612","ad":"5","group":"2","thetime":"1491368400","clicks":"0","impressions":"6"},{"id":"613","ad":"6","group":"2","thetime":"1491368400","clicks":"0","impressions":"6"},{"id":"614","ad":"4","group":"1","thetime":"1491368400","clicks":"0","impressions":"5"},{"id":"615","ad":"6","group":"2","thetime":"1491372000","clicks":"0","impressions":"1"},{"id":"616","ad":"2","group":"2","thetime":"1491372000","clicks":"0","impressions":"1"},{"id":"617","ad":"3","group":"1","thetime":"1491372000","clicks":"0","impressions":"1"},{"id":"618","ad":"5","group":"2","thetime":"1491372000","clicks":"0","impressions":"1"},{"id":"619","ad":"1","group":"1","thetime":"1491372000","clicks":"0","impressions":"1"},{"id":"620","ad":"2","group":"2","thetime":"1491375600","clicks":"0","impressions":"1"},{"id":"621","ad":"3","group":"1","thetime":"1491375600","clicks":"0","impressions":"2"},{"id":"622","ad":"5","group":"2","thetime":"1491375600","clicks":"0","impressions":"2"},{"id":"623","ad":"6","group":"2","thetime":"1491375600","clicks":"0","impressions":"2"},{"id":"624","ad":"1","group":"1","thetime":"1491375600","clicks":"0","impressions":"1"},{"id":"625","ad":"4","group":"1","thetime":"1491379200","clicks":"0","impressions":"1"},{"id":"626","ad":"5","group":"2","thetime":"1491379200","clicks":"0","impressions":"2"},{"id":"627","ad":"6","group":"2","thetime":"1491379200","clicks":"0","impressions":"2"},{"id":"628","ad":"1","group":"1","thetime":"1491379200","clicks":"0","impressions":"2"},{"id":"629","ad":"3","group":"1","thetime":"1491379200","clicks":"0","impressions":"1"},{"id":"630","ad":"2","group":"2","thetime":"1491379200","clicks":"0","impressions":"1"},{"id":"631","ad":"4","group":"1","thetime":"1491382800","clicks":"0","impressions":"1"},{"id":"632","ad":"2","group":"2","thetime":"1491382800","clicks":"0","impressions":"1"},{"id":"633","ad":"5","group":"2","thetime":"1491382800","clicks":"0","impressions":"1"},{"id":"634","ad":"3","group":"1","thetime":"1491382800","clicks":"0","impressions":"1"},{"id":"635","ad":"1","group":"1","thetime":"1491382800","clicks":"0","impressions":"1"},{"id":"636","ad":"6","group":"2","thetime":"1491382800","clicks":"0","impressions":"1"},{"id":"637","ad":"4","group":"1","thetime":"1491386400","clicks":"0","impressions":"1"},{"id":"638","ad":"2","group":"2","thetime":"1491386400","clicks":"0","impressions":"1"},{"id":"639","ad":"5","group":"2","thetime":"1491386400","clicks":"0","impressions":"1"},{"id":"640","ad":"3","group":"1","thetime":"1491386400","clicks":"0","impressions":"1"},{"id":"641","ad":"6","group":"2","thetime":"1491386400","clicks":"0","impressions":"1"},{"id":"642","ad":"1","group":"1","thetime":"1491386400","clicks":"0","impressions":"1"},{"id":"643","ad":"4","group":"1","thetime":"1491390000","clicks":"0","impressions":"2"},{"id":"644","ad":"1","group":"1","thetime":"1491390000","clicks":"0","impressions":"2"},{"id":"645","ad":"3","group":"1","thetime":"1491390000","clicks":"0","impressions":"2"},{"id":"646","ad":"6","group":"2","thetime":"1491390000","clicks":"0","impressions":"3"},{"id":"647","ad":"5","group":"2","thetime":"1491390000","clicks":"0","impressions":"3"},{"id":"648","ad":"2","group":"2","thetime":"1491390000","clicks":"0","impressions":"1"},{"id":"649","ad":"3","group":"1","thetime":"1491393600","clicks":"0","impressions":"2"},{"id":"650","ad":"5","group":"2","thetime":"1491393600","clicks":"0","impressions":"1"},{"id":"651","ad":"6","group":"2","thetime":"1491393600","clicks":"0","impressions":"2"},{"id":"652","ad":"1","group":"1","thetime":"1491393600","clicks":"0","impressions":"2"},{"id":"653","ad":"4","group":"1","thetime":"1491393600","clicks":"0","impressions":"2"},{"id":"654","ad":"5","group":"2","thetime":"1491397200","clicks":"0","impressions":"1"},{"id":"655","ad":"3","group":"1","thetime":"1491397200","clicks":"0","impressions":"1"},{"id":"656","ad":"6","group":"2","thetime":"1491397200","clicks":"0","impressions":"1"},{"id":"657","ad":"4","group":"1","thetime":"1491397200","clicks":"0","impressions":"1"},{"id":"658","ad":"5","group":"2","thetime":"1491400800","clicks":"0","impressions":"27"},{"id":"659","ad":"3","group":"1","thetime":"1491400800","clicks":"0","impressions":"21"},{"id":"660","ad":"1","group":"1","thetime":"1491400800","clicks":"0","impressions":"20"},{"id":"661","ad":"6","group":"2","thetime":"1491400800","clicks":"0","impressions":"27"},{"id":"662","ad":"2","group":"2","thetime":"1491400800","clicks":"0","impressions":"3"},{"id":"663","ad":"4","group":"1","thetime":"1491400800","clicks":"0","impressions":"3"},{"id":"664","ad":"1","group":"1","thetime":"1491404400","clicks":"0","impressions":"39"},{"id":"665","ad":"5","group":"2","thetime":"1491404400","clicks":"0","impressions":"52"},{"id":"666","ad":"6","group":"2","thetime":"1491404400","clicks":"0","impressions":"51"},{"id":"667","ad":"3","group":"1","thetime":"1491404400","clicks":"0","impressions":"39"},{"id":"668","ad":"4","group":"1","thetime":"1491404400","clicks":"0","impressions":"11"},{"id":"669","ad":"2","group":"2","thetime":"1491404400","clicks":"0","impressions":"6"},{"id":"670","ad":"5","group":"2","thetime":"1491408000","clicks":"0","impressions":"50"},{"id":"671","ad":"6","group":"2","thetime":"1491408000","clicks":"0","impressions":"50"},{"id":"672","ad":"1","group":"1","thetime":"1491408000","clicks":"0","impressions":"36"},{"id":"673","ad":"3","group":"1","thetime":"1491408000","clicks":"0","impressions":"40"},{"id":"674","ad":"4","group":"1","thetime":"1491408000","clicks":"0","impressions":"8"},{"id":"675","ad":"2","group":"2","thetime":"1491408000","clicks":"0","impressions":"5"},{"id":"676","ad":"4","group":"1","thetime":"1491411600","clicks":"0","impressions":"35"},{"id":"677","ad":"1","group":"1","thetime":"1491411600","clicks":"0","impressions":"62"},{"id":"678","ad":"5","group":"2","thetime":"1491411600","clicks":"0","impressions":"53"},{"id":"679","ad":"6","group":"2","thetime":"1491411600","clicks":"0","impressions":"52"},{"id":"680","ad":"3","group":"1","thetime":"1491411600","clicks":"0","impressions":"62"},{"id":"681","ad":"2","group":"2","thetime":"1491411600","clicks":"0","impressions":"8"},{"id":"682","ad":"5","group":"2","thetime":"1491415200","clicks":"0","impressions":"50"},{"id":"683","ad":"6","group":"2","thetime":"1491415200","clicks":"0","impressions":"50"},{"id":"684","ad":"3","group":"1","thetime":"1491415200","clicks":"0","impressions":"88"},{"id":"685","ad":"4","group":"1","thetime":"1491415200","clicks":"0","impressions":"67"},{"id":"686","ad":"1","group":"1","thetime":"1491415200","clicks":"0","impressions":"85"},{"id":"687","ad":"2","group":"2","thetime":"1491415200","clicks":"0","impressions":"7"},{"id":"688","ad":"5","group":"2","thetime":"1491418800","clicks":"0","impressions":"51"},{"id":"689","ad":"1","group":"1","thetime":"1491418800","clicks":"0","impressions":"63"},{"id":"690","ad":"6","group":"2","thetime":"1491418800","clicks":"0","impressions":"51"},{"id":"691","ad":"3","group":"1","thetime":"1491418800","clicks":"0","impressions":"64"},{"id":"692","ad":"4","group":"1","thetime":"1491418800","clicks":"0","impressions":"39"},{"id":"693","ad":"2","group":"2","thetime":"1491418800","clicks":"0","impressions":"4"},{"id":"694","ad":"5","group":"2","thetime":"1491422400","clicks":"0","impressions":"38"},{"id":"695","ad":"1","group":"1","thetime":"1491422400","clicks":"0","impressions":"29"},{"id":"696","ad":"6","group":"2","thetime":"1491422400","clicks":"0","impressions":"38"},{"id":"697","ad":"3","group":"1","thetime":"1491422400","clicks":"0","impressions":"28"},{"id":"698","ad":"2","group":"2","thetime":"1491422400","clicks":"0","impressions":"10"},{"id":"699","ad":"4","group":"1","thetime":"1491422400","clicks":"0","impressions":"8"},{"id":"700","ad":"3","group":"1","thetime":"1491426000","clicks":"0","impressions":"18"},{"id":"701","ad":"6","group":"2","thetime":"1491426000","clicks":"0","impressions":"24"},{"id":"702","ad":"5","group":"2","thetime":"1491426000","clicks":"0","impressions":"23"},{"id":"703","ad":"1","group":"1","thetime":"1491426000","clicks":"0","impressions":"17"},{"id":"704","ad":"2","group":"2","thetime":"1491426000","clicks":"0","impressions":"4"},{"id":"705","ad":"4","group":"1","thetime":"1491426000","clicks":"0","impressions":"6"},{"id":"706","ad":"6","group":"2","thetime":"1491429600","clicks":"0","impressions":"2"},{"id":"707","ad":"5","group":"2","thetime":"1491429600","clicks":"0","impressions":"2"},{"id":"708","ad":"3","group":"1","thetime":"1491429600","clicks":"0","impressions":"1"},{"id":"709","ad":"4","group":"1","thetime":"1491429600","clicks":"0","impressions":"1"},{"id":"710","ad":"1","group":"1","thetime":"1491429600","clicks":"0","impressions":"1"},{"id":"711","ad":"3","group":"1","thetime":"1491433200","clicks":"0","impressions":"3"},{"id":"712","ad":"5","group":"2","thetime":"1491433200","clicks":"0","impressions":"7"},{"id":"713","ad":"6","group":"2","thetime":"1491433200","clicks":"0","impressions":"5"},{"id":"714","ad":"1","group":"1","thetime":"1491433200","clicks":"0","impressions":"3"},{"id":"715","ad":"4","group":"1","thetime":"1491433200","clicks":"0","impressions":"1"},{"id":"716","ad":"2","group":"2","thetime":"1491433200","clicks":"0","impressions":"1"},{"id":"717","ad":"1","group":"1","thetime":"1491436800","clicks":"0","impressions":"1"},{"id":"718","ad":"6","group":"2","thetime":"1491436800","clicks":"0","impressions":"1"},{"id":"719","ad":"4","group":"1","thetime":"1491436800","clicks":"0","impressions":"1"},{"id":"720","ad":"5","group":"2","thetime":"1491436800","clicks":"0","impressions":"1"},{"id":"721","ad":"6","group":"2","thetime":"1491440400","clicks":"0","impressions":"1"},{"id":"722","ad":"1","group":"1","thetime":"1491440400","clicks":"0","impressions":"1"},{"id":"723","ad":"4","group":"1","thetime":"1491440400","clicks":"0","impressions":"1"},{"id":"724","ad":"3","group":"1","thetime":"1491440400","clicks":"0","impressions":"1"},{"id":"725","ad":"5","group":"2","thetime":"1491440400","clicks":"0","impressions":"1"},{"id":"726","ad":"6","group":"2","thetime":"1491444000","clicks":"0","impressions":"11"},{"id":"727","ad":"1","group":"1","thetime":"1491444000","clicks":"0","impressions":"7"},{"id":"728","ad":"2","group":"2","thetime":"1491444000","clicks":"0","impressions":"9"},{"id":"729","ad":"5","group":"2","thetime":"1491444000","clicks":"0","impressions":"10"},{"id":"730","ad":"3","group":"1","thetime":"1491444000","clicks":"0","impressions":"8"},{"id":"731","ad":"4","group":"1","thetime":"1491444000","clicks":"0","impressions":"6"},{"id":"732","ad":"6","group":"2","thetime":"1491447600","clicks":"0","impressions":"13"},{"id":"733","ad":"2","group":"2","thetime":"1491447600","clicks":"0","impressions":"11"},{"id":"734","ad":"5","group":"2","thetime":"1491447600","clicks":"0","impressions":"11"},{"id":"735","ad":"4","group":"1","thetime":"1491447600","clicks":"0","impressions":"8"},{"id":"736","ad":"1","group":"1","thetime":"1491447600","clicks":"0","impressions":"11"},{"id":"737","ad":"3","group":"1","thetime":"1491447600","clicks":"0","impressions":"10"},{"id":"738","ad":"4","group":"1","thetime":"1491451200","clicks":"0","impressions":"1"},{"id":"739","ad":"3","group":"1","thetime":"1491451200","clicks":"0","impressions":"1"},{"id":"740","ad":"5","group":"2","thetime":"1491451200","clicks":"0","impressions":"1"},{"id":"741","ad":"6","group":"2","thetime":"1491451200","clicks":"0","impressions":"1"},{"id":"742","ad":"1","group":"1","thetime":"1491451200","clicks":"0","impressions":"1"},{"id":"743","ad":"5","group":"2","thetime":"1491454800","clicks":"0","impressions":"1"},{"id":"744","ad":"3","group":"1","thetime":"1491454800","clicks":"0","impressions":"1"},{"id":"745","ad":"6","group":"2","thetime":"1491454800","clicks":"0","impressions":"1"},{"id":"746","ad":"1","group":"1","thetime":"1491454800","clicks":"0","impressions":"1"},{"id":"747","ad":"4","group":"1","thetime":"1491454800","clicks":"0","impressions":"1"},{"id":"748","ad":"3","group":"1","thetime":"1491458400","clicks":"0","impressions":"2"},{"id":"749","ad":"5","group":"2","thetime":"1491458400","clicks":"0","impressions":"2"},{"id":"750","ad":"6","group":"2","thetime":"1491458400","clicks":"0","impressions":"2"},{"id":"751","ad":"1","group":"1","thetime":"1491458400","clicks":"0","impressions":"2"},{"id":"752","ad":"2","group":"2","thetime":"1491458400","clicks":"0","impressions":"1"},{"id":"753","ad":"3","group":"1","thetime":"1491462000","clicks":"0","impressions":"4"},{"id":"754","ad":"5","group":"2","thetime":"1491462000","clicks":"0","impressions":"2"},{"id":"755","ad":"6","group":"2","thetime":"1491462000","clicks":"0","impressions":"1"},{"id":"756","ad":"4","group":"1","thetime":"1491462000","clicks":"0","impressions":"2"},{"id":"757","ad":"1","group":"1","thetime":"1491462000","clicks":"0","impressions":"2"},{"id":"758","ad":"2","group":"2","thetime":"1491462000","clicks":"0","impressions":"2"},{"id":"759","ad":"3","group":"1","thetime":"1491465600","clicks":"0","impressions":"1"},{"id":"760","ad":"5","group":"2","thetime":"1491465600","clicks":"0","impressions":"1"},{"id":"761","ad":"1","group":"1","thetime":"1491465600","clicks":"0","impressions":"1"},{"id":"762","ad":"6","group":"2","thetime":"1491465600","clicks":"0","impressions":"1"},{"id":"763","ad":"4","group":"1","thetime":"1491465600","clicks":"0","impressions":"1"},{"id":"764","ad":"5","group":"2","thetime":"1491469200","clicks":"0","impressions":"3"},{"id":"765","ad":"3","group":"1","thetime":"1491469200","clicks":"0","impressions":"3"},{"id":"766","ad":"1","group":"1","thetime":"1491469200","clicks":"0","impressions":"3"},{"id":"767","ad":"6","group":"2","thetime":"1491469200","clicks":"0","impressions":"2"},{"id":"768","ad":"2","group":"2","thetime":"1491469200","clicks":"0","impressions":"2"},{"id":"769","ad":"4","group":"1","thetime":"1491469200","clicks":"0","impressions":"2"},{"id":"770","ad":"3","group":"1","thetime":"1491472800","clicks":"0","impressions":"2"},{"id":"771","ad":"5","group":"2","thetime":"1491472800","clicks":"0","impressions":"2"},{"id":"772","ad":"1","group":"1","thetime":"1491472800","clicks":"0","impressions":"1"},{"id":"773","ad":"6","group":"2","thetime":"1491472800","clicks":"0","impressions":"2"},{"id":"774","ad":"6","group":"2","thetime":"1491476400","clicks":"0","impressions":"4"},{"id":"775","ad":"1","group":"1","thetime":"1491476400","clicks":"0","impressions":"3"},{"id":"776","ad":"5","group":"2","thetime":"1491476400","clicks":"0","impressions":"4"},{"id":"777","ad":"3","group":"1","thetime":"1491476400","clicks":"0","impressions":"3"},{"id":"778","ad":"4","group":"1","thetime":"1491476400","clicks":"0","impressions":"1"},{"id":"779","ad":"2","group":"2","thetime":"1491476400","clicks":"0","impressions":"1"},{"id":"780","ad":"1","group":"1","thetime":"1491480000","clicks":"0","impressions":"1"},{"id":"781","ad":"6","group":"2","thetime":"1491480000","clicks":"0","impressions":"1"},{"id":"782","ad":"4","group":"1","thetime":"1491480000","clicks":"0","impressions":"1"},{"id":"783","ad":"5","group":"2","thetime":"1491480000","clicks":"0","impressions":"1"},{"id":"784","ad":"3","group":"1","thetime":"1491480000","clicks":"0","impressions":"1"},{"id":"785","ad":"6","group":"2","thetime":"1491483600","clicks":"0","impressions":"2"},{"id":"786","ad":"1","group":"1","thetime":"1491483600","clicks":"0","impressions":"2"},{"id":"787","ad":"4","group":"1","thetime":"1491483600","clicks":"0","impressions":"1"},{"id":"788","ad":"5","group":"2","thetime":"1491483600","clicks":"0","impressions":"1"},{"id":"789","ad":"6","group":"2","thetime":"1491487200","clicks":"0","impressions":"9"},{"id":"790","ad":"2","group":"2","thetime":"1491487200","clicks":"0","impressions":"5"},{"id":"791","ad":"5","group":"2","thetime":"1491487200","clicks":"0","impressions":"10"},{"id":"792","ad":"3","group":"1","thetime":"1491487200","clicks":"0","impressions":"8"},{"id":"793","ad":"1","group":"1","thetime":"1491487200","clicks":"0","impressions":"7"},{"id":"794","ad":"4","group":"1","thetime":"1491487200","clicks":"0","impressions":"1"},{"id":"795","ad":"6","group":"2","thetime":"1491490800","clicks":"0","impressions":"32"},{"id":"796","ad":"3","group":"1","thetime":"1491490800","clicks":"0","impressions":"24"},{"id":"797","ad":"5","group":"2","thetime":"1491490800","clicks":"0","impressions":"32"},{"id":"798","ad":"1","group":"1","thetime":"1491490800","clicks":"0","impressions":"25"},{"id":"799","ad":"2","group":"2","thetime":"1491490800","clicks":"0","impressions":"3"},{"id":"800","ad":"4","group":"1","thetime":"1491490800","clicks":"0","impressions":"8"},{"id":"801","ad":"4","group":"1","thetime":"1491494400","clicks":"0","impressions":"1"},{"id":"802","ad":"2","group":"2","thetime":"1491494400","clicks":"0","impressions":"1"},{"id":"803","ad":"3","group":"1","thetime":"1491494400","clicks":"0","impressions":"1"},{"id":"804","ad":"1","group":"1","thetime":"1491498000","clicks":"0","impressions":"1"},{"id":"805","ad":"6","group":"2","thetime":"1491498000","clicks":"0","impressions":"1"},{"id":"806","ad":"5","group":"2","thetime":"1491915600","clicks":"0","impressions":"8"},{"id":"807","ad":"1","group":"1","thetime":"1491915600","clicks":"0","impressions":"8"},{"id":"808","ad":"2","group":"2","thetime":"1491915600","clicks":"0","impressions":"7"},{"id":"809","ad":"4","group":"1","thetime":"1491915600","clicks":"0","impressions":"8"},{"id":"810","ad":"3","group":"1","thetime":"1491915600","clicks":"0","impressions":"7"},{"id":"811","ad":"6","group":"2","thetime":"1491915600","clicks":"0","impressions":"8"},{"id":"812","ad":"6","group":"2","thetime":"1491919200","clicks":"0","impressions":"3"},{"id":"813","ad":"5","group":"2","thetime":"1491919200","clicks":"0","impressions":"4"},{"id":"814","ad":"1","group":"1","thetime":"1492016400","clicks":"0","impressions":"1"},{"id":"815","ad":"5","group":"2","thetime":"1492016400","clicks":"0","impressions":"1"},{"id":"816","ad":"4","group":"1","thetime":"1492016400","clicks":"0","impressions":"1"},{"id":"817","ad":"6","group":"2","thetime":"1492016400","clicks":"0","impressions":"1"},{"id":"818","ad":"3","group":"1","thetime":"1492016400","clicks":"0","impressions":"1"},{"id":"819","ad":"2","group":"2","thetime":"1492016400","clicks":"0","impressions":"1"},{"id":"820","ad":"1","group":"1","thetime":"1492077600","clicks":"0","impressions":"1"},{"id":"821","ad":"4","group":"1","thetime":"1492077600","clicks":"0","impressions":"1"},{"id":"822","ad":"6","group":"2","thetime":"1492092000","clicks":"0","impressions":"1"},{"id":"823","ad":"3","group":"1","thetime":"1492092000","clicks":"0","impressions":"1"},{"id":"824","ad":"4","group":"1","thetime":"1492092000","clicks":"0","impressions":"1"},{"id":"825","ad":"5","group":"2","thetime":"1492092000","clicks":"0","impressions":"1"},{"id":"826","ad":"6","group":"2","thetime":"1492160400","clicks":"0","impressions":"1"},{"id":"827","ad":"5","group":"2","thetime":"1492160400","clicks":"0","impressions":"1"},{"id":"828","ad":"6","group":"2","thetime":"1492617600","clicks":"0","impressions":"13"},{"id":"829","ad":"5","group":"2","thetime":"1492617600","clicks":"0","impressions":"14"},{"id":"830","ad":"1","group":"1","thetime":"1492617600","clicks":"0","impressions":"3"},{"id":"831","ad":"4","group":"1","thetime":"1492617600","clicks":"0","impressions":"2"},{"id":"832","ad":"2","group":"2","thetime":"1492617600","clicks":"0","impressions":"1"},{"id":"833","ad":"3","group":"1","thetime":"1492617600","clicks":"0","impressions":"2"},{"id":"834","ad":"5","group":"2","thetime":"1492621200","clicks":"0","impressions":"2"},{"id":"835","ad":"6","group":"2","thetime":"1492621200","clicks":"0","impressions":"1"},{"id":"836","ad":"2","group":"2","thetime":"1492621200","clicks":"0","impressions":"1"},{"id":"837","ad":"1","group":"1","thetime":"1492621200","clicks":"0","impressions":"1"},{"id":"838","ad":"5","group":"2","thetime":"1492700400","clicks":"0","impressions":"2"},{"id":"839","ad":"6","group":"2","thetime":"1492700400","clicks":"0","impressions":"2"},{"id":"840","ad":"3","group":"1","thetime":"1492700400","clicks":"0","impressions":"1"},{"id":"841","ad":"3","group":"1","thetime":"1492707600","clicks":"0","impressions":"2"},{"id":"842","ad":"5","group":"2","thetime":"1492707600","clicks":"0","impressions":"2"},{"id":"843","ad":"1","group":"1","thetime":"1492707600","clicks":"0","impressions":"2"},{"id":"844","ad":"6","group":"2","thetime":"1492707600","clicks":"0","impressions":"2"},{"id":"845","ad":"2","group":"2","thetime":"1492707600","clicks":"0","impressions":"2"},{"id":"846","ad":"4","group":"1","thetime":"1492707600","clicks":"0","impressions":"2"},{"id":"847","ad":"5","group":"2","thetime":"1492783200","clicks":"0","impressions":"1"},{"id":"848","ad":"4","group":"1","thetime":"1492794000","clicks":"0","impressions":"12"},{"id":"849","ad":"6","group":"2","thetime":"1492794000","clicks":"0","impressions":"12"},{"id":"850","ad":"3","group":"1","thetime":"1492794000","clicks":"0","impressions":"12"},{"id":"851","ad":"5","group":"2","thetime":"1492794000","clicks":"0","impressions":"12"},{"id":"852","ad":"1","group":"1","thetime":"1492794000","clicks":"0","impressions":"12"},{"id":"853","ad":"2","group":"2","thetime":"1492794000","clicks":"0","impressions":"12"},{"id":"854","ad":"6","group":"2","thetime":"1493121600","clicks":"0","impressions":"2"},{"id":"855","ad":"1","group":"1","thetime":"1493121600","clicks":"0","impressions":"1"},{"id":"856","ad":"5","group":"2","thetime":"1493121600","clicks":"0","impressions":"1"},{"id":"857","ad":"3","group":"1","thetime":"1493121600","clicks":"0","impressions":"1"},{"id":"858","ad":"6","group":"2","thetime":"1493125200","clicks":"0","impressions":"17"},{"id":"859","ad":"1","group":"1","thetime":"1493125200","clicks":"0","impressions":"17"},{"id":"860","ad":"5","group":"2","thetime":"1493125200","clicks":"0","impressions":"16"},{"id":"861","ad":"3","group":"1","thetime":"1493125200","clicks":"0","impressions":"16"},{"id":"862","ad":"4","group":"1","thetime":"1493125200","clicks":"0","impressions":"16"},{"id":"863","ad":"2","group":"2","thetime":"1493125200","clicks":"0","impressions":"16"}]}