[{"sidebar":["search-2","recent-posts-2","recent-comments-2","archives-2","categories-2","meta-2"],"menu-right":["thim_layout_builder-3"],"footer-sidebar-1":["media_image-3"],"footer-sidebar-2":["text-2"],"footer-sidebar-3":["custom_html-1"],"footer-sidebar-4":["text-3"],"footer-sidebar-5":["text-4"],"rooms-below":["thim_layout_builder-4"]},{"search":{"2":{"title":""},"_multiwidget":1},"recent-posts":{"2":{"title":"","number":5},"_multiwidget":1},"recent-comments":{"2":{"title":"","number":5},"_multiwidget":1},"archives":{"2":{"title":"","count":0,"dropdown":0},"_multiwidget":1},"categories":{"2":{"title":"","count":0,"hierarchical":0,"dropdown":0},"_multiwidget":1},"meta":{"2":{"title":""},"_multiwidget":1},"thim_layout_builder":{"3":{"widget-class":"","content":"[vc_row][vc_column][thim-button title=\"Book Now\" style=\"primary\" size=\"lg\" alignment=\"center\" i_type=\"image\" i_icon_image=\"320\" css_animation=\"fadeInUp\" add_icon=\"true\" link=\"url:http%3A%2F%2Fdev.com%2Fmulti-purpose%2Fblog%2F2018%2F01%2F29%2Fhello-world%2F||target:%20_blank|\"][\/vc_column][\/vc_row]","custom_css":""},"4":{"widget-class":"","content":"[vc_row full_width=\"stretch_row_content_no_spaces\" css_animation=\"none\" el_class=\"thim-extra-section-contact\"][vc_column width=\"7\/12\"][thim-google-map map_center=\"South Amboy, New Jersey, USA\" height=\"462\" zoom=\"12\" marker_icon=\"327\" map_style=\"dark\" marker_at_center=\"true\"][\/vc_column][vc_column css_animation=\"none\" width=\"5\/12\"][vc_column_text css_animation=\"none\" el_class=\"thim-extra-contact-info\"]\r\n<h3>Contact Us<\/h3>\r\n<ul>\r\n \t<li><i class=\"ion-ios-telephone\"><\/i> <a href=\"tel:0123456789\">(0123) 456 789<\/a><\/li>\r\n \t<li><i class=\"ion-ios-email-outline\"><\/i> <a href=\"mailto:info@thimpress.com\">info@thimpress.com<\/a><\/li>\r\n \t<li><i class=\"ion-android-print\"><\/i> (0122) 456 789<\/li>\r\n \t<li><i class=\"ion-ios-location\"><\/i> A26BT5 Building, SilverC Street, New York.<\/li>\r\n<\/ul>\r\n[\/vc_column_text][\/vc_column][vc_column css=\".vc_custom_1517819704809{margin-bottom: 0px !important;}\"][vc_column_text css=\".vc_custom_1517819760622{margin-bottom: 0px !important;}\"][instagram-feed num=6 cols=6 showheader=false showfollow=false imagepadding=0 showbutton=false][\/vc_column_text][\/vc_column][\/vc_row]","custom_css":".vc_custom_1517819704809{margin-bottom: 0px !important;}.vc_custom_1517819760622{margin-bottom: 0px !important;}"},"_multiwidget":1},"media_image":{"3":{"attachment_id":519,"url":"http:\/\/penta.thimpress.com\/demo-7\/wp-content\/uploads\/sites\/7\/2018\/04\/Logo-1.png","title":"","size":"full","width":93,"height":85,"caption":"","alt":"","link_type":"custom","link_url":"","image_classes":"","link_classes":"","link_rel":"","link_target_blank":false,"image_title":"","widget-class":"","widget_logic":""},"_multiwidget":1},"text":{"2":{"title":"Phone Support","text":"<small>SOCIAL MEDIA CHANNELS<\/small>\r\n\r\n<a href=\"tel:0123456789\">(0123) 456 789<\/a>","filter":true,"visual":true,"widget-class":""},"3":{"title":"Office Hours","text":"<small>LUXYRY HOTEL<\/small>\r\n\r\n<a href=\"#\">Mo-Su: 8:00-22:00<\/a>","filter":true,"visual":true,"widget-class":""},"4":{"title":"Newsletter","text":"<small>SIGN UP FOR SPECIAL OFFERS<\/small>\r\n\r\n[mc4wp_form]","filter":true,"visual":true,"widget-class":""},"_multiwidget":1},"custom_html":{"1":{"title":"Connect With Us","content":"<p><small>24 HOURS A DAY<\/small><\/p>\r\n<ul class=\"list-inline\">\r\n<li class=\"list-inline-item\"><a href=\"http:\/\/facebook.com\/thimpress\/\"><i class=\"fa fa-facebook\" aria-hidden=\"true\"><\/i><\/a><\/li>\r\n\t<li class=\"list-inline-item\"><a href=\"http:\/\/twitter.com\/thimpress\/\"><i class=\"fa fa-twitter\" aria-hidden=\"true\"><\/i><\/a><\/li>\r\n<li class=\"list-inline-item\"><a href=\"http:\/\/pinterest.com\/thimpress\/\"><i class=\"fa fa-pinterest\" aria-hidden=\"true\"><\/i><\/a><\/li>\r\n<li class=\"list-inline-item\"><a href=\"http:\/\/linkedin.com\/thimpress\/\"><i class=\"fa fa-linkedin\" aria-hidden=\"true\"><\/i><\/a><\/li>\r\n<\/ul>","widget-class":""},"_multiwidget":1}}]