[{"wp_inactive_widgets":["text-1210000","text-1210006","text-1210008","text-1210015","courses-1210005","single-images-2","single-images-3","single-images-4","single-images-5","list-post-2","list-post-5","list-post-6","list-post-7","login-popup-2","courses-searching-2","course-categories-2","courses-2","courses-3","courses-4","courses-5","nav_menu-4","nav_menu-5","nav_menu-3","nav_menu-6","siteorigin-panels-builder-2","search-4","categories-2","text-2","search-3","nav_menu-7","nav_menu-8","nav_menu-9","siteorigin-panels-builder-4","nav_menu-10"],"sidebar":["search-4","categories-2","courses-6","single-images-6"],"toolbar":["text-2"],"menu_right":["login-popup-3","login-menu-2","woocommerce_widget_cart-2","courses-searching-3","button-2"],"footer":["siteorigin-panels-builder-9"],"footer_bottom":["siteorigin-panels-builder-7","siteorigin-panels-builder-10"],"copyright":["nav_menu-14"],"sidebar_courses":["course-categories-3","courses-7","single-images-7"]},{"search":{"4":{"title":"Search","widget-class":"","widget_logic":""},"3":{"title":"","widget-class":"","widget_logic":"(1==2)"},"_multiwidget":1},"categories":{"2":{"title":"","count":0,"hierarchical":0,"dropdown":0},"_multiwidget":1},"courses":{"6":{"title":"Latest Courses","order":"latest","cat_id":"all","layout":"list-sidebar","limit":3,"view_all_courses":"","view_all_position":"top","slider-options":{"show_navigation":true,"item_visible":"4","auto_play":0,"show_pagination":false},"grid-options":{"columns":"4"},"tabs-options":{"limit_tab":4,"cat_id_tab":false},"widget-class":"","featured":false,"widget_logic":""},"7":{"title":"Latest Courses","order":"latest","cat_id":"all","layout":"list-sidebar","limit":3,"view_all_courses":"","view_all_position":"top","slider-options":{"show_navigation":true,"item_visible":"4","auto_play":0,"show_pagination":false},"grid-options":{"columns":"4"},"tabs-options":{"limit_tab":4,"cat_id_tab":false},"widget-class":"","featured":false,"widget_logic":""},"1210005":{"title":"","order":"popular","cat_id":"all","layout":"slider","limit":6,"view_all_courses":"","slider-options":{"show_navigation":true,"item_visible":"4","show_pagination":false},"grid-options":{"columns":"2"},"widget-class":"","panels_info":{"class":"Thim_Courses_Widget","raw":false,"grid":2,"cell":0,"id":5,"widget_id":"844f9764-505f-4700-98ef-6f62da39aa4c","style":{"background_display":"tile"}},"id":"courses-1210005"},"2":{"heading_group":{"title":"Popular Courses","textcolor":false,"size":"h3","font_heading":"default","custom_font_heading":{"custom_font_size":18,"custom_font_weight":"normal"}},"desc_group":{"des":"","des_color":false,"des_font_size":16,"des_font_weight":"normal"},"order":"popular","layout":"list-sidebar","limit":3,"view_all_courses":"","slider-options":{"show_navigation":true,"item_visible":"4","show_pagination":false},"grid-options":{"columns":"2"},"widget-class":"","widget_logic":""},"3":{"heading_group":{"title":"Popular Courses","textcolor":false,"size":"h3","font_heading":"default","custom_font_heading":{"custom_font_size":18,"custom_font_weight":"normal"}},"desc_group":{"des":"","des_color":false,"des_font_size":16,"des_font_weight":"normal"},"order":"popular","layout":"list-sidebar","limit":3,"view_all_courses":"","slider-options":{"show_navigation":true,"item_visible":"4","show_pagination":false},"grid-options":{"columns":"2"},"widget-class":"","widget_logic":""},"4":{"heading_group":{"title":"Popular Courses","textcolor":false,"size":"h3","font_heading":"default","custom_font_heading":{"custom_font_size":18,"custom_font_weight":"normal"}},"desc_group":{"des":"","des_color":false,"des_font_size":16,"des_font_weight":"normal"},"order":"popular","layout":"list-sidebar","limit":3,"view_all_courses":"","slider-options":{"show_navigation":true,"item_visible":"4","show_pagination":false},"grid-options":{"columns":"2"},"widget-class":""},"5":{"heading_group":{"title":"Popular Courses","textcolor":false,"size":"h3","font_heading":"default","custom_font_heading":{"custom_font_size":18,"custom_font_weight":"normal"}},"desc_group":{"des":"","des_color":false,"des_font_size":16,"des_font_weight":"normal"},"order":"popular","layout":"list-sidebar","limit":3,"view_all_courses":"","slider-options":{"show_navigation":true,"item_visible":"4","show_pagination":false},"grid-options":{"columns":"2"},"widget-class":""},"_multiwidget":1},"single-images":{"6":{"image":3384,"image_size":"full","image_link":"#","link_target":"_self","image_alignment":"left","css_animation":false,"widget-class":"","widget_logic":""},"7":{"image":3384,"image_size":"full","image_link":"#","link_target":"_self","image_alignment":"left","css_animation":false,"widget-class":"","widget_logic":""},"2":{"image":3384,"image_size":"","image_link":"#","link_target":"_self","image_alignment":"left","css_animation":false,"widget-class":"","widget_logic":""},"3":{"image":1772,"image_size":"","image_link":"#","link_target":"_self","image_alignment":"left","css_animation":false,"widget-class":"","widget_logic":""},"4":{"image":1772,"image_size":"","image_link":"#","link_target":"_self","image_alignment":"left","css_animation":false,"widget-class":""},"5":{"image":3384,"image_size":"","image_link":"#","link_target":"_self","image_alignment":"left","css_animation":false,"widget-class":"","widget_logic":""},"_multiwidget":1},"text":{"2":{"title":"","text":"<div class=\"thim-have-any-question\">\r\nHave any question? \r\n<div class=\"mobile\"><i class=\"fa fa-phone\"><\/i><a href=\"tel:00123456789\" class=\"value\">(00) 123 456 789<\/a>\r\n<\/div>\r\n<div class=\"email\"><i class=\"fa fa-envelope\"><\/i><a href=\"mailto:hello@eduma.com\">hello@eduma.com<\/a>\r\n<\/div>\r\n<\/div>","filter":false,"widget-class":"","widget_logic":""},"1210000":{"title":"","text":"[rev_slider alias=\"home-page\"]","filter":false,"panels_info":{"class":"WP_Widget_Text","raw":false,"grid":0,"cell":0,"id":0,"widget_id":"c0e91dfd-6233-426c-a5b1-ff827868ab97","style":{"background_display":"tile"}},"id":"text-1210000"},"1210006":{"title":"","text":"<div class=\"thim-get-100s\">\n<p class=\"get-100s\">Get 100s of online <span class=\"thim-color\">Courses For Free<\/span><\/p>\n<h2>Register Now<\/h2>\n<\/div>","widget-class":"","filter":false,"panels_info":{"class":"WP_Widget_Text","raw":false,"grid":3,"cell":0,"id":6,"widget_id":"0367cc94-57fb-47fc-9dbc-a24f1de748c5","style":{"background_display":"tile"}},"id":"text-1210006"},"1210008":{"title":"","text":"<div class=\"thim-register-now-form\">\n<h3 class=\"title\"><span>Create your free account now and get immediate access to 100s of online courses.<\/span><\/h3>\n[contact-form-7 id=\"85\" title=\"Get It Now\"]\n<\/div>","widget-class":"","filter":false,"panels_info":{"class":"WP_Widget_Text","raw":false,"grid":3,"cell":1,"id":8,"widget_id":"1fe92111-ab4e-44f6-808b-f924d83b7dfa","style":{"background_display":"tile"}},"id":"text-1210008"},"1210015":{"title":"","text":"<div class=\"thim-newlleter-homepage\">\n<p class=\"description\">Subscribe now and receive weekly newsletter with educational materials, new courses, interesting posts, popular books and much more!<\/p>\n[mc4wp_form id=\"3101\"]\n<\/div>","widget-class":"","filter":false,"panels_info":{"class":"WP_Widget_Text","raw":false,"grid":7,"cell":0,"id":15,"widget_id":"23c8d57a-fb02-42f3-a21c-f81234600a23","style":{"background_display":"tile"}},"id":"text-1210015"},"_multiwidget":1},"login-popup":{"3":{"text_register":"Register","text_login":"Login","text_logout":"Logout","shortcode":"[miniorange_social_login shape=\"longbuttonwithtext\" theme=\"default\" space=\"4\" width=\"240\" height=\"40\"]","widget_logic":"!wp_is_mobile()","widget-class":""},"2":{"text_register":"Register","text_login":"Login","text_logout":"Logout","shortcode":"[miniorange_social_login shape=\"longbuttonwithtext\" theme=\"default\" space=\"4\" width=\"240\" height=\"40\"]","widget-class":"","widget_logic":""},"_multiwidget":1},"login-menu":{"2":{"text_login":"Login","text_register":"Register","text_logout":"Logout","widget_logic":"wp_is_mobile()","widget-class":""},"_multiwidget":1},"woocommerce_widget_cart":{"2":{"title":"Cart","hide_if_empty":0,"widget-class":"","widget_logic":"is_woocommerce()"},"_multiwidget":1},"courses-searching":{"3":{"layout":"overlay","title":"Search Courses","description":"Description for search course widget.","placeholder":"Search courses...","widget-class":"","widget_logic":"!is_page('home-version-2')"},"2":{"layout":"overlay","title":"","description":"","placeholder":"Search courses...","widget-class":"","widget_logic":"!is_page('home-version-2')"},"_multiwidget":1},"button":{"2":{"title":"GET STARTED","url":"#","custom_style":"custom_style","style_options":{"font_size":16,"font_weight":"600","border_width":"1px","color":"#ffffff","border_color":"#ffffff","bg_color":false,"hover_color":"#333333","hover_border_color":"#ffffff","hover_bg_color":"#ffffff"},"icon":{"icon":"","icon_size":14,"icon_position":false},"layout":{"button_size":"small","rounding":"very-rounded"},"widget_logic":"","widget-class":"","new_window":false},"_multiwidget":1},"siteorigin-panels-builder":{"9":{"panels_data":{"widgets":[{"title":"Contact","text":"<ul>\n \t<li><i class=\"lnr lnr-envelope\">&nbsp;<\/i> <a href=\"mailto:infor@thimpress.com\">infor@thimpress.com<\/a><\/li>\n \t<li><i class=\"lnr lnr-phone-handset\">&nbsp;<\/i> +(0123) 456 789<\/li>\n \t<li><i class=\"lnr lnr-phone\">&nbsp;<\/i> +(0122) 456 789<\/li>\n \t<li><i class=\"lnr lnr-map-marker\">&nbsp;<\/i> No 200 Joseob, Canada.<\/li>\n<\/ul>","filter":true,"visual":true,"widget-class":"","panels_info":{"class":"WP_Widget_Text","raw":false,"grid":0,"cell":0,"id":0,"widget_id":"e9de8365-714f-424d-9895-ac001e437890","style":{"id":"","class":"","widget_css":"","mobile_css":"","padding":"","mobile_padding":"","background":"","background_image_attachment":"0","background_display":"tile","border_color":"","font_color":"","link_color":""}}},{"title":"Company","nav_menu":7,"widget_logic":"","widget-class":"","panels_info":{"class":"WP_Nav_Menu_Widget","raw":false,"grid":0,"cell":1,"id":1,"widget_id":"78051d09-e41e-4875-9f12-58d526683b95","style":{"id":"","class":"","widget_css":"","mobile_css":"","padding":"","mobile_padding":"","background":"","background_image_attachment":"0","background_display":"tile","border_color":"","font_color":"","link_color":""}}},{"title":"Useful Links","nav_menu":21,"widget_logic":"","widget-class":"","panels_info":{"class":"WP_Nav_Menu_Widget","raw":false,"grid":0,"cell":2,"id":2,"widget_id":"cbf91091-84bb-49f3-ab33-1f70c2a91574","style":{"id":"","class":"","widget_css":"","mobile_css":"","padding":"","mobile_padding":"","background":"","background_image_attachment":"0","background_display":"tile","border_color":"","font_color":"","link_color":""}}},{"title":"Support","nav_menu":22,"widget_logic":"","widget-class":"","panels_info":{"class":"WP_Nav_Menu_Widget","raw":false,"grid":0,"cell":3,"id":3,"widget_id":"9c726c00-58dc-4c7b-a55b-e1a397648ef4","style":{"id":"","class":"","widget_css":"","mobile_css":"","padding":"","mobile_padding":"","background":"","background_image_attachment":"0","background_display":"tile","border_color":"","font_color":"","link_color":""}}},{"title":"Mobile","text":"<p>Click and Get started in seconds<\/p>\n<p><a href=\"#\"><img class=\"alignnone size-medium wp-image-417\" src=\"http:\/\/thim.staging.wpengine.com\/demo-5\/wp-content\/uploads\/sites\/46\/2018\/01\/btn_appstore_new.png\" alt=\"\" width=\"132\" height=\"47\"><\/a> <a href=\"#\"><img class=\"alignnone size-full wp-image-416\" src=\"http:\/\/thim.staging.wpengine.com\/demo-5\/wp-content\/uploads\/sites\/46\/2018\/01\/btn_googleplay_new.png\" alt=\"\" width=\"132\" height=\"47\"><\/a><\/p>","filter":true,"widget-class":"","visual":false,"widget_logic":"","panels_info":{"class":"WP_Widget_Text","grid":0,"cell":4,"id":4,"widget_id":"e42c09fc-693c-4b86-8bb9-f524b3311d08","style":{"id":"","class":"","widget_css":"","mobile_css":"","padding":"","mobile_padding":"","background":"","background_image_attachment":"0","background_display":"tile","border_color":"","font_color":"","link_color":""}}},{"image":8027,"image_size":"full","image_link":"","link_target":"_self","image_alignment":"left","css_animation":false,"widget_logic":"","widget-class":"","panels_info":{"class":"Thim_Single_Images_Widget","grid":1,"cell":0,"id":5,"widget_id":"b79e17a9-d397-448e-a3f3-659988e65ec2","style":{"id":"","class":"","widget_css":"","mobile_css":"","padding":"","mobile_padding":"","background":"","background_image_attachment":"0","background_display":"tile","border_color":"","font_color":"","link_color":""}}},{"nav_menu":103,"widget_logic":"","widget-class":"","panels_info":{"class":"WP_Nav_Menu_Widget","raw":false,"grid":1,"cell":1,"id":6,"widget_id":"4bf21935-1038-47a4-8787-3bd6a71f363f","style":{"id":"","class":"","widget_css":"","mobile_css":"","padding":"","mobile_padding":"","background":"","background_image_attachment":"0","background_display":"tile","border_color":"","font_color":"","link_color":""}}},{"title":"","style":false,"link_face":"#","link_twitter":"#","link_google":"#","link_dribble":"","link_linkedin":"#","link_pinterest":"","link_instagram":"","link_youtube":"","link_snapchat":"","link_target":"_self","widget-class":"","show_label":false,"panels_info":{"class":"Thim_Social_Widget","raw":false,"grid":1,"cell":2,"id":7,"widget_id":"1ac00566-d143-4914-9c67-1ef6f730533a","style":{"id":"","class":"","widget_css":"text-align: right;","mobile_css":"","padding":"","mobile_padding":"","background":"","background_image_attachment":"0","background_display":"tile","border_color":"","font_color":"","link_color":""}}}],"grids":[{"cells":5,"style":{"id":"","class":"thim_3_col_tablet","cell_class":"","row_css":"","mobile_css":"","bottom_margin":"","gutter":"","padding":"20px 0px 70px 0px","mobile_padding":"","row_stretch":"","collapse_behaviour":"","collapse_order":"","cell_alignment":"flex-start","background":"","background_image_attachment":"0","background_display":"tile","border_color":""},"ratio":1,"ratio_direction":"right"},{"cells":3,"style":{"id":"","class":"thim_footer_second thim-col-1-mobile","cell_class":"","row_css":"","mobile_css":"","bottom_margin":"","gutter":"","padding":"50px 0px 0px 0px","mobile_padding":"","row_stretch":"","collapse_behaviour":"","collapse_order":"","cell_alignment":"flex-start","background":"","background_image_attachment":"0","background_display":"tile","border_color":""},"ratio":1,"ratio_direction":"right"}],"grid_cells":[{"grid":0,"index":0,"weight":0.205,"style":[]},{"grid":0,"index":1,"weight":0.180833333334,"style":[]},{"grid":0,"index":2,"weight":0.176666666666,"style":[]},{"grid":0,"index":3,"weight":0.165,"style":[]},{"grid":0,"index":4,"weight":0.2725,"style":[]},{"grid":1,"index":0,"weight":0.168333333333,"style":[]},{"grid":1,"index":1,"weight":0.601666666667,"style":[]},{"grid":1,"index":2,"weight":0.23,"style":[]}]},"builder_id":"5a4e4765ad87f","widget_logic":"","widget-class":""},"7":{"panels_data":{"widgets":[{"title":"Get Newsletter","textcolor":"#ffffff","size":"h2","sub_heading":"Your download should start automatically, if not Click here. Should I give up, huh?","sub_heading_color":"#cccccc","font_heading":"custom","custom_font_heading":{"custom_font_size":50,"custom_font_weight":"200","custom_font_style":"inherit"},"bg_line":false,"text_align":"text-center","css_animation":false,"widget-class":"","clone_title":false,"line":false,"panels_info":{"class":"Thim_Heading_Widget","raw":false,"grid":0,"cell":0,"id":0,"widget_id":"e95b5d4c-5356-46ea-8e7c-9eab8a5da0b5","style":{"background_display":"tile"}}},{"title":"","text":"[mc4wp_form id=\"3101\"]","filter":true,"visual":true,"widget-class":"","widget_logic":"","panels_info":{"class":"WP_Widget_Text","raw":false,"grid":0,"cell":0,"id":1,"widget_id":"9054c78a-e06f-46c6-b62e-c7e6cb90af7c","style":{"id":"","class":"","widget_css":"","mobile_css":"","padding":"","mobile_padding":"","background":"","background_image_attachment":"0","background_display":"tile","border_color":"","font_color":"","link_color":""}}}],"grids":[{"cells":1,"style":{"id":"","class":"thim_overlay_dark_30 footer_newsletter","cell_class":"","row_css":"","mobile_css":"","bottom_margin":"","gutter":"","padding":"200px 0px 200px 0px","mobile_padding":"","row_stretch":"full","collapse_behaviour":"","collapse_order":"","cell_alignment":"flex-start","background":"","background_image_attachment":"8008","background_display":"fixed","border_color":""},"ratio":1,"ratio_direction":"right"}],"grid_cells":[{"grid":0,"index":0,"weight":1,"style":[]}]},"builder_id":"5a4e1413532e6","widget_logic":"!is_tax( 'course_category' ) && ! is_post_type_archive('lp_course') && ! is_singular('lp_course')","widget-class":""},"10":{"panels_data":{"widgets":[{"image":7990,"image_size":"full","image_link":"","link_target":"_self","image_alignment":"left","css_animation":false,"widget_logic":"","widget-class":"","panels_info":{"class":"Thim_Single_Images_Widget","raw":false,"grid":0,"cell":0,"id":0,"widget_id":"1efd1188-1c78-4fe3-b345-c9bc81b704e1","style":{"id":"","class":"","widget_css":"margin-top: -40px;","mobile_css":"","padding":"","mobile_padding":"","background":"","background_image_attachment":"0","background_display":"tile","border_color":"","font_color":"","link_color":""}}},{"title":"","text":"<h2>Become an Instructor<\/h2>\n<h4>Join our community of students around the world and sell your courses.<\/h4>","filter":true,"visual":true,"widget_logic":"","widget-class":"","panels_info":{"class":"WP_Widget_Text","raw":false,"grid":0,"cell":1,"id":1,"widget_id":"cae3f2bd-95ed-4543-815e-a2560351ee0d","style":{"id":"","class":"","widget_css":"","mobile_css":"","padding":"","mobile_padding":"","background":"","background_image_attachment":"0","background_display":"tile","border_color":"","font_color":"","link_color":""}}},{"title":"LEARN MORE","url":"#","custom_style":"custom_style","style_options":{"font_size":16,"font_weight":"700","border_width":"","color":"#333333","border_color":false,"bg_color":"#ffffff","hover_color":"#ffffff","hover_border_color":false,"hover_bg_color":"#2575fc"},"icon":{"icon":"","icon_size":14,"icon_position":false},"layout":{"button_size":"small","rounding":"very-rounded"},"widget_logic":"","widget-class":"","panels_info":{"class":"Thim_Button_Widget","grid":0,"cell":1,"id":2,"widget_id":"48f621b5-226a-42de-9192-f72516d3878f","style":{"id":"","class":"","widget_css":"","mobile_css":"","padding":"","mobile_padding":"","background":"","background_image_attachment":"0","background_display":"tile","border_color":"","font_color":"","link_color":""}},"new_window":false}],"grids":[{"cells":2,"style":{"id":"","class":"thim_footer_bottom_courses","cell_class":"","row_css":"","mobile_css":"","bottom_margin":"","gutter":"","padding":"","mobile_padding":"","row_stretch":"full","collapse_behaviour":"","collapse_order":"","cell_alignment":"center","background":"","background_image_attachment":"7989","background_display":"cover","border_color":""}}],"grid_cells":[{"grid":0,"index":0,"weight":0.400219298246,"style":[]},{"grid":0,"index":1,"weight":0.599780701754,"style":[]}]},"builder_id":"5a43c5e599e7f","widget_logic":"is_tax( 'course_category' ) || is_post_type_archive('lp_course') || is_singular('lp_course')","widget-class":""},"2":{"panels_data":"{\"widgets\":[{\"title_group\":{\"title\":\"Your Time Is Valuable\",\"color_title\":\"#333333\",\"size\":\"h3\",\"font_heading\":\"custom\",\"custom_heading\":{\"custom_font_size\":\"36\",\"custom_font_weight\":\"700\",\"custom_mg_bt\":\"\"}},\"desc_group\":{\"content\":\"Thanks for spending some of it with us.\",\"custom_font_size_des\":\"20\",\"custom_font_weight\":\"\",\"color_description\":\"#333333\"},\"read_more_group\":{\"link\":\"\",\"read_more\":\"complete_box\",\"button_read_more_group\":{\"read_text\":\"Read More\",\"read_more_text_color\":\"\",\"border_read_more_text\":\"\",\"bg_read_more_text\":\"\",\"read_more_text_color_hover\":\"\",\"bg_read_more_text_hover\":\"\"}},\"icon_type\":\"font-awesome\",\"font_7_stroke_group\":{\"icon\":\"\",\"icon_size\":\"14\"},\"font_awesome_group\":{\"icon\":\"\",\"icon_size\":\"14\"},\"font_image_group\":{\"icon_img\":\"\"},\"width_icon_box\":\"100\",\"color_group\":{\"icon_color\":\"\",\"icon_border_color\":\"\",\"icon_bg_color\":\"\",\"icon_hover_color\":\"\",\"icon_border_color_hover\":\"\",\"icon_bg_color_hover\":\"\"},\"layout_group\":{\"box_icon_style\":\"\",\"pos\":\"top\",\"text_align_sc\":\"text-center\",\"style_box\":\"\"},\"widget_background\":\"bg_video\",\"self_video\":\"83\",\"self_poster\":\"\",\"css_animation\":\"\",\"panels_info\":{\"class\":\"Thim_Icon_Box_Widget\",\"raw\":true,\"grid\":0,\"cell\":0,\"id\":0,\"style\":{\"class\":\"\",\"widget_css\":\"\",\"padding\":\"\",\"background\":\"\",\"background_image_attachment\":\"0\",\"background_display\":\"tile\",\"border_color\":\"\",\"font_color\":\"\"}}}],\"grids\":[{\"cells\":1,\"style\":{\"class\":\"thim-bg-color-overlay\",\"cell_class\":\"\",\"row_css\":\"\",\"bottom_margin\":\"\",\"gutter\":\"\",\"padding\":\"\",\"row_stretch\":\"full-stretched\",\"background\":\"\",\"background_image_attachment\":\"0\",\"background_display\":\"tile\",\"border_color\":\"\"}}],\"grid_cells\":[{\"grid\":0,\"weight\":1}]}","builder_id":"56457e67e8b4e","widget-class":"","widget_logic":"is_page_template('page-templates\/homepage.php')"},"4":{"panels_data":"{\"widgets\":[{\"title_group\":{\"title\":\"Your Time Is Valuable\",\"color_title\":\"#333333\",\"size\":\"h3\",\"font_heading\":\"custom\",\"custom_heading\":{\"custom_font_size\":\"36\",\"custom_font_weight\":\"700\",\"custom_mg_bt\":\"\"}},\"desc_group\":{\"content\":\"Thanks for spending some of it with us.\",\"custom_font_size_des\":\"20\",\"custom_font_weight\":\"\",\"color_description\":\"#333333\"},\"read_more_group\":{\"link\":\"\",\"read_more\":\"complete_box\",\"button_read_more_group\":{\"read_text\":\"Read More\",\"read_more_text_color\":\"\",\"border_read_more_text\":\"\",\"bg_read_more_text\":\"\",\"read_more_text_color_hover\":\"\",\"bg_read_more_text_hover\":\"\"}},\"icon_type\":\"font-awesome\",\"font_7_stroke_group\":{\"icon\":\"\",\"icon_size\":\"14\"},\"font_awesome_group\":{\"icon\":\"\",\"icon_size\":\"14\"},\"font_image_group\":{\"icon_img\":\"\"},\"width_icon_box\":\"100\",\"color_group\":{\"icon_color\":\"\",\"icon_border_color\":\"\",\"icon_bg_color\":\"\",\"icon_hover_color\":\"\",\"icon_border_color_hover\":\"\",\"icon_bg_color_hover\":\"\"},\"layout_group\":{\"box_icon_style\":\"\",\"pos\":\"top\",\"text_align_sc\":\"text-center\",\"style_box\":\"\"},\"widget_background\":\"bg_video\",\"self_video\":\"83\",\"self_poster\":\"\",\"css_animation\":\"\",\"panels_info\":{\"class\":\"Thim_Icon_Box_Widget\",\"raw\":true,\"grid\":0,\"cell\":0,\"id\":0,\"style\":{\"class\":\"\",\"widget_css\":\"\",\"padding\":\"\",\"background\":\"\",\"background_image_attachment\":\"0\",\"background_display\":\"tile\",\"border_color\":\"\",\"font_color\":\"\"}}}],\"grids\":[{\"cells\":1,\"style\":{\"class\":\"thim-bg-color-overlay\",\"cell_class\":\"\",\"row_css\":\"\",\"bottom_margin\":\"\",\"gutter\":\"\",\"padding\":\"\",\"row_stretch\":\"full-stretched\",\"background\":\"\",\"background_image_attachment\":\"0\",\"background_display\":\"tile\",\"border_color\":\"\"}}],\"grid_cells\":[{\"grid\":0,\"weight\":1}]}","builder_id":"56457e67e8b4e","widget-class":""},"_multiwidget":1},"nav_menu":{"14":{"nav_menu":24,"widget-class":""},"4":{"title":"Support","nav_menu":22,"widget-class":"col-sm-2","widget_logic":""},"5":{"title":"Recommend","nav_menu":23,"widget-class":"col-sm-2","widget_logic":""},"3":{"title":"Products","nav_menu":21,"widget-class":"col-sm-2","widget_logic":""},"6":{"nav_menu":24,"widget-class":"","widget_logic":""},"7":{"title":"Products","nav_menu":21,"widget-class":"col-sm-2"},"8":{"title":"Support","nav_menu":22,"widget-class":"col-sm-2"},"9":{"title":"Recommend","nav_menu":23,"widget-class":"col-sm-2"},"10":{"nav_menu":24,"widget-class":""},"_multiwidget":1},"course-categories":{"3":{"title":"All Courses","layout":"base","slider-options":{"limit":15,"show_navigation":true,"item_visible":"7","auto_play":0,"show_pagination":false},"widget-class":"","list-options":{"show_counts":false,"hierarchical":false},"widget_logic":""},"2":{"title":"All Courses","widget-class":"","show_counts":false,"hierarchical":false,"widget_logic":""},"_multiwidget":1},"list-post":{"2":{"title":"Latest Posts","cat_id":"9","image_size":"thumbnail","show_description":"no","number_posts":3,"orderby":"recent","order":"desc","link":"","text_link":"","style":"sidebar","widget-class":"","widget_logic":""},"5":{"title":"Latest Posts","cat_id":"9","image_size":"thumbnail","show_description":"no","number_posts":3,"orderby":"recent","order":"desc","link":"","text_link":"","style":"sidebar","widget-class":"","widget_logic":""},"6":{"title":"Latest Posts","cat_id":"9","image_size":"thumbnail","show_description":"no","number_posts":3,"orderby":"recent","order":"desc","link":"","text_link":"","style":"sidebar","widget-class":""},"7":{"title":"Latest Posts","cat_id":"9","image_size":"thumbnail","show_description":"no","number_posts":3,"orderby":"recent","order":"desc","link":"","text_link":"","style":"sidebar","widget-class":""},"_multiwidget":1}}]