[{"sidebar":["search-2","categories-2","list-post-3","tag_cloud-4","single-images-6","text-14"],"toolbar":["text-12","woocommerce_widget_cart-4","login-popup-2"],"footer":["text-15"],"footer_bottom":["text-16"],"copyright":["nav_menu-2"],"sidebar_courses":["courses-3","single-images-5","text-13"],"sidebar_shop":["woocommerce_product_categories-3","woocommerce_price_filter-3","woocommerce_products-3","woocommerce_product_tag_cloud-3"]},{"search":{"2":{"title":""},"_multiwidget":1},"categories":{"2":{"title":"","count":0,"hierarchical":0,"dropdown":0},"_multiwidget":1},"list-post":{"3":{"title":"Recent Posts","style":"no_style","cat_id":"6","image_size":"thumbnail","show_description":"no","number_posts":3,"orderby":"recent","order":"desc","feature_text":"Sticky Post","link":"","text_link":"","autoplayTimeout":0,"widget_logic":"","widget-class":"","autoplay":false},"_multiwidget":1},"tag_cloud":{"4":{"title":"Tags","count":0,"taxonomy":"post_tag","widget_logic":"","widget-class":""},"_multiwidget":1},"single-images":{"6":{"image":6646,"image_size":"full","image_link":"","link_target":"_self","image_alignment":"center","css_animation":false,"widget_logic":"","widget-class":""},"5":{"image":6646,"image_size":"full","image_link":"#","link_target":"_self","image_alignment":"center","css_animation":false,"widget_logic":"","widget-class":""},"_multiwidget":1},"text":{"14":{"title":"","text":"<iframe style=\"border: none; overflow: hidden;\" src=\"https:\/\/www.facebook.com\/plugins\/page.php?href=https%3A%2F%2Fwww.facebook.com%2FThimPress%2F&amp;tabs=timeline&amp;width=270&amp;height=500&amp;small_header=false&amp;adapt_container_width=true&amp;hide_cover=false&amp;show_facepile=true&amp;appId\" width=\"270\" height=\"322\"><\/iframe>","filter":true,"visual":true,"widget_logic":"","widget-class":""},"12":{"title":"","text":"<div class=\"thim-have-any-question\">\r\n<div class=\"mobile\"><i class=\"fa fa-phone\"><\/i><a class=\"value\" href=\"tel:00123456789\">(00) 123 456 789<\/a><\/div>\r\n<div class=\"email\"><i class=\"fa fa-envelope\"><\/i><a href=\"mailto:hello@eduma.com\">hello@eduma.com<\/a><\/div>\r\n<\/div>","filter":true,"visual":true,"widget_logic":"","widget-class":""},"15":{"title":"","text":"[INSERT_ELEMENTOR id=\"6870\"]","filter":true,"visual":true,"widget_logic":"","widget-class":""},"16":{"title":"","text":"[INSERT_ELEMENTOR id=\"6871\"]","filter":true,"visual":true,"widget_logic":"","widget-class":""},"13":{"title":"","text":"<iframe style=\"border: none; overflow: hidden;\" src=\"https:\/\/www.facebook.com\/plugins\/page.php?href=https%3A%2F%2Fwww.facebook.com%2FThimPress%2F&amp;tabs=timeline&amp;width=270&amp;height=500&amp;small_header=false&amp;adapt_container_width=true&amp;hide_cover=false&amp;show_facepile=true&amp;appId\" width=\"270\" height=\"322\"><\/iframe>","filter":true,"visual":true,"widget_logic":"","widget-class":""},"_multiwidget":1},"woocommerce_widget_cart":{"4":{"title":"","hide_if_empty":0,"widget-class":"","widget_logic":""},"_multiwidget":1},"login-popup":{"2":{"show_register":"1","text_register":"Register","text_login":"Login","text_logout":"Logout","shortcode":"[miniorange_social_login]","widget_logic":"","widget-class":""},"_multiwidget":1},"nav_menu":{"2":{"nav_menu":55,"widget_logic":"","widget-class":""},"_multiwidget":1},"courses":{"3":{"title":"Popular Courses","order":"popular","cat_id":"all","layout":"list-sidebar","limit":3,"view_all_courses":"","slider-options":{"show_navigation":true,"item_visible":"4","show_pagination":false},"grid-options":{"columns":"4"},"widget_logic":"","widget-class":""},"_multiwidget":1},"woocommerce_product_categories":{"3":{"title":"Product categories","orderby":"name","dropdown":0,"count":0,"hierarchical":1,"show_children_only":0,"hide_empty":0,"widget_logic":"","widget-class":""},"_multiwidget":1},"woocommerce_price_filter":{"3":{"title":"Filter by price","widget_logic":"","widget-class":""},"_multiwidget":1},"woocommerce_products":{"3":{"title":"Best Sellers","number":3,"show":"","orderby":"sales","order":"desc","hide_free":0,"show_hidden":0,"widget_logic":"","widget-class":""},"_multiwidget":1},"woocommerce_product_tag_cloud":{"3":{"title":"Product tags","widget_logic":"","widget-class":""},"_multiwidget":1}}]