[{"sidebar":["search-2","categories-2","thim_layout_builder-6","tag_cloud-2","media_image-2"],"topbar_left":["text-2"],"topbar_right":["thim_layout_builder-2"],"footer-sidebar-1":["text-4","thim_layout_builder-7"],"footer-sidebar-2":["nav_menu-2"],"footer-sidebar-3":["thim_layout_builder-8"],"footer-sidebar-4":["text-3"]},{"search":{"2":{"title":""},"_multiwidget":1},"categories":{"2":{"title":"","count":0,"hierarchical":0,"dropdown":0},"_multiwidget":1},"thim_layout_builder":{"6":{"widget-class":"","content":"[vc_row][vc_column][vc_wp_text title=\"Recent News\u00a0\"][\/vc_wp_text][thim-posts layout=\"style-3\" post_limit=\"3\" order=\"ASC\" post_button=\"true\" info_button=\"true\"][\/vc_column][\/vc_row]","custom_css":""},"2":{"widget-class":"","content":"[vc_row][vc_column][vc_wp_text]\r\n<div class=\"mobile\">Free call: <a href=\"tel:043656-9697\">(04) 3656-9697<\/a><\/div>\r\n[\/vc_wp_text][\/vc_column][\/vc_row][vc_row][vc_column][thim-social-links style=\"style-02\" alignment=\"center\" social_links=\"%5B%7B%22icon%22%3A%22fa%20fa-facebook%22%2C%22link%22%3A%22%23%22%7D%2C%7B%22icon%22%3A%22fa%20fa-twitter%22%2C%22link%22%3A%22%23%22%7D%2C%7B%22icon%22%3A%22fa%20fa-pinterest-p%22%2C%22link%22%3A%22%23%22%7D%2C%7B%22icon%22%3A%22fa%20fa-linkedin%22%2C%22link%22%3A%22%23%22%7D%2C%7B%22icon%22%3A%22fa%20fa-google-plus%22%2C%22link%22%3A%22%23%22%7D%5D\"][\/vc_column][\/vc_row]","custom_css":""},"7":{"widget-class":"","content":"[vc_row][vc_column][vc_empty_space height=\"40px\"][thim-button heading=\"Brochure\" link=\"#\" icon_type=\"none\" custom_style=\"yes\" heading_weight=\"normal\" heading_transform=\"uppercase\" text_color=\"#fd542e\" border_color=\"#fd542e\" text_hover_color=\"#ffffff\" border_hover_color=\"#fd542e\" button_hover_color=\"#fd542e\" border_radius=\"20\"][\/vc_column][\/vc_row]","custom_css":""},"8":{"widget-class":"","content":"[vc_row][vc_column width=\"1\/2\"][vc_wp_custommenu title=\"NAVIGATION\" nav_menu=\"29\"][\/vc_column][vc_column width=\"1\/2\"][vc_wp_custommenu title=\"NAVIGATION\" nav_menu=\"67\" el_class=\"title-hidden\"][\/vc_column][\/vc_row]","custom_css":""},"_multiwidget":1},"tag_cloud":{"2":{"title":"Tags","count":0,"taxonomy":"post_tag","widget-class":""},"_multiwidget":1},"media_image":{"2":{"attachment_id":6758,"url":"http:\/\/construction.thimpress.com\/wp-content\/uploads\/sites\/2\/2017\/10\/blog-1c.jpg","title":"","size":"full","width":318,"height":318,"caption":"","alt":"","link_type":"custom","link_url":"http:\/\/construction.thimpress.com\/construction-2","image_classes":"","link_classes":"","link_rel":"","image_title":"","widget-class":"","link_target_blank":false},"_multiwidget":1},"text":{"2":{"title":"","text":"Hello, welcome to our Construction Services.","filter":true,"visual":true,"widget-class":""},"4":{"title":"ABOUT US","text":"For over 20 years, commitment to our core values has made Construction the ideal building partner for the most forward-thinking organizations.","filter":true,"visual":true,"widget-class":""},"3":{"title":"CONNECT US","text":"<div class=\"thim-location\">\r\n<p class=\"info\"><i class=\"fa fa-phone\"><\/i><a href=\"tel:00123456789\">+00 123 456 789<\/a><\/p>\r\n<p class=\"info\"><i class=\"fa fa-envelope-o\"><\/i><a href=\"mailto:support@thimpress.com\">support@thimpress.com<\/a><\/p>\r\n<p class=\"info\"><i class=\"fa fa-fax\"><\/i><a href=\"tel:00123456789\">+00 123 456 789<\/a><\/p>\r\n<p class=\"info\"><i class=\"fa fa-map-marker\"><\/i> A26BT5 Building, SilverC Street, London.<\/p>\r\n\r\n<\/div>","filter":true,"visual":true,"widget-class":""},"_multiwidget":1},"nav_menu":{"2":{"title":"OUR PROJECTS","nav_menu":30,"widget-class":""},"_multiwidget":1}}]