[{"wp_inactive_widgets":["archives-2","meta-2","search-2","categories-2","recent-posts-2","recent-comments-2"],"topbar_left":["text-6"],"topbar_right":["nav_menu-4","thim-search-posts-2","thim-login-popup-2"],"sidebar":["search-4","thim-list-courses-2","text-9","thim-posts-2","tag_cloud-3"],"sidebar-courses":["search-3","thim_layout_builder-11","tag_cloud-1"],"sidebar-events":["search-5","thim_layout_builder-9","tag_cloud-4"],"menu-right":["thim-button-2"],"footer-top":["siteorigin-panels-builder-3"],"footer-sidebar-1":["text-8","thim-social-links-2"],"footer-sidebar-2":["nav_menu-3"],"footer-sidebar-3":["text-7"],"footer-sidebar-4":["media_image-2"]},{"text":{"6":{"title":"","text":"<ul><li class=\"phone-topbar\"><i class=\"ion ion-ios-telephone\"><\/I> Need help? Call us now: <a href=\"#\" class=\"special-link\">(+88) 12 345 6789<\/a><\/li><li class=\"email-topbar\"><i class=\"ion ion-android-mail\"><\/i><a href=\"#\" class=\"normal-link\">hello@eduma.com<\/a><\/li><\/ul>","filter":true,"visual":true,"widget-class":""},"9":{"title":"","text":"<img class=\"alignnone size-medium wp-image-1134\" src=\"http:\/\/ivy-school.thimpress.com\/ivy-school-2\/wp-content\/uploads\/sites\/11\/2018\/10\/ad-1-276x300.jpg\" alt=\"\" width=\"276\" height=\"300\" \/>","filter":true,"visual":true,"widget-class":""},"8":{"title":"","text":"<img class=\"alignnone wp-image-1507 size-full\" src=\"http:\/\/ivy-school.thimpress.com\/demo-so-2\/wp-content\/uploads\/sites\/11\/2018\/11\/logo-home2-1.png\" alt=\"\" width=\"220\" height=\"64\" \/>\r\n\r\nLorem ipsum dolor. Mauris fermentum dictum magna. Sed laoreet\r\n\r\n[yikes-mailchimp form=\"1\"]","filter":true,"visual":true,"widget-class":""},"7":{"title":"Connect us","text":"<ul class=\"thim-contact-list\">\r\n \t<li><i class=\"fa fa-phone\" aria-hidden=\"true\"><\/i> <a href=\"tel:00123456789\">(+00) 123456-789<\/a><\/li>\r\n \t<li><i class=\"fa fa-envelope-o\" aria-hidden=\"true\"><\/i> <a href=\"mailto:info@thimpress.com\"> info@thimpress.com<\/a><\/li>\r\n \t<li><i class=\"fa fa-fax\" aria-hidden=\"true\"><\/i> (+01) 123456-789<\/li>\r\n \t<li><i class=\"fa fa-map-marker\" aria-hidden=\"true\"><\/i> PO Box 97845 Baker st. 567, Los Angeles, California, US.<\/li>\r\n<\/ul>","filter":true,"visual":true,"widget-class":""},"_multiwidget":1},"nav_menu":{"4":{"nav_menu":30,"widget-class":" link-topbar"},"3":{"title":"Useful Links","nav_menu":31,"widget-class":""},"_multiwidget":1},"thim-search-posts":{"2":{"layout":"layout-1","title":"","show_excerpt":true,"show_readmore":true,"el_class":"","el_id":"","widget-class":" ","design_options":{"bp_css":""},"show_number_favorite":false},"_multiwidget":1},"thim-login-popup":{"2":{"layout":"layout-2","text_login":"My Account","text_register":"Register","text_logout":"Logout","shortcode":"","popup_image":0,"el_class":"","el_id":"","widget-class":"","design_options":{"bp_css":""}},"_multiwidget":1},"search":{"4":{"title":"","widget-class":""},"3":{"title":""},"5":{"title":"","widget-class":""},"2":{"title":""},"_multiwidget":1},"thim-list-courses":{"2":{"layout":"layout-list","title":"Latest Courses","filter_by":"","category":"","number_items":3,"button":"","items_visible":4,"items_tablet":2,"items_mobile":1,"el_class":"","el_id":"","widget-class":"","design_options":{"bp_css":""}},"_multiwidget":1},"thim-posts":{"2":{"layout":"layout-list-2","title":"Latest Posts","post_link":"","category":"","number":3,"show_date":true,"show_excerpt":true,"show_readmore":true,"el_class":"","el_id":"","widget-class":"","show_author":false,"show_number_comments":false,"show_number_favorite":false,"design_options":{"bp_css":""}},"_multiwidget":1},"tag_cloud":{"3":{"title":"Tags","count":0,"taxonomy":"post_tag","widget-class":""},"1":{"title":"Tags","count":0,"taxonomy":"post_tag","widget-class":""},"4":{"title":"Tags","count":0,"taxonomy":"post_tag","widget-class":""},"_multiwidget":1},"thim_layout_builder":{"11":{"widget-class":"","content":"[vc_row css=\".vc_custom_1539864414850{margin-bottom: 50px !important;}\"][vc_column][thim-testimonials layout=\"layout-slider-3\" testimonials=\"%5B%7B%22name%22%3A%22John%20Doe%22%2C%22website%22%3A%22%23%22%2C%22works%22%3A%22Founder%22%2C%22content%22%3A%22This%20is%20my%20first%20time%20to%20consult%20in%20this%20hospital%20and%20I%E2%80%99m%20lucky%20I%20got%20a%20perfect%20doctor%20who%20takes%20care%20of%20me%20since%20day%20one%20of%20my%20consultation%2C%20until%20the%20day%20of%20my%20surgery.%22%7D%2C%7B%22name%22%3A%22John%20Doe%22%2C%22website%22%3A%22%23%22%2C%22works%22%3A%22Founder%22%2C%22content%22%3A%22This%20is%20my%20first%20time%20to%20consult%20in%20this%20hospital%20and%20I%E2%80%99m%20lucky%20I%20got%20a%20perfect%20doctor%20who%20takes%20care%20of%20me%20since%20day%20one%20of%20my%20consultation%2C%20until%20the%20day%20of%20my%20surgery.%22%7D%2C%7B%22name%22%3A%22John%20Doe%22%2C%22website%22%3A%22%23%22%2C%22works%22%3A%22Founder%22%2C%22content%22%3A%22This%20is%20my%20first%20time%20to%20consult%20in%20this%20hospital%20and%20I%E2%80%99m%20lucky%20I%20got%20a%20perfect%20doctor%20who%20takes%20care%20of%20me%20since%20day%20one%20of%20my%20consultation%2C%20until%20the%20day%20of%20my%20surgery.%22%7D%5D\" items_visible=\"1\" items_tablet=\"1\" items_mobile=\"1\"][\/vc_column][\/vc_row][vc_row css=\".vc_custom_1539864841172{margin-bottom: 50px !important;}\"][vc_column][thim-course-categories title=\"Categories\" show_count=\"true\" show_hierarchy=\"\"][\/vc_column][\/vc_row][vc_row css=\".vc_custom_1539864424395{margin-bottom: 50px !important;}\"][vc_column][thim-list-courses title=\"latest course\" number_items=\"3\"][\/vc_column][\/vc_row]","custom_css":".vc_custom_1539864414850{margin-bottom: 50px !important;}.vc_custom_1539864841172{margin-bottom: 50px !important;}.vc_custom_1539864424395{margin-bottom: 50px !important;}"},"9":{"widget-class":"","content":"[vc_row css=\".vc_custom_1539865024030{margin-bottom: 50px !important;}\"][vc_column][thim-testimonials layout=\"layout-slider-3\" testimonials=\"%5B%7B%22name%22%3A%22John%20Doe%22%2C%22website%22%3A%22%23%22%2C%22works%22%3A%22Founder%22%2C%22content%22%3A%22This%20is%20my%20first%20time%20to%20consult%20in%20this%20hospital%20and%20I%E2%80%99m%20lucky%20I%20got%20a%20perfect%20doctor%20who%20takes%20care%20of%20me%20since%20day%20one%20of%20my%20consultation%2C%20until%20the%20day%20of%20my%20surgery.%22%7D%2C%7B%22name%22%3A%22John%20Doe%22%2C%22website%22%3A%22%23%22%2C%22works%22%3A%22Founder%22%2C%22content%22%3A%22This%20is%20my%20first%20time%20to%20consult%20in%20this%20hospital%20and%20I%E2%80%99m%20lucky%20I%20got%20a%20perfect%20doctor%20who%20takes%20care%20of%20me%20since%20day%20one%20of%20my%20consultation%2C%20until%20the%20day%20of%20my%20surgery.%22%7D%5D\" items_visible=\"1\" items_tablet=\"1\" items_mobile=\"1\"][\/vc_column][\/vc_row][vc_row][vc_column][thim-event-calendar title=\"Calendar\"][\/vc_column][\/vc_row]","custom_css":".vc_custom_1539865024030{margin-bottom: 50px !important;}"},"_multiwidget":1},"thim-button":{"2":{"link":"","style":"","size":"normal","shape":"square","button_border_width":0,"align":"align-left","typography":{"button_font_size":0,"button_font_weight":""},"color":{"bg_color":false,"text_color":false,"bg_hover_color":false,"text_hover_color":false,"border_color":false,"border_hover_color":false},"spacing":{"button_margin":"0px","button_padding":"","button_line_height":0},"icon_type":"icon_fontawesome","icon_fontawesome":"","icon_ionicon":"","icon_upload":0,"icon_alignment":"left","el_class":"","el_id":"","widget-class":"","design_options":{"bp_css":"","bp_css_tablet":"","bp_css_mobile":""}},"_multiwidget":1},"siteorigin-panels-builder":{"3":{"panels_data":{"widgets":[{"panels_data":{"widgets":[{"layout":"layout-1","icon_type":"icon_upload","icon_fontawesome":"paper-plane-o","icon_ionicon":"paper-plane-o","icon_upload":115,"icon_shape":"","icon_position":"icon-top","box_link":"","title":"VISIT SCHOOL","description":"We employed only the best of the best","button":"","text_align":"text-center","typography":{"box_icon_width":96,"box_icon_height":96,"title_tag":"h3","title_font_size":18,"title_font_weight":"500","icon_font_size":50,"desc_font_weight":"300","desc_font_size":16},"color":{"icon_color":"#393a3a","icon_border_color":false,"icon_background_color":false,"link_color":"#ffffff","icon_hover_border_color":false,"icon_hover_background_color":false,"link_hover_color":"#ffffff","title_color":"#ffffff","desc_color":"#ffffff","button_text_color":false,"button_text_hover_color":false},"spacing":{"icon_margin":"0px","title_margin":"0px 0 10px","title_custom_css":"","desc_margin":"0px","desc_custom_css":""},"el_class":"","el_id":"","widget-class":"","panels_info":{"class":"BuilderPress_SO_Icon_Box","grid":0,"cell":0,"id":0,"widget_id":"d30507ba-f3ba-4778-b6a7-8af8204a6ed0","style":{"id":"","class":"","widget_css":"","mobile_css":"","margin":"30px 0px 40px 0px","padding":"0px 70px 0px 70px","mobile_padding":"","background":"","background_image_attachment":"0","background_image_attachment_fallback":"","background_display":"tile","border_color":"","font_color":"","link_color":""}},"show_line":false,"design_options":{"bp_css":""}}],"grids":[{"cells":1,"style":[]}],"grid_cells":[{"grid":0,"index":0,"weight":1,"style":[]}]},"builder_id":"5bfceda61d16d","widget-class":"","panels_info":{"class":"SiteOrigin_Panels_Widgets_Layout","raw":false,"grid":0,"cell":0,"id":0,"widget_id":"1ff35381-64b3-4c9d-83a7-44748d066cd3","style":{"id":"","class":"","widget_css":"","mobile_css":"","margin":"","padding":"","mobile_padding":"","background":"#f8b944","background_image_attachment":"0","background_image_attachment_fallback":"","background_display":"tile","border_color":"","font_color":"","link_color":""}}},{"panels_data":{"widgets":[{"layout":"layout-1","icon_type":"icon_upload","icon_fontawesome":"tag","icon_ionicon":"paper-plane-o","icon_upload":114,"icon_shape":"circle","icon_position":"icon-top","box_link":"","title":"INQUIRE","description":"We employed only the best of the best","button":"","text_align":"text-center","typography":{"box_icon_width":96,"box_icon_height":96,"title_tag":"h3","title_font_size":18,"title_font_weight":"500","icon_font_size":50,"desc_font_weight":"300","desc_font_size":16},"color":{"icon_color":"#393a3a","icon_border_color":false,"icon_background_color":false,"link_color":"#ffffff","icon_hover_border_color":false,"icon_hover_background_color":false,"link_hover_color":"#ffffff","title_color":"#ffffff","desc_color":"#ffffff","button_text_color":false,"button_text_hover_color":false},"spacing":{"icon_margin":"0px","title_margin":"0px 0 10px","title_custom_css":"","desc_margin":"0px","desc_custom_css":""},"el_class":"","el_id":"","widget-class":"","panels_info":{"class":"BuilderPress_SO_Icon_Box","grid":0,"cell":0,"id":0,"widget_id":"d30507ba-f3ba-4778-b6a7-8af8204a6ed0","style":{"id":"","class":"","widget_css":"","mobile_css":"","margin":"30px 0px 40px 0px","padding":"0px 70px 0px 70px","mobile_padding":"","background":"","background_image_attachment":"0","background_image_attachment_fallback":"","background_display":"tile","border_color":"","font_color":"","link_color":""}},"show_line":false,"design_options":{"bp_css":""}}],"grids":[{"cells":1,"style":[]}],"grid_cells":[{"grid":0,"index":0,"weight":1,"style":[]}]},"builder_id":"5c088a8ac3a74","widget-class":"","panels_info":{"class":"SiteOrigin_Panels_Widgets_Layout","grid":0,"cell":1,"id":1,"widget_id":"2dad0cc5-99c2-4ce7-9ff6-18239362cc2e","style":{"id":"","class":"","widget_css":"","mobile_css":"","margin":"","padding":"","mobile_padding":"","background":"#0073bb","background_image_attachment":"0","background_image_attachment_fallback":"","background_display":"tile","border_color":"","font_color":"","link_color":""}}},{"panels_data":{"widgets":[{"layout":"layout-1","icon_type":"icon_upload","icon_fontawesome":"tag","icon_ionicon":"paper-plane-o","icon_upload":113,"icon_shape":"circle","icon_position":"icon-top","box_link":"","title":"ONLINE APPLICATION","description":"We employed only the best of the best","button":"","text_align":"text-center","typography":{"box_icon_width":96,"box_icon_height":96,"title_tag":"h3","title_font_size":18,"title_font_weight":"500","icon_font_size":50,"desc_font_weight":"300","desc_font_size":16},"color":{"icon_color":"#393a3a","icon_border_color":false,"icon_background_color":false,"link_color":"#ffffff","icon_hover_border_color":false,"icon_hover_background_color":false,"link_hover_color":"#ffffff","title_color":"#ffffff","desc_color":"#ffffff","button_text_color":false,"button_text_hover_color":false},"spacing":{"icon_margin":"0px","title_margin":"0px 0 10px","title_custom_css":"","desc_margin":"0px","desc_custom_css":""},"el_class":"","el_id":"","widget-class":"","panels_info":{"class":"BuilderPress_SO_Icon_Box","grid":0,"cell":0,"id":0,"widget_id":"d30507ba-f3ba-4778-b6a7-8af8204a6ed0","style":{"id":"","class":"","widget_css":"","mobile_css":"","margin":"30px 0px 40px 0px","padding":"0px 70px 0px 70px","mobile_padding":"","background":"","background_image_attachment":"0","background_image_attachment_fallback":"","background_display":"tile","border_color":"","font_color":"","link_color":""}},"show_line":false,"design_options":{"bp_css":""}}],"grids":[{"cells":1,"style":[]}],"grid_cells":[{"grid":0,"index":0,"weight":1,"style":[]}]},"builder_id":"5c088a8ac3c6a","widget-class":"","panels_info":{"class":"SiteOrigin_Panels_Widgets_Layout","grid":0,"cell":2,"id":2,"widget_id":"600927a7-d929-41c6-8490-4109731502a4","style":{"id":"","class":"","widget_css":"","mobile_css":"","margin":"","padding":"","mobile_padding":"","background":"#e23bcd","background_image_attachment":"0","background_image_attachment_fallback":"","background_display":"tile","border_color":"","font_color":"","link_color":""}}},{"layout":"layout-slider","title":"Twitter","username":"thimpress","number":2,"el_class":"","el_id":"","widget-class":"","design_options":{"bp_css":""},"panels_info":{"class":"BuilderPress_SO_Twitter","raw":false,"grid":1,"cell":0,"id":3,"widget_id":"661fa42a-1646-4640-b80b-8575b361df3f","style":{"id":"","class":"","widget_css":"","mobile_css":"","margin":"","padding":"","mobile_padding":"","background":"","background_image_attachment":"0","background_image_attachment_fallback":"","background_display":"tile","border_color":"","font_color":"","link_color":""}}}],"grids":[{"cells":3,"style":{"id":"","class":"","cell_class":"","row_css":"position: relative;\nz-index: 1;","mobile_css":"","bottom_margin":"-100px","gutter":"0px","padding":"","mobile_padding":"","row_stretch":"full","collapse_behaviour":"","collapse_order":"","cell_alignment":"flex-start","background":"","background_image_attachment":"0","background_image_attachment_fallback":"","background_display":"tile","border_color":""},"color_label":"","label":""},{"cells":1,"style":{"id":"","class":"thim_overlay_171717075","cell_class":"","row_css":"","mobile_css":"","bottom_margin":"","gutter":"","padding":"190px 0px 70px 0px","mobile_padding":"","row_stretch":"full","collapse_behaviour":"","collapse_order":"","cell_alignment":"flex-start","background":"","background_image_attachment":"1605","background_image_attachment_fallback":"","background_display":"tile","border_color":""},"ratio":1,"ratio_direction":"right"}],"grid_cells":[{"grid":0,"index":0,"weight":0.33333333333333,"style":[]},{"grid":0,"index":1,"weight":0.33333333333333,"style":[]},{"grid":0,"index":2,"weight":0.33333333333333,"style":[]},{"grid":1,"index":0,"weight":1,"style":[]}]},"builder_id":"5c088a8ac38f2","widget-class":" "},"_multiwidget":1},"thim-social-links":{"2":{"title":"","links":{"#links#":{"icon":"linkedin","url":""},"0":{"url":"#","icon":""},"1":{"url":"#","icon":""},"2":{"url":"#","icon":""},"3":{"url":"#","icon":""}},"el_class":"","el_id":"","widget-class":"","design_options":{"bp_css":""}},"_multiwidget":1},"media_image":{"2":{"attachment_id":990,"url":"http:\/\/ivy-school.thimpress.com\/wp-content\/uploads\/2018\/10\/map-footer-2-300x145.png","title":"our worldwide office","size":"medium","width":300,"height":145,"caption":"","alt":"","link_type":"custom","link_url":"","image_classes":"","link_classes":"","link_rel":"","link_target_blank":false,"image_title":"","widget-class":""},"_multiwidget":1},"archives":{"2":{"title":"","count":0,"dropdown":0},"_multiwidget":1},"meta":{"2":{"title":""},"_multiwidget":1},"categories":{"2":{"title":"","count":0,"hierarchical":0,"dropdown":0},"_multiwidget":1},"recent-posts":{"2":{"title":"","number":5},"_multiwidget":1},"recent-comments":{"2":{"title":"","number":5},"_multiwidget":1}}]