[{"logo_left":["text-13"],"logo_right":["social-4"],"sidebar-1":["text-1210012","categories-2","list-post-2","text-10"],"toolbar":["text-11"],"menu_right":["text-12","social-5"],"footer":["text-1210011"],"footer_copyright":["copyright-2"]},{"text":{"13":{"title":"","text":"<ul>\r\n\t<li><a href=\"#\">PL<\/a><\/li>\r\n\t<li class=\"current-lang\"><a href=\"#\">EN<\/a><\/li>\r\n\t<li><a href=\"#\">JP<\/a><\/li>\r\n<\/ul>","filter":false,"widget-class":""},"1210012":{"title":"About Blog","text":"<div class=\"thim-sidebar-about-blog\">\r\n<div class=\"thim-image\"><img  src=\"\/\/sailing.thimpress.com\/elementor04\/wp-content\/uploads\/sites\/14\/2015\/09\/sidebar-about-blog-1.jpg\" alt=\"About blog\" \/><img class=\"thim-logo\" src=\"\/\/sailing.thimpress.com\/elementor04\/wp-content\/uploads\/sites\/14\/2015\/09\/logo-1.png\" alt=\"Sailing\" width=\"135\" height=\"55\"><div class=\"thim-bg-color\"><\/div><\/div><div class=\"thim-description\">Typi non habent claritatem insitam; est usus legentis in iis qui facit eorum claritatem. Investigationes demonstraverunt.<\/div><\/div>","filter":true,"visual":true,"widget-class":""},"10":{"title":"Pinterest","text":"<a data-pin-board-width=\"270\" data-pin-do=\"embedBoard\" data-pin-scale-height=\"320\" data-pin-scale-width=\"80\" href=\"https:\/\/www.pinterest.com\/pinterest\/official-news\/\"><\/a>\r\n<!-- Please call pinit.js only once per page -->\r\n<script async defer src=\"\/\/assets.pinterest.com\/js\/pinit.js\"><\/script>","filter":false,"widget-class":"thim-sidebar-pinterest"},"11":{"title":"","text":"Call Us. <a href=\"tel:00123456789\" class=\"value\"><b>+00 123 456 789<\/b><\/a>","filter":false,"widget-class":""},"12":{"title":"","text":"<div class=\"thim-select-language language-new\">\r\n<div class=\"language\">\r\n\r\n<span>Languages<\/span>\r\n<ul>\r\n \t<li><a href=\"#\"><img src=\"https:\/\/sailing.thimpress.com\/demo-5\/wp-content\/uploads\/sites\/5\/2021\/07\/ger_icon.png\" alt=\"img\" \/>Ger<\/a><\/li>\r\n \t<li><a href=\"#\"><img src=\"https:\/\/sailing.thimpress.com\/demo-5\/wp-content\/uploads\/sites\/5\/2021\/07\/elh_icon.png\" alt=\"img\" \/>Amc<\/a><\/li>\r\n \t<li><a href=\"#\"><img src=\"https:\/\/sailing.thimpress.com\/demo-5\/wp-content\/uploads\/sites\/5\/2021\/07\/amc_icon.png\" alt=\"img\" \/>Elh<\/a><\/li>\r\n<\/ul>\r\n<\/div>\r\n<\/div>","filter":false,"widget-class":"","visual":false,"widget_logic":""},"1210011":{"title":"","text":"[thim_ekit id=\"4057\"]","filter":true,"visual":true,"widget_logic":"","widget-class":""},"_multiwidget":1},"social":{"4":{"title":"","version":"new","link_face":"","link_twitter":"","link_google":"","link_dribble":"","link_linkedin":"","link_pinterest":"","link_digg":"","link_youtube":"","link_instagram":"","new_version":[{"social_name":"facebook","social_url":"https:\/\/www.facebook.com\/thimpress\/"},{"social_name":"twitter","social_url":"https:\/\/twitter.com\/thimpress\/"}],"link_target":"_self","ref":false,"widget-class":"thim-float-right"},"5":{"title":"","version":"base","link_face":"https:\/\/www.facebook.com\/thimpress","link_twitter":"https:\/\/twitter.com\/thimpress","link_google":"","link_dribble":"","link_linkedin":"","link_pinterest":"","link_digg":"","link_youtube":"","link_instagram":"","link_target":"_self","ref":false,"widget_logic":"","widget-class":"custom-social","new_version":false},"_multiwidget":1},"categories":{"2":{"title":"","count":0,"hierarchical":0,"dropdown":0,"widget-class":""},"_multiwidget":1},"list-post":{"2":{"style":"sidebar","title":"Recent Posts","position_title":"left","bg_title":"Lastest New","cat_id":"all","image_size":"thumbnail","show_description":"no","number_posts":3,"orderby":"popular","order":"desc","link":"","text_link":"","widget-class":""},"_multiwidget":1},"copyright":{"2":{"year":"2018","site_name":"ThimPress","link_site":"https:\/\/thimpress.com\/","widget_logic":"","widget-class":""},"_multiwidget":1}}]