[{"sidebar-1":["text-9","text-10"],"toolbar":["text-11"],"menu_right":["text-12","social-5"],"footer":["text-1210011"],"footer_copyright":["copyright-2"]},{"text":{"9":{"title":"Instagram Slider","text":"[instagram-feed num=9 cols=3 showfollow=false  showheader=false showbutton=false]","filter":false,"widget-class":""},"10":{"title":"Pinterest","text":"<a data-pin-board-width=\"270\" data-pin-do=\"embedBoard\" data-pin-scale-height=\"320\" data-pin-scale-width=\"80\" href=\"https:\/\/www.pinterest.com\/pinterest\/official-news\/\"><\/a>\r\n<!-- Please call pinit.js only once per page -->\r\n<script async defer src=\"\/\/assets.pinterest.com\/js\/pinit.js\"><\/script>","filter":false,"widget-class":"thim-sidebar-pinterest"},"11":{"title":"","text":"Call Us. <a href=\"tel:00123456789\" class=\"value\"><b>+00 123 456 789<\/b><\/a>","filter":false,"widget-class":""},"12":{"title":"","text":"<div class=\"thim-select-language language-new\">\r\n<div class=\"language\">\r\n\r\n<span>Languages<\/span>\r\n<ul>\r\n \t<li><a href=\"#\"><img src=\"https:\/\/sailing.thimpress.com\/demo-5\/wp-content\/uploads\/sites\/5\/2021\/07\/ger_icon.png\" alt=\"img\" \/>Ger<\/a><\/li>\r\n \t<li><a href=\"#\"><img src=\"https:\/\/sailing.thimpress.com\/demo-5\/wp-content\/uploads\/sites\/5\/2021\/07\/elh_icon.png\" alt=\"img\" \/>Amc<\/a><\/li>\r\n \t<li><a href=\"#\"><img src=\"https:\/\/sailing.thimpress.com\/demo-5\/wp-content\/uploads\/sites\/5\/2021\/07\/amc_icon.png\" alt=\"img\" \/>Elh<\/a><\/li>\r\n<\/ul>\r\n<\/div>\r\n<\/div>","filter":false,"widget-class":"","visual":false,"widget_logic":""},"1210011":{"title":"","text":"[thim_ekit id=\"4057\"]","filter":true,"visual":true,"widget_logic":"","widget-class":""},"_multiwidget":1},"social":{"5":{"title":"","version":"base","link_face":"https:\/\/www.facebook.com\/thimpress","link_twitter":"https:\/\/twitter.com\/thimpress","link_google":"","link_dribble":"","link_linkedin":"","link_pinterest":"","link_digg":"","link_youtube":"","link_instagram":"","link_target":"_self","ref":false,"widget_logic":"","widget-class":"custom-social","new_version":false},"_multiwidget":1},"copyright":{"2":{"year":"2018","site_name":"ThimPress","link_site":"https:\/\/thimpress.com\/","widget_logic":"","widget-class":""},"_multiwidget":1}}]
