[{"sidebar":["text-22","categories-2","text-14"],"right_menu":["text-16","text-15"],"footer_top":["text-17","text-18"],"footer-sidebar-1":["text-19"],"footer-sidebar-2":["nav_menu-6"],"footer-sidebar-3":["nav_menu-5"],"footer-sidebar-4":["text-20"],"sidebar_events":["text-21"],"sidebar_hotel":["hb_widget_search-2","hb_widget_cart-2"],"copyright":["copyright-2"]},{"text":{"22":{"title":"About Hotel","text":"Nam dapibus nisl vitae elit fringilla rutrum. Aenean sollicitudin, erat a elementum rutrum, neque sem pretium metus, quis mollis nisl nunc et massa. \r\n\r\n<a class=\"thim-readmore\" href=\"https:\/\/luxstay.thimpress.com\/about-us\/\">Read more<\/a>","filter":true,"visual":true,"widget_logic":"","widget-class":""},"14":{"title":"","text":"<a href=\"https:\/\/luxstay.thimpress.com\/demo-2\/gallery\/\">\r\n<img alt=\"\" src=\"https:\/\/luxstay.thimpress.com\/wp-content\/uploads\/sites\/2\/2016\/10\/gallery_ads.jpg\">\r\n<\/a>","filter":false,"widget-class":"no-padding sidebar-single-image","widget_logic":""},"16":{"title":"","text":"<select>\r\n  <option value=\"en\">EN<\/option>\r\n  <option value=\"fr\">FR<\/option>\r\n  <option value=\"it\">IT<\/option>\r\n<\/select>","filter":false,"widget-class":"","widget_logic":""},"15":{"title":"","text":" <ul class=\"header-info\">\r\n            <li><a href=\"tel:00123456789\" class=\"value\"><i class=\"las la-phone\"><\/i> +00 123 456 789<\/a> <\/li>\r\n            <li><a href=\"https:\/\/luxstay.thimpress.com\/demo-2\/rooms\" class=\"btn-book\"><i class=\"las la-calendar-check\"><\/i> BOOK NOW<\/a><\/li>\r\n        <\/ul>","filter":false,"widget-class":"","widget_logic":"","visual":false},"17":{"title":"","text":"<a href=\"http:\/\/luxstay.thimpress.com\/\"><img src=\"https:\/\/luxstay.thimpress.com\/demo-2\/wp-content\/uploads\/sites\/2\/2021\/06\/lg_white.png\" alt=\"img\" \/><\/a>","filter":false,"widget-class":"pull-left","visual":false,"widget_logic":""},"18":{"title":"","text":"<ul class=\"thim-wg-social-link\">\r\n \t<li><a class=\"twitter\" href=\"https:\/\/www.twitter.com\/thimpress\/\"><i class=\"fa fa-x-twitter\" aria-hidden=\"true\"><\/i><\/a><\/li>\r\n<li><a class=\"facebook\" href=\"https:\/\/www.facebook.com\/thimpress\/\"><i class=\"fa fa-facebook\" aria-hidden=\"true\"><\/i><\/a><\/li>\r\n<li><a class=\"instagram\" href=\"http:\/\/thimpress.com\/\"><i class=\"fa fa-instagram\" aria-hidden=\"true\"><\/i><\/a><\/li>\r\n<li><a class=\"pinterest\" href=\"http:\/\/thimpress.com\/\"><i class=\"fa fa-pinterest\" aria-hidden=\"true\"><\/i><\/a><\/li>\r\n \t<li><a class=\"tripadvisor\" href=\"http:\/\/thimpress.com\/\"><img src=\"https:\/\/luxstay.thimpress.com\/demo-2\/wp-content\/uploads\/sites\/2\/2021\/06\/travisor_bg.png\" alt=\"\" \/><\/a><\/li>\r\n<\/ul>","filter":false,"widget-class":"pull-right custom-social","widget_logic":"","visual":false},"19":{"title":"STAY IN TOUCH","text":"<div class=\"thim-footer-email \">\r\n<p>Sign up here to receive interesting\u00a0updates <\/p>\r\n[mc4wp_form]\r\n<\/div>","filter":false,"widget-class":"","visual":false,"widget_logic":""},"20":{"title":"CONTACT US","text":"<div class=\"thim-footer-location\">\r\n<p class=\"info\"><i class=\"las la-phone\"><\/i><a href=\"tel:00123456789\">+00 123 456 789<\/a><\/p>\r\n<p class=\"info\"><i class=\"las la-at\"><\/i><a href=\"mailto:hello@thimpress.com\">hello@thimpress.com<\/a><\/p>\r\n<p class=\"info\"><i class=\"las la-map\"><\/i><\/i> <span>329 Queensberry Street, North Melbourne VIC 3051, Australia<\/span><\/p>\r\n<\/div>","filter":false,"widget-class":"","widget_logic":"","visual":false},"21":{"title":"","text":"","filter":false,"widget-class":"hide"},"_multiwidget":1},"categories":{"2":{"title":"Categories","count":0,"hierarchical":0,"dropdown":0,"widget_logic":"","widget-class":""},"_multiwidget":1},"nav_menu":{"6":{"title":"COMPANY","nav_menu":51,"widget_logic":"","widget-class":""},"5":{"title":"SERVICES","nav_menu":54,"widget-class":""},"_multiwidget":1},"hb_widget_search":{"2":{"title":"CHECK AVAILABILITY","show_title":"true","show_label":"true","widget_logic":"","widget-class":""},"_multiwidget":1},"hb_widget_cart":{"2":{"title":"YOUR BOOKING","widget_logic":"","widget-class":""},"_multiwidget":1},"copyright":{"2":{"first_text":"","year":"","site_name":"LuxStay | Luxury Hotel & BnB WordPress Theme","link_site":"https:\/\/1.envato.market\/VW2K3?utm_source=demo&utm_medium=demofooter&utm_campaign=luxstay","last_text":"<\/a> \u00a9 Powered by <a class=\"link_primary\" href=\"https:\/\/thimpress.com\" target=\"_blank\">ThimPress.<\/a>","widget_logic":"","widget-class":""},"_multiwidget":1}}]