[{"wp_inactive_widgets":["text-2","text-3","thim_layout_builder-2","search-2","recent-posts-2","recent-comments-2","archives-2","categories-2","meta-2"],"topbar-left":["text-2"],"topbar-right":["text-4","thim_layout_builder-2"],"sidebar":["search-2","categories-2","thim_layout_builder-4","custom_html-2","tag_cloud-2"],"footer-top":["thim_layout_builder-5"],"footer-sidebar-1":["thim_layout_builder-3"],"footer-sidebar-2":["nav_menu-2"],"footer-sidebar-3":["nav_menu-3"],"footer-sidebar-4":["nav_menu-4"],"footer-sidebar-5":["nav_menu-5"]},{"text":{"2":{"title":"","text":"<div class=\"thim-toolbar-help-info\"><i class=\"fa fa-phone\"><\/i> Need help? Call us Now: <a href=\"#\">+00 44 123 456 789<\/a><\/div>","filter":true,"visual":true,"widget-class":""},"4":{"title":"","text":"<div class=\"thim-toolbar-help-info\"><i class=\"fa fa-envelope-o\"><\/i> <a href=\"#\">support@kidschool.com<\/a><\/div>","filter":true,"visual":true,"widget-class":""},"3":{"title":"","text":"<div class=\"thim-toolbar-help-info\"><i class=\"fa fa-envelope-o\"><\/i> <a href=\"#\">support@kidschool.com<\/a><\/div>","filter":true,"visual":true},"_multiwidget":1},"thim_layout_builder":{"2":{"widget-class":"","content":"[vc_row][vc_column][thim-login-popup user_menu=\"true\" show_icon=\"true\" shortcode=\"`{`miniorange_social_login shape=``round`` theme=``default```}`\" popup_image=\"619\"][thim-search-courses layout=\"layout-1\" show_number_favorite=\"\"][\/vc_column][\/vc_row]","custom_css":""},"4":{"widget-class":"","content":"<p>[vc_row][vc_column css=\".vc_custom_1550483406029{padding-right: 0px !important;padding-left: 0px !important;}\"][thim-posts layout=\"kindergarten-layout-widget-2\" title=\"Latest posts\" number=\"3\"][\/vc_column][\/vc_row]<\/p>\r\n","custom_css":".vc_custom_1550483406029{padding-right: 0px !important;padding-left: 0px !important;}"},"5":{"widget-class":"","content":"[vc_row background_position=\"center-bottom\" background_size=\"contain\" css=\".vc_custom_1551853759183{padding-bottom: 162px !important;background-image: url(http:\/\/kindergarten.thimpress.com\/wp-content\/uploads\/2019\/02\/bg-png-03.png?id=475) !important;background-position: 0 0 !important;background-repeat: no-repeat !important;}\" bp_css_mobile=\".vc_custom_1551853759185{padding-bottom: 80px !important;}\"][vc_column][\/vc_column][\/vc_row][vc_row equal_height=\"yes\" css=\".vc_custom_1551853512630{margin-top: -29px !important;margin-bottom: -89px !important;}\" el_class=\"no-gutters\" bp_css_mobile=\".vc_custom_1551853512632{margin-top: 0px !important;margin-right: -20px !important;margin-left: -20px !important;padding-right: 0px !important;padding-left: 0px !important;}\" bp_css_tablet=\".vc_custom_1551853512631{margin-top: 0px !important;margin-right: -20px !important;margin-left: -20px !important;}\"][vc_column width=\"1\/2\" css=\".vc_custom_1548995421062{background-color: #f9c00c !important;}\" offset=\"vc_col-lg-3 vc_col-md-3 vc_col-xs-12\"][thim-icon-box icon_fontawesome=\"fa fa-phone\" title=\"\" description=\"(04) 495-9400\r\n1-800-544-2787\" text_align=\"text-center\" show_line=\"\" icon_font_size=\"28\" desc_font_weight=\"400\" desc_font_size=\"18\" icon_color=\"#ffffff\" desc_color=\"#ffffff\" icon_margin=\"0 0 8px\" desc_custom_css=\"line-height: 1.333333; font-family: Sniglet\" bp_css=\".vc_custom_1551947722045{padding-top: 10px !important;padding-right: 55px !important;padding-bottom: 38px !important;padding-left: 55px !important;}\" bp_css_tablet=\".vc_custom_1551947722047{padding-right: 0px !important;padding-left: 0px !important;}\" bp_css_mobile=\".vc_custom_1551947722048{padding-right: 0px !important;padding-left: 0px !important;}\"][\/vc_column][vc_column width=\"1\/2\" css=\".vc_custom_1548995429411{background-color: #00b9f1 !important;}\" offset=\"vc_col-lg-3 vc_col-md-3 vc_col-xs-12\"][thim-icon-box icon_fontawesome=\"fa fa-map-marker\" title=\"\" description=\"A26BT5 BUILDING\r\nLONDON, ENGLAND\" text_align=\"text-center\" show_line=\"\" icon_font_size=\"28\" desc_font_weight=\"400\" desc_font_size=\"18\" icon_color=\"#ffffff\" desc_color=\"#ffffff\" icon_margin=\"0 0 8px\" desc_custom_css=\"line-height: 1.333333; font-family: Sniglet;\" bp_css=\".vc_custom_1551947739168{padding-top: 10px !important;padding-right: 48px !important;padding-bottom: 38px !important;padding-left: 48px !important;}\" bp_css_tablet=\".vc_custom_1551947739169{padding-right: 0px !important;padding-left: 0px !important;}\" bp_css_mobile=\".vc_custom_1551947739170{padding-right: 0px !important;padding-left: 0px !important;}\"][\/vc_column][vc_column width=\"1\/2\" css=\".vc_custom_1548995439823{background-color: #56a902 !important;}\" offset=\"vc_col-lg-3 vc_col-md-3 vc_col-xs-12\"][thim-icon-box icon_fontawesome=\"fa fa-envelope-o\" box_link=\"url:http%3A%2F%2Fsupport%40artschool.com|title:SUPPORT%20%40ARTSCHOOL.COM||\" title=\"SUPPORT @ARTSCHOOL.COM\" text_align=\"text-center\" show_line=\"\" title_tag=\"h3\" title_font_size=\"18\" title_font_weight=\"400\" icon_font_size=\"28\" icon_color=\"#ffffff\" link_color=\"#ffffff\" link_hover_color=\"#56509f\" title_color=\"#ffffff\" desc_color=\"#ffffff\" icon_margin=\"0 0 8px\" title_custom_css=\"line-height: 1.333333; font-family: Sniglet;\" bp_css=\".vc_custom_1551947749836{padding-top: 10px !important;padding-right: 48px !important;padding-bottom: 30px !important;padding-left: 48px !important;}\" bp_css_tablet=\".vc_custom_1551947749837{padding-right: 0px !important;padding-left: 0px !important;}\" bp_css_mobile=\".vc_custom_1551947749838{padding-right: 0px !important;padding-left: 0px !important;}\"][\/vc_column][vc_column width=\"1\/2\" css=\".vc_custom_1548995449224{background-color: #bd66ff !important;}\" offset=\"vc_col-lg-3 vc_col-md-3 vc_col-xs-12\"][thim-icon-box icon_type=\"icon_ionicon\" icon_ionicon=\"ion-android-alarm-clock\" title=\"\" description=\"DAILY: 10:00 AM \u2013 5:00 PM\r\nMONDAY &amp; HOLIDAYS: CLOSED\" text_align=\"text-center\" show_line=\"\" icon_font_size=\"28\" desc_font_weight=\"400\" desc_font_size=\"18\" icon_color=\"#ffffff\" desc_color=\"#ffffff\" icon_margin=\"0 0 8px\" desc_custom_css=\"line-height: 1.333333; font-family: Sniglet;\" bp_css=\".vc_custom_1551947761419{padding-top: 10px !important;padding-bottom: 38px !important;}\"][\/vc_column][\/vc_row]","custom_css":".vc_custom_1551853759183{padding-bottom: 162px !important;background-image: url(http:\/\/kindergarten.thimpress.com\/wp-content\/uploads\/2019\/02\/bg-png-03.png?id=475) !important;background-position: 0 0 !important;background-repeat: no-repeat !important;}.vc_custom_1551853759185{padding-bottom: 80px !important;}.vc_custom_1551853512630{margin-top: -29px !important;margin-bottom: -89px !important;}.vc_custom_1551853512631{margin-top: 0px !important;margin-right: -20px !important;margin-left: -20px !important;}.vc_custom_1551853512632{margin-top: 0px !important;margin-right: -20px !important;margin-left: -20px !important;padding-right: 0px !important;padding-left: 0px !important;}.vc_custom_1548995421062{background-color: #f9c00c !important;}.vc_custom_1548995429411{background-color: #00b9f1 !important;}.vc_custom_1548995439823{background-color: #56a902 !important;}.vc_custom_1548995449224{background-color: #bd66ff !important;}.vc_custom_1551947722045{padding-top: 10px !important;padding-right: 55px !important;padding-bottom: 38px !important;padding-left: 55px !important;}.vc_custom_1551947722047{padding-right: 0px !important;padding-left: 0px !important;}.vc_custom_1551947722048{padding-right: 0px !important;padding-left: 0px !important;}.vc_custom_1551947739168{padding-top: 10px !important;padding-right: 48px !important;padding-bottom: 38px !important;padding-left: 48px !important;}.vc_custom_1551947739169{padding-right: 0px !important;padding-left: 0px !important;}.vc_custom_1551947739170{padding-right: 0px !important;padding-left: 0px !important;}.vc_custom_1551947749836{padding-top: 10px !important;padding-right: 48px !important;padding-bottom: 30px !important;padding-left: 48px !important;}.vc_custom_1551947749837{padding-right: 0px !important;padding-left: 0px !important;}.vc_custom_1551947749838{padding-right: 0px !important;padding-left: 0px !important;}.vc_custom_1551947761419{padding-top: 10px !important;padding-bottom: 38px !important;}"},"3":{"widget-class":"","content":"[vc_row][vc_column css=\".vc_custom_1550198744981{padding-right: 0px !important;padding-left: 0px !important;}\"][vc_single_image image=\"9\" img_size=\"full\" alignment=\"center\"][vc_column_text css=\".vc_custom_1551770916438{margin-bottom: 25px !important;}\"][yikes-mailchimp form=\"1\"][\/vc_column_text][thim-social-links layout=\"kindergarten-layout-footer-1\" links=\"%5B%7B%22icon%22%3A%22fa%20fa-facebook%22%2C%22url%22%3A%22%23%22%7D%2C%7B%22icon%22%3A%22fa%20fa-twitter%22%2C%22url%22%3A%22%23%22%7D%2C%7B%22icon%22%3A%22fa%20fa-pinterest-p%22%2C%22url%22%3A%22%23%22%7D%2C%7B%22icon%22%3A%22fa%20fa-linkedin%22%2C%22url%22%3A%22%23%22%7D%2C%7B%22icon%22%3A%22fa%20fa-youtube-play%22%2C%22url%22%3A%22%23%22%7D%5D\"][\/vc_column][\/vc_row]","custom_css":".vc_custom_1550198744981{padding-right: 0px !important;padding-left: 0px !important;}.vc_custom_1551770916438{margin-bottom: 25px !important;}"},"_multiwidget":1},"search":{"2":{"title":""},"_multiwidget":1},"categories":{"2":{"title":"","count":0,"hierarchical":0,"dropdown":0},"_multiwidget":1},"custom_html":{"2":{"title":"","content":"<div class=\"bl-info-contact\"> <h5 class=\"title-block\">Free Call<\/h5><div class=\"description-block\">Pulvinar est metro ligula blandit maecenas<\/div><div class=\"content-block\">1-900-22-44-88<\/div><a href=\"#\" class=\"button-block\">\r\nCOntact us<\/a><\/div>","widget-class":""},"_multiwidget":1},"tag_cloud":{"2":{"title":"Tags","count":0,"taxonomy":"post_tag","widget-class":""},"_multiwidget":1},"nav_menu":{"2":{"title":"Menu","nav_menu":18,"widget-class":""},"3":{"title":"Courses","nav_menu":19,"widget-class":""},"4":{"title":"Topics","nav_menu":20,"widget-class":""},"5":{"title":"Info for","nav_menu":21,"widget-class":""},"_multiwidget":1},"recent-posts":{"2":{"title":"","number":5},"_multiwidget":1},"recent-comments":{"2":{"title":"","number":5},"_multiwidget":1},"archives":{"2":{"title":"","count":0,"dropdown":0},"_multiwidget":1},"meta":{"2":{"title":""},"_multiwidget":1}}]