[{"sidebar":["thim_layout_builder-5"],"topbar-left":["thim-today-2","nav_menu-2"],"topbar-right":["thim_layout_builder-8"],"topbar-featured":["thim_layout_builder-9"],"header_right":["thim_layout_builder-3"],"before_main":["thim_layout_builder-6"],"after_main":["thim_layout_builder-7"],"footer-sidebar-1":["thim_layout_builder-4"]},{"thim_layout_builder":{"5":{"widget_logic":"","content":"[vc_row css=\".vc_custom_1485163399375{margin-top: -10px !important;}\"][vc_column][thim-ads ad_id=\"2\"][vc_empty_space height=\"45px\"][thim-block-5 title=\"Must read\" readmore_text=\"\" highlight=\"3\" highlight_excerpt_length=\"0\" posts_per_page=\"6\"][\/vc_column][\/vc_row]","custom_css":".vc_custom_1485163399375{margin-top: -10px !important;}"},"8":{"widget_logic":"","widget-class":"","content":"[vc_row][vc_column][thim-login-popup title=\"Creative Mag\" shortcode=\"`{`wordpress_social_login`}`\"][\/vc_column][\/vc_row]","custom_css":""},"9":{"widget_logic":"","widget-class":"","content":"[vc_row full_width=\"stretch_row_content_no_spaces\"][vc_column][thim-block-14 layout=\"layout-1\"][\/vc_column][\/vc_row]","custom_css":""},"3":{"widget_logic":"","content":"[vc_row][vc_column][vc_wp_search][\/vc_column][\/vc_row]","custom_css":"","widget-class":""},"6":{"widget_logic":"!is_single() && !is_page(3493)","content":"[vc_row][vc_column][thim-block-14 layout=\"layout-2\"][\/vc_column][\/vc_row]","custom_css":"","widget-class":""},"7":{"widget_logic":"","content":"[vc_row full_width=\"stretch_row\" el_class=\"thim-newsletter\"][vc_column][vc_column_text]\r\n<h3>WANT MORE NEWS LIKE THIS?<\/h3>\r\nSign up to receive our weekly email newsletter and never miss an update!\r\n\r\n[mc4wp_form][\/vc_column_text][\/vc_column][\/vc_row]","custom_css":""},"4":{"widget_logic":"","content":"<p>[vc_row][vc_column width=\"4\/12\" offset=\"vc_hidden-xs\"][vc_column_text]<\/p>\r\n<h2 class=\"widgettitle\" style=\"text-align: center;\"><span class=\"highlight\">About<\/span> Us<\/h2>\r\n<p style=\"text-align: center;\">Lommodo ligula eget dolor. Aenean massa.Cum sociis<br \/>\r\nque penatibus et magnis dis parturient montes lorem,<br \/>\r\nnascetur ridiculusmus. Donec quam felis, ultricies<br \/>\r\nnec massa.Cum sociis ...<\/p>\r\n<p>[\/vc_column_text][thim-social-links social_links=\"%5B%7B%22icon%22%3A%22fa%20fa-facebook%22%2C%22link%22%3A%22http%3A%2F%2Fwww.facebook.com%2FThimPress%2F%22%2C%22label%22%3A%221928%20Like%22%7D%2C%7B%22icon%22%3A%22fa%20fa-google-plus%22%2C%22link%22%3A%22%23%22%2C%22label%22%3A%221928%20Like%22%7D%2C%7B%22icon%22%3A%22fa%20fa-instagram%22%2C%22link%22%3A%22%23%22%2C%22label%22%3A%221928%20Like%22%7D%2C%7B%22icon%22%3A%22fa%20fa-pinterest-p%22%2C%22link%22%3A%22%23%22%2C%22label%22%3A%221928%20Like%22%7D%2C%7B%22icon%22%3A%22fa%20fa-twitter%22%2C%22link%22%3A%22http%3A%2F%2Fwww.twitter.com%2FThimPress%2F%22%2C%22label%22%3A%221928%20Like%22%7D%2C%7B%22icon%22%3A%22fa%20fa-youtube-play%22%2C%22link%22%3A%22%23%22%2C%22label%22%3A%221928%20Like%22%7D%5D\" align_items=\"center\" icon_size=\"45px\"][vc_column_text css=\".vc_custom_1507025844761{margin-top: 30px !important;}\" el_class=\"like-copyright-text\"]<\/p>\r\n<p style=\"text-align: center;\">Copyright \u00a9 2017 ThimPress. All rights reserved.<br \/>\r\nDesigned by <a href=\"http:\/\/thimpress.com\">ThimPress.<\/a><\/p>\r\n<p>[\/vc_column_text][\/vc_column][vc_column width=\"3\/12\" offset=\"vc_hidden-xs\"][thim-block-33 title=\"`{`highlight text=``Popular```}` Post\" data=\"size:3\"][\/vc_column][vc_column width=\"3\/12\" offset=\"vc_hidden-xs\"][vc_wp_custommenu title=\"`{`highlight text=``useful```}` links\" nav_menu=\"104\" el_class=\"ul-column-2\"][\/vc_column][vc_column width=\"2\/12\" offset=\"vc_hidden-xs\"][vc_wp_categories title=\"`{`highlight text=``Popular```}` Category\" options=\"count\"][\/vc_column][\/vc_row]<\/p>\r\n","custom_css":".vc_custom_1507025844761{margin-top: 30px !important;}"},"_multiwidget":1},"thim-today":{"2":{"widget_logic":"","widget-class":""},"_multiwidget":1},"nav_menu":{"2":{"nav_menu":117,"widget_logic":"","widget-class":""},"_multiwidget":1}}]