[{"sidebar":["search-4","categories-2","courses-2","single-images-2","list-post-2"],"toolbar":["login-popup-3","courses-searching-3","text-1210016","social-2"],"menu_right":["login-popup-4","social-3"],"footer":["siteorigin-panels-builder-9"],"sidebar_shop":["woocommerce_widget_cart-2"],"sidebar_courses":["course-categories-3","courses-7","single-images-7"]},{"search":{"4":{"title":"Search","widget-class":"","widget_logic":""},"_multiwidget":1},"categories":{"2":{"title":"","count":0,"hierarchical":0,"dropdown":0},"_multiwidget":1},"courses":{"2":{"heading_group":{"title":"Popular Courses","textcolor":false,"size":"h3","font_heading":"default","custom_font_heading":{"custom_font_size":18,"custom_font_weight":"normal"}},"desc_group":{"des":"","des_color":false,"des_font_size":16,"des_font_weight":"normal"},"order":"popular","layout":"list-sidebar","limit":3,"view_all_courses":"","slider-options":{"show_navigation":true,"item_visible":"4","show_pagination":false},"grid-options":{"columns":"2"},"widget-class":"","widget_logic":""},"7":{"title":"Latest Courses","order":"latest","cat_id":"all","layout":"list-sidebar","thumbnail_width":400,"thumbnail_height":300,"limit":3,"view_all_courses":"","view_all_position":"top","slider-options":{"show_navigation":true,"item_visible":"4","auto_play":0,"show_pagination":false},"grid-options":{"columns":"4"},"tabs-options":{"limit_tab":4,"cat_id_tab":false},"widget_logic":"","widget-class":"","featured":false},"_multiwidget":1},"single-images":{"2":{"image":3384,"image_size":"","image_link":"#","link_target":"_self","image_alignment":"left","css_animation":false,"widget-class":"","widget_logic":""},"7":{"image":3384,"image_size":"full","image_link":"#","link_target":"_self","image_alignment":"left","css_animation":false,"widget_logic":"","widget-class":""},"_multiwidget":1},"list-post":{"2":{"title":"Latest Posts","cat_id":"9","image_size":"thumbnail","show_description":"no","number_posts":3,"orderby":"recent","order":"desc","link":"","text_link":"","style":"sidebar","widget-class":"","widget_logic":""},"_multiwidget":1},"login-popup":{"3":{"text_register":"Register","text_login":"Login","text_logout":"Logout","text_profile":"Profile","layout":"icon","term":"","shortcode":"","widget_logic":"","widget-class":"","captcha":false},"4":{"text_register":"Register","text_login":"Login","text_logout":"Logout","text_profile":"","layout":"base","term":"","shortcode":"","widget_logic":"","widget-class":"","captcha":false},"_multiwidget":1},"courses-searching":{"3":{"layout":"overlay","title":"Search Courses","description":"Description for search course widget.","placeholder":"What do you want to learn today?","widget_logic":"","widget-class":""},"_multiwidget":1},"text":{"1210016":{"title":"","text":"<div class=\"thim-have-any-question\">\r\n<div class=\"mobile\"><i class=\"fa fa-phone\"><\/i>Need help? Call us now: <a class=\"value\" href=\"tel:00123456789\">(00) 123 456 789<\/a><\/div>\r\n<div class=\"email\"><i class=\"fa fa-envelope\"><\/i><a href=\"mailto:hello@eduma.com\">hello@eduma.com<\/a><\/div>\r\n<\/div>","filter":true,"visual":true,"widget_logic":"","widget-class":""},"_multiwidget":1},"social":{"2":{"title":"","style":"style-4","link_face":"#","link_twitter":"#","link_google":"#","link_dribble":"#","link_linkedin":"","link_pinterest":"","link_instagram":"","link_youtube":"","link_snapchat":"","link_target":"_self","widget_logic":"","widget-class":"","show_label":false},"3":{"title":"","style":false,"link_face":"#","link_twitter":"#","link_google":"#","link_dribble":"","link_linkedin":"","link_pinterest":"","link_instagram":"#","link_youtube":"","link_snapchat":"","link_target":"_self","widget_logic":"","widget-class":"","show_label":false},"_multiwidget":1},"siteorigin-panels-builder":{"9":{"panels_data":{"widgets":[{"title":"Support","nav_menu":22,"widget_logic":"","widget-class":"","panels_info":{"class":"WP_Nav_Menu_Widget","grid":0,"cell":0,"id":0,"widget_id":"93ff9fae-7fda-4ad0-84a7-432535477752","style":{"background_image_attachment":false,"background_display":"tile"}}},{"title":"Menu","nav_menu":105,"widget_logic":"","widget-class":"","panels_info":{"class":"WP_Nav_Menu_Widget","raw":false,"grid":0,"cell":1,"id":1,"widget_id":"260bf04d-6389-41fe-ba75-e9ee8bca3f7c","style":{"background_image_attachment":false,"background_display":"tile"}}},{"title":"Courses","nav_menu":106,"widget_logic":"","widget-class":"","panels_info":{"class":"WP_Nav_Menu_Widget","raw":false,"grid":0,"cell":2,"id":2,"widget_id":"8bee0655-f63a-4fa5-8369-927d9ea45e15","style":{"background_image_attachment":false,"background_display":"tile"}}},{"title":"Topics","nav_menu":107,"widget_logic":"","widget-class":"","panels_info":{"class":"WP_Nav_Menu_Widget","raw":false,"grid":0,"cell":3,"id":3,"widget_id":"af2a5ade-022b-4243-a826-78c411d7d0e0","style":{"background_image_attachment":false,"background_display":"tile"}}},{"title":"Info For","nav_menu":108,"widget_logic":"","widget-class":"","panels_info":{"class":"WP_Nav_Menu_Widget","raw":false,"grid":0,"cell":4,"id":4,"widget_id":"311afb27-6398-4164-ae10-c5f583a761c5","style":{"background_image_attachment":false,"background_display":"tile"}}}],"grids":[{"cells":5,"style":{"background_image_attachment":false,"background_display":"tile","cell_alignment":"flex-start"},"ratio":1,"ratio_direction":"right"}],"grid_cells":[{"grid":0,"index":0,"weight":0.20000000000000001,"style":[]},{"grid":0,"index":1,"weight":0.20000000000000001,"style":[]},{"grid":0,"index":2,"weight":0.20000000000000001,"style":[]},{"grid":0,"index":3,"weight":0.20000000000000001,"style":[]},{"grid":0,"index":4,"weight":0.20000000000000001,"style":[]}]},"builder_id":"5d8dc3d171498","widget_logic":"","widget-class":""},"_multiwidget":1},"woocommerce_widget_cart":{"2":{"title":"Cart","hide_if_empty":0,"widget-class":"","widget_logic":"is_woocommerce()"},"_multiwidget":1},"course-categories":{"3":{"title":"All Courses","layout":"base","slider-options":{"limit":15,"show_navigation":true,"item_visible":"7","auto_play":0,"show_pagination":false},"widget_logic":"","widget-class":"","list-options":{"show_counts":false,"hierarchical":false}},"_multiwidget":1}}]