[{"menu-right":["custom_html-4","text-6"],"sidebar":["search-2","categories-3","thim_layout_builder-5","custom_html-3","tag_cloud-1"],"footer-top":["text-4"],"footer-sidebar-1":["text-5"],"footer-sidebar-2":["nav_menu-2"],"footer-sidebar-3":["nav_menu-3"],"footer-sidebar-4":["nav_menu-4"],"footer-sidebar-5":["nav_menu-5"],"topbar-left":["text-2"],"topbar-right":["text-3"]},{"custom_html":{"4":{"title":"","content":"<div class=\"thim-block-help-info\">Call us: <a href=\"#\">+8 (123) 985 789<\/a><\/div>","widget-class":""},"3":{"title":"","content":"<div class=\"thim-block-info-contact-2\">\r\n<h5 class=\"title-block\">Free Call<\/h5>\r\n<div class=\"description-block\">Pulvinar est metro ligula blandit maecenas<\/div>\r\n<div class=\"content-block\">1-900-22-44-88<\/div>\r\n<a href=\"#\" class=\"button-block\">COntact us<\/a><\/div>","widget-class":""},"_multiwidget":1},"text":{"6":{"title":"","text":"[INSERT_ELEMENTOR id=\"1477\"]","filter":true,"visual":true,"widget-class":""},"4":{"title":"","text":"[INSERT_ELEMENTOR id=\"1310\"]","filter":true,"visual":true,"widget-class":""},"5":{"title":"","text":"[INSERT_ELEMENTOR id=\"1326\"]","filter":true,"visual":true,"widget-class":""},"2":{"title":"","text":"<ul class=\"thim-block-toolbar-help-info\">\r\n \t<li class=\"phone-info\"><i class=\"ion ion-ios-telephone\"><\/i>Need help? Call us now: <a href=\"#\">(+88) 12 345 6789<\/a><\/li>\r\n \t<li><i class=\"ion ion-android-mail\"><\/i><a href=\"#\">global@mail.com<\/a><\/li>\r\n<\/ul>","filter":true,"visual":true,"widget-class":""},"3":{"title":"","text":"[INSERT_ELEMENTOR id=\"1299\"]","filter":true,"visual":true,"widget-class":""},"_multiwidget":1},"search":{"2":{"title":""},"_multiwidget":1},"categories":{"3":{"title":"Categories","count":1,"hierarchical":0,"dropdown":0,"widget-class":""},"_multiwidget":1},"thim_layout_builder":{"5":{"widget-class":"","content":"[vc_row][vc_column][thim-posts layout=\"kindergarten-layout-widget-2\" title=\"Latest posts\" number=\"3\"][\/vc_column][\/vc_row]","custom_css":""},"_multiwidget":1},"tag_cloud":{"1":{"title":"Tags cloud","count":0,"taxonomy":"post_tag","widget-class":""},"_multiwidget":1},"nav_menu":{"2":{"title":"Navigation","nav_menu":25,"widget-class":""},"3":{"title":"About us","nav_menu":22,"widget-class":""},"4":{"title":"Workflows","nav_menu":27,"widget-class":""},"5":{"title":"Resources","nav_menu":26,"widget-class":""},"_multiwidget":1}}]