[{"sidebar":["search-4","categories-3","list-post-3","tag_cloud-4","single-images-4","text-9","social-counter-4"],"toolbar":["text-11","woocommerce_widget_cart-3","login-popup-5","social-3"],"footer":["thim_layout_builder-2"],"footer_bottom":["thim_layout_builder-3"],"copyright":["nav_menu-2"],"sidebar_courses":["courses-3","social-counter-5","single-images-5","text-10"],"sidebar_shop":["woocommerce_product_categories-2","woocommerce_price_filter-2","woocommerce_products-2","woocommerce_product_tag_cloud-2"]},{"search":{"4":{"title":""},"_multiwidget":1},"categories":{"3":{"title":"","count":0,"hierarchical":0,"dropdown":0},"_multiwidget":1},"list-post":{"3":{"title":"Recent Posts","cat_id":"all","image_size":"thumbnail","show_description":"no","number_posts":3,"orderby":"recent","order":"desc","link":"","text_link":"","style":false,"widget-class":""},"_multiwidget":1},"tag_cloud":{"4":{"title":"","taxonomy":"post_tag","widget-class":""},"_multiwidget":1},"single-images":{"4":{"image":5699,"image_size":"full","image_link":"https:\/\/coaching.thimpress.com\/shop\/","link_target":"_blank","image_alignment":"left","css_animation":false,"widget-class":"shop-image"},"5":{"image":5699,"image_size":"full","image_link":"#","link_target":"_self","image_alignment":"left","css_animation":false,"widget-class":"","widget_logic":""},"_multiwidget":1},"text":{"9":{"title":"","text":"<iframe src=\"https:\/\/www.facebook.com\/plugins\/page.php?href=https%3A%2F%2Fwww.facebook.com%2FThimPress%2F&tabs=timeline&width=270&height=500&small_header=false&adapt_container_width=true&hide_cover=false&show_facepile=true&appId\" height=\"322\" style=\"border:none;overflow:hidden;width:270px;\"><\/iframe>","filter":false,"widget-class":"","widget_logic":""},"11":{"title":"","text":"<div class=\"thim-have-any-question\">\r\n<div class=\"mobile\"><i class=\"fa fa-phone\"><\/i><a href=\"tel:00123456789\" class=\"value\"> +00 123 456 789<\/a>\r\n<\/div>\r\n<div class=\"email\"><i class=\"fa fa-envelope\"><\/i><a href=\"mailto:hello@coaching.com\">hello@coaching.com<\/a>\r\n<\/div>\r\n<\/div>","filter":false,"widget-class":"","widget_logic":""},"10":{"title":"","text":"<iframe src=\"https:\/\/www.facebook.com\/plugins\/page.php?href=https%3A%2F%2Fwww.facebook.com%2FThimPress%2F&tabs=timeline&width=270&height=500&small_header=false&adapt_container_width=true&hide_cover=false&show_facepile=true&appId\" width=\"270\" height=\"322\" style=\"border:none;overflow:hidden\"><\/iframe>","filter":false,"widget-class":"","widget_logic":""},"_multiwidget":1},"social-counter":{"4":{"title":"Follow Me","widget-class":""},"5":{"title":"Follow Me","widget-class":"","widget_logic":""},"_multiwidget":1},"woocommerce_widget_cart":{"3":{"title":"","hide_if_empty":0,"widget-class":"","widget_logic":"is_woocommerce()"},"_multiwidget":1},"login-popup":{"5":{"show_register":"1","text_register":"Register","text_login":"Login","text_logout":"Logout","shortcode":"[miniorange_social_login]","widget-class":"","widget_logic":""},"_multiwidget":1},"social":{"3":{"title":"","link_face":"https:\/\/www.facebook.com\/ThimPress","link_twitter":"https:\/\/twitter.com\/thimpress","link_google":"https:\/\/plus.google.com\/+Thimpress","link_dribble":"","link_linkedin":"","link_pinterest":"","link_instagram":"","link_youtube":"","link_target":"_self","style":"no-border","widget-class":"","show_text":false,"widget_logic":""},"_multiwidget":1},"thim_layout_builder":{"2":{"widget_logic":"","widget-class":"","content":"[vc_row el_class=\"footer_business\"][vc_column width=\"1\/4\"][vc_column_text el_class=\"textwidget\"]<img src=\"https:\/\/coaching.thimpress.com\/demo-vc-business\/wp-content\/uploads\/sites\/21\/2018\/06\/logo_business.png\" alt=\"\" \/>Lorem ipsum is loroamo thef acker, ure fac kings hiet. Reference site about Lorem Ipsum, giving inform ation on its origins[\/vc_column_text][thim-social show_text=\"\" link_face=\"#\" link_twitter=\"#\" link_google=\"#\" link_linkedin=\"#\"][\/vc_column][vc_column width=\"1\/4\"][vc_wp_custommenu title=\"Useful Links\" nav_menu=\"33\"][\/vc_column][vc_column width=\"1\/4\"][vc_wp_custommenu title=\"Services\" nav_menu=\"62\"][\/vc_column][vc_column width=\"1\/4\"][vc_wp_text title=\"Newsletters\"]Subscribe to get updates right in your inbox. We promise to not send you.[mc4wp_form id=\"3101\"][\/vc_wp_text][vc_row_inner css=\".vc_custom_1530176087586{margin-top: -35px !important;}\"][vc_column_inner][thim-single-images image=\"6670\" image_size=\"full\"][\/vc_column_inner][\/vc_row_inner][\/vc_column][\/vc_row]","custom_css":".vc_custom_1530176087586{margin-top: -35px !important;}"},"3":{"widget_logic":"","widget-class":"","content":"[vc_row full_width=\"stretch_row\" el_class=\"thim-bg-overlay-color-half\" css=\".vc_custom_1530173615451{background-image: url(https:\/\/coaching.thimpress.com\/demo-vc-business\/wp-content\/uploads\/sites\/21\/2018\/06\/img-duoi-cung.jpg?id=6662) !important;background-position: center !important;background-repeat: no-repeat !important;background-size: cover !important;}\"][vc_column][thim-heading title=\"Become a Coaching?\" textcolor=\"#ffffff\" size=\"h3\" sub_heading=\"Join your hand with us for a better life and beautiful future. And I don\u2019t know what I\u2019m going to do.\" sub_heading_color=\"#ffffff\" line=\"\" text_align=\"text-center\" el_class=\"mb-30\"][thim-button title=\"Join us now\" new_window=\"\" custom_style=\"custom_style\" font_weight=\"bold\" border_width=\"1px\" text_align=\"text-center\" color=\"#ffffff\" border_color=\"#f0ba18\" bg_color=\"#f0ba18\" hover_color=\"#f0ba18\" hover_border_color=\"#f0ba18\"][\/vc_column][\/vc_row]","custom_css":".vc_custom_1530173615451{background-image: url(https:\/\/coaching.thimpress.com\/demo-vc-business\/wp-content\/uploads\/sites\/21\/2018\/06\/img-duoi-cung.jpg?id=6662) !important;background-position: center !important;background-repeat: no-repeat !important;background-size: cover !important;}"},"_multiwidget":1},"nav_menu":{"2":{"nav_menu":31,"widget-class":"","widget_logic":""},"_multiwidget":1},"courses":{"3":{"title":"Popular Courses","order":"popular","cat_id":"all","layout":"list-sidebar","limit":3,"view_all_courses":"","slider-options":{"show_navigation":true,"item_visible":"4","show_pagination":false},"grid-options":{"columns":"4"},"widget-class":"","widget_logic":""},"_multiwidget":1},"woocommerce_product_categories":{"2":{"title":"Categories","orderby":"name","dropdown":0,"count":0,"hierarchical":1,"show_children_only":0,"hide_empty":0,"widget-class":""},"_multiwidget":1},"woocommerce_price_filter":{"2":{"title":"Filter by price","widget-class":""},"_multiwidget":1},"woocommerce_products":{"2":{"title":"Best sellers","number":3,"show":"","orderby":"sales","order":"desc","hide_free":0,"show_hidden":0,"widget-class":""},"_multiwidget":1},"woocommerce_product_tag_cloud":{"2":{"title":"Product Tags","widget-class":""},"_multiwidget":1}}]