{"adrotate":[{"id":"7","title":"Sidebar","bannercode":"&lt;a href=\\&quot;https:\/\/thimpress.com\\&quot;&gt;&lt;img src=\\&quot;%asset%\\&quot; alt=\\&quot;ads\\&quot; \/&gt;&lt;\/a&gt;","thetime":"1490797392","updated":"1510729584","author":"admin","imagetype":"field","image":"http:\/\/creativemag.thimpress.com\/demo-fashion\/wp-content\/uploads\/sites\/8\/2017\/11\/fashion-sizebar.jpg","paid":"U","tracker":"N","show_everyone":"Y","desktop":"Y","mobile":"Y","tablet":"Y","os_ios":"Y","os_android":"Y","os_other":"Y","responsive":"N","type":"active","weight":"6","autodelete":"N","budget":"0","crate":"0","irate":"0","cities":"a:0:{}","countries":"a:0:{}"}],"adrotate_groups":[{"id":"4","name":"","modus":"0","fallback":"0","cat":"","cat_loc":"0","cat_par":"0","page":"","page_loc":"0","page_par":"0","mobile":"0","geo":"0","wrapper_before":"","wrapper_after":"","align":"0","gridrows":"2","gridcolumns":"2","admargin":"0","admargin_bottom":"0","admargin_left":"0","admargin_right":"0","adwidth":"125","adheight":"125","adspeed":"6000","repeat_impressions":"Y"}],"adrotate_linkmeta":[{"id":"19","ad":"7","group":"0","user":"0","schedule":"7"}],"adrotate_schedule":[{"id":"1","name":"Schedule for ad 1","starttime":"1480006320","stoptime":"2528643120","maxclicks":"0","maximpressions":"0","spread":"N","daystarttime":"0000","daystoptime":"0000","day_mon":"Y","day_tue":"Y","day_wed":"Y","day_thu":"Y","day_fri":"Y","day_sat":"Y","day_sun":"Y","autodelete":"N"},{"id":"2","name":"Schedule for ad 2","starttime":"1480006320","stoptime":"2528643120","maxclicks":"0","maximpressions":"0","spread":"N","daystarttime":"0000","daystoptime":"0000","day_mon":"Y","day_tue":"Y","day_wed":"Y","day_thu":"Y","day_fri":"Y","day_sat":"Y","day_sun":"Y","autodelete":"N"},{"id":"3","name":"Schedule for ad 3","starttime":"1483110540","stoptime":"2531747340","maxclicks":"0","maximpressions":"0","spread":"N","daystarttime":"0000","daystoptime":"0000","day_mon":"Y","day_tue":"Y","day_wed":"Y","day_thu":"Y","day_fri":"Y","day_sat":"Y","day_sun":"Y","autodelete":"N"},{"id":"4","name":"Schedule for ad 4","starttime":"1483111500","stoptime":"2531748300","maxclicks":"0","maximpressions":"0","spread":"N","daystarttime":"0000","daystoptime":"0000","day_mon":"Y","day_tue":"Y","day_wed":"Y","day_thu":"Y","day_fri":"Y","day_sat":"Y","day_sun":"Y","autodelete":"N"},{"id":"5","name":"Schedule for ad 5","starttime":"1485267420","stoptime":"2533904220","maxclicks":"0","maximpressions":"0","spread":"N","daystarttime":"0000","daystoptime":"0000","day_mon":"Y","day_tue":"Y","day_wed":"Y","day_thu":"Y","day_fri":"Y","day_sat":"Y","day_sun":"Y","autodelete":"N"},{"id":"6","name":"Schedule for ad 6","starttime":"1487326320","stoptime":"2535963120","maxclicks":"0","maximpressions":"0","spread":"N","daystarttime":"0000","daystoptime":"0000","day_mon":"Y","day_tue":"Y","day_wed":"Y","day_thu":"Y","day_fri":"Y","day_sat":"Y","day_sun":"Y","autodelete":"N"},{"id":"7","name":"Schedule for ad 7","starttime":"1490797380","stoptime":"1592749380","maxclicks":"0","maximpressions":"0","spread":"N","daystarttime":"0000","daystoptime":"0000","day_mon":"Y","day_tue":"Y","day_wed":"Y","day_thu":"Y","day_fri":"Y","day_sat":"Y","day_sun":"Y","autodelete":"N"}],"adrotate_stats":[{"id":"2435","ad":"7","group":"0","thetime":"1509926400","clicks":"0","impressions":"20"},{"id":"2436","ad":"7","group":"0","thetime":"1510012800","clicks":"0","impressions":"1"},{"id":"2437","ad":"7","group":"0","thetime":"1510099200","clicks":"0","impressions":"1"},{"id":"2438","ad":"7","group":"0","thetime":"1510272000","clicks":"0","impressions":"1"},{"id":"2439","ad":"7","group":"0","thetime":"1510531200","clicks":"0","impressions":"4"},{"id":"2440","ad":"7","group":"0","thetime":"1510617600","clicks":"0","impressions":"4"},{"id":"2441","ad":"7","group":"0","thetime":"1510704000","clicks":"0","impressions":"5"},{"id":"2442","ad":"7","group":"0","thetime":"1510876800","clicks":"0","impressions":"9"},{"id":"2443","ad":"7","group":"0","thetime":"1511136000","clicks":"0","impressions":"4"},{"id":"2444","ad":"7","group":"0","thetime":"1511308800","clicks":"0","impressions":"2"},{"id":"2445","ad":"7","group":"0","thetime":"1511395200","clicks":"0","impressions":"1"},{"id":"2446","ad":"7","group":"0","thetime":"1511740800","clicks":"0","impressions":"2"},{"id":"2447","ad":"7","group":"0","thetime":"1511827200","clicks":"0","impressions":"5"},{"id":"2448","ad":"7","group":"0","thetime":"1511913600","clicks":"0","impressions":"6"},{"id":"2449","ad":"7","group":"0","thetime":"1512000000","clicks":"0","impressions":"37"},{"id":"2450","ad":"7","group":"0","thetime":"1512086400","clicks":"0","impressions":"7"},{"id":"2451","ad":"7","group":"0","thetime":"1512345600","clicks":"0","impressions":"9"},{"id":"2452","ad":"7","group":"0","thetime":"1512432000","clicks":"0","impressions":"15"},{"id":"2453","ad":"7","group":"0","thetime":"1512518400","clicks":"0","impressions":"20"},{"id":"2454","ad":"7","group":"0","thetime":"1512604800","clicks":"0","impressions":"6"},{"id":"2455","ad":"7","group":"0","thetime":"1512691200","clicks":"0","impressions":"1"},{"id":"2456","ad":"7","group":"0","thetime":"1512950400","clicks":"0","impressions":"9"},{"id":"2457","ad":"7","group":"0","thetime":"1513036800","clicks":"0","impressions":"23"},{"id":"2458","ad":"7","group":"0","thetime":"1513123200","clicks":"0","impressions":"10"}]}