[{"wp_inactive_widgets":["thim_layout_builder-5","archives-2","meta-2","recent-posts-2","recent-comments-2"],"menu-right":["text-4"],"sidebar":["search-2","categories-2","text-5","tag_cloud-2"],"footer-top":["text-2"],"footer-sidebar-1":["text-3"],"footer-sidebar-2":["nav_menu-2"],"footer-sidebar-3":["nav_menu-4"],"footer-sidebar-4":["nav_menu-5"],"footer-sidebar-5":["nav_menu-3"]},{"text":{"4":{"title":"","text":"[INSERT_ELEMENTOR id=\"1615\"]","filter":true,"visual":true,"widget-class":""},"5":{"title":"","text":"[INSERT_ELEMENTOR id=\"1684\"]","filter":true,"visual":true,"widget-class":""},"2":{"title":"","text":"[INSERT_ELEMENTOR id=\"1587\"]","filter":true,"visual":true,"widget-class":""},"3":{"title":"","text":"[INSERT_ELEMENTOR id=\"1605\"]","filter":true,"visual":true,"widget-class":""},"_multiwidget":1},"search":{"2":{"title":""},"_multiwidget":1},"categories":{"2":{"title":"Categories","count":1,"hierarchical":0,"dropdown":0,"widget-class":""},"_multiwidget":1},"tag_cloud":{"2":{"title":"Tags","count":0,"taxonomy":"post_tag","widget-class":""},"_multiwidget":1},"nav_menu":{"2":{"title":"Menu","nav_menu":36,"widget-class":""},"4":{"title":"Courses","nav_menu":33,"widget-class":""},"5":{"title":"Topics","nav_menu":37,"widget-class":""},"3":{"title":"Information","nav_menu":34,"widget-class":""},"_multiwidget":1},"thim_layout_builder":{"5":{"widget-class":"","content":"<p>[vc_row][vc_column][thim-posts layout=\"kindergarten-layout-widget-2\" title=\"Recent Posts\" number=\"4\" bp_css=\".vc_custom_1564036628351{margin-bottom: 33px !important;}\"][vc_column_text]<\/p>\r\n<div class=\"thim-block-info-contact\">\r\n<h5 class=\"title-block\">Free Call<\/h5>\r\n<div class=\"description-block\">Pulvinar est metro ligula blandit maecenas<\/div>\r\n<div class=\"content-block\">1-900-22-44-88<\/div>\r\n<p><a class=\"button-block\" href=\"#\">Contact us<\/a><\/div>\r\n<p>[\/vc_column_text][\/vc_column][\/vc_row]<\/p>\r\n","custom_css":".vc_custom_1564036628351{margin-bottom: 33px !important;}"},"_multiwidget":1},"archives":{"2":{"title":"","count":0,"dropdown":0},"_multiwidget":1},"meta":{"2":{"title":""},"_multiwidget":1},"recent-posts":{"2":{"title":"","number":5},"_multiwidget":1},"recent-comments":{"2":{"title":"","number":5},"_multiwidget":1}}]