[{"sidebar":["search-2","recent-posts-2","recent-comments-2","archives-2","categories-2","meta-2"],"footer-sidebar-1":["media_image-2","text-3","thim_layout_builder-7"],"footer-sidebar-2":["nav_menu-2"],"footer-sidebar-3":["text-4"],"footer-sidebar-4":["text-5"],"footer-sidebar-after":["media_image-3","thim_layout_builder-9"],"sidebar_shop":["woocommerce_product_search-2","woocommerce_product_categories-2","woocommerce_price_filter-2","woocommerce_products-2","woocommerce_product_tag_cloud-2","media_image-4"]},{"search":{"2":{"title":""},"_multiwidget":1},"recent-posts":{"2":{"title":"","number":5},"_multiwidget":1},"recent-comments":{"2":{"title":"","number":5},"_multiwidget":1},"archives":{"2":{"title":"","count":0,"dropdown":0},"_multiwidget":1},"categories":{"2":{"title":"","count":0,"hierarchical":0,"dropdown":0},"_multiwidget":1},"meta":{"2":{"title":""},"_multiwidget":1},"media_image":{"2":{"attachment_id":944,"url":"http:\/\/galax.thimpress.com\/demo-6\/wp-content\/uploads\/sites\/6\/2018\/05\/Logoav.png","title":"","size":"full","width":163,"height":52,"caption":"","alt":"","link_type":"none","link_url":"http:\/\/galax.thimpress.com\/demo-6\/","image_classes":"","link_classes":"","link_rel":"","link_target_blank":false,"image_title":"","widget-class":"","widget_logic":""},"3":{"attachment_id":513,"url":"http:\/\/galax.thimpress.com\/demo-6\/wp-content\/uploads\/sites\/6\/2018\/01\/shop2-payment-300x32.png","title":"","size":"medium","width":300,"height":32,"caption":"","alt":"","link_type":"custom","link_url":"http:\/\/galax.thimpress.com\/demo-6\/shop\/","image_classes":"","link_classes":"","link_rel":"","link_target_blank":true,"image_title":"","widget-class":"","widget_logic":""},"4":{"attachment_id":900,"url":"http:\/\/galax.thimpress.com\/demo-6\/wp-content\/uploads\/sites\/6\/2018\/04\/banner.jpg","title":"","size":"full","width":298,"height":325,"caption":"","alt":"","link_type":"custom","link_url":"https:\/\/thimpress.com\/product\/education-pack-1-free-education-wordpress-theme\/","image_classes":"","link_classes":"","link_rel":"","link_target_blank":false,"image_title":"","widget-class":"","widget_logic":""},"_multiwidget":1},"text":{"3":{"title":"","text":"Discover 22 High Quality WordPress themes,\u00a050+ WordPress plugins &amp; Add-ons\u00a0that took\u00a035,000 businesses\u00a0to a Whole -New -Level.","filter":true,"visual":true,"widget-class":"","widget_logic":""},"4":{"title":"Connect us","text":"<ul class=\"thim-contact-list\">\r\n \t<li><i class=\"fa fa-phone\" aria-hidden=\"true\"><\/i> <a href=\"tel:00123456789\">(+00) 123456-789<\/a><\/li>\r\n \t<li><i class=\"fa fa-envelope-o\" aria-hidden=\"true\"><\/i> <a href=\"mailto:info@thimpress.com\">info@thimpress.com<\/a><\/li>\r\n \t<li><i class=\"fa fa-fax\" aria-hidden=\"true\"><\/i> <a href=\"tel:01123456789\">(+01) 123456-789<\/a><\/li>\r\n \t<li><i class=\"fa fa-map-marker\" aria-hidden=\"true\"><\/i> PO Box 97845 Baker st. 567, Los Angeles, California, US.<\/li>\r\n<\/ul>","filter":true,"visual":true,"widget-class":""},"5":{"title":"Instagram","text":"[instagram-feed]","filter":true,"visual":true,"widget-class":"size-20"},"_multiwidget":1},"thim_layout_builder":{"7":{"widget-class":"","content":"[vc_row][vc_column][thim-social-links social_links=\"%5B%7B%22icon%22%3A%22fa%20fa-facebook%22%2C%22link%22%3A%22http%3A%2F%2Ffacebook.com%2Fthimpress%2F%22%7D%2C%7B%22icon%22%3A%22fa%20fa-twitter%22%2C%22link%22%3A%22http%3A%2F%2Ftwitter.com%2Fthimpress%2F%22%7D%2C%7B%22icon%22%3A%22fa%20fa-skype%22%2C%22link%22%3A%22http%3A%2F%2Fskype.com%2Fthimpress%2F%22%7D%2C%7B%22icon%22%3A%22fa%20fa-google-plus%22%2C%22link%22%3A%22http%3A%2F%2Fplus.google.com%2Fthimpress%2F%22%7D%5D\"][\/vc_column][\/vc_row]","custom_css":""},"9":[],"_multiwidget":1},"nav_menu":{"2":{"title":"Useful links","nav_menu":3,"widget-class":"column-2 size-20"},"_multiwidget":1},"woocommerce_product_search":{"2":{"title":"","widget-class":""},"_multiwidget":1},"woocommerce_product_categories":{"2":{"title":"Categories","orderby":"name","dropdown":0,"count":1,"hierarchical":1,"show_children_only":0,"hide_empty":0,"max_depth":"","widget-class":""},"_multiwidget":1},"woocommerce_price_filter":{"2":{"title":"Filter by price","widget-class":""},"_multiwidget":1},"woocommerce_products":{"2":{"title":"POPULAR PRODUCTS","number":4,"show":"","orderby":"date","order":"desc","hide_free":0,"show_hidden":0,"widget-class":""},"_multiwidget":1},"woocommerce_product_tag_cloud":{"2":{"title":"Tags","widget-class":""},"_multiwidget":1}}]