[{"sidebar":["text-2","categories-2","text-3"],"right_menu":["text-8"],"footer_top":["text-11","text-12"],"footer-sidebar-1":["text-13","text-14"],"footer-sidebar-2":["nav_menu-3"],"footer-sidebar-3":["nav_menu-2"],"footer-sidebar-4":["text-4"],"sidebar_events":["text-9"],"sidebar_hotel":["hb_widget_search-2","hb_widget_cart-2"],"sidebar_shop":["woocommerce_product_categories-2","woocommerce_price_filter-2"],"copyright":["copyright-2"]},{"text":{"2":{"title":"About Hotel","text":"Nam dapibus nisl vitae elit fringilla rutrum. Aenean sollicitudin, erat a elementum rutrum, neque sem pretium metus, quis mollis nisl nunc et massa. Vestibulum sed metus in lorem tristique ullamcorper id vitae erat. Nulla mollis sapien sollicitudin lacinia lacinia. \r\n\r\n<a href=\"https:\/\/luxstay.thimpress.com\/element-rtl\/about-us\/\" class=\"thim-readmore\">Read more<\/a>","filter":false,"widget-class":"","widget_logic":""},"3":{"title":"","text":"<a href=\"https:\/\/luxstay.thimpress.com\/element-rtl\/gallery\/\">\r\n<img alt=\"\" src=\"https:\/\/luxstay.thimpress.com\/wp-content\/uploads\/sites\/9\/2016\/10\/gallery_ads.jpg\">\r\n<\/a>","filter":false,"widget-class":"no-padding sidebar-single-image","widget_logic":""},"8":{"title":"","text":" <ul class=\"header-info\">\r\n            <li><a href=\"tel:00123456789\" class=\"value\"><i class=\"ion-tele\"><\/i> +00 123 456 789<\/a> <\/li>\r\n            <li><a href=\"http:\/\/luxstay.thimpress.com\/demo-1\/rooms\/\" class=\"btn-book\"><i class=\"ion-calendar-02\"><\/i> Book Now<\/a><\/li>\r\n        <\/ul>","filter":false,"widget-class":"no-border","widget_logic":"","visual":false},"11":{"title":"","text":"<a href=\"http:\/\/luxstay.thimpress.com\/element-rtl\"><img src=\"https:\/\/luxstay.thimpress.com\/element-1\/wp-content\/uploads\/sites\/5\/2021\/06\/lg_white.png\" alt=\"img\" \/><\/a>","filter":true,"visual":true,"widget_logic":"","widget-class":"pull-left"},"12":{"title":"","text":"<div class=\"thim-footer-top-email \">\r\n<h5>Sign up for our newsletter to receive our news, deals and special offers.<\/h5>\r\n[mc4wp_form]\r\n\r\n<\/div>","filter":true,"visual":true,"widget_logic":"","widget-class":"pull-right custom-social"},"13":{"title":"","text":"Swiss Alps, offering contemporary accommodation and unrivaled access to ski and hiking trails, immersing you in an idyllic setting against pristine skies in search of a truly serene experience.","filter":true,"visual":true,"widget_logic":"","widget-class":""},"14":{"title":"","text":"<ul class=\"social-link-no-border\">\r\n \t<li><\/li>\r\n \t<li><\/li>\r\n \t<li><\/li>\r\n \t<li><\/li>\r\n<\/ul>","filter":true,"visual":true,"widget_logic":"","widget-class":""},"4":{"title":"CONTACT US","text":"<div class=\"thim-footer-location\">\r\n<p class=\"info\"><i class=\"las la-phone\"><\/i><a href=\"tel:00123456789\">+00 123 456 789<\/a><\/p>\r\n<p class=\"info\"><i class=\"las la-at\"><\/i><a href=\"mailto:hello@thimpress.com\">hello@thimpress.com<\/a><\/p>\r\n<p class=\"info\"><i class=\"las la-map\"><\/i><\/i> <span>329 Queensberry Street, North Melbourne VIC 3051, Australia<\/span><\/p>\r\n<\/div>","filter":false,"widget-class":"","widget_logic":"","visual":false},"9":{"title":"","text":"","filter":false,"widget-class":"hide"},"_multiwidget":1},"categories":{"2":{"title":"Categories","count":0,"hierarchical":0,"dropdown":0,"widget-class":""},"_multiwidget":1},"nav_menu":{"3":{"title":"COMPANY","nav_menu":52,"widget-class":""},"2":{"title":"SERVICES","nav_menu":55,"widget-class":""},"_multiwidget":1},"hb_widget_search":{"2":{"title":"CHECK AVAILABILITY","show_title":"true","show_label":"true","widget-class":""},"_multiwidget":1},"hb_widget_cart":{"2":{"title":"Your Booking","widget_logic":"","widget-class":""},"_multiwidget":1},"woocommerce_product_categories":{"2":{"title":"Categories","orderby":"name","dropdown":0,"count":0,"hierarchical":1,"show_children_only":0,"hide_empty":0,"widget-class":""},"_multiwidget":1},"woocommerce_price_filter":{"2":{"title":"Filter by price","widget-class":""},"_multiwidget":1},"copyright":{"2":{"first_text":"\u00a9","year":"","site_name":"Thimpress","link_site":"https:\/\/thimpress.com\/","last_text":"All rights reserved. Powered by <a href=\"https:\/\/wordpress.org\/\">WordPress<\/a>.","widget_logic":"","widget-class":""},"_multiwidget":1}}]