[{"sidebar":["top_blog_detail-2","search-2","categories-2","recent_posts-2","banner_ads-2","text-2"],"bottom_bar":["logo-rest-2","opening-hours-footer-2","info-footer-2","nav_menu-3"],"topbar_center":["info-rest-2","info-rest-3"]},{"top_blog_detail":{"2":{"image":22,"title":"Restara Restaurant","description":"A very clean template with well laid out sidebar and articles sections, social counters, header, pagination, footer etc. ","_sow_form_id":"5a27904ce5b01","_sow_form_timestamp":"1512543774705","widget-class":""},"_multiwidget":1},"search":{"2":{"title":""},"_multiwidget":1},"categories":{"2":{"title":"","count":0,"hierarchical":0,"dropdown":0},"_multiwidget":1},"recent_posts":{"2":{"title":"Recent Posts","description":"","posts_per_page":4,"thumbnail_size":"440x285","_sow_form_id":"5a27904cc868c","_sow_form_timestamp":"1512543752301","widget-class":""},"_multiwidget":1},"banner_ads":{"2":{"banner_image":74,"title":"BANNER ADS","description":"300 X 250","_sow_form_id":"5a27904cc4b81","_sow_form_timestamp":"1512543597905","widget-class":""},"_multiwidget":1},"text":{"2":{"title":"Instagram","text":"[instagram-feed num=9 cols=3 disablemobile=true]","filter":true,"visual":true,"widget-class":""},"_multiwidget":1},"logo-rest":{"2":{"logo":8,"description":"The Restara theme used to be greater than simply an area to get a hairstyle or cut; it was a center","displayDes":true,"_sow_form_id":"5a2752cf6d55a","_sow_form_timestamp":"1512526919456","widget-class":"col-lg-6"},"_multiwidget":1},"opening-hours-footer":{"2":{"title":"OPENING HOURS","repeater-content":[{"repeat_day":"Monday","repeat_hours":"8 AM - 9 PM"},{"repeat_day":"Tuesday","repeat_hours":"8 AM - 9 PM"},{"repeat_day":"Wednesday","repeat_hours":"8 AM - 9 PM"},{"repeat_day":"Thursday","repeat_hours":"8 AM - 9 PM"},{"repeat_day":"Friday","repeat_hours":"8 AM - 9 PM"},{"repeat_day":"Weekend","repeat_hours":"Closed"}],"_sow_form_id":"5a2752cf6db00","_sow_form_timestamp":"1512527105283","widget-class":"col-lg-6"},"_multiwidget":1},"info-footer":{"2":{"title":"BUSINESS DETAILS","repeater-content":[{"repeat_title":"Phone:","repeat_content":"0969.84.88.93"},{"repeat_title":"Email:","repeat_content":"hello@restara.com"},{"repeat_title":"Address:","repeat_content":"269 Charlington Gates, Australia"}],"displaytitle":true,"_sow_form_id":"5a2752cf6c366","_sow_form_timestamp":"1512527259961","widget-class":"col-lg-6"},"_multiwidget":1},"nav_menu":{"3":{"title":"SITE LINKS","nav_menu":5,"widget-class":""},"_multiwidget":1},"info-rest":{"2":{"title":"Opening Hour","info":"6:00 AM - 8:00 PM","detail":"Store open everyday on week","icon":6,"_sow_form_id":"5a276743daf7a","_sow_form_timestamp":"1512531900564","widget-class":""},"3":{"title":"Where\u2019s Store","info":"269 Charlington Gates","detail":"Road Morrison, Australia ","icon":7,"_sow_form_id":"5a276743daf7a","_sow_form_timestamp":"1512531943246","widget-class":""},"_multiwidget":1}}]