[{"sidebar":["search-4","categories-2","courses-2","single-images-2","list-post-2"],"toolbar":["nav_menu-11","search-6","login-popup-2"],"menu_right":["social-2"],"menu_top":["search-5"],"footer":["siteorigin-panels-builder-12"],"sidebar_shop":["woocommerce_product_categories-2"],"sidebar_courses":["course-categories-2","courses-5","single-images-5","list-post-7"],"header":["siteorigin-panels-builder-11"]},{"search":{"4":{"title":"Search","widget-class":"","widget_logic":""},"6":{"title":"","widget-class":"","widget_logic":""},"5":{"title":"","widget-class":"","widget_logic":""},"_multiwidget":1},"categories":{"2":{"title":"","count":0,"hierarchical":0,"dropdown":0},"_multiwidget":1},"courses":{"2":{"heading_group":{"title":"Popular Courses","textcolor":false,"size":"h3","font_heading":"default","custom_font_heading":{"custom_font_size":18,"custom_font_weight":"normal"}},"desc_group":{"des":"","des_color":false,"des_font_size":16,"des_font_weight":"normal"},"order":"popular","layout":"list-sidebar","limit":3,"view_all_courses":"","slider-options":{"show_navigation":true,"item_visible":"4","show_pagination":false},"grid-options":{"columns":"2"},"widget-class":"","widget_logic":""},"5":{"heading_group":{"title":"Popular Courses","textcolor":false,"size":"h3","font_heading":"default","custom_font_heading":{"custom_font_size":18,"custom_font_weight":"normal"}},"desc_group":{"des":"","des_color":false,"des_font_size":16,"des_font_weight":"normal"},"order":"popular","layout":"list-sidebar","limit":3,"view_all_courses":"","slider-options":{"show_navigation":true,"item_visible":"4","show_pagination":false},"grid-options":{"columns":"2"},"widget-class":""},"_multiwidget":1},"single-images":{"2":{"image":3384,"image_size":"","image_link":"#","link_target":"_self","image_alignment":"left","css_animation":false,"widget-class":"","widget_logic":""},"5":{"image":3384,"image_size":"","image_link":"#","link_target":"_self","image_alignment":"left","css_animation":false,"widget-class":"","widget_logic":""},"_multiwidget":1},"list-post":{"2":{"title":"Latest Posts","cat_id":"9","image_size":"thumbnail","show_description":"no","number_posts":3,"orderby":"recent","order":"desc","link":"","text_link":"","style":"sidebar","widget-class":"","widget_logic":""},"7":{"title":"Latest Posts","cat_id":"9","image_size":"thumbnail","show_description":"no","number_posts":3,"orderby":"recent","order":"desc","link":"","text_link":"","style":"sidebar","widget-class":""},"_multiwidget":1},"nav_menu":{"11":{"nav_menu":6,"widget-class":"","widget_logic":""},"_multiwidget":1},"login-popup":{"2":{"text_register":"","text_login":"Account","text_logout":"Logout","shortcode":"","widget-class":"","widget_logic":""},"_multiwidget":1},"social":{"2":{"title":"","link_face":"#","link_twitter":"#","link_google":"","link_dribble":"","link_linkedin":"","link_pinterest":"","link_instagram":"","link_youtube":"","link_target":"_self","widget-class":"","widget_logic":""},"_multiwidget":1},"siteorigin-panels-builder":{"12":{"panels_data":{"widgets":[{"title":"","text":"<div class=\"textwidget\">\n\t<div class=\"thim-footer-info-3 text-center\">\n\t\t<img class=\"alignnone size-full wp-image-10\" src=\"http:\/\/educationwp.thimpress.com\/demo-university-3\/wp-content\/uploads\/sites\/37\/2016\/11\/footer_logo.png\" alt=\"logo-eduma-the-best-lms-wordpress-theme\" width=\"96\" height=\"91\">\n\t\t<h4 class=\"heading\">Choose the eduma experience<\/h4>\n\t\t<p class=\"info\">Our rich history is the foundation for our values. Join us to make your college experience unforgettable.<\/p>\n\t\t<p class=\"line\"><\/p>\n\t\t<p class=\"copyright-text\">\u00a9 2016\n\t\t\t<a href=\"https:\/\/themeforest.net\/item\/education-wordpress-theme-education-wp\/14058034?ref=ThimPress&amp;utm_source=demo&amp;utm_medium=demofooter\">Eduma University<\/a> by\n\t\t\t<a href=\"https:\/\/thimpress.com\/\">ThimPress<\/a>. Powered by <a href=\"http:\/\/wordpress.com\/\">WordPress<\/a>.\n\t\t<\/p>\n\t<\/div>\n<\/div>","widget-class":"","filter":false,"panels_info":{"class":"WP_Widget_Text","raw":false,"grid":0,"cell":0,"id":0,"widget_id":"a4161da4-d158-4d0c-82a0-337c12aa7687","style":{"class":"","widget_css":"","padding":"","background":"","background_image_attachment":"0","background_display":"tile","border_color":"","font_color":"","link_color":""}}},{"title":"Important","nav_menu":7,"widget-class":"","panels_info":{"class":"WP_Nav_Menu_Widget","grid":0,"cell":1,"id":1,"widget_id":"260bf04d-6389-41fe-ba75-e9ee8bca3f7c","style":{"class":"","widget_css":"","padding":"","background":"","background_image_attachment":"0","background_display":"tile","border_color":"","font_color":"","link_color":""}}},{"title":"Get In Touch","nav_menu":22,"widget-class":"","panels_info":{"class":"WP_Nav_Menu_Widget","grid":0,"cell":2,"id":2,"widget_id":"af2a5ade-022b-4243-a826-78c411d7d0e0","style":{"class":"","widget_css":"","padding":"","background":"","background_image_attachment":"0","background_display":"tile","border_color":"","font_color":"","link_color":""}}},{"title":"NEWSLETTER","text":"Get the latest Eduma news delivered to your inbox.\n[mc4wp_form id=\"3101\"]","widget-class":"","filter":false,"panels_info":{"class":"WP_Widget_Text","raw":false,"grid":0,"cell":3,"id":3,"widget_id":"54b0f34a-273b-4932-9845-e80cd34e30fb","style":{"class":"","widget_css":"","padding":"","background":"","background_image_attachment":"0","background_display":"tile","border_color":"","font_color":"","link_color":""}}},{"title":"Connect Us","style":"style-2","link_face":"#","link_twitter":"#","link_google":"#","link_dribble":"#","link_linkedin":"#","link_pinterest":"","link_instagram":"","link_youtube":"","link_snapchat":"","link_target":"_self","widget-class":"","show_label":false,"panels_info":{"class":"Thim_Social_Widget","raw":false,"grid":0,"cell":3,"id":4,"widget_id":"5c40ac2a-f7b1-40ee-ade2-ebd817fa8902","style":{"class":"","widget_css":"","padding":"","background":"","background_image_attachment":"0","background_display":"tile","border_color":"","font_color":"","link_color":""}}}],"grids":[{"cells":4,"style":{"id":"","class":"","cell_class":"","row_css":"","bottom_margin":"","gutter":"","padding":"","row_stretch":"","collapse_order":"","background":"","background_image_attachment":"0","background_display":"tile","border_color":""}}],"grid_cells":[{"grid":0,"weight":0.40000000000000002},{"grid":0,"weight":0.20000000000000001},{"grid":0,"weight":0.20000000000000001},{"grid":0,"weight":0.20000000000000001}]},"builder_id":"586b2a82137b4","widget-class":"","widget_logic":""},"11":{"panels_data":{"widgets":[{"text":"ABOUT EDUMA","link":"http:\/\/educationwp.thimpress.com\/demo-university-3\/about-us","content":"Discover who we are and what we do","widget-class":"","panels_info":{"class":"Thim_Link_Widget","raw":false,"grid":0,"cell":0,"id":0,"widget_id":"29db1275-99a8-4801-9a17-22b27db97e3c","style":{"id":"","class":"","widget_css":"","mobile_css":"","padding":"","mobile_padding":"","background":"","background_image_attachment":"0","background_display":"tile","border_color":"","font_color":"","link_color":""}}},{"text":"ACADEMIC","link":"http:\/\/educationwp.thimpress.com\/demo-university-3\/academic","content":"Read all about what it's like to live at Eduma","widget-class":"","panels_info":{"class":"Thim_Link_Widget","raw":false,"grid":0,"cell":1,"id":1,"widget_id":"6343f1f0-707f-4fe0-9f2c-a1c0c6035e7b","style":{"id":"","class":"","widget_css":"","mobile_css":"","padding":"","mobile_padding":"","background":"","background_image_attachment":"0","background_display":"tile","border_color":"","font_color":"","link_color":""}}},{"text":"ADMISSION","link":"http:\/\/educationwp.thimpress.com\/demo-university-3\/courses","content":"Discover who we are and what we do","widget-class":"","panels_info":{"class":"Thim_Link_Widget","raw":false,"grid":0,"cell":2,"id":2,"widget_id":"2817ceac-53c9-4b2c-9cfa-33a8600ce963","style":{"class":"","widget_css":"","padding":"","background":"","background_image_attachment":"0","background_display":"tile","border_color":"","font_color":"","link_color":""}}},{"text":"RESEARCH","link":"http:\/\/educationwp.thimpress.com\/demo-university-3\/category\/blog\/","content":"Read all about what it's like to live at Eduma","widget-class":"","panels_info":{"class":"Thim_Link_Widget","raw":false,"grid":0,"cell":3,"id":3,"widget_id":"64c6f4a5-7b99-4591-a92b-200d4f2e9b7d","style":{"class":"","widget_css":"","padding":"","background":"","background_image_attachment":"0","background_display":"tile","border_color":"","font_color":"","link_color":""}}},{"title":"APPLY NOW","url":"http:\/\/educationwp.thimpress.com\/demo-university-3\/contact","custom_style":"custom_style","style_options":{"font_size":13,"font_weight":"500","border_width":"","color":"#ffffff","border_color":"#fa394a","bg_color":"#fa394a","hover_color":"#fed1d4","hover_border_color":"#fa394a","hover_bg_color":"#fa394a"},"icon":{"icon":"pencil","icon_size":14,"icon_position":"after"},"layout":{"button_size":"small","rounding":"tiny-rounded"},"widget-class":"","new_window":false,"panels_info":{"class":"Thim_Button_Widget","raw":false,"grid":0,"cell":4,"id":4,"widget_id":"dcf8af35-1f3c-4dbb-85a6-4d902308105f","style":{"class":"","widget_css":"","padding":"","background":"","background_image_attachment":"0","background_display":"tile","border_color":"","font_color":"","link_color":""}}}],"grids":[{"cells":5,"style":{"id":"","class":"","cell_class":"","row_css":"","bottom_margin":"","gutter":"0px","padding":"","row_stretch":"","collapse_order":"","background":"","background_image_attachment":"0","background_display":"tile","border_color":""}}],"grid_cells":[{"grid":0,"index":0,"weight":0.20000000000000001,"style":[]},{"grid":0,"index":1,"weight":0.20000000000000001,"style":[]},{"grid":0,"index":2,"weight":0.20000000000000001,"style":[]},{"grid":0,"index":3,"weight":0.20000000000000001,"style":[]},{"grid":0,"index":4,"weight":0.20000000000000001,"style":[]}]},"builder_id":"58fef074d40db","widget-class":"","widget_logic":""},"_multiwidget":1},"woocommerce_product_categories":{"2":{"title":"Product Categories","orderby":"name","dropdown":0,"count":0,"hierarchical":1,"show_children_only":0,"hide_empty":0,"widget-class":"","widget_logic":""},"_multiwidget":1},"course-categories":{"2":{"title":"All Courses","widget-class":"","show_counts":false,"hierarchical":false,"widget_logic":""},"_multiwidget":1}}]