[{"menu-right":["thim_layout_builder-4"],"sidebar":["search-2","categories-2","thim_layout_builder-5","tag_cloud-2"],"footer-top":["thim_layout_builder-3"],"footer-sidebar-1":["thim_layout_builder-2"],"footer-sidebar-2":["nav_menu-2"],"footer-sidebar-3":["nav_menu-4"],"footer-sidebar-4":["nav_menu-5"],"footer-sidebar-5":["nav_menu-3"]},{"thim_layout_builder":{"4":{"widget-class":"","content":"[vc_row][vc_column][thim-search-posts layout=\"layout-1\" show_number_favorite=\"\"][thim-login-popup user_menu=\"true\" show_icon=\"\" popup_image=\"201\"][\/vc_column][\/vc_row]","custom_css":""},"5":{"widget-class":"","content":"<p>[vc_row][vc_column][thim-posts layout=\"kindergarten-layout-widget-2\" title=\"Recent Posts\" number=\"4\" bp_css=\".vc_custom_1564036628351{margin-bottom: 33px !important;}\"][vc_column_text]<\/p>\r\n<div class=\"thim-block-info-contact\">\r\n<h5 class=\"title-block\">Free Call<\/h5>\r\n<div class=\"description-block\">Pulvinar est metro ligula blandit maecenas<\/div>\r\n<div class=\"content-block\">1-900-22-44-88<\/div>\r\n<p><a class=\"button-block\" href=\"#\">Contact us<\/a><\/div>\r\n<p>[\/vc_column_text][\/vc_column][\/vc_row]<\/p>\r\n","custom_css":".vc_custom_1564036628351{margin-bottom: 33px !important;}"},"3":{"widget-class":"","content":"<p>[vc_row full_width=\"stretch_row_content_no_spaces\"][vc_column css=\".vc_custom_1566292875062{margin-bottom: -76px !important;}\" bp_css_mobile=\".vc_custom_1566292875067{margin-bottom: 76px !important;}\"][thim-google-maps map_center=\"123 Fifth Floor East 50th Street, New York, NY 12200\" api_key=\"AIzaSyA0rsuYtaOizexB6cCvcQSRIskctOGCCwo\" marker_icon=\"268\" height=\"600\" list_address=\"%5B%7B%22place%22%3A%22123%20Fifth%20Floor%20East%2050th%20Street%2C%20New%20York%2C%20NY%2012200%22%2C%22title_place%22%3A%22Campbell%20Rd%22%2C%22phone_place%22%3A%22%2B048%20246%20247%20789%22%2C%22email_place%22%3A%22coahinglife%40gmail.com%22%7D%2C%7B%22place%22%3A%2212%20Fifth%20Floor%20East%2050th%20Street%2C%20New%20York%2C%20NY%2012200%22%2C%22title_place%22%3A%22Shady%20Pines%20Way%22%2C%22phone_place%22%3A%22%2B048%20246%20247%20789%22%2C%22email_place%22%3A%22coahinglife%40gmail.com%22%7D%5D\"][\/vc_column][\/vc_row][vc_row full_width=\"stretch_row\" el_class=\"newsletter--home-3\"][vc_column][vc_column_text][yikes-mailchimp form=\"2\" title=\"1\" description=\"1\"][\/vc_column_text][\/vc_column][\/vc_row]<\/p>\r\n","custom_css":".vc_custom_1566292875062{margin-bottom: -76px !important;}.vc_custom_1566292875067{margin-bottom: 76px !important;}"},"2":{"widget-class":"","content":"[vc_row css=\".vc_custom_1564383386113{padding-top: 25px !important;}\"][vc_column][vc_single_image image=\"208\"][thim-social-links links=\"%5B%7B%22icon%22%3A%22fa%20fa-facebook%22%2C%22url%22%3A%22%23%22%7D%2C%7B%22icon%22%3A%22fa%20fa-twitter%22%2C%22url%22%3A%22%23%22%7D%2C%7B%22icon%22%3A%22fa%20fa-pinterest-p%22%2C%22url%22%3A%22%23%22%7D%2C%7B%22icon%22%3A%22fa%20fa-linkedin%22%2C%22url%22%3A%22%23%22%7D%2C%7B%22icon%22%3A%22fa%20fa-youtube-play%22%2C%22url%22%3A%22%23%22%7D%5D\"][\/vc_column][\/vc_row]","custom_css":".vc_custom_1564383386113{padding-top: 25px !important;}"},"_multiwidget":1},"search":{"2":{"title":""},"_multiwidget":1},"categories":{"2":{"title":"Categories","count":1,"hierarchical":0,"dropdown":0,"widget-class":""},"_multiwidget":1},"tag_cloud":{"2":{"title":"Tags","count":0,"taxonomy":"post_tag","widget-class":""},"_multiwidget":1},"nav_menu":{"2":{"title":"Menu","nav_menu":17,"widget-class":""},"4":{"title":"Courses","nav_menu":47,"widget-class":""},"5":{"title":"Topics","nav_menu":48,"widget-class":""},"3":{"title":"Information","nav_menu":18,"widget-class":""},"_multiwidget":1}}]