[{"megamenu_sidebar":["siteorigin-panels-builder-11"],"sidebar-1":["events-1","campaign-categories-1","categories-3","list-post-4","campaign-1","single-images-2","list-post-5"],"toolbar":["siteorigin-panels-builder-8"],"top_sidebar":["siteorigin-panels-builder-2"],"footer":["siteorigin-panels-builder-7","siteorigin-panels-builder-6","siteorigin-panels-builder-9","siteorigin-panels-builder-3"],"footer-bottom":["siteorigin-panels-builder-10"]},{"siteorigin-panels-builder":{"11":{"panels_data":{"widgets":[{"title":"Featured Link","nav_menu":47,"widget-class":"","panels_info":{"class":"WP_Nav_Menu_Widget","raw":false,"grid":0,"cell":0,"id":0,"widget_id":"afd741fd-b721-4681-935c-a6c80a4d04d6","style":{"class":"","widget_css":"","padding":"","background":"","background_image_attachment":"0","background_display":"tile","border_color":"","font_color":"","link_color":""}}},{"title":"Latest Causes","template":"simple","number":3,"orderby":"recent","order":"asc","default_option":{"columns":"3"},"widget-class":"","panels_info":{"class":"thim_campaign_widget","raw":false,"grid":0,"cell":1,"id":1,"widget_id":"4f4c876e-e192-4205-aab2-2c47fb2a4aa5","style":{"class":"","widget_css":"","padding":"","background":"","background_image_attachment":"0","background_display":"tile","border_color":"","font_color":"","link_color":""}}},{"title":"Upcoming Events","number":3,"status":"tp-event-upcoming","orderby":"tp_event_date_start","order":"asc","template":"style3","default_option":{"columns":"2"},"widget-class":"","panels_info":{"class":"thim_events_widget","raw":false,"grid":0,"cell":2,"id":2,"widget_id":"1d1a7d31-e085-4643-bb2c-327aa7c599f4","style":{"class":"","widget_css":"","padding":"","background":"","background_image_attachment":"0","background_display":"tile","border_color":"","font_color":"","link_color":""}}},{"title":"Featured Video","text":"<iframe src=\"https:\/\/player.vimeo.com\/video\/154475367?color=ffffff&title=0&byline=0&portrait=0\" width=\"260\" height=\"150\" frameborder=\"0\" webkitallowfullscreen mozallowfullscreen allowfullscreen><\/iframe>","widget-class":"","filter":false,"panels_info":{"class":"WP_Widget_Text","raw":false,"grid":0,"cell":3,"id":3,"widget_id":"c0ead685-b5cb-480e-b83e-6f9823ff89b7","style":{"class":"","widget_css":"","padding":"","background":"","background_image_attachment":"0","background_display":"tile","border_color":"","font_color":"","link_color":""}}}],"grids":[{"cells":4,"style":[]}],"grid_cells":[{"grid":0,"weight":0.25},{"grid":0,"weight":0.25},{"grid":0,"weight":0.25},{"grid":0,"weight":0.25}]},"builder_id":"581b502ee8ac5","widget-class":"","widget_logic":""},"8":{"panels_data":"{\"widgets\":[{\"title\":\"\",\"text\":\"<ul>\\n\\t<li style=\\\"font-size: 12px\\\"><i class=\\\"fa fa-map-marker\\\" style=\\\"font-size: 13px\\\"><\/i> 3766 Alton Pkwy, Irvine CA 92618 USA<\/li>\\n\\t<li style=\\\"font-size: 12px\\\"><i class=\\\"fa fa-phone\\\" style=\\\"font-size: 13px\\\"><\/i> <a href=\\\"tel:+00 123 456 789\\\">+00 123 456 789<\/a><\/li>\\n\\t<li style=\\\"font-size: 12px\\\"><i class=\\\"fa fa-clock-o\\\" style=\\\"font-size: 13px\\\"><\/i> Mon-Sat: \u00a08:00am-6:30pm \u00a0 Sun: \u00a0Closed<\/li>\\n<\/ul>\",\"text_selected_editor\":\"html\",\"autop\":\"on\",\"_sow_form_id\":\"56cfb3ec75813\",\"panels_info\":{\"class\":\"SiteOrigin_Widget_Editor_Widget\",\"raw\":false,\"grid\":0,\"cell\":0,\"id\":0,\"style\":{\"class\":\"\",\"widget_css\":\"\",\"padding\":\"\",\"background\":\"\",\"background_image_attachment\":\"0\",\"background_display\":\"tile\",\"border_color\":\"\",\"font_color\":\"\",\"link_color\":\"\"}}},{\"panels_data\":{\"widgets\":[{\"title\":\"\",\"link_face\":\"https:\/\/www.facebook.com\/thimpress\",\"link_twitter\":\"https:\/\/www.twitter.com\/thimpress\",\"link_google\":\"\",\"link_dribble\":\"\",\"link_linkedin\":\"https:\/\/www.thimpress.com\",\"link_pinterest\":\"\",\"link_digg\":\"\",\"link_youtube\":\"\",\"link_instagram\":\"https:\/\/www.thimpress.com\",\"link_target\":\"_self\",\"style\":\"default\",\"align\":\"right\",\"panels_info\":{\"class\":\"Thim_Social_Widget\",\"raw\":true,\"grid\":0,\"cell\":0,\"id\":0,\"style\":{\"class\":\"\",\"widget_css\":\"\",\"padding\":\"\",\"background\":\"\",\"background_image_attachment\":\"0\",\"background_display\":\"tile\",\"border_color\":\"\",\"font_color\":\"\",\"link_color\":\"\"}}},{\"title\":\"\",\"text\":\"<select>\\n\\t<option value=\\\"en\\\" selected=\\\"selected\\\">English<\/option>\\n\\t<option value=\\\"fr\\\">Fran\u00e7ais<\/option>\\n<\/select>\",\"panels_info\":{\"class\":\"WP_Widget_Text\",\"raw\":false,\"grid\":0,\"cell\":0,\"id\":1,\"style\":{\"class\":\"\",\"widget_css\":\"margin-right: 10px;\",\"padding\":\"\",\"background\":\"\",\"background_image_attachment\":\"0\",\"background_display\":\"tile\",\"border_color\":\"\",\"font_color\":\"\",\"link_color\":\"\"}}}],\"grids\":[{\"cells\":1,\"style\":{\"id\":\"\",\"class\":\"\",\"cell_class\":\"\",\"row_css\":\"\",\"bottom_margin\":\"\",\"gutter\":\"\",\"padding\":\"\",\"row_stretch\":\"\",\"collapse_order\":\"\",\"background\":\"\",\"background_image_attachment\":\"0\",\"background_display\":\"tile\",\"border_color\":\"\",\"overlay\":\"\"}}],\"grid_cells\":[{\"grid\":0,\"weight\":1}]},\"builder_id\":\"56d6b45805211\",\"panels_info\":{\"class\":\"SiteOrigin_Panels_Widgets_Layout\",\"raw\":true,\"grid\":0,\"cell\":1,\"id\":1,\"style\":{\"class\":\"thim-float-right thim-hidden-768px\",\"widget_css\":\"\",\"padding\":\"\",\"background\":\"\",\"background_image_attachment\":\"0\",\"background_display\":\"tile\",\"border_color\":\"\",\"font_color\":\"\",\"link_color\":\"\"}}}],\"grids\":[{\"cells\":2,\"style\":{\"id\":\"\",\"class\":\"thim-hidden-md-2\",\"cell_class\":\"\",\"row_css\":\"\",\"bottom_margin\":\"\",\"gutter\":\"0px\",\"padding\":\"\",\"row_stretch\":\"\",\"collapse_order\":\"\",\"background\":\"\",\"background_image_attachment\":\"0\",\"background_display\":\"tile\",\"border_color\":\"\",\"overlay\":\"\"}}],\"grid_cells\":[{\"grid\":0,\"weight\":0.750000001875},{\"grid\":0,\"weight\":0.249999998125}]}","builder_id":"5701cb00c5d12","widget-class":""},"2":{"panels_data":{"widgets":[{"title":"","widget-class":"","panels_info":{"class":"DN_Widget_Button","grid":0,"cell":0,"id":0,"widget_id":"24065854-ecd2-4df1-ab51-0e0732008c6f","style":{"class":"","widget_css":"","padding":"","background":"","background_image_attachment":"0","background_display":"tile","border_color":"","font_color":"","link_color":""}}},{"widget-class":"","panels_info":{"class":"thim_search_box_widget","grid":0,"cell":0,"id":1,"widget_id":"e8958e2e-6091-463e-bfff-f8aaeb08e4d6","style":{"class":"","widget_css":"","padding":"","background":"","background_image_attachment":"0","background_display":"tile","border_color":"","font_color":"","link_color":""}}}],"grids":[{"cells":1,"style":{"id":"","class":"","cell_class":"","row_css":"","bottom_margin":"","gutter":"","padding":"","row_stretch":"","collapse_order":"","background":"","background_image_attachment":"0","background_display":"tile","border_color":"","overlay":""}}],"grid_cells":[{"grid":0,"weight":1}]},"builder_id":"581b5030a49fa","widget-class":"","widget_logic":""},"7":{"panels_data":{"widgets":[{"title":"","text":"<h3 style=\"text-align: center; font-size: 36px; color: #fff;\">BECOME A VOLUNTEER<\/h3>\n<p style=\"text-align: center; font-size: 20px;\">Join your hand with us for a better life and beautiful future.<\/p>","text_selected_editor":"html","autop":"on","_sow_form_id":"56b172487f878","widget-class":"","panels_info":{"class":"SiteOrigin_Widget_Editor_Widget","raw":false,"grid":0,"cell":0,"id":0,"widget_id":"81592ec3-4f25-4ef2-8554-41ce6d228b1a","style":{"class":"","widget_css":"","padding":"0px 0px 36px","background":"","background_image_attachment":"0","background_display":"tile","border_color":"","font_color":"","link_color":""}}},{"text":"Join Us Now","link":"http:\/\/charitywp.thimpress.com\/demo-4\/volunteer\/","align":"center","style":"style4","size":"default","button_option":{"custom":"no","button_color":"#333","text_color":"#FFF","button_hover_color":"#999","text_hover_color":"#FFF"},"panels_info":{"class":"Thim_Button_Widget","raw":false,"grid":0,"cell":0,"id":1,"widget_id":"0ce92189-a946-4e54-8eba-6be5511753ff","style":{"class":"","widget_css":"","padding":"","background":"","background_image_attachment":"0","background_display":"tile","border_color":"","font_color":"","link_color":""}}}],"grids":[{"cells":1,"style":{"id":"","class":"","cell_class":"","row_css":"","bottom_margin":"","gutter":"","padding":"55px 0px 80px","row_stretch":"full","collapse_order":"","background":"","background_image_attachment":"103","background_display":"parallax","border_color":"","overlay":"thim-overlay-color"}}],"grid_cells":[{"grid":0,"weight":1}]},"builder_id":"5743cf72e019e","widget-class":""},"6":{"panels_data":{"widgets":[{"title":"","text":"<p style=\"text-align: center;\">Subscribe now and receive weekly newsletter with new events, interesting charity activities.<\/p>","text_selected_editor":"tinymce","autop":"on","_sow_form_id":"56aaf1aba26bf","panels_info":{"class":"SiteOrigin_Widget_Editor_Widget","raw":false,"grid":0,"cell":0,"id":0,"widget_id":"ad8a793e-cea5-4912-9257-73d20e3ff294","style":{"class":"","widget_css":"max-width: 500px;\nmargin: auto;","padding":"25px 0px","background":"","background_image_attachment":"0","background_display":"tile","border_color":"","font_color":"","link_color":""}}},{"title":"","panels_info":{"class":"MC4WP_Form_Widget","raw":false,"grid":0,"cell":0,"id":1,"widget_id":"248e9323-43d5-4c7e-beb7-2a7dcb55947b","style":{"class":"","widget_css":"max-width: 353px;\nmargin: auto;","padding":"25px 0px","background":"","background_image_attachment":"0","background_display":"tile","border_color":"","font_color":"","link_color":""}}},{"title":"","text":"<p style=\"text-align: center;\">Support OUR Today at <strong><a href=\"tel:00123456789\">+(00) 123 456 789<\/a><\/strong> or email <strong><a href=\"mailto:info@yourmail.com\">info@yourmail.com<\/a><\/strong><\/p>","text_selected_editor":"html","autop":true,"_sow_form_id":"56aaf286c6957","widget-class":"","panels_info":{"class":"SiteOrigin_Widget_Editor_Widget","grid":0,"cell":1,"id":2,"widget_id":"2474eb99-5637-440c-bd3d-08a2b0c82bdb","style":{"class":"","widget_css":"max-width: 500px;\nmargin: auto;","padding":"25px 0px","background":"","background_image_attachment":"0","background_display":"tile","border_color":"","font_color":"","link_color":""}}},{"text":"DONATE TODAY","link":"http:\/\/charitywp.thimpress.com\/demo-4\/campaign-cat\/our-causes\/","align":"center","style":"style3","size":"default","button_option":{"custom":"no","button_color":"#333","text_color":"#FFF","button_hover_color":"#999","text_hover_color":"#FFF"},"panels_info":{"class":"Thim_Button_Widget","raw":false,"grid":0,"cell":1,"id":3,"widget_id":"fc7acd4b-afd7-4ae7-b9b7-b6692961c971","style":{"class":"","widget_css":"","padding":"25px 0px","background":"","background_image_attachment":"0","background_display":"tile","border_color":"","font_color":"","link_color":""}}}],"grids":[{"cells":2,"style":{"id":"","class":"thim-border-center","cell_class":"","row_css":"font-size: 18px;\nline-height: 26px;","bottom_margin":"0px","gutter":"","padding":"80px 0px","row_stretch":"full","collapse_order":"","background":"#ffffff","background_image_attachment":"0","background_display":"tile","border_color":"","overlay":""}}],"grid_cells":[{"grid":0,"weight":0.5},{"grid":0,"weight":0.5}]},"builder_id":"57441e77637d9","widget-class":""},"9":{"panels_data":"{\"widgets\":[{\"image\":\"420,421,422,423,424,422,421\",\"image_size\":\"full\",\"image_link\":\"#,#,#,#,#,#,#\",\"link_target\":\"_self\",\"items\":\"5\",\"autoPlay\":\"true\",\"panels_info\":{\"class\":\"Thim_Client_Logo_Widget\",\"raw\":true,\"grid\":0,\"cell\":0,\"id\":0,\"style\":{\"class\":\"\",\"widget_css\":\"\",\"padding\":\"40px 0px\",\"background\":\"\",\"background_image_attachment\":\"0\",\"background_display\":\"tile\",\"border_color\":\"\",\"font_color\":\"\",\"link_color\":\"\"}}}],\"grids\":[{\"cells\":1,\"style\":{\"id\":\"\",\"class\":\"\",\"cell_class\":\"\",\"row_css\":\"\",\"bottom_margin\":\"\",\"gutter\":\"\",\"padding\":\"\",\"row_stretch\":\"full\",\"collapse_order\":\"\",\"background\":\"#f5f5f5\",\"background_image_attachment\":\"0\",\"background_display\":\"tile\",\"border_color\":\"\",\"overlay\":\"\"}}],\"grid_cells\":[{\"grid\":0,\"weight\":1}]}","builder_id":"56dd4ce038627","widget-class":""},"3":{"panels_data":{"widgets":[{"title":"","text":"<img src=\"http:\/\/charitywp.thimpress.com\/demo-4\/wp-content\/uploads\/sites\/6\/2016\/03\/footer-logo.png\" alt=\"footer-logo\" width=\"155\" height=\"50\" class=\"alignnone size-full wp-image-419\" \/>\n\n<div style=\"font-size: 15px;\"><i class=\"fa fa-phone\"><\/i> &nbsp;&nbsp;<a href=\"tel:00123456789\"> +(00) 123 456 789<\/a>\n\n<i class=\"fa fa-envelope\"><\/i> &nbsp;&nbsp;<a href=\"mailto:hello@yourmail.com\"> hello@yourmail.com<\/a><\/div>","text_selected_editor":"html","autop":true,"_sow_form_id":"56ab1a4bf080a","widget-class":"","panels_info":{"class":"SiteOrigin_Widget_Editor_Widget","raw":false,"grid":0,"cell":0,"id":0,"widget_id":"34891e76-7620-438f-b1bf-ad178045c076","style":{"class":"","widget_css":"","padding":"","background":"","background_image_attachment":"0","background_display":"tile","border_color":"","font_color":"","link_color":""}}},{"title":"","link_face":"http:\/\/www.facebook.com\/thimpress","link_twitter":"http:\/\/www.twitter.com\/thimpress","link_google":"","link_dribble":"","link_linkedin":"#","link_pinterest":"","link_digg":"","link_youtube":"","link_instagram":"#","link_target":"_self","style":"default","align":"left","panels_info":{"class":"Thim_Social_Widget","raw":false,"grid":0,"cell":0,"id":1,"widget_id":"fc0ca778-8297-4206-a5fc-09f5e3607cbb","style":{"class":"","widget_css":"","padding":"38px 0px","background":"","background_image_attachment":"0","background_display":"tile","border_color":"","font_color":"","link_color":""}}},{"title":"Company","nav_menu":46,"widget-class":"","panels_info":{"class":"WP_Nav_Menu_Widget","grid":0,"cell":1,"id":2,"widget_id":"c26ffd34-bb4f-4895-b865-c1999be44b00","style":{"class":"","widget_css":"","padding":"0px 0px 30px","background":"","background_image_attachment":"0","background_display":"tile","border_color":"","font_color":"","link_color":""}}},{"title":"Link","nav_menu":49,"widget-class":"","panels_info":{"class":"WP_Nav_Menu_Widget","grid":0,"cell":2,"id":3,"widget_id":"b4d93ab3-06a0-4221-af26-bee045cac0a8","style":{"class":"","widget_css":"","padding":"0px 0px 30px","background":"","background_image_attachment":"0","background_display":"tile","border_color":"","font_color":"","link_color":""}}},{"title":"our worldwide office","subtitle":"","description":"","image":"99","image_size":"","image_link":"","link_target":"_self","image_alignment":"center","effect_hover":"no-effect","panels_info":{"class":"Thim_Single_Images_Widget","raw":false,"grid":0,"cell":3,"id":4,"widget_id":"ce7ea1e0-7440-4424-bb5c-65b8395c0532","style":{"class":"","widget_css":"","padding":"","background":"","background_image_attachment":"0","background_display":"tile","border_color":"","font_color":""}}},{"title":"","text":"<hr \/>","panels_info":{"class":"WP_Widget_Text","raw":false,"grid":1,"cell":0,"id":5,"widget_id":"c5f4badd-c45c-4836-a43e-8899a42754e8","style":[]}},{"text_align":"left","panels_info":{"class":"Thim_Copyright_Widget","raw":false,"grid":2,"cell":0,"id":6,"widget_id":"83e11913-9ae8-43fc-b6da-756026085e4e","style":{"class":"","widget_css":"","padding":"","background":"","background_image_attachment":"0","background_display":"tile","border_color":"","font_color":""}}},{"title":"","nav_menu":"38","panels_info":{"class":"WP_Nav_Menu_Widget","raw":false,"grid":2,"cell":1,"id":7,"widget_id":"3fef600f-ea08-4fc3-bffa-cacf546a7b40","style":{"class":"thim-float-list text-right","widget_css":"","padding":"","background":"","background_image_attachment":"0","background_display":"tile","border_color":"","font_color":"","link_color":""}}}],"grids":[{"cells":4,"style":{"id":"","class":"","cell_class":"","row_css":"","bottom_margin":"","gutter":"","padding":"80px 0px 0px","row_stretch":"","collapse_order":"","background":"","background_image_attachment":"0","background_display":"tile","border_color":"","overlay":""}},{"cells":1,"style":{"class":"","cell_class":"","row_css":"","bottom_margin":"","gutter":"","padding":"","row_stretch":"","background":"","background_image_attachment":"0","background_display":"tile","border_color":"","overlay":""}},{"cells":2,"style":{"class":"","cell_class":"","row_css":"padding-top: 6px;\npadding-bottom: 20px;","bottom_margin":"","gutter":"","padding":"","row_stretch":"","background":"","background_image_attachment":"0","background_display":"tile","border_color":"","overlay":""}}],"grid_cells":[{"grid":0,"weight":0.33349833065762},{"grid":0,"weight":0.16666656109273},{"grid":0,"weight":0.16685120007877},{"grid":0,"weight":0.33298390817087},{"grid":1,"weight":1},{"grid":2,"weight":0.5},{"grid":2,"weight":0.5}]},"builder_id":"58293f497128d","widget-class":"","widget_logic":""},"10":{"panels_data":"{\"widgets\":[{\"title\":\"\",\"text\":\"<h3 style=\\\"text-align: center; font-size: 36px; color: #fff;\\\">BECOME A VOLUNTEER<\/h3>\\n<p style=\\\"text-align: center; font-size: 20px;\\\">Join your hand with us for a better life and beautiful future<\/p>\",\"text_selected_editor\":\"html\",\"autop\":\"on\",\"_sow_form_id\":\"56b172487f878\",\"panels_info\":{\"class\":\"SiteOrigin_Widget_Editor_Widget\",\"raw\":false,\"grid\":0,\"cell\":0,\"id\":0,\"style\":{\"class\":\"\",\"widget_css\":\"\",\"padding\":\"0px 0px 36px\",\"background\":\"\",\"background_image_attachment\":\"0\",\"background_display\":\"tile\",\"border_color\":\"\",\"font_color\":\"\",\"link_color\":\"\"}}},{\"text\":\"Join Us Now\",\"link\":\"http:\/\/charitywp.thimpress.com\/demo-4\/volunteer\/\",\"align\":\"center\",\"style\":\"style4\",\"size\":\"default\",\"button_option\":{\"custom\":\"no\",\"button_color\":\"#333\",\"text_color\":\"#FFF\",\"button_hover_color\":\"#999\",\"text_hover_color\":\"#FFF\"},\"panels_info\":{\"class\":\"Thim_Button_Widget\",\"raw\":false,\"grid\":0,\"cell\":0,\"id\":1,\"style\":{\"class\":\"\",\"widget_css\":\"\",\"padding\":\"\",\"background\":\"\",\"background_image_attachment\":\"0\",\"background_display\":\"tile\",\"border_color\":\"\",\"font_color\":\"\",\"link_color\":\"\"}}}],\"grids\":[{\"cells\":1,\"style\":{\"id\":\"\",\"class\":\"\",\"cell_class\":\"\",\"row_css\":\"\",\"bottom_margin\":\"\",\"gutter\":\"\",\"padding\":\"160px 0px 185px\",\"row_stretch\":\"full\",\"collapse_order\":\"\",\"background\":\"\",\"background_image_attachment\":\"103\",\"background_display\":\"cover\",\"border_color\":\"\",\"overlay\":\"thim-overlay-color\"}}],\"grid_cells\":[{\"grid\":0,\"weight\":1}]}","builder_id":"57021d52068b1","widget-class":""},"_multiwidget":1},"events":{"1":{"title":"Upcoming Event","number":4,"status":"tp-event-upcoming","orderby":"tp_event_date_start","order":"asc","template":"style3","default_option":{"columns":"2"},"widget-class":""},"_multiwidget":1},"campaign-categories":{"1":{"title":"Cause Categories","show_all":"show","show_count":"show","widget-class":""},"_multiwidget":1},"categories":{"3":{"title":"Blog Categories","count":1,"hierarchical":0,"dropdown":0,"widget-class":""},"_multiwidget":1},"list-post":{"4":{"title":"Popular Posts","cat_id":"8","number_posts":3,"orderby":"popular","order":"asc","date":"hidden","template":"base","columns":3,"widget-class":""},"5":{"title":"Latest Posts","cat_id":"1","number_posts":3,"orderby":"recent","order":"asc","date":"show","template":"base","columns":3,"widget-class":""},"_multiwidget":1},"campaign":{"1":{"title":"Popular Causes","template":"simple","number":3,"orderby":"popular","order":"desc","default_option":{"columns":"3"},"widget-class":""},"_multiwidget":1},"single-images":{"2":{"title":"","subtitle":"","description":"","image":260,"image_size":"full","image_link":"#","link_target":"_self","image_alignment":"center","effect_hover":"effect-hover","widget-class":""},"_multiwidget":1}}]