[{"sidebar":["search-4","text-12","tag_cloud-3"],"sidebar-courses":["search-3","text-15","tag_cloud-1"],"sidebar-events":["search-5","text-16","tag_cloud-4"],"menu-right":["text-13","text-14"],"footer-top":["text-11"],"footer-sidebar-1":["text-8"],"footer-sidebar-2":["nav_menu-6"],"footer-sidebar-3":["nav_menu-10"],"footer-sidebar-4":["nav_menu-8"],"footer-sidebar-5":["nav_menu-9"]},{"search":{"4":{"title":"","widget-class":""},"3":{"title":""},"5":{"title":"","widget-class":""},"_multiwidget":1},"text":{"12":{"title":"","text":"[INSERT_ELEMENTOR id=\"1524\"]","filter":true,"visual":true,"widget-class":""},"15":{"title":"","text":"[INSERT_ELEMENTOR id=\"1524\"]","filter":true,"visual":true,"widget-class":""},"16":{"title":"","text":"[INSERT_ELEMENTOR id=\"1524\"]","filter":true,"visual":true,"widget-class":""},"13":{"title":"","text":"<ul>\r\n \t<li class=\"phone-topbar\"><i class=\"ion ion-android-call\"><\/i> Need help? Call us now: <a class=\"special-link\" href=\"#\">(+88) 12 345 6789<\/a><\/li>\r\n<\/ul>","filter":true,"visual":true,"widget-class":""},"14":{"title":"","text":"[INSERT_ELEMENTOR id=\"1666\"]","filter":true,"visual":true,"widget-class":"thim-wrap-shortcode-right-menu"},"11":{"title":"","text":"[INSERT_ELEMENTOR id=\"1514\"]","filter":true,"visual":true,"widget-class":""},"8":{"title":"","text":"[INSERT_ELEMENTOR id=\"1677\"]","filter":true,"visual":true,"widget-class":""},"_multiwidget":1},"tag_cloud":{"3":{"title":"Tags","count":0,"taxonomy":"post_tag","widget-class":""},"1":{"title":"Tags","count":0,"taxonomy":"post_tag","widget-class":""},"4":{"title":"Tags","count":0,"taxonomy":"post_tag","widget-class":""},"_multiwidget":1},"nav_menu":{"6":{"title":"Menu","nav_menu":30,"widget-class":""},"10":{"title":"Courses","nav_menu":30,"widget-class":""},"8":{"title":"Topics","nav_menu":29,"widget-class":""},"9":{"title":"Info For","nav_menu":29,"widget-class":""},"_multiwidget":1}}]