[{"mega-menu":["siteorigin-panels-builder-11"],"sidebar-1":["events-1","campaign-categories-1","categories-3","list-post-4","campaign-1","single-images-2","list-post-6"],"toolbar":["siteorigin-panels-builder-8"],"top_sidebar":["siteorigin-panels-builder-2"],"footer":["siteorigin-panels-builder-7","siteorigin-panels-builder-6","siteorigin-panels-builder-9","siteorigin-panels-builder-3"],"footer-bottom":["siteorigin-panels-builder-10"]},{"siteorigin-panels-builder":{"11":{"panels_data":{"widgets":[{"title":"Features","nav_menu":47,"panels_info":{"class":"WP_Nav_Menu_Widget","raw":false,"grid":0,"cell":0,"id":0,"widget_id":"a0ff5967-f7b8-4e38-9636-ffbb799ef0b9","style":{"class":"","widget_css":"","padding":"","background":"","background_image_attachment":"0","background_display":"tile","border_color":"","font_color":"","link_color":""}}},{"title":"Latest Causes","template":"simple","number":3,"orderby":"recent","order":"asc","default_option":{"columns":"3"},"widget-class":"","panels_info":{"class":"thim_campaign_widget","raw":false,"grid":0,"cell":1,"id":1,"widget_id":"289f1fd8-63ee-49de-845d-e46383323d48","style":{"class":"","widget_css":"","padding":"","background":"","background_image_attachment":"0","background_display":"tile","border_color":"","font_color":"","link_color":""}}},{"title":"Upcoming Events","number":3,"status":"tp-event-upcoming","orderby":"tp_event_date_start","order":"asc","template":"style3","default_option":{"columns":"2"},"widget-class":"","panels_info":{"class":"thim_events_widget","raw":false,"grid":0,"cell":2,"id":2,"widget_id":"293098b0-3d46-4891-86b0-dfd2b3f85c51","style":{"class":"","widget_css":"","padding":"","background":"","background_image_attachment":"0","background_display":"tile","border_color":"","font_color":"","link_color":""}}},{"title":"Featured Video","text":"<iframe src=\"https:\/\/player.vimeo.com\/video\/154475367?color=ffffff&title=0&byline=0&portrait=0\" width=\"260\" height=\"150\" frameborder=\"0\" webkitallowfullscreen mozallowfullscreen allowfullscreen><\/iframe>","widget-class":"","filter":false,"panels_info":{"class":"WP_Widget_Text","raw":false,"grid":0,"cell":3,"id":3,"widget_id":"bfec95d8-59c7-42c8-84e8-761f979a46a6","style":{"class":"","widget_css":"","padding":"","background":"","background_image_attachment":"0","background_display":"tile","border_color":"","font_color":"","link_color":""}}}],"grids":[{"cells":4,"style":{"id":"","class":"","cell_class":"","row_css":"","bottom_margin":"","gutter":"","padding":"","row_stretch":"","collapse_order":"","background":"","background_image_attachment":"0","background_display":"tile","border_color":"","overlay":""}}],"grid_cells":[{"grid":0,"weight":0.25},{"grid":0,"weight":0.25},{"grid":0,"weight":0.25},{"grid":0,"weight":0.25}]},"builder_id":"57635c7d72171","widget-class":""},"8":{"panels_data":{"widgets":[{"title":"","text":"<ul>\n\t<li style=\"font-size: 12px\"><i class=\"fa fa-map-marker\" style=\"font-size: 13px\"><\/i> 3766 Alton Pkwy, Irvine CA 92618 USA<\/li>\n\t<li style=\"font-size: 12px\"><i class=\"fa fa-phone\" style=\"font-size: 13px\"><\/i> <a href=\"tel:+00 123 456 789\">+(00) 123 456 789<\/a><\/li>\n\t<li style=\"font-size: 12px\"><i class=\"fa fa-clock-o\" style=\"font-size: 13px\"><\/i> Mon-Sat: \u00a08:00am-6:30pm \u00a0 Sun: \u00a0Closed<\/li>\n<\/ul>","text_selected_editor":"html","autop":true,"_sow_form_id":"56cfb3ec75813","widget-class":"","panels_info":{"class":"SiteOrigin_Widget_Editor_Widget","raw":false,"grid":0,"cell":0,"id":0,"widget_id":"399f2a77-894a-4ed4-b9f7-b6c16fab9a57","style":{"class":"","widget_css":"","padding":"","background":"","background_image_attachment":"0","background_display":"tile","border_color":"","font_color":"","link_color":""}}},{"panels_data":{"widgets":[{"title":"","link_face":"https:\/\/www.facebook.com\/thimpress","link_twitter":"https:\/\/www.twitter.com\/thimpress","link_google":"","link_dribble":"","link_linkedin":"https:\/\/www.thimpress.com","link_pinterest":"","link_digg":"","link_youtube":"","link_instagram":"https:\/\/www.thimpress.com","link_target":"_self","style":"default","align":"right","panels_info":{"class":"Thim_Social_Widget","raw":false,"grid":0,"cell":0,"id":0,"widget_id":"a7dfc3f8-90bf-4e7c-bee7-d8b8268d732c","style":{"class":"","widget_css":"","padding":"","background":"","background_image_attachment":"0","background_display":"tile","border_color":"","font_color":"","link_color":""}}}],"grids":[{"cells":1,"style":{"id":"","class":"","cell_class":"","row_css":"","bottom_margin":"","gutter":"","padding":"","row_stretch":"","collapse_order":"","background":"","background_image_attachment":"0","background_display":"tile","border_color":"","overlay":""}}],"grid_cells":[{"grid":0,"index":0,"weight":1,"style":[]}]},"builder_id":"5a0a60736f47a","widget_logic":"","widget-class":"","panels_info":{"class":"SiteOrigin_Panels_Widgets_Layout","grid":0,"cell":1,"id":1,"widget_id":"1730b781-41d4-4264-b280-2b293ee49e9a","style":{"id":"","class":"thim-float-right thim-hidden-768px","widget_css":"","mobile_css":"","padding":"","mobile_padding":"","background":"","background_image_attachment":"0","background_display":"tile","border_color":"","font_color":"","link_color":""}}}],"grids":[{"cells":2,"style":{"id":"","class":"thim-hidden-md-2","cell_class":"","row_css":"","bottom_margin":"","gutter":"0px","padding":"","row_stretch":"","collapse_order":"","background":"","background_image_attachment":"0","background_display":"tile","border_color":"","overlay":""}}],"grid_cells":[{"grid":0,"index":0,"weight":0.7,"style":[]},{"grid":0,"index":1,"weight":0.3,"style":[]}]},"builder_id":"5a0a60736f34c","widget_logic":"","widget-class":""},"2":{"panels_data":{"widgets":[{"panels_info":{"class":"DN_Widget_Button","raw":false,"grid":0,"cell":0,"id":0,"widget_id":"446c561c-4db2-4722-bdee-bd258878afc7","style":[]}},{"widget-class":"","panels_info":{"class":"thim_search_box_widget","grid":0,"cell":0,"id":1,"widget_id":"4421c267-0ef4-4704-bf6a-e61cdbf31c8a","style":{"class":"","widget_css":"","padding":"","background":"","background_image_attachment":"0","background_display":"tile","border_color":"","font_color":"","link_color":""}}}],"grids":[{"cells":1,"style":{"id":"","class":"","cell_class":"","row_css":"","bottom_margin":"","gutter":"","padding":"","row_stretch":"","collapse_order":"","background":"","background_image_attachment":"0","background_display":"tile","border_color":"","overlay":""}}],"grid_cells":[{"grid":0,"weight":1}]},"builder_id":"581a9b3585a4f","widget-class":"","widget_logic":""},"7":{"panels_data":{"widgets":[{"title":"","text":"<h3 style=\"text-align: center; font-size: 36px; color: #fff;\">BECOME A VOLUNTEER<\/h3>\n<p style=\"text-align: center; font-size: 20px;\">Join your hand with us for a better life and beautiful future.<\/p>","text_selected_editor":"html","autop":"on","_sow_form_id":"56b172487f878","widget-class":"","panels_info":{"class":"SiteOrigin_Widget_Editor_Widget","raw":false,"grid":0,"cell":0,"id":0,"widget_id":"d52ad9a6-3c5c-4df2-aa0b-0315ce122039","style":{"class":"","widget_css":"","padding":"0px 0px 36px","background":"","background_image_attachment":"0","background_display":"tile","border_color":"","font_color":"","link_color":""}}},{"text":"Join Us Now","link":"http:\/\/charitywp.thimpress.com\/demo-3\/volunteer\/","align":"center","style":"style4","size":"default","button_option":{"custom":"no","button_color":"#333","text_color":"#FFF","button_hover_color":"#999","text_hover_color":"#FFF"},"panels_info":{"class":"Thim_Button_Widget","raw":false,"grid":0,"cell":0,"id":1,"widget_id":"8c1b6722-749a-4302-822e-af4d2d1559e3","style":{"class":"","widget_css":"","padding":"","background":"","background_image_attachment":"0","background_display":"tile","border_color":"","font_color":"","link_color":""}}}],"grids":[{"cells":1,"style":{"id":"","class":"","cell_class":"","row_css":"","bottom_margin":"","gutter":"","padding":"55px 0px 80px","row_stretch":"full","collapse_order":"","background":"","background_image_attachment":"103","background_display":"parallax","border_color":"","overlay":"thim-overlay-color"}}],"grid_cells":[{"grid":0,"weight":1}]},"builder_id":"5743ce68bcdfc","widget-class":""},"6":{"panels_data":{"widgets":[{"title":"","text":"<p style=\"text-align: center;\">Subscribe now and receive weekly newsletter with new events, interesting charity activities.<\/p>","text_selected_editor":"tinymce","autop":"on","_sow_form_id":"56aaf1aba26bf","panels_info":{"class":"SiteOrigin_Widget_Editor_Widget","raw":false,"grid":0,"cell":0,"id":0,"widget_id":"91eb54e7-cfbc-4f97-80dc-540c7c57fc3b","style":{"class":"","widget_css":"max-width: 500px;\nmargin: auto;","padding":"25px 0px","background":"","background_image_attachment":"0","background_display":"tile","border_color":"","font_color":"","link_color":""}}},{"title":"","panels_info":{"class":"MC4WP_Form_Widget","raw":false,"grid":0,"cell":0,"id":1,"widget_id":"2d5903e2-d8a8-468a-8208-6d544cec68c3","style":{"class":"","widget_css":"max-width: 353px;\nmargin: auto;","padding":"25px 0px","background":"","background_image_attachment":"0","background_display":"tile","border_color":"","font_color":"","link_color":""}}},{"title":"","text":"<p style=\"text-align: center;\">Support OUR Today at <strong><a href=\"tel:0123456789\">+(00) 123 456 789<\/a><\/strong> or email <strong><a href=\"mailto:info@yourmail.com\">info@yourmail.com<\/a><\/strong><\/p>","text_selected_editor":"html","autop":true,"_sow_form_id":"56aaf286c6957","widget-class":"","panels_info":{"class":"SiteOrigin_Widget_Editor_Widget","raw":false,"grid":0,"cell":1,"id":2,"widget_id":"6f3af419-53c0-49cd-9e26-08cb048b2dea","style":{"class":"","widget_css":"max-width: 500px;\nmargin: auto;","padding":"25px 0px","background":"","background_image_attachment":"0","background_display":"tile","border_color":"","font_color":"","link_color":""}}},{"text":"DONATE TODAY","link":"http:\/\/charitywp.thimpress.com\/demo-3\/campaigns\/","align":"center","style":"style3","size":"default","button_option":{"custom":"no","button_color":"#333","text_color":"#FFF","button_hover_color":"#999","text_hover_color":"#FFF"},"widget-class":"","panels_info":{"class":"Thim_Button_Widget","grid":0,"cell":1,"id":3,"widget_id":"ac52ca30-4ee1-4b55-abd1-21208a45cb2b","style":{"class":"","widget_css":"","padding":"25px 0px","background":"","background_image_attachment":"0","background_display":"tile","border_color":"","font_color":"","link_color":""}}}],"grids":[{"cells":2,"style":{"id":"","class":"thim-border-center","cell_class":"","row_css":"font-size: 18px;\nline-height: 26px;","bottom_margin":"0px","gutter":"","padding":"80px 0px","row_stretch":"full","collapse_order":"","background":"#ffffff","background_image_attachment":"0","background_display":"tile","border_color":"","overlay":""}}],"grid_cells":[{"grid":0,"weight":0.5},{"grid":0,"weight":0.5}]},"builder_id":"581ad7d988d0a","widget-class":"","widget_logic":""},"9":{"panels_data":"{\"widgets\":[{\"image\":\"420,421,422,423,424,422,421\",\"image_size\":\"full\",\"image_link\":\"#,#,#,#,#,#,#\",\"link_target\":\"_self\",\"items\":\"5\",\"autoPlay\":\"true\",\"panels_info\":{\"class\":\"Thim_Client_Logo_Widget\",\"raw\":true,\"grid\":0,\"cell\":0,\"id\":0,\"style\":{\"class\":\"\",\"widget_css\":\"\",\"padding\":\"40px 0px\",\"background\":\"\",\"background_image_attachment\":\"0\",\"background_display\":\"tile\",\"border_color\":\"\",\"font_color\":\"\",\"link_color\":\"\"}}}],\"grids\":[{\"cells\":1,\"style\":{\"id\":\"\",\"class\":\"\",\"cell_class\":\"\",\"row_css\":\"\",\"bottom_margin\":\"\",\"gutter\":\"\",\"padding\":\"\",\"row_stretch\":\"full\",\"collapse_order\":\"\",\"background\":\"#f5f5f5\",\"background_image_attachment\":\"0\",\"background_display\":\"tile\",\"border_color\":\"\",\"overlay\":\"\"}}],\"grid_cells\":[{\"grid\":0,\"weight\":1}]}","builder_id":"56dd4ce038627","widget-class":""},"3":{"panels_data":{"widgets":[{"title":"","text":"<img src=\"http:\/\/charitywp.thimpress.com\/demo-3\/wp-content\/uploads\/sites\/5\/2016\/03\/footer-logo.png\" alt=\"footer-logo\" width=\"155\" height=\"50\" class=\"alignnone size-full wp-image-419\" \/>\n\n<div style=\"font-size: 15px;\"><i class=\"fa fa-phone\"><\/i> &nbsp;&nbsp;<a href=\"tel:00123456789\"> +(00) 123 456 789<\/a>\n\n<i class=\"fa fa-envelope\"><\/i> &nbsp;&nbsp;<a href=\"mailto:hello@yourmail.com\"> hello@yourmail.com<\/a><\/div>","text_selected_editor":"html","autop":true,"_sow_form_id":"56ab1a4bf080a","widget-class":"","panels_info":{"class":"SiteOrigin_Widget_Editor_Widget","raw":false,"grid":0,"cell":0,"id":0,"widget_id":"a608d0f7-35a6-460c-a06e-52e8e8905aca","style":{"class":"","widget_css":"","padding":"","background":"","background_image_attachment":"0","background_display":"tile","border_color":"","font_color":"","link_color":""}}},{"title":"","link_face":"http:\/\/www.facebook.com\/thimpress","link_twitter":"http:\/\/www.twitter.com\/thimpress","link_google":"","link_dribble":"","link_linkedin":"#","link_pinterest":"","link_digg":"","link_youtube":"","link_instagram":"#","link_target":"_self","style":"default","align":"left","panels_info":{"class":"Thim_Social_Widget","raw":false,"grid":0,"cell":0,"id":1,"widget_id":"424ee980-2389-44e4-a8d9-882b5e1c183c","style":{"class":"","widget_css":"","padding":"38px 0px","background":"","background_image_attachment":"0","background_display":"tile","border_color":"","font_color":"","link_color":""}}},{"title":"Company","nav_menu":46,"widget-class":"","panels_info":{"class":"WP_Nav_Menu_Widget","grid":0,"cell":1,"id":2,"widget_id":"e47edf92-27c0-4247-9b73-00965142b37b","style":{"class":"","widget_css":"","padding":"0px 0px 30px","background":"","background_image_attachment":"0","background_display":"tile","border_color":"","font_color":"","link_color":""}}},{"title":"Link","nav_menu":49,"widget-class":"","panels_info":{"class":"WP_Nav_Menu_Widget","grid":0,"cell":2,"id":3,"widget_id":"bae8dd96-70d1-47e0-afd0-0b3da02a8669","style":{"class":"","widget_css":"","padding":"0px 0px 30px","background":"","background_image_attachment":"0","background_display":"tile","border_color":"","font_color":"","link_color":""}}},{"title":"our worldwide office","subtitle":"","description":"","image":"99","image_size":"","image_link":"","link_target":"_self","image_alignment":"center","effect_hover":"no-effect","panels_info":{"class":"Thim_Single_Images_Widget","raw":false,"grid":0,"cell":3,"id":4,"widget_id":"2e7b0414-e73b-46fc-bc93-1aae7995b6ae","style":{"class":"","widget_css":"","padding":"","background":"","background_image_attachment":"0","background_display":"tile","border_color":"","font_color":""}}},{"title":"","text":"<hr \/>","panels_info":{"class":"WP_Widget_Text","raw":false,"grid":1,"cell":0,"id":5,"widget_id":"61255cd9-bba7-4fb4-b125-f89eb1e6fd9b","style":[]}},{"text_align":"left","panels_info":{"class":"Thim_Copyright_Widget","raw":false,"grid":2,"cell":0,"id":6,"widget_id":"266f9f74-ee13-41dd-95ca-a6c8d0626413","style":{"class":"","widget_css":"","padding":"","background":"","background_image_attachment":"0","background_display":"tile","border_color":"","font_color":""}}},{"nav_menu":48,"widget-class":"","panels_info":{"class":"WP_Nav_Menu_Widget","grid":2,"cell":1,"id":7,"widget_id":"26109396-69e1-48d1-8e6e-516a8ea27f94","style":{"class":"thim-float-list text-right","widget_css":"","padding":"","background":"","background_image_attachment":"0","background_display":"tile","border_color":"","font_color":"","link_color":""}}}],"grids":[{"cells":4,"style":{"id":"","class":"","cell_class":"","row_css":"","bottom_margin":"","gutter":"","padding":"80px 0px 0px","row_stretch":"","collapse_order":"","background":"","background_image_attachment":"0","background_display":"tile","border_color":"","overlay":""}},{"cells":1,"style":{"class":"","cell_class":"","row_css":"","bottom_margin":"","gutter":"","padding":"","row_stretch":"","background":"","background_image_attachment":"0","background_display":"tile","border_color":"","overlay":""}},{"cells":2,"style":{"class":"","cell_class":"","row_css":"padding-top: 6px;\npadding-bottom: 20px;","bottom_margin":"","gutter":"","padding":"","row_stretch":"","background":"","background_image_attachment":"0","background_display":"tile","border_color":"","overlay":""}}],"grid_cells":[{"grid":0,"weight":0.33349833065762},{"grid":0,"weight":0.16666656109273},{"grid":0,"weight":0.16685120007877},{"grid":0,"weight":0.33298390817087},{"grid":1,"weight":1},{"grid":2,"weight":0.5},{"grid":2,"weight":0.5}]},"builder_id":"581bee1ca9a23","widget-class":"","widget_logic":""},"10":{"panels_data":"{\"widgets\":[{\"title\":\"\",\"text\":\"<h3 style=\\\"text-align: center; font-size: 36px; color: #fff;\\\">BECOME A VOLUNTEER<\/h3>\\n<p style=\\\"text-align: center; font-size: 20px;\\\">Join your hand with us for a better life and beautiful future<\/p>\",\"text_selected_editor\":\"html\",\"autop\":\"on\",\"_sow_form_id\":\"56b172487f878\",\"panels_info\":{\"class\":\"SiteOrigin_Widget_Editor_Widget\",\"raw\":false,\"grid\":0,\"cell\":0,\"id\":0,\"style\":{\"class\":\"\",\"widget_css\":\"\",\"padding\":\"0px 0px 36px\",\"background\":\"\",\"background_image_attachment\":\"0\",\"background_display\":\"tile\",\"border_color\":\"\",\"font_color\":\"\",\"link_color\":\"\"}}},{\"text\":\"Join Us Now\",\"link\":\"http:\/\/charitywp.thimpress.com\/demo-3\/volunteer\/\",\"align\":\"center\",\"style\":\"style4\",\"size\":\"default\",\"button_option\":{\"custom\":\"no\",\"button_color\":\"#333\",\"text_color\":\"#FFF\",\"button_hover_color\":\"#999\",\"text_hover_color\":\"#FFF\"},\"panels_info\":{\"class\":\"Thim_Button_Widget\",\"raw\":false,\"grid\":0,\"cell\":0,\"id\":1,\"style\":{\"class\":\"\",\"widget_css\":\"\",\"padding\":\"\",\"background\":\"\",\"background_image_attachment\":\"0\",\"background_display\":\"tile\",\"border_color\":\"\",\"font_color\":\"\",\"link_color\":\"\"}}}],\"grids\":[{\"cells\":1,\"style\":{\"id\":\"\",\"class\":\"\",\"cell_class\":\"\",\"row_css\":\"\",\"bottom_margin\":\"\",\"gutter\":\"\",\"padding\":\"160px 0px 185px\",\"row_stretch\":\"full\",\"collapse_order\":\"\",\"background\":\"\",\"background_image_attachment\":\"103\",\"background_display\":\"cover\",\"border_color\":\"\",\"overlay\":\"thim-overlay-color\"}}],\"grid_cells\":[{\"grid\":0,\"weight\":1}]}","builder_id":"5701effebe0cf","widget-class":""},"_multiwidget":1},"events":{"1":{"title":"Upcoming Event","number":4,"status":"tp-event-upcoming","orderby":"tp_event_date_start","order":"asc","template":"style3","default_option":{"columns":"2"},"widget-class":""},"_multiwidget":1},"campaign-categories":{"1":{"title":"Cause Categories","show_all":"show","show_count":"show","widget-class":""},"_multiwidget":1},"categories":{"3":{"title":"Blog Categories","count":1,"hierarchical":0,"dropdown":0,"widget-class":""},"_multiwidget":1},"list-post":{"4":{"title":"Popular Posts","cat_id":"8","number_posts":3,"orderby":"popular","order":"asc","date":"hidden","template":"base","columns":3,"widget-class":""},"6":{"title":"Latest Posts","cat_id":"1","number_posts":3,"orderby":"recent","order":"asc","date":"show","template":"base","columns":3,"widget-class":""},"_multiwidget":1},"campaign":{"1":{"title":"Popular Causes","template":"simple","number":3,"orderby":"popular","order":"desc","default_option":{"columns":"3"},"widget-class":""},"_multiwidget":1},"single-images":{"2":{"title":"","subtitle":"","description":"","image":260,"image_size":"full","image_link":"#","link_target":"_self","image_alignment":"center","effect_hover":"effect-hover","widget-class":""},"_multiwidget":1}}]