[{"topbar":["text-17"],"logo-right":["categories-3","search-6"],"sidebar":["search-4","text-12","tag_cloud-3"],"sidebar-courses":["search-3","text-18","tag_cloud-1"],"sidebar-events":["search-5","text-19","tag_cloud-4"],"menu-right":["text-15"],"footer-sidebar-1":["text-8"],"footer-sidebar-2":["nav_menu-3"],"footer-sidebar-3":["nav_menu-5"],"footer-sidebar-4":["nav_menu-6"],"footer-sidebar-5":["text-13"],"topbar_left":["text-6"],"topbar_right":["nav_menu-4","text-9","text-10"]},{"text":{"17":{"title":"","text":"Learn cutting-edge security skills in our new Cybersecurity Nanodegree program.\u00a0<a href=\"#\">Enroll today!<\/a>","filter":true,"visual":true,"widget-class":""},"12":{"title":"","text":"[thim_ekit id=\"1934\"]","filter":true,"visual":true,"widget-class":""},"18":{"title":"","text":"[INSERT_ELEMENTOR id=\"1524\"]","filter":true,"visual":true,"widget-class":""},"19":{"title":"","text":"[thim_ekit id=\"1947\"]","filter":true,"visual":true,"widget-class":""},"15":{"title":"","text":"[thim_ekit id=\"1926\"]","filter":true,"visual":true,"widget-class":""},"8":{"title":"","text":"<img class=\"alignnone size-full wp-image-62\" src=\"http:\/\/ivy-school.thimpress.com\/ivy-school-2\/wp-content\/uploads\/sites\/20\/2018\/10\/logo-footer-home3.png\" alt=\"\" width=\"163\" height=\"138\" \/>","filter":true,"visual":true,"widget-class":""},"13":{"title":"Newsletter","text":"[mc4wp_form id=1970]","filter":true,"visual":true,"widget-class":""},"6":{"title":"","text":"<ul><li class=\"phone-topbar\"><i class=\"ion ion-ios-telephone\"><\/I> Need help? Call us now: <a href=\"#\" class=\"special-link\">(+88) 12 345 6789<\/a><\/li><li class=\"email-topbar\"><i class=\"ion ion-android-mail\"><\/i><a href=\"#\" class=\"normal-link\">hello@eduma.com<\/a><\/li><\/ul>","filter":true,"visual":true,"widget-class":""},"9":{"title":"","text":"[INSERT_ELEMENTOR id=\"1502\"]","filter":true,"visual":true,"widget-class":""},"10":{"title":"","text":"[INSERT_ELEMENTOR id=\"1507\"]","filter":true,"visual":true,"widget-class":""},"_multiwidget":1},"categories":{"3":{"title":"","count":0,"hierarchical":0,"dropdown":0,"widget-class":"js-dropdown-click"},"_multiwidget":1},"search":{"6":{"title":"","widget-class":" "},"4":{"title":"","widget-class":""},"3":{"title":""},"5":{"title":"","widget-class":""},"_multiwidget":1},"tag_cloud":{"3":{"title":"Tags","count":0,"taxonomy":"post_tag","widget-class":""},"1":{"title":"Tags","count":0,"taxonomy":"post_tag","widget-class":""},"4":{"title":"Tags","count":0,"taxonomy":"post_tag","widget-class":""},"_multiwidget":1},"nav_menu":{"3":{"nav_menu":35,"widget-class":""},"5":{"nav_menu":36,"widget-class":""},"6":{"nav_menu":37,"widget-class":""},"4":{"nav_menu":30,"widget-class":"link-topbar"},"_multiwidget":1}}]