[{"topbar":["text-17"],"logo-right":["categories-3","search-6"],"sidebar":["search-4","text-12","tag_cloud-3"],"sidebar-courses":["search-3","text-18","tag_cloud-1"],"sidebar-events":["search-5","text-19","tag_cloud-4"],"menu-right":["text-15","text-16"],"footer-sidebar-1":["text-8"],"footer-sidebar-2":["nav_menu-3"],"footer-sidebar-3":["nav_menu-5"],"footer-sidebar-4":["nav_menu-6"],"footer-sidebar-5":["text-13"]},{"text":{"17":{"title":"","text":"Learn cutting-edge security skills in our new Cybersecurity Nanodegree program.\u00a0<a href=\"#\">Enroll today!<\/a>","filter":true,"visual":true,"widget-class":""},"12":{"title":"","text":"[INSERT_ELEMENTOR id=\"1524\"]","filter":true,"visual":true,"widget-class":""},"18":{"title":"","text":"[INSERT_ELEMENTOR id=\"1524\"]","filter":true,"visual":true,"widget-class":""},"19":{"title":"","text":"[INSERT_ELEMENTOR id=\"1524\"]","filter":true,"visual":true,"widget-class":""},"15":{"title":"","text":"[INSERT_ELEMENTOR id=\"1507\"]","filter":true,"visual":true,"widget-class":""},"16":{"title":"","text":"[INSERT_ELEMENTOR id=\"1567\"]","filter":true,"visual":true,"widget-class":""},"8":{"title":"","text":"<img class=\"alignnone size-full wp-image-62\" src=\"http:\/\/ivy-school.thimpress.com\/ivy-school-2\/wp-content\/uploads\/sites\/20\/2018\/10\/logo-footer-home3.png\" alt=\"\" width=\"163\" height=\"138\" \/>","filter":true,"visual":true,"widget-class":""},"13":{"title":"Newsletter","text":"[yikes-mailchimp form=\"1\"]","filter":true,"visual":true,"widget-class":""},"_multiwidget":1},"categories":{"3":{"title":"","count":0,"hierarchical":0,"dropdown":0,"widget-class":"js-dropdown-click"},"_multiwidget":1},"search":{"6":{"title":"","widget-class":" "},"4":{"title":"","widget-class":""},"3":{"title":""},"5":{"title":"","widget-class":""},"_multiwidget":1},"tag_cloud":{"3":{"title":"Tags","count":0,"taxonomy":"post_tag","widget-class":""},"1":{"title":"Tags","count":0,"taxonomy":"post_tag","widget-class":""},"4":{"title":"Tags","count":0,"taxonomy":"post_tag","widget-class":""},"_multiwidget":1},"nav_menu":{"3":{"nav_menu":35,"widget-class":""},"5":{"nav_menu":36,"widget-class":""},"6":{"nav_menu":37,"widget-class":""},"_multiwidget":1}}]