[{"sidebar":["categories-2","list-post-2"],"toolbar":["text-2","login-popup-3"],"menu_right":["courses-searching-3"],"footer":["custom_html-2"],"copyright":["social-2"],"sidebar_shop":["woocommerce_product_search-2","woocommerce_price_filter-2","woocommerce_product_categories-2","woocommerce_products-2"],"sidebar_courses":["course-categories-3","courses-7","single-images-7"]},{"categories":{"2":{"title":"Categories","count":0,"hierarchical":0,"dropdown":0,"widget_logic":"","widget-class":""},"_multiwidget":1},"list-post":{"2":{"title":"Popular Posts","number_posts":4,"cat_id":"all","show_description":true,"orderby":"popular","order":"asc","layout":"base","style":"sidebar","sub_title":"","image_size":"thumbnail","img_w":"","img_h":"","item_vertical":0,"link":"","text_link":"","widget_logic":"","widget-class":"","display_feature":false},"_multiwidget":1},"text":{"2":{"title":"","text":"<div class=\"thim-have-any-question any-question-v1\">\r\n<div class=\"question\">Have any question?<\/div>\r\n<div class=\"mobile\"><i class=\"las la-mobile-alt\"><\/i><a class=\"value\" href=\"tel:00123456789\">(00) 123 456 789<\/a><\/div>\r\n<div class=\"email\"><i class=\"lar la-envelope-open\"><\/i><a href=\"mailto:hello@eduma.com\">hello@eduma.com<\/a><\/div>\r\n<\/div>","filter":true,"visual":true,"widget_logic":"","widget-class":""},"_multiwidget":1},"login-popup":{"3":{"text_register":"Register","text_login":"Login","text_logout":"Logout","text_profile":"Profile","layout":"base","term":"","shortcode":"","widget_logic":"","widget-class":"elegant-login-popup icon-before-text","captcha":false},"_multiwidget":1},"courses-searching":{"3":{"layout":"overlay","icon_style_overlay":"bg_circle","title":"Search Courses","description":"Description for search course widget.","placeholder":"What do you want to learn today?","widget_logic":"","widget-class":""},"_multiwidget":1},"custom_html":{"2":{"title":"","content":"[INSERT_ELEMENTOR id=\"15624\"]","widget_logic":"","widget-class":""},"_multiwidget":1},"social":{"2":{"title":"","style":"","link_face":"https:\/\/www.facebook.com\/ThimPress\/","link_twitter":"https:\/\/twitter.com\/thimpress\/","link_google":"","link_dribble":"","link_linkedin":"","link_pinterest":"","link_instagram":"https:\/\/www.instagram.com\/thimpress\/","link_youtube":"https:\/\/www.youtube.com\/channel\/UC6AuHHUO4WNY1WfT7l3TxuQ","link_snapchat":"","link_target":"_self","widget_logic":"","widget-class":"center-column","show_label":false},"_multiwidget":1},"woocommerce_product_search":{"2":{"title":"","widget_logic":"","widget-class":""},"_multiwidget":1},"woocommerce_price_filter":{"2":{"title":"Filter by price","widget_logic":"","widget-class":""},"_multiwidget":1},"woocommerce_product_categories":{"2":{"title":"Product categories","orderby":"name","dropdown":0,"count":0,"hierarchical":0,"show_children_only":0,"hide_empty":0,"max_depth":"","widget_logic":"","widget-class":""},"_multiwidget":1},"woocommerce_products":{"2":{"title":"Products","number":5,"show":"","orderby":"date","order":"desc","hide_free":0,"show_hidden":0,"widget_logic":"","widget-class":""},"_multiwidget":1},"course-categories":{"3":{"title":"All Courses","layout":"base","slider-options":{"limit":15,"show_navigation":true,"item_visible":"7","auto_play":0,"show_pagination":false},"widget_logic":"","widget-class":"","list-options":{"show_counts":false,"hierarchical":false}},"_multiwidget":1},"courses":{"7":{"title":"Latest Courses","order":"latest","cat_id":"all","layout":"list-sidebar","thumbnail_width":400,"thumbnail_height":300,"limit":3,"view_all_courses":"","view_all_position":"top","slider-options":{"show_navigation":true,"item_visible":"4","auto_play":0,"show_pagination":false},"grid-options":{"columns":"4"},"tabs-options":{"limit_tab":4,"cat_id_tab":false},"widget_logic":"","widget-class":"","featured":false},"_multiwidget":1},"single-images":{"7":{"layout":"base","image":16674,"image_title":"","image_size":"full","on_click_action":"none","image_link":"#","link_target":"_self","image_alignment":"left","css_animation":"","widget_logic":"","widget-class":"custom-image"},"_multiwidget":1}}]