[{"course-sidebar":["categories-2"],"sidebar":["courses-2","list-post-2"],"toolbar":["text-4"],"menu_right":["courses-searching-3"],"footer_top":["text-5"],"footer":["text-3"],"sidebar_shop":["woocommerce_price_filter-2","woocommerce_product_search-2","woocommerce_product_categories-2","woocommerce_products-2"],"sidebar_courses":["course-categories-3","courses-7"],"copyright":["social-2"]},{"categories":{"2":{"title":"Categories","count":0,"hierarchical":0,"dropdown":0,"widget_logic":"","widget-class":""},"_multiwidget":1},"courses":{"2":{"title":"Popular Courses","limit":3,"order":"popular","cat_id":"all","layout":"list-sidebar","item_tab_slider_style":"style_1","before_heading":"","thumbnail_width":400,"thumbnail_height":300,"slider-options":{"item_visible":4,"auto_play":"","show_navigation":true,"show_pagination":false},"grid-options":{"columns":2},"view_all_courses":"","view_all_position":"","tabs-options":{"limit_tab":4,"cat_id_tab":""},"widget_logic":"","widget-class":"","featured":false,"grid_hide_author":false},"7":{"title":"Latest Courses","order":"latest","cat_id":"all","layout":"list-sidebar","thumbnail_width":400,"thumbnail_height":300,"limit":3,"view_all_courses":"","view_all_position":"top","slider-options":{"show_navigation":true,"item_visible":"4","auto_play":0,"show_pagination":false},"grid-options":{"columns":"4"},"tabs-options":{"limit_tab":4,"cat_id_tab":false},"widget_logic":"","widget-class":"","featured":false},"_multiwidget":1},"list-post":{"2":{"title":"Latest Posts","cat_id":"9","image_size":"thumbnail","show_description":"no","number_posts":3,"orderby":"recent","order":"desc","link":"","text_link":"","style":"sidebar","widget-class":"","widget_logic":""},"_multiwidget":1},"text":{"4":{"title":"","text":"[thim_ekit id=\"17565\"]","filter":true,"visual":true,"widget_logic":"","widget-class":""},"5":{"title":"","text":"[thim_ekit id=\"18038\"]","filter":true,"visual":true,"widget_logic":"","widget-class":""},"3":{"title":"","text":"[thim_ekit id=\"15624\"]","filter":true,"visual":true,"widget_logic":"","widget-class":""},"_multiwidget":1},"courses-searching":{"3":{"layout":"overlay","icon_style_overlay":"bg_circle","title":"Search Courses","description":"Description for search course widget.","placeholder":"What do you want to learn today?","widget_logic":"","widget-class":""},"_multiwidget":1},"woocommerce_price_filter":{"2":{"title":"Filter by price","widget_logic":"","widget-class":""},"_multiwidget":1},"woocommerce_product_search":{"2":{"title":"","widget_logic":"","widget-class":""},"_multiwidget":1},"woocommerce_product_categories":{"2":{"title":"Product categories","orderby":"name","dropdown":0,"count":1,"hierarchical":0,"show_children_only":0,"hide_empty":0,"max_depth":"","widget_logic":"","widget-class":""},"_multiwidget":1},"woocommerce_products":{"2":{"title":"Products","number":3,"show":"","orderby":"date","order":"desc","hide_free":0,"show_hidden":0,"widget_logic":"","widget-class":""},"_multiwidget":1},"course-categories":{"3":{"title":"All Courses","layout":"base","slider-options":{"limit":15,"show_navigation":true,"item_visible":"7","auto_play":0,"show_pagination":false},"widget_logic":"","widget-class":"","list-options":{"show_counts":false,"hierarchical":false}},"_multiwidget":1},"social":{"2":{"title":"","style":"","link_face":"https:\/\/www.facebook.com\/ThimPress\/","link_twitter":"https:\/\/twitter.com\/thimpress\/","link_google":"","link_dribble":"","link_linkedin":"","link_pinterest":"","link_instagram":"https:\/\/www.instagram.com\/thimpress\/","link_youtube":"https:\/\/www.youtube.com\/channel\/UC6AuHHUO4WNY1WfT7l3TxuQ","link_snapchat":"","link_target":"_self","widget_logic":"","widget-class":"center-column","show_label":false},"_multiwidget":1}}]