[{"wp_inactive_widgets":["list-post-4","list-post-5","single-images-2","archives-2","meta-2","search-2","categories-2","recent-posts-2","recent-comments-2"],"mega-menu":["siteorigin-panels-builder-10"],"sidebar-1":["categories-3"],"top_sidebar":["siteorigin-panels-builder-2"],"footer":["siteorigin-panels-builder-3"]},{"siteorigin-panels-builder":{"10":{"panels_data":{"widgets":[{"title":"Featured Link","nav_menu":47,"widget-class":"","panels_info":{"class":"WP_Nav_Menu_Widget","grid":0,"cell":0,"id":0,"widget_id":"afd741fd-b721-4681-935c-a6c80a4d04d6","style":{"class":"","widget_css":"","padding":"","background":"","background_image_attachment":"0","background_display":"tile","border_color":"","font_color":"","link_color":""}}},{"title":"Latest Causes","template":"simple","number":3,"orderby":"recent","order":"asc","default_option":{"columns":"3"},"widget-class":"","panels_info":{"class":"thim_campaign_widget","raw":false,"grid":0,"cell":1,"id":1,"widget_id":"4f4c876e-e192-4205-aab2-2c47fb2a4aa5","style":{"class":"","widget_css":"","padding":"","background":"","background_image_attachment":"0","background_display":"tile","border_color":"","font_color":"","link_color":""}}},{"title":"Upcoming Events","number":3,"status":"tp-event-upcoming","orderby":"tp_event_date_start","order":"asc","template":"style3","default_option":{"columns":"2"},"widget-class":"","panels_info":{"class":"thim_events_widget","raw":false,"grid":0,"cell":2,"id":2,"widget_id":"1d1a7d31-e085-4643-bb2c-327aa7c599f4","style":{"class":"","widget_css":"","padding":"","background":"","background_image_attachment":"0","background_display":"tile","border_color":"","font_color":"","link_color":""}}},{"title":"Featured Video","text":"<iframe src=\"https:\/\/player.vimeo.com\/video\/154475367?color=ffffff&title=0&byline=0&portrait=0\" width=\"260\" height=\"150\" frameborder=\"0\" webkitallowfullscreen mozallowfullscreen allowfullscreen><\/iframe>","widget-class":"","filter":false,"panels_info":{"class":"WP_Widget_Text","raw":false,"grid":0,"cell":3,"id":3,"widget_id":"c0ead685-b5cb-480e-b83e-6f9823ff89b7","style":{"class":"","widget_css":"","padding":"","background":"","background_image_attachment":"0","background_display":"tile","border_color":"","font_color":"","link_color":""}}}],"grids":[{"cells":4,"style":[]}],"grid_cells":[{"grid":0,"weight":0.25},{"grid":0,"weight":0.25},{"grid":0,"weight":0.25},{"grid":0,"weight":0.25}]},"builder_id":"581aa91ea33f7","widget-class":"","widget_logic":""},"2":{"panels_data":{"widgets":[{"title":"","widget-class":"","panels_info":{"class":"DN_Widget_Button","grid":0,"cell":0,"id":0,"widget_id":"c358b970-7118-4178-ac20-02d0eaa9426d","style":{"id":"","class":"","widget_css":"","mobile_css":"","padding":"","mobile_padding":"","background":"","background_image_attachment":"0","background_display":"tile","border_color":"","font_color":"","link_color":""}}},{"widget-class":"","panels_info":{"class":"thim_search_box_widget","raw":false,"grid":0,"cell":0,"id":1,"widget_id":"db2e6857-ac59-4df8-bec1-3bb2f8062421","style":{"class":"","widget_css":"","padding":"","background":"","background_image_attachment":"0","background_display":"tile","border_color":"","font_color":"","link_color":""}}}],"grids":[{"cells":1,"style":{"id":"","class":"","cell_class":"","row_css":"","mobile_css":"","bottom_margin":"","gutter":"","padding":"","mobile_padding":"","row_stretch":"","collapse_behaviour":"no_collapse","collapse_order":"","cell_alignment":"flex-start","background":"","background_image_attachment":"0","background_display":"tile","border_color":"","overlay":""}}],"grid_cells":[{"grid":0,"index":0,"weight":1,"style":[]}]},"builder_id":"5b1f49916429a","widget_logic":"","widget-class":"has-border"},"3":{"panels_data":{"widgets":[{"title":"","text":"<img src=\"http:\/\/charitywp.thimpress.com\/demo-7\/wp-content\/uploads\/sites\/7\/2018\/06\/home7-logo-ft.png\" alt=\"\" width=\"213\" height=\"42\" class=\"alignnone size-full wp-image-5691\" \/>\n<p style=\"margin:20px 0;\">Lorem ipsum dolor sit amet, consecte adip sicing elit, sed do eiusmod<\/p>\n[mc4wp_form id=\"74\"]","text_selected_editor":"html","autop":true,"_sow_form_id":"56ab1a4bf080a","_sow_form_timestamp":"1529378841408","widget_logic":"","widget-class":"","panels_info":{"class":"SiteOrigin_Widget_Editor_Widget","raw":false,"grid":0,"cell":0,"id":0,"widget_id":"34a3866f-5a4b-4fab-bd4f-e2cf5e191fe7","style":{"id":"","class":"","widget_css":"","mobile_css":"","margin":"","padding":"","mobile_padding":"","background":"","background_image_attachment":"0","background_image_attachment_fallback":"","background_display":"tile","border_color":"","font_color":"","link_color":""}}},{"title":"","link_face":"http:\/\/www.facebook.com\/thimpress","link_twitter":"http:\/\/www.twitter.com\/thimpress","link_google":"","link_dribble":"","link_linkedin":"#","link_pinterest":"","link_digg":"","link_youtube":"","link_instagram":"#","link_flickr":"","link_target":"_self","style":"default","align":"left","widget_logic":"","widget-class":"","panels_info":{"class":"Thim_Social_Widget","raw":false,"grid":0,"cell":0,"id":1,"widget_id":"aec44cb1-9cd0-42b6-b6ab-c64addc76815","style":{"id":"","class":"","widget_css":"","mobile_css":"","margin":"","padding":"38px 0px","mobile_padding":"","background":"","background_image_attachment":"0","background_image_attachment_fallback":"","background_display":"tile","border_color":"","font_color":"","link_color":""}}},{"title":"Company","nav_menu":46,"widget_logic":"","widget-class":"","panels_info":{"class":"WP_Nav_Menu_Widget","grid":0,"cell":1,"id":2,"widget_id":"a0e61aaf-542f-4b52-a30c-7defa116f35e","style":{"id":"","class":"count-menu","widget_css":"","mobile_css":"","margin":"","padding":"0px 0px 30px","mobile_padding":"","background":"","background_image_attachment":"0","background_image_attachment_fallback":"","background_display":"tile","border_color":"","font_color":"","link_color":""}}},{"title":"connect us","text":"<ul class=\"footer-info\">\n\t\t<li><i class=\"fa fa-phone\"><\/i><a href=\"tel:00123456789\"> +(00) 123 456 789<\/a><\/li>\n\t\t<li><i class=\"fa fa-envelope\"><\/i><a href=\"mailto:hello@yourmail.com\"> hello@thimpress.com<\/a><\/li>\n\t\t<li><i class=\"fa fa-fax\"><\/i><a href=\"tel:10269698888\">(102) 6969 8888<\/a><\/li>\n\t\t<li><i class=\"fa fa-map-marker\"><\/i><span>A26BT5 Silver , London, England<\/span><\/li>\n\t<\/ul>","text_selected_editor":"html","autop":true,"_sow_form_id":"13059400225b2874942f264814022701","_sow_form_timestamp":"1529378138501","widget_logic":"","widget-class":"","panels_info":{"class":"SiteOrigin_Widget_Editor_Widget","raw":false,"grid":0,"cell":2,"id":3,"widget_id":"82cd2412-513a-41f8-ba13-b0eb1df404ba","style":{"id":"","class":"","widget_css":"","mobile_css":"","margin":"","padding":"","mobile_padding":"","background":"","background_image_attachment":"0","background_image_attachment_fallback":"","background_display":"tile","border_color":"","font_color":"","link_color":""}}},{"title":"OUR WORLDWIDE OFFICE","subtitle":"","description":"","image":99,"image_size":"","image_link":"","link_target":"_self","image_alignment":"center","effect_hover":"no-effect","widget_logic":"","widget-class":"","panels_info":{"class":"Thim_Single_Images_Widget","raw":false,"grid":0,"cell":3,"id":4,"widget_id":"1b2de6cc-55a1-41e6-bae2-c41aaa08f584","style":{"id":"","class":"","widget_css":"","mobile_css":"","margin":"","padding":"","mobile_padding":"","background":"","background_image_attachment":"0","background_image_attachment_fallback":"","background_display":"tile","border_color":"","font_color":"","link_color":""}}},{"text_align":"center","widget_logic":"","widget-class":"","panels_info":{"class":"Thim_Copyright_Widget","raw":false,"grid":1,"cell":0,"id":5,"widget_id":"6c617c90-f3b9-4fbc-872c-9f61869de544","style":{"id":"","class":"text-center","widget_css":"","mobile_css":"","margin":"","padding":"","mobile_padding":"","background":"","background_image_attachment":"0","background_image_attachment_fallback":"","background_display":"tile","border_color":"","font_color":"","link_color":""}}}],"grids":[{"cells":4,"style":{"id":"","class":"","cell_class":"","row_css":"","mobile_css":"","bottom_margin":"","gutter":"","padding":"130px 0px 60px 0px","mobile_padding":"","row_stretch":"full","collapse_behaviour":"","collapse_order":"","cell_alignment":"flex-start","background":"","background_image_attachment":"5690","background_image_attachment_fallback":"","background_display":"tile","border_color":"","overlay":""},"ratio":1,"ratio_direction":"right"},{"cells":1,"style":{"id":"","class":"","cell_class":"","row_css":"padding-top: 17px;\npadding-bottom: 20px;","mobile_css":"","bottom_margin":"","gutter":"","padding":"","mobile_padding":"","row_stretch":"full","collapse_behaviour":"","collapse_order":"","cell_alignment":"flex-start","background":"#21212a","background_image_attachment":"0","background_image_attachment_fallback":"","background_display":"tile","border_color":"","overlay":""},"ratio":1,"ratio_direction":"right"}],"grid_cells":[{"grid":0,"index":0,"weight":0.25,"style":[]},{"grid":0,"index":1,"weight":0.25,"style":[]},{"grid":0,"index":2,"weight":0.25,"style":[]},{"grid":0,"index":3,"weight":0.25,"style":[]},{"grid":1,"index":0,"weight":1,"style":[]}]},"builder_id":"5b29b0ed6475c","widget_logic":"","widget-class":"style-bg-image"},"_multiwidget":1},"categories":{"3":{"title":"Blog Categories","count":1,"hierarchical":0,"dropdown":0,"widget-class":""},"2":{"title":"","count":0,"hierarchical":0,"dropdown":0},"_multiwidget":1},"list-post":{"4":{"title":"Popular Posts","cat_id":"8","number_posts":3,"orderby":"popular","order":"asc","date":"hidden","template":"base","columns":3,"widget-class":""},"5":{"title":"Latest Posts","cat_id":"1","number_posts":3,"orderby":"recent","order":"asc","date":"show","template":"base","columns":3,"widget-class":""},"_multiwidget":1},"single-images":{"2":{"title":"","subtitle":"","description":"","image":260,"image_size":"full","image_link":"#","link_target":"_self","image_alignment":"center","effect_hover":"effect-hover","widget-class":""},"_multiwidget":1},"archives":{"2":{"title":"","count":0,"dropdown":0},"_multiwidget":1},"meta":{"2":{"title":""},"_multiwidget":1},"search":{"2":{"title":""},"_multiwidget":1},"recent-posts":{"2":{"title":"","number":5},"_multiwidget":1},"recent-comments":{"2":{"title":"","number":5},"_multiwidget":1}}]