[{"sidebar":["courses-2","list-post-2","media_image-4"],"menu_right":["text-1210021"],"footer":["text-1210019"],"sidebar_shop":["woocommerce_price_filter-2","woocommerce_product_search-2","woocommerce_product_categories-2","woocommerce_products-2","media_image-2"],"sidebar_courses":["course-categories-3","courses-7","media_image-3"],"copyright":["text-1210022"],"toolbar":["text-1210020","login-popup-3"]},{"courses":{"2":{"title":"Popular Courses","limit":3,"order":"popular","cat_id":"all","layout":"list-sidebar","item_tab_slider_style":"style_1","before_heading":"","thumbnail_width":400,"thumbnail_height":300,"slider-options":{"item_visible":4,"auto_play":"","show_navigation":true,"show_pagination":false},"grid-options":{"columns":2},"view_all_courses":"","view_all_position":"","tabs-options":{"limit_tab":4,"cat_id_tab":""},"widget_logic":"","widget-class":"","featured":false,"grid_hide_author":false},"7":{"title":"Latest Courses","order":"latest","cat_id":"all","layout":"list-sidebar","thumbnail_width":400,"thumbnail_height":300,"limit":3,"view_all_courses":"","view_all_position":"top","slider-options":{"show_navigation":true,"item_visible":"4","auto_play":0,"show_pagination":false},"grid-options":{"columns":"4"},"tabs-options":{"limit_tab":4,"cat_id_tab":false},"widget_logic":"","widget-class":"","featured":false},"_multiwidget":1},"list-post":{"2":{"title":"Latest Posts","cat_id":"9","image_size":"thumbnail","show_description":"no","number_posts":3,"orderby":"recent","order":"desc","link":"","text_link":"","style":"sidebar","widget-class":"","widget_logic":""},"_multiwidget":1},"media_image":{"4":{"size":"full","width":330,"height":359,"caption":"","alt":"","link_type":"custom","link_url":"https:\/\/1.envato.market\/P0nPPY?utm_source=EM&utm_medium=LD&utm_campaign=EdumaMobile","image_classes":"","link_classes":"","link_rel":"","link_target_blank":true,"image_title":"","attachment_id":13395,"url":"https:\/\/eduma.thimpress.com\/demo-crypto\/wp-content\/uploads\/sites\/87\/2022\/12\/ads-sidebar.jpg","title":"","widget_logic":"","widget-class":""},"2":{"size":"full","width":330,"height":359,"caption":"","alt":"","link_type":"custom","link_url":"https:\/\/1.envato.market\/P0nPPY?utm_source=EM&utm_medium=LD&utm_campaign=EdumaMobile","image_classes":"","link_classes":"","link_rel":"","link_target_blank":true,"image_title":"","attachment_id":13395,"url":"https:\/\/eduma.thimpress.com\/demo-crypto\/wp-content\/uploads\/sites\/87\/2022\/12\/ads-sidebar.jpg","title":"","widget_logic":"","widget-class":""},"3":{"size":"full","width":330,"height":359,"caption":"","alt":"","link_type":"custom","link_url":"https:\/\/1.envato.market\/P0nPPY?utm_source=EM&utm_medium=LD&utm_campaign=EdumaMobile","image_classes":"","link_classes":"","link_rel":"","link_target_blank":false,"image_title":"","attachment_id":13395,"url":"https:\/\/eduma.thimpress.com\/demo-crypto\/wp-content\/uploads\/sites\/87\/2022\/12\/ads-sidebar.jpg","title":"","widget_logic":"","widget-class":""},"_multiwidget":1},"text":{"1210021":{"title":"","text":"[thim_ekit id=\"11194\"]","filter":true,"visual":true,"widget_logic":"","widget-class":""},"1210019":{"title":"","text":"[thim_ekit id=\"12204\"]","filter":true,"visual":true,"widget_logic":"","widget-class":""},"1210022":{"title":"","text":"[thim_ekit id=\"11859\"]","filter":true,"visual":true,"widget_logic":"","widget-class":""},"1210020":{"title":"","text":"<div class=\"thim-have-any-question\">\r\n<div class=\"mobile\"><i class=\"fa fa-phone\"><\/i>Need help? Call us now: <a class=\"value\" href=\"tel:00123456789\">(00) 123 456 789<\/a><\/div>\r\n<div class=\"email\"><i class=\"fa fa-envelope\"><\/i><a href=\"mailto:hello@eduma.com\">hello@eduma.com<\/a><\/div>\r\n<\/div>","filter":true,"visual":true,"widget_logic":"","widget-class":""},"_multiwidget":1},"woocommerce_price_filter":{"2":{"title":"Filter by price","widget_logic":"","widget-class":""},"_multiwidget":1},"woocommerce_product_search":{"2":{"title":"","widget_logic":"","widget-class":""},"_multiwidget":1},"woocommerce_product_categories":{"2":{"title":"Product categories","orderby":"name","dropdown":0,"count":1,"hierarchical":0,"show_children_only":0,"hide_empty":0,"max_depth":"","widget_logic":"","widget-class":""},"_multiwidget":1},"woocommerce_products":{"2":{"title":"Products","number":3,"show":"","orderby":"date","order":"desc","hide_free":0,"show_hidden":0,"widget_logic":"","widget-class":""},"_multiwidget":1},"course-categories":{"3":{"title":"All Courses","layout":"base","slider-options":{"limit":15,"show_navigation":true,"item_visible":"7","auto_play":0,"show_pagination":false},"widget_logic":"","widget-class":"","list-options":{"show_counts":false,"hierarchical":false}},"_multiwidget":1},"login-popup":{"3":{"text_register":"Register","text_login":"Login","text_logout":"Logout","text_profile":"Profile","layout":"icon","term":"","shortcode":"[miniorange_social_login shape=\"longbuttonwithtext\" theme=\"default\" space=\"4\" width=\"240\" height=\"40\"]","widget_logic":"","widget-class":"","captcha":false},"_multiwidget":1}}]