[{"sidebar":["text-2","categories-2","text-3"],"right_menu":["text-8"],"footer_top":["text-11","text-12"],"footer-sidebar-1":["text-13","text-6"],"footer-sidebar-2":["nav_menu-3"],"footer-sidebar-3":["nav_menu-2"],"footer-sidebar-4":["text-4"],"sidebar_events":["text-9"],"sidebar_hotel":["hb_widget_cart-2"],"sidebar_shop":["woocommerce_product_categories-2","woocommerce_price_filter-2"],"copyright":["copyright-2"]},{"text":{"2":{"title":"About Hotel","text":"Nam dapibus nisl vitae elit fringilla rutrum. Aenean sollicitudin, erat a elementum rutrum, neque sem pretium metus, quis mollis nisl nunc et massa. Vestibulum sed metus in lorem tristique ullamcorper id vitae erat. Nulla mollis sapien sollicitudin lacinia lacinia. \r\n\r\n<a href=\"https:\/\/luxstay.thimpress.com\/element-1\/about-us\/\" class=\"thim-readmore\">Read more<\/a>","filter":false,"widget-class":"","widget_logic":""},"3":{"title":"","text":"<a href=\"https:\/\/luxstay.thimpress.com\/element-1\/gallery\/\">\r\n<img alt=\"\" src=\"https:\/\/luxstay.thimpress.com\/wp-content\/uploads\/sites\/5\/2016\/10\/gallery_ads.jpg\">\r\n<\/a>","filter":false,"widget-class":"no-padding sidebar-single-image","widget_logic":""},"8":{"title":"","text":" <ul class=\"header-info\">\r\n            <li><a href=\"tel:00123456789\" class=\"value\"><i class=\"las la-phone\"><\/i> +00 123 456 789<\/a> <\/li>\r\n            <li><a href=\"http:\/\/luxstay.thimpress.com\/demo-1\/rooms\/\" class=\"btn-book\"><i class=\"ion-calendar-01\"><\/i> Book Now<\/a><\/li>\r\n        <\/ul>","filter":false,"widget-class":"no-border","widget_logic":"","visual":false},"11":{"title":"","text":"<a href=\"http:\/\/luxstay.thimpress.com\/element-1\"><img src=\"https:\/\/luxstay.thimpress.com\/element-1\/wp-content\/uploads\/sites\/5\/2021\/06\/lg_white.png\" alt=\"img\" \/><\/a>","filter":true,"visual":true,"widget_logic":"","widget-class":"pull-left"},"12":{"title":"","text":"<div class=\"thim-footer-top-email \">\r\n<h5>Sign up for our newsletter to receive our news, deals and special offers.<\/h5>\r\n[mc4wp_form]\r\n\r\n<\/div>","filter":true,"visual":true,"widget_logic":"","widget-class":"pull-right custom-social"},"13":{"title":"","text":"Luxstay Hotel is a boutique hotel in the heart of the Swiss Alps, offering contemporary accommodation and unrivaled access to ski and hiking trails, immersing you in an idyllic setting against pristine skies in search of a truly serene experience.","filter":true,"visual":true,"widget_logic":"","widget-class":"max-width-410"},"6":{"title":"","text":"<ul class=\"social-link-no-border\">\r\n \t<li><a class=\"twitter\" href=\"https:\/\/www.twitter.com\/thimpress\/\"><i class=\"fab fa-twitter\"><\/i><\/a><\/li>\r\n<li><a class=\"facebook\" href=\"https:\/\/www.facebook.com\/thimpress\/\"><i class=\"fa fa-facebook\" aria-hidden=\"true\"><\/i><\/a><\/li>\r\n<li><a class=\"instagram\" href=\"http:\/\/thimpress.com\/\"><i class=\"fa fa-instagram\" aria-hidden=\"true\"><\/i><\/a><\/li>\r\n<li><a class=\"pinterest\" href=\"http:\/\/thimpress.com\/\"><i class=\"fa fa-pinterest\" aria-hidden=\"true\"><\/i><\/a><\/li>\r\n<\/ul>","filter":false,"widget-class":"","visual":false,"widget_logic":""},"4":{"title":"CONTACT US","text":"<div class=\"thim-footer-location\">\r\n<p class=\"info\"><i class=\"las la-phone\"><\/i><a href=\"tel:00123456789\">+00 123 456 789<\/a><\/p>\r\n<p class=\"info\"><i class=\"ion-email\"><\/i><a href=\"mailto:hello@thimpress.com\">hello@thimpress.com<\/a><\/p>\r\n<p class=\"info\"><i class=\"ion-market\"><\/i><\/i> <span>329 Queensberry Street, North Melbourne VIC 3051, Australia<\/span><\/p>\r\n<\/div>","filter":false,"widget-class":"","widget_logic":"","visual":false},"9":{"title":"","text":"","filter":false,"widget-class":"hide"},"_multiwidget":1},"categories":{"2":{"title":"Categories","count":0,"hierarchical":0,"dropdown":0,"widget-class":""},"_multiwidget":1},"nav_menu":{"3":{"title":"COMPANY","nav_menu":52,"widget_logic":"","widget-class":"margin-left-40"},"2":{"title":"SERVICES","nav_menu":55,"widget-class":""},"_multiwidget":1},"hb_widget_cart":{"2":{"title":"Your Booking","widget_logic":"","widget-class":""},"_multiwidget":1},"woocommerce_product_categories":{"2":{"title":"Categories","orderby":"name","dropdown":0,"count":0,"hierarchical":1,"show_children_only":0,"hide_empty":0,"widget-class":""},"_multiwidget":1},"woocommerce_price_filter":{"2":{"title":"Filter by price","widget-class":""},"_multiwidget":1},"copyright":{"2":{"first_text":"\u00a9","year":"","site_name":"Thimpress","link_site":"https:\/\/luxstay.thimpress.com\/element-1","last_text":"All rights reserved. Powered by <a href=\"https:\/\/wordpress.org\/\">WordPress<\/a>.","widget_logic":"","widget-class":""},"_multiwidget":1}}]