[{"mega-menu":["siteorigin-panels-builder-12"],"sidebar-1":["events-1","campaign-categories-1","categories-3","list-post-4","campaign-1","single-images-2","list-post-5"],"toolbar":["siteorigin-panels-builder-8"],"top_sidebar":["siteorigin-panels-builder-2"],"menu_sidebar":["siteorigin-panels-builder-11"],"footer":["siteorigin-panels-builder-7","siteorigin-panels-builder-6","siteorigin-panels-builder-9","siteorigin-panels-builder-3"],"footer-bottom":["siteorigin-panels-builder-10"]},{"siteorigin-panels-builder":{"12":{"panels_data":{"widgets":[{"title":"Features","nav_menu":47,"panels_info":{"class":"WP_Nav_Menu_Widget","raw":false,"grid":0,"cell":0,"id":0,"widget_id":"a0ff5967-f7b8-4e38-9636-ffbb799ef0b9","style":{"class":"","widget_css":"","padding":"","background":"","background_image_attachment":"0","background_display":"tile","border_color":"","font_color":"","link_color":""}}},{"title":"Latest Causes","template":"simple","number":3,"orderby":"recent","order":"asc","default_option":{"columns":"3"},"widget-class":"","panels_info":{"class":"thim_campaign_widget","raw":false,"grid":0,"cell":1,"id":1,"widget_id":"289f1fd8-63ee-49de-845d-e46383323d48","style":{"class":"","widget_css":"","padding":"","background":"","background_image_attachment":"0","background_display":"tile","border_color":"","font_color":"","link_color":""}}},{"title":"Upcoming Events","number":3,"status":"tp-event-upcoming","orderby":"tp_event_date_start","order":"asc","template":"style3","default_option":{"columns":"2"},"widget-class":"","panels_info":{"class":"thim_events_widget","raw":false,"grid":0,"cell":2,"id":2,"widget_id":"293098b0-3d46-4891-86b0-dfd2b3f85c51","style":{"class":"","widget_css":"","padding":"","background":"","background_image_attachment":"0","background_display":"tile","border_color":"","font_color":"","link_color":""}}},{"title":"Featured Video","text":"<iframe src=\"https:\/\/player.vimeo.com\/video\/154475367?color=ffffff&title=0&byline=0&portrait=0\" width=\"260\" height=\"150\" frameborder=\"0\" webkitallowfullscreen mozallowfullscreen allowfullscreen><\/iframe>","widget-class":"","filter":false,"panels_info":{"class":"WP_Widget_Text","raw":false,"grid":0,"cell":3,"id":3,"widget_id":"bfec95d8-59c7-42c8-84e8-761f979a46a6","style":{"class":"","widget_css":"","padding":"","background":"","background_image_attachment":"0","background_display":"tile","border_color":"","font_color":"","link_color":""}}}],"grids":[{"cells":4,"style":{"id":"","class":"","cell_class":"","row_css":"","bottom_margin":"","gutter":"","padding":"","row_stretch":"","collapse_order":"","background":"","background_image_attachment":"0","background_display":"tile","border_color":"","overlay":""}}],"grid_cells":[{"grid":0,"weight":0.25},{"grid":0,"weight":0.25},{"grid":0,"weight":0.25},{"grid":0,"weight":0.25}]},"builder_id":"57635243b3d90","widget-class":""},"8":{"panels_data":{"widgets":[{"title":"","text":"<select>\n\t<option value=\"en\" selected=\"selected\">English<\/option>\n\t<option value=\"fr\">Fran\u00e7ais<\/option>\n<\/select>","panels_info":{"class":"WP_Widget_Text","raw":false,"grid":0,"cell":0,"id":0,"widget_id":"2f129e9d-964c-48c4-a533-7eb1ea0c18a8","style":{"class":"thim-select-style-2","widget_css":"","padding":"","background":"","background_image_attachment":"0","background_display":"tile","border_color":"","font_color":"","link_color":""}}},{"panels_data":{"widgets":[{"title":"","link_face":"https:\/\/www.facebook.com\/thimpress","link_twitter":"https:\/\/www.twitter.com\/thimpress","link_google":"","link_dribble":"","link_linkedin":"https:\/\/www.thimpress.com","link_pinterest":"","link_digg":"","link_youtube":"","link_instagram":"https:\/\/www.thimpress.com","link_target":"_self","style":"default","align":"right","panels_info":{"class":"Thim_Social_Widget","raw":false,"grid":0,"cell":0,"id":0,"style":{"class":"","widget_css":"","padding":"","background":"","background_image_attachment":"0","background_display":"tile","border_color":"","font_color":"","link_color":""}}}],"grids":[{"cells":1,"style":{"id":"","class":"","cell_class":"","row_css":"","bottom_margin":"","gutter":"","padding":"","row_stretch":"","collapse_order":"","background":"","background_image_attachment":"0","background_display":"tile","border_color":"","overlay":""}}],"grid_cells":[{"grid":0,"weight":1}]},"builder_id":"56d6b45805211","panels_info":{"class":"SiteOrigin_Panels_Widgets_Layout","raw":false,"grid":0,"cell":1,"id":1,"widget_id":"7344d186-1f21-4a93-b5dd-8bd59d3e5af1","style":{"class":"thim-float-right thim-hidden-768px","widget_css":"","padding":"","background":"","background_image_attachment":"0","background_display":"tile","border_color":"","font_color":"","link_color":""}}}],"grids":[{"cells":2,"style":{"id":"","class":"thim-hidden-md-2","cell_class":"","row_css":"","bottom_margin":"","gutter":"0px","padding":"","row_stretch":"","collapse_order":"","background":"","background_image_attachment":"0","background_display":"tile","border_color":"","overlay":""}}],"grid_cells":[{"grid":0,"weight":0.5},{"grid":0,"weight":0.5}]},"builder_id":"57441a1557f2a","widget-class":""},"2":{"panels_data":{"widgets":[{"box_style":"iconbox","title_group":{"title":"1422 1st St. Santa Rosa","font_family":"default","text_color":"#444444","font_size":"13","font_weight":"bold","line":"on"},"desc_group":{"content":"CA 94559. United States","text_color":"#7a7a7a"},"readmore_group":{"link":"","read_more":"more","button_readmore_group":{"read_text":"Read More","button_style":"default"}},"box_style_default":{"background_image":"","overlay_style":"overlay","overlay_color":"#000000","overlay_opacity":"0.5"},"box_style_video":{"url":""},"box_style_simple":{"background_image":""},"box_style_iconbox":{"icon":"map-marker","icon_size":"16","icon_color":"#f8b864","icon_line_height":"50","icon_width":"40","icon_height":"50","pos":"left"},"panels_info":{"class":"Thim_Box_Widget","raw":false,"grid":0,"cell":0,"id":0,"widget_id":"188c856d-853d-425d-901f-23305559dd15","style":{"class":"","widget_css":"","padding":"","background":"","background_image_attachment":"0","background_display":"tile","border_color":"","font_color":"","link_color":""}}},{"box_style":"iconbox","title_group":{"title":"Mon - Sat: 9:00 - 18:00 ","font_family":"default","text_color":"#444444","font_size":"13","font_weight":"bold","line":"true"},"desc_group":{"content":"Sunday: Closed","text_color":"#7a7a7a"},"readmore_group":{"link":"","read_more":"more","button_readmore_group":{"read_text":"Read More","button_style":"default"}},"box_style_default":{"background_image":"","overlay_style":"overlay","overlay_color":"#000000","overlay_opacity":"0.5"},"box_style_video":{"url":""},"box_style_simple":{"background_image":"","layout":"image-at-top","overflow":"hidden"},"box_style_iconbox":{"icon":"clock-o","icon_size":"16","icon_color":"#f8b864","icon_line_height":"50","icon_width":"40","icon_height":"50","pos":"left"},"panels_info":{"class":"Thim_Box_Widget","raw":false,"grid":0,"cell":0,"id":1,"widget_id":"62fa8b0c-68eb-499a-ae2d-cd2aa326219d","style":{"class":"","widget_css":"","padding":"","background":"","background_image_attachment":"0","background_display":"tile","border_color":"","font_color":"","link_color":""}}},{"box_style":"iconbox","title_group":{"title":"Hotline: <a>+(00) 123 456 789<\/a>","font_family":"default","text_color":"#444444","font_size":13,"font_weight":"bold","line":"true"},"desc_group":{"content":"<a href=\"mailto:hello@yourmail.com\" class=\"thim-color-1\">hello@yourmail.com<\/a>","text_color":"#7a7a7a"},"readmore_group":{"link":"","read_more":"more","button_readmore_group":{"read_text":"Read More","button_style":"default"}},"box_style_default":{"background_image":0,"overlay_style":"overlay","overlay_color":"#000000","overlay_opacity":0.5},"box_style_video":{"url":""},"box_style_simple":{"background_image":0,"layout":"image-at-top","overflow":"hidden"},"box_style_iconbox":{"icon":"phone","icon_size":16,"icon_color":"#f8b864","icon_line_height":50,"icon_width":40,"icon_height":50,"pos":"left"},"widget-class":"","panels_info":{"class":"Thim_Box_Widget","raw":false,"grid":0,"cell":0,"id":2,"widget_id":"b09b4796-2078-48f2-b552-8926ad8cab76","style":{"class":"","widget_css":"","padding":"","background":"","background_image_attachment":"0","background_display":"tile","border_color":"","font_color":"","link_color":""}}}],"grids":[{"cells":1,"style":{"id":"","class":"thim-pull-right","cell_class":"","row_css":"","bottom_margin":"","gutter":"","padding":"","row_stretch":"","collapse_order":"","background":"","background_image_attachment":"0","background_display":"tile","border_color":"","overlay":""}}],"grid_cells":[{"grid":0,"weight":1}]},"builder_id":"581a8ecaf0162","widget-class":"","widget_logic":""},"11":{"panels_data":"{\"widgets\":[{\"title\":\"\",\"link_face\":\"https:\/\/www.facebook.com\/thimpress\",\"link_twitter\":\"https:\/\/www.facebook.com\/thimpress\",\"link_google\":\"\",\"link_dribble\":\"\",\"link_linkedin\":\"#\",\"link_pinterest\":\"\",\"link_digg\":\"\",\"link_youtube\":\"\",\"link_instagram\":\"#\",\"link_target\":\"_self\",\"style\":\"color\",\"align\":\"right\",\"panels_info\":{\"class\":\"Thim_Social_Widget\",\"raw\":false,\"grid\":0,\"cell\":0,\"id\":0,\"style\":{\"class\":\"\",\"widget_css\":\"\",\"padding\":\"\",\"background\":\"\",\"background_image_attachment\":\"0\",\"background_display\":\"tile\",\"border_color\":\"\",\"font_color\":\"\",\"link_color\":\"\"}}}],\"grids\":[{\"cells\":1,\"style\":{\"id\":\"\",\"class\":\"\",\"cell_class\":\"\",\"row_css\":\"\",\"bottom_margin\":\"\",\"gutter\":\"\",\"padding\":\"\",\"row_stretch\":\"\",\"collapse_order\":\"\",\"background\":\"\",\"background_image_attachment\":\"0\",\"background_display\":\"tile\",\"border_color\":\"\",\"overlay\":\"\"}}],\"grid_cells\":[{\"grid\":0,\"weight\":1}]}","builder_id":"570233562915f","widget-class":""},"7":{"panels_data":{"widgets":[{"title":"","text":"<h3 style=\"text-align: center; font-size: 36px; color: #fff;\">BECOME A VOLUNTEER<\/h3>\n<p style=\"text-align: center; font-size: 20px;\">Join your hand with us for a better life and beautiful future.<\/p>","text_selected_editor":"html","autop":"on","_sow_form_id":"56b172487f878","widget-class":"","panels_info":{"class":"SiteOrigin_Widget_Editor_Widget","raw":false,"grid":0,"cell":0,"id":0,"widget_id":"76750889-fd0c-4958-b556-2afb8615b295","style":{"class":"","widget_css":"","padding":"0px 0px 36px","background":"","background_image_attachment":"0","background_display":"tile","border_color":"","font_color":"","link_color":""}}},{"text":"Join Us Now","link":"http:\/\/charitywp.thimpress.com\/demo-2\/volunteer\/","align":"center","style":"style4","size":"default","button_option":{"custom":"no","button_color":"#333","text_color":"#FFF","button_hover_color":"#999","text_hover_color":"#FFF"},"panels_info":{"class":"Thim_Button_Widget","raw":false,"grid":0,"cell":0,"id":1,"widget_id":"b8ef7ea5-9f8b-4c70-982a-46aeadfad1cc","style":{"class":"","widget_css":"","padding":"","background":"","background_image_attachment":"0","background_display":"tile","border_color":"","font_color":"","link_color":""}}}],"grids":[{"cells":1,"style":{"id":"","class":"","cell_class":"","row_css":"","bottom_margin":"","gutter":"","padding":"55px 0px 80px","row_stretch":"full","collapse_order":"","background":"","background_image_attachment":"103","background_display":"parallax","border_color":"","overlay":"thim-overlay-color"}}],"grid_cells":[{"grid":0,"weight":1}]},"builder_id":"5743ca9e131ab","widget-class":""},"6":{"panels_data":{"widgets":[{"title":"","text":"<p style=\"text-align: center;\">Subscribe now and receive weekly newsletter with new events, interesting charity activities.<\/p>","text_selected_editor":"tinymce","autop":"on","_sow_form_id":"56aaf1aba26bf","panels_info":{"class":"SiteOrigin_Widget_Editor_Widget","raw":false,"grid":0,"cell":0,"id":0,"widget_id":"6b8d0650-92f4-4e45-8533-b1141031c144","style":{"class":"","widget_css":"max-width: 500px;\nmargin: auto;","padding":"25px 0px","background":"","background_image_attachment":"0","background_display":"tile","border_color":"","font_color":"","link_color":""}}},{"title":"","panels_info":{"class":"MC4WP_Form_Widget","raw":false,"grid":0,"cell":0,"id":1,"widget_id":"077dbffa-433e-4516-9eda-b830d5d6ad0f","style":{"class":"","widget_css":"max-width: 353px;\nmargin: auto;","padding":"25px 0px","background":"","background_image_attachment":"0","background_display":"tile","border_color":"","font_color":"","link_color":""}}},{"title":"","text":"<p style=\"text-align: center;\">Support OUR Today at <strong><a href=\"tel:00123456789\">+(00) 123 456 789<\/a><\/strong> or email <strong><a href=\"mailto:info@yourmail.com\">info@yourmail.com<\/a><\/strong><\/p>","text_selected_editor":"html","autop":true,"_sow_form_id":"56aaf286c6957","widget-class":"","panels_info":{"class":"SiteOrigin_Widget_Editor_Widget","raw":false,"grid":0,"cell":1,"id":2,"widget_id":"44e44d29-9506-4ec6-9746-304ac3b41465","style":{"class":"","widget_css":"max-width: 500px;\nmargin: auto;","padding":"25px 0px","background":"","background_image_attachment":"0","background_display":"tile","border_color":"","font_color":"","link_color":""}}},{"text":"DONATE TODAY","link":"http:\/\/charitywp.thimpress.com\/demo-2\/campaigns\/","align":"center","style":"style3","size":"default","button_option":{"custom":"no","button_color":"#333","text_color":"#FFF","button_hover_color":"#999","text_hover_color":"#FFF"},"widget-class":"","panels_info":{"class":"Thim_Button_Widget","grid":0,"cell":1,"id":3,"widget_id":"ef34a18e-d1af-45de-83a3-4179d932e42c","style":{"class":"","widget_css":"","padding":"25px 0px","background":"","background_image_attachment":"0","background_display":"tile","border_color":"","font_color":"","link_color":""}}}],"grids":[{"cells":2,"style":{"id":"","class":"thim-border-center","cell_class":"","row_css":"font-size: 18px;\nline-height: 26px;","bottom_margin":"0px","gutter":"","padding":"80px 0px","row_stretch":"full","collapse_order":"","background":"#ffffff","background_image_attachment":"0","background_display":"tile","border_color":"","overlay":""}}],"grid_cells":[{"grid":0,"weight":0.5},{"grid":0,"weight":0.5}]},"builder_id":"581aafe347fbb","widget-class":"","widget_logic":""},"9":{"panels_data":"{\"widgets\":[{\"image\":\"420,421,422,423,424,422,421\",\"image_size\":\"full\",\"image_link\":\"#,#,#,#,#,#,#\",\"link_target\":\"_self\",\"items\":\"5\",\"autoPlay\":\"true\",\"panels_info\":{\"class\":\"Thim_Client_Logo_Widget\",\"raw\":true,\"grid\":0,\"cell\":0,\"id\":0,\"style\":{\"class\":\"\",\"widget_css\":\"\",\"padding\":\"40px 0px\",\"background\":\"\",\"background_image_attachment\":\"0\",\"background_display\":\"tile\",\"border_color\":\"\",\"font_color\":\"\",\"link_color\":\"\"}}}],\"grids\":[{\"cells\":1,\"style\":{\"id\":\"\",\"class\":\"\",\"cell_class\":\"\",\"row_css\":\"\",\"bottom_margin\":\"\",\"gutter\":\"\",\"padding\":\"\",\"row_stretch\":\"full\",\"collapse_order\":\"\",\"background\":\"#f5f5f5\",\"background_image_attachment\":\"0\",\"background_display\":\"tile\",\"border_color\":\"\",\"overlay\":\"\"}}],\"grid_cells\":[{\"grid\":0,\"weight\":1}]}","builder_id":"56dd4ce038627","widget-class":""},"3":{"panels_data":{"widgets":[{"title":"","text":"<img src=\"http:\/\/charitywp.thimpress.com\/demo-2\/wp-content\/uploads\/sites\/2\/2016\/03\/footer-logo.png\" alt=\"footer-logo\" width=\"155\" height=\"50\" class=\"alignnone size-full wp-image-419\" \/>\n\n<div style=\"font-size: 15px;\"><i class=\"fa fa-phone\"><\/i> &nbsp;&nbsp;<a href=\"tel:00123456789\"> +(00) 123 456 789<\/a>\n\n<i class=\"fa fa-envelope\"><\/i> &nbsp;&nbsp;<a href=\"mailto:hello@yourmail.com\"> hello@yourmail.com<\/a><\/div>","text_selected_editor":"html","autop":true,"_sow_form_id":"56ab1a4bf080a","widget-class":"","panels_info":{"class":"SiteOrigin_Widget_Editor_Widget","grid":0,"cell":0,"id":0,"widget_id":"b4bdd4c6-6781-4c8a-a049-3ecffa3a2212","style":{"class":"","widget_css":"","padding":"","background":"","background_image_attachment":"0","background_display":"tile","border_color":"","font_color":"","link_color":""}}},{"title":"","link_face":"http:\/\/www.facebook.com\/thimpress","link_twitter":"http:\/\/www.twitter.com\/thimpress","link_google":"","link_dribble":"","link_linkedin":"#","link_pinterest":"","link_digg":"","link_youtube":"","link_instagram":"#","link_target":"_self","style":"default","align":"left","panels_info":{"class":"Thim_Social_Widget","raw":false,"grid":0,"cell":0,"id":1,"widget_id":"c0ab8fa6-39fe-437b-be95-a0ecdc703238","style":{"class":"","widget_css":"","padding":"38px 0px","background":"","background_image_attachment":"0","background_display":"tile","border_color":"","font_color":"","link_color":""}}},{"title":"Company","nav_menu":46,"widget-class":"","panels_info":{"class":"WP_Nav_Menu_Widget","grid":0,"cell":1,"id":2,"widget_id":"1a777521-472a-47fb-a97a-001582290b6d","style":{"class":"","widget_css":"","padding":"0px 0px 30px","background":"","background_image_attachment":"0","background_display":"tile","border_color":"","font_color":"","link_color":""}}},{"title":"Link","nav_menu":49,"widget-class":"","panels_info":{"class":"WP_Nav_Menu_Widget","grid":0,"cell":2,"id":3,"widget_id":"428995eb-af4d-47d2-8522-3131da0a0de8","style":{"class":"","widget_css":"","padding":"0px 0px 30px","background":"","background_image_attachment":"0","background_display":"tile","border_color":"","font_color":"","link_color":""}}},{"title":"our worldwide office","subtitle":"","description":"","image":"99","image_size":"","image_link":"","link_target":"_self","image_alignment":"center","effect_hover":"no-effect","panels_info":{"class":"Thim_Single_Images_Widget","raw":false,"grid":0,"cell":3,"id":4,"widget_id":"423ee901-5fdb-4174-b430-f3b5b760c52e","style":{"class":"","widget_css":"","padding":"","background":"","background_image_attachment":"0","background_display":"tile","border_color":"","font_color":""}}},{"title":"","text":"<hr \/>","panels_info":{"class":"WP_Widget_Text","raw":false,"grid":1,"cell":0,"id":5,"widget_id":"cc659568-eccc-4aab-ac29-a3b74da42fe0","style":[]}},{"text_align":"left","panels_info":{"class":"Thim_Copyright_Widget","raw":false,"grid":2,"cell":0,"id":6,"widget_id":"d5cfdac2-5220-4b6e-aba6-1793ca8a9655","style":{"class":"","widget_css":"","padding":"","background":"","background_image_attachment":"0","background_display":"tile","border_color":"","font_color":""}}},{"nav_menu":48,"widget-class":"","panels_info":{"class":"WP_Nav_Menu_Widget","grid":2,"cell":1,"id":7,"widget_id":"78cfd38f-cb37-42f0-9bdb-b837ecef0706","style":{"class":"thim-float-list text-right","widget_css":"","padding":"","background":"","background_image_attachment":"0","background_display":"tile","border_color":"","font_color":"","link_color":""}}}],"grids":[{"cells":4,"style":{"id":"","class":"","cell_class":"","row_css":"","bottom_margin":"","gutter":"","padding":"80px 0px 0px","row_stretch":"","collapse_order":"","background":"","background_image_attachment":"0","background_display":"tile","border_color":"","overlay":""}},{"cells":1,"style":{"class":"","cell_class":"","row_css":"","bottom_margin":"","gutter":"","padding":"","row_stretch":"","background":"","background_image_attachment":"0","background_display":"tile","border_color":"","overlay":""}},{"cells":2,"style":{"class":"","cell_class":"","row_css":"padding-top: 6px;\npadding-bottom: 20px;","bottom_margin":"","gutter":"","padding":"","row_stretch":"","background":"","background_image_attachment":"0","background_display":"tile","border_color":"","overlay":""}}],"grid_cells":[{"grid":0,"weight":0.33349833065762},{"grid":0,"weight":0.16666656109273},{"grid":0,"weight":0.16685120007877},{"grid":0,"weight":0.33298390817087},{"grid":1,"weight":1},{"grid":2,"weight":0.5},{"grid":2,"weight":0.5}]},"builder_id":"581a8da399e18","widget-class":"","widget_logic":""},"10":{"panels_data":"{\"widgets\":[{\"title\":\"\",\"text\":\"<h3 style=\\\"text-align: center; font-size: 36px; color: #fff;\\\">BECOME A VOLUNTEER<\/h3>\\n<p style=\\\"text-align: center; font-size: 20px;\\\">Join your hand with us for a better life and beautiful future<\/p>\",\"text_selected_editor\":\"html\",\"autop\":\"on\",\"_sow_form_id\":\"56b172487f878\",\"panels_info\":{\"class\":\"SiteOrigin_Widget_Editor_Widget\",\"raw\":false,\"grid\":0,\"cell\":0,\"id\":0,\"style\":{\"class\":\"\",\"widget_css\":\"\",\"padding\":\"0px 0px 36px\",\"background\":\"\",\"background_image_attachment\":\"0\",\"background_display\":\"tile\",\"border_color\":\"\",\"font_color\":\"\",\"link_color\":\"\"}}},{\"text\":\"Join Us Now\",\"link\":\"http:\/\/charitywp.thimpress.com\/demo-2\/volunteer\/\",\"align\":\"center\",\"style\":\"style4\",\"size\":\"default\",\"button_option\":{\"custom\":\"no\",\"button_color\":\"#333\",\"text_color\":\"#FFF\",\"button_hover_color\":\"#999\",\"text_hover_color\":\"#FFF\"},\"panels_info\":{\"class\":\"Thim_Button_Widget\",\"raw\":false,\"grid\":0,\"cell\":0,\"id\":1,\"style\":{\"class\":\"\",\"widget_css\":\"\",\"padding\":\"\",\"background\":\"\",\"background_image_attachment\":\"0\",\"background_display\":\"tile\",\"border_color\":\"\",\"font_color\":\"\",\"link_color\":\"\"}}}],\"grids\":[{\"cells\":1,\"style\":{\"id\":\"\",\"class\":\"\",\"cell_class\":\"\",\"row_css\":\"\",\"bottom_margin\":\"\",\"gutter\":\"\",\"padding\":\"160px 0px 185px\",\"row_stretch\":\"full\",\"collapse_order\":\"\",\"background\":\"\",\"background_image_attachment\":\"103\",\"background_display\":\"cover\",\"border_color\":\"\",\"overlay\":\"thim-overlay-color\"}}],\"grid_cells\":[{\"grid\":0,\"weight\":1}]}","builder_id":"570229f4a57df","widget-class":""},"_multiwidget":1},"events":{"1":{"title":"Upcoming Event","number":4,"status":"tp-event-upcoming","orderby":"tp_event_date_start","order":"asc","template":"style3","default_option":{"columns":"2"},"widget-class":""},"_multiwidget":1},"campaign-categories":{"1":{"title":"Cause Categories","show_all":"show","show_count":"show","widget-class":""},"_multiwidget":1},"categories":{"3":{"title":"Blog Categories","count":1,"hierarchical":0,"dropdown":0,"widget-class":""},"_multiwidget":1},"list-post":{"4":{"title":"Popular Posts","cat_id":"8","number_posts":3,"orderby":"popular","order":"asc","date":"hidden","template":"base","columns":3,"widget-class":""},"5":{"title":"Latest Posts","cat_id":"1","number_posts":3,"orderby":"recent","order":"asc","date":"show","template":"base","columns":3,"widget-class":""},"_multiwidget":1},"campaign":{"1":{"title":"Popular Causes","template":"simple","number":3,"orderby":"popular","order":"desc","default_option":{"columns":"3"},"widget-class":""},"_multiwidget":1},"single-images":{"2":{"title":"","subtitle":"","description":"","image":260,"image_size":"full","image_link":"#","link_target":"_self","image_alignment":"center","effect_hover":"effect-hover","widget-class":""},"_multiwidget":1}}]