[{"wp_inactive_widgets":["single-images-3","single-images-4","single-images-5","single-images-6","list-post-5","list-post-6","list-post-7","list-post-8","login-popup-2","courses-searching-2","course-categories-2","courses-3","courses-4","courses-5","courses-1210005","text-1210000","text-1210006","text-1210008","text-1210015","nav_menu-4","nav_menu-5","nav_menu-3","nav_menu-6","siteorigin-panels-builder-2","search-4","categories-2","search-3","nav_menu-7","nav_menu-8","nav_menu-9","siteorigin-panels-builder-4","nav_menu-10","text-2"],"sidebar":["search-4","categories-2","courses-2","single-images-2","list-post-2"],"toolbar":["text-2","login-popup-3"],"menu_right":["course-categories-4","search-5","nav_menu-15","woocommerce_widget_cart-3","login-popup-4"],"footer":["siteorigin-panels-builder-9"],"sidebar_shop":["woocommerce_widget_cart-2"],"sidebar_courses":["course-categories-3","courses-7","single-images-7"]},{"search":{"4":{"title":"Search","widget-class":"","widget_logic":""},"5":{"title":"","widget_logic":"","widget-class":""},"3":{"title":"","widget-class":"","widget_logic":"(1==2)"},"_multiwidget":1},"categories":{"2":{"title":"","count":0,"hierarchical":0,"dropdown":0},"_multiwidget":1},"courses":{"2":{"heading_group":{"title":"Popular Courses","textcolor":false,"size":"h3","font_heading":"default","custom_font_heading":{"custom_font_size":18,"custom_font_weight":"normal"}},"desc_group":{"des":"","des_color":false,"des_font_size":16,"des_font_weight":"normal"},"order":"popular","layout":"list-sidebar","limit":3,"view_all_courses":"","slider-options":{"show_navigation":true,"item_visible":"4","show_pagination":false},"grid-options":{"columns":"2"},"widget-class":"","widget_logic":""},"7":{"title":"Latest Courses","order":"latest","cat_id":"all","layout":"list-sidebar","thumbnail_width":400,"thumbnail_height":300,"limit":3,"view_all_courses":"","view_all_position":"top","slider-options":{"show_navigation":true,"item_visible":"4","auto_play":0,"show_pagination":false},"grid-options":{"columns":"4"},"tabs-options":{"limit_tab":4,"cat_id_tab":false},"widget_logic":"","widget-class":"","featured":false},"3":{"heading_group":{"title":"Popular Courses","textcolor":false,"size":"h3","font_heading":"default","custom_font_heading":{"custom_font_size":18,"custom_font_weight":"normal"}},"desc_group":{"des":"","des_color":false,"des_font_size":16,"des_font_weight":"normal"},"order":"popular","layout":"list-sidebar","limit":3,"view_all_courses":"","slider-options":{"show_navigation":true,"item_visible":"4","show_pagination":false},"grid-options":{"columns":"2"},"widget-class":"","widget_logic":""},"4":{"heading_group":{"title":"Popular Courses","textcolor":false,"size":"h3","font_heading":"default","custom_font_heading":{"custom_font_size":18,"custom_font_weight":"normal"}},"desc_group":{"des":"","des_color":false,"des_font_size":16,"des_font_weight":"normal"},"order":"popular","layout":"list-sidebar","limit":3,"view_all_courses":"","slider-options":{"show_navigation":true,"item_visible":"4","show_pagination":false},"grid-options":{"columns":"2"},"widget-class":""},"5":{"heading_group":{"title":"Popular Courses","textcolor":false,"size":"h3","font_heading":"default","custom_font_heading":{"custom_font_size":18,"custom_font_weight":"normal"}},"desc_group":{"des":"","des_color":false,"des_font_size":16,"des_font_weight":"normal"},"order":"popular","layout":"list-sidebar","limit":3,"view_all_courses":"","slider-options":{"show_navigation":true,"item_visible":"4","show_pagination":false},"grid-options":{"columns":"2"},"widget-class":""},"1210005":{"title":"","order":"popular","cat_id":"all","layout":"slider","limit":6,"view_all_courses":"","slider-options":{"show_navigation":true,"item_visible":"4","show_pagination":false},"grid-options":{"columns":"2"},"widget-class":"","panels_info":{"class":"Thim_Courses_Widget","raw":false,"grid":2,"cell":0,"id":5,"widget_id":"844f9764-505f-4700-98ef-6f62da39aa4c","style":{"background_display":"tile"}},"id":"courses-1210005"},"_multiwidget":1},"single-images":{"2":{"image":3384,"image_size":"","image_link":"#","link_target":"_self","image_alignment":"left","css_animation":false,"widget-class":"","widget_logic":""},"7":{"image":3384,"image_size":"full","image_link":"#","link_target":"_self","image_alignment":"left","css_animation":false,"widget_logic":"","widget-class":""},"3":{"image":1772,"image_size":"","image_link":"#","link_target":"_self","image_alignment":"left","css_animation":false,"widget-class":"","widget_logic":""},"4":{"image":1772,"image_size":"","image_link":"#","link_target":"_self","image_alignment":"left","css_animation":false,"widget-class":""},"5":{"image":3384,"image_size":"","image_link":"#","link_target":"_self","image_alignment":"left","css_animation":false,"widget-class":"","widget_logic":""},"6":{"image":3384,"image_size":"full","image_link":"#","link_target":"_self","image_alignment":"left","css_animation":false,"widget-class":"","widget_logic":""},"_multiwidget":1},"list-post":{"2":{"title":"Latest Posts","cat_id":"9","image_size":"thumbnail","show_description":"no","number_posts":3,"orderby":"recent","order":"desc","link":"","text_link":"","style":"sidebar","widget-class":"","widget_logic":""},"5":{"title":"Latest Posts","cat_id":"9","image_size":"thumbnail","show_description":"no","number_posts":3,"orderby":"recent","order":"desc","link":"","text_link":"","style":"sidebar","widget-class":"","widget_logic":""},"6":{"title":"Latest Posts","cat_id":"9","image_size":"thumbnail","show_description":"no","number_posts":3,"orderby":"recent","order":"desc","link":"","text_link":"","style":"sidebar","widget-class":""},"7":{"title":"Latest Posts","cat_id":"9","image_size":"thumbnail","show_description":"no","number_posts":3,"orderby":"recent","order":"desc","link":"","text_link":"","style":"sidebar","widget-class":""},"8":{"title":"Latest Posts","cat_id":"9","number_posts":3,"show_description":"no","orderby":"recent","order":"desc","layout":"base","display_feature":"no","image_size":"thumbnail","item_vertical":0,"link":"","text_link":"","style":"sidebar","widget-class":"","widget_logic":""},"_multiwidget":1},"text":{"2":{"title":"","text":"<div class=\"thim-have-any-question\">\r\nHave any question? \r\n<div class=\"mobile\"><i class=\"fa fa-phone\"><\/i><a href=\"tel:00123456789\" class=\"value\">(00) 123 456 789<\/a>\r\n<\/div>\r\n<div class=\"email\"><i class=\"fa fa-envelope\"><\/i><a href=\"mailto:hello@eduma.com\">hello@eduma.com<\/a>\r\n<\/div>\r\n<\/div>","filter":false,"widget-class":"","widget_logic":""},"1210000":{"title":"","text":"[rev_slider alias=\"home-page\"]","filter":false,"panels_info":{"class":"WP_Widget_Text","raw":false,"grid":0,"cell":0,"id":0,"widget_id":"c0e91dfd-6233-426c-a5b1-ff827868ab97","style":{"background_display":"tile"}},"id":"text-1210000"},"1210006":{"title":"","text":"<div class=\"thim-get-100s\">\n<p class=\"get-100s\">Get 100s of online <span class=\"thim-color\">Courses For Free<\/span><\/p>\n<h2>Register Now<\/h2>\n<\/div>","widget-class":"","filter":false,"panels_info":{"class":"WP_Widget_Text","raw":false,"grid":3,"cell":0,"id":6,"widget_id":"0367cc94-57fb-47fc-9dbc-a24f1de748c5","style":{"background_display":"tile"}},"id":"text-1210006"},"1210008":{"title":"","text":"<div class=\"thim-register-now-form\">\n<h3 class=\"title\"><span>Create your free account now and get immediate access to 100s of online courses.<\/span><\/h3>\n[contact-form-7 id=\"85\" title=\"Get It Now\"]\n<\/div>","widget-class":"","filter":false,"panels_info":{"class":"WP_Widget_Text","raw":false,"grid":3,"cell":1,"id":8,"widget_id":"1fe92111-ab4e-44f6-808b-f924d83b7dfa","style":{"background_display":"tile"}},"id":"text-1210008"},"1210015":{"title":"","text":"<div class=\"thim-newlleter-homepage\">\n<p class=\"description\">Subscribe now and receive weekly newsletter with educational materials, new courses, interesting posts, popular books and much more!<\/p>\n[mc4wp_form id=\"3101\"]\n<\/div>","widget-class":"","filter":false,"panels_info":{"class":"WP_Widget_Text","raw":false,"grid":7,"cell":0,"id":15,"widget_id":"23c8d57a-fb02-42f3-a21c-f81234600a23","style":{"background_display":"tile"}},"id":"text-1210015"},"_multiwidget":1},"login-popup":{"3":{"text_register":"Register","text_login":"Login","text_logout":"Logout","text_profile":"Profile","layout":"base","captcha":true,"term":"","shortcode":"[miniorange_social_login shape=\"longbuttonwithtext\" theme=\"default\" space=\"4\" width=\"240\" height=\"40\"]","widget_logic":"","widget-class":""},"4":{"text_register":"Register","text_login":"Login","text_logout":"Logout","text_profile":"Profile","layout":"base","term":"","shortcode":"","widget_logic":"","widget-class":"","captcha":false},"2":{"text_register":"Register","text_login":"Login","text_logout":"Logout","shortcode":"[miniorange_social_login shape=\"longbuttonwithtext\" theme=\"default\" space=\"4\" width=\"240\" height=\"40\"]","widget-class":"","widget_logic":""},"_multiwidget":1},"course-categories":{"4":{"title":"Categories","layout":"base","slider-options":{"limit":15,"show_navigation":true,"auto_play":0,"responsive-options":{"item_visible":"7","item_small_desktop_visible":"6","item_tablet_visible":"4","item_mobile_visible":"2"},"show_pagination":false},"grid-options":{"grid_limit":6,"grid_column":"3"},"widget_logic":"","widget-class":"","list-options":{"show_counts":false,"hierarchical":false}},"3":{"title":"All Courses","layout":"base","slider-options":{"limit":15,"show_navigation":true,"item_visible":"7","auto_play":0,"show_pagination":false},"widget_logic":"","widget-class":"","list-options":{"show_counts":false,"hierarchical":false}},"2":{"title":"All Courses","widget-class":"","show_counts":false,"hierarchical":false,"widget_logic":""},"_multiwidget":1},"nav_menu":{"15":{"nav_menu":104,"widget_logic":"","widget-class":""},"4":{"title":"Support","nav_menu":22,"widget-class":"col-sm-2","widget_logic":""},"5":{"title":"Recommend","nav_menu":23,"widget-class":"col-sm-2","widget_logic":""},"3":{"title":"Products","nav_menu":21,"widget-class":"col-sm-2","widget_logic":""},"6":{"nav_menu":24,"widget-class":"","widget_logic":""},"7":{"title":"Products","nav_menu":21,"widget-class":"col-sm-2"},"8":{"title":"Support","nav_menu":22,"widget-class":"col-sm-2"},"9":{"title":"Recommend","nav_menu":23,"widget-class":"col-sm-2"},"10":{"nav_menu":24,"widget-class":""},"_multiwidget":1},"woocommerce_widget_cart":{"3":{"title":"","hide_if_empty":0,"widget_logic":"","widget-class":""},"2":{"title":"Cart","hide_if_empty":0,"widget-class":"","widget_logic":"is_woocommerce()"},"_multiwidget":1},"siteorigin-panels-builder":{"9":{"panels_data":{"widgets":[{"title_group":{"title":"","color_title":false,"size":"h3","font_heading":"default","custom_heading":{"custom_font_size":14,"custom_font_weight":"normal","custom_mg_top":0,"custom_mg_bt":0},"line_after_title":false},"desc_group":{"content":"<em>(04) 495-9400<\/em>\n1-800-544-2787","custom_font_size_des":16,"custom_font_weight":"400","color_description":"#ffffff"},"read_more_group":{"link":"","target":"_self","read_more":"complete_box","link_to_icon":"no","button_read_more_group":{"read_text":"Read More","read_more_text_color":false,"border_read_more_text":false,"bg_read_more_text":false,"read_more_text_color_hover":false,"bg_read_more_text_hover":false}},"icon_type":"font-awesome","font_7_stroke_group":{"icon":"","icon_size":14},"font_awesome_group":{"icon":"phone","icon_size":22},"font_flaticon_group":{"icon":"","icon_size":14},"font_image_group":{"icon_img":0},"width_icon_box":100,"height_icon_box":0,"color_group":{"icon_color":"#ffffff","icon_border_color":false,"icon_bg_color":false,"icon_hover_color":false,"icon_border_color_hover":false,"icon_bg_color_hover":false},"layout_group":{"box_icon_style":false,"pos":"top","text_align_sc":"text-center","style_box":false},"widget_background":"none","bg_box_color":false,"self_video":0,"self_poster":0,"css_animation":false,"widget_logic":"","widget-class":"","panels_info":{"class":"Thim_Icon_Box_Widget","raw":false,"grid":0,"cell":0,"id":0,"widget_id":"53a72e4b-913c-433b-be1e-b94055b56b5f","style":{"class":"thim-border-right","background_image_attachment":false,"background_display":"tile"}}},{"title_group":{"title":"","color_title":false,"size":"h3","font_heading":"default","custom_heading":{"custom_font_size":14,"custom_font_weight":"normal","custom_mg_top":0,"custom_mg_bt":0},"line_after_title":false},"desc_group":{"content":"A26BT5 BUILDING <\/br> LONDON, ENGLAND","custom_font_size_des":16,"custom_font_weight":"400","color_description":"#ffffff"},"read_more_group":{"link":"","target":"_self","read_more":"complete_box","link_to_icon":"no","button_read_more_group":{"read_text":"Read More","read_more_text_color":false,"border_read_more_text":false,"bg_read_more_text":false,"read_more_text_color_hover":false,"bg_read_more_text_hover":false}},"icon_type":"font-awesome","font_7_stroke_group":{"icon":"","icon_size":14},"font_awesome_group":{"icon":"map-marker","icon_size":22},"font_flaticon_group":{"icon":"","icon_size":14},"font_image_group":{"icon_img":0},"width_icon_box":100,"height_icon_box":0,"color_group":{"icon_color":"#ffffff","icon_border_color":false,"icon_bg_color":false,"icon_hover_color":false,"icon_border_color_hover":false,"icon_bg_color_hover":false},"layout_group":{"box_icon_style":false,"pos":"top","text_align_sc":"text-center","style_box":false},"widget_background":"none","bg_box_color":false,"self_video":0,"self_poster":0,"css_animation":false,"widget_logic":"","widget-class":"","panels_info":{"class":"Thim_Icon_Box_Widget","raw":false,"grid":0,"cell":1,"id":1,"widget_id":"ea07457a-0149-4d0f-8346-0234bc34e9bd","style":{"class":"thim-border-right","background_image_attachment":false,"background_display":"tile"}}},{"title_group":{"title":"","color_title":false,"size":"h3","font_heading":"default","custom_heading":{"custom_font_size":14,"custom_font_weight":"normal","custom_mg_top":0,"custom_mg_bt":0},"line_after_title":false},"desc_group":{"content":"SUPPORT<\/br> <a href=\"mailto:@artschool.com\">@ARTSCHOOL.COM<\/a>","custom_font_size_des":16,"custom_font_weight":"400","color_description":"#ffffff"},"read_more_group":{"link":"","target":"_self","read_more":"complete_box","link_to_icon":"no","button_read_more_group":{"read_text":"Read More","read_more_text_color":false,"border_read_more_text":false,"bg_read_more_text":false,"read_more_text_color_hover":false,"bg_read_more_text_hover":false}},"icon_type":"font-awesome","font_7_stroke_group":{"icon":"","icon_size":14},"font_awesome_group":{"icon":"envelope-o","icon_size":22},"font_flaticon_group":{"icon":"","icon_size":14},"font_image_group":{"icon_img":0},"width_icon_box":100,"height_icon_box":0,"color_group":{"icon_color":"#ffffff","icon_border_color":false,"icon_bg_color":false,"icon_hover_color":false,"icon_border_color_hover":false,"icon_bg_color_hover":false},"layout_group":{"box_icon_style":false,"pos":"top","text_align_sc":"text-center","style_box":false},"widget_background":"none","bg_box_color":false,"self_video":0,"self_poster":0,"css_animation":false,"widget_logic":"","widget-class":"","panels_info":{"class":"Thim_Icon_Box_Widget","grid":0,"cell":2,"id":2,"widget_id":"8d219b19-20d2-4311-852d-35f2aaba4651","style":{"class":"thim-border-right","background_image_attachment":false,"background_display":"tile"}}},{"title_group":{"title":"","color_title":false,"size":"h3","font_heading":"default","custom_heading":{"custom_font_size":14,"custom_font_weight":"normal","custom_mg_top":0,"custom_mg_bt":0},"line_after_title":false},"desc_group":{"content":"DAILY: 10:00 AM \u2013 5:00 PM <\/br>\nMONDAY &amp; HOLIDAYS: CLOSED","custom_font_size_des":16,"custom_font_weight":"400","color_description":"#ffffff"},"read_more_group":{"link":"","target":"_self","read_more":"complete_box","link_to_icon":"no","button_read_more_group":{"read_text":"Read More","read_more_text_color":false,"border_read_more_text":false,"bg_read_more_text":false,"read_more_text_color_hover":false,"bg_read_more_text_hover":false}},"icon_type":"font-awesome","font_7_stroke_group":{"icon":"","icon_size":14},"font_awesome_group":{"icon":"clock-o","icon_size":22},"font_flaticon_group":{"icon":"","icon_size":14},"font_image_group":{"icon_img":0},"width_icon_box":100,"height_icon_box":0,"color_group":{"icon_color":"#ffffff","icon_border_color":false,"icon_bg_color":false,"icon_hover_color":false,"icon_border_color_hover":false,"icon_bg_color_hover":false},"layout_group":{"box_icon_style":false,"pos":"top","text_align_sc":"text-center","style_box":false},"widget_background":"none","bg_box_color":false,"self_video":0,"self_poster":0,"css_animation":false,"widget_logic":"","widget-class":"","panels_info":{"class":"Thim_Icon_Box_Widget","raw":false,"grid":0,"cell":3,"id":3,"widget_id":"b48fd375-765b-468b-bfb6-31e78fbf953e","style":{"background_image_attachment":false,"background_display":"tile"}}},{"title":"","text":"<a href=\"http:\/\/thim.staging.wpengine.com\/demo-udemy\/wp-content\/uploads\/sites\/73\/2019\/06\/Logo.png\"><img class=\"alignnone size-full wp-image-10956\" src=\"http:\/\/thim.staging.wpengine.com\/demo-udemy\/wp-content\/uploads\/sites\/73\/2019\/06\/Logo.png\" alt=\"\" width=\"181\" height=\"46\" \/><\/a>","filter":true,"visual":true,"widget_logic":"","widget-class":"","panels_info":{"class":"WP_Widget_Text","raw":false,"grid":1,"cell":0,"id":4,"widget_id":"ad70c454-73fa-4237-985e-55a4b6ddc136","style":{"background_image_attachment":false,"background_display":"tile"}}},{"title":"","style":false,"link_face":"#","link_twitter":"#","link_google":"#","link_dribble":"#","link_linkedin":"#","link_pinterest":"","link_instagram":"","link_youtube":"","link_snapchat":"","link_target":"_self","widget_logic":"","widget-class":"","show_label":false,"panels_info":{"class":"Thim_Social_Widget","raw":false,"grid":1,"cell":0,"id":5,"widget_id":"ca45d5e9-b5c5-45a9-b6f0-ba42b5d6cbe1","style":{"background_image_attachment":false,"background_display":"tile"}}},{"title":"Menu","nav_menu":105,"widget_logic":"","widget-class":"","panels_info":{"class":"WP_Nav_Menu_Widget","raw":false,"grid":1,"cell":1,"id":6,"widget_id":"260bf04d-6389-41fe-ba75-e9ee8bca3f7c","style":{"background_image_attachment":false,"background_display":"tile"}}},{"title":"Courses","nav_menu":106,"widget_logic":"","widget-class":"","panels_info":{"class":"WP_Nav_Menu_Widget","raw":false,"grid":1,"cell":2,"id":7,"widget_id":"8bee0655-f63a-4fa5-8369-927d9ea45e15","style":{"background_image_attachment":false,"background_display":"tile"}}},{"title":"Topics","nav_menu":107,"widget_logic":"","widget-class":"","panels_info":{"class":"WP_Nav_Menu_Widget","raw":false,"grid":1,"cell":3,"id":8,"widget_id":"af2a5ade-022b-4243-a826-78c411d7d0e0","style":{"background_image_attachment":false,"background_display":"tile"}}},{"title":"Info For","nav_menu":108,"widget_logic":"","widget-class":"","panels_info":{"class":"WP_Nav_Menu_Widget","raw":false,"grid":1,"cell":4,"id":9,"widget_id":"311afb27-6398-4164-ae10-c5f583a761c5","style":{"background_image_attachment":false,"background_display":"tile"}}}],"grids":[{"cells":4,"style":{"row_css":"margin-top:-107px;","padding":"41px 0px 38px 0px","background":"#ec5252","background_image_attachment":false,"background_display":"tile","bottom_margin":"0px","cell_alignment":"flex-start"},"ratio":1,"ratio_direction":"right"},{"cells":5,"style":{"padding":"67px 0px 69px 0px","background_image_attachment":false,"background_display":"tile","cell_alignment":"flex-start"}}],"grid_cells":[{"grid":0,"index":0,"weight":0.25,"style":[]},{"grid":0,"index":1,"weight":0.25,"style":[]},{"grid":0,"index":2,"weight":0.25,"style":[]},{"grid":0,"index":3,"weight":0.25,"style":[]},{"grid":1,"index":0,"weight":0.333,"style":{"padding":"46px 0px 0px 0px","background_image_attachment":false,"background_display":"tile","vertical_alignment":"auto"}},{"grid":1,"index":1,"weight":0.16675,"style":[]},{"grid":1,"index":2,"weight":0.16675,"style":[]},{"grid":1,"index":3,"weight":0.16675,"style":[]},{"grid":1,"index":4,"weight":0.16675,"style":[]}]},"builder_id":"5d086735a9a97","widget_logic":"","widget-class":""},"2":{"panels_data":"{\"widgets\":[{\"title_group\":{\"title\":\"Your Time Is Valuable\",\"color_title\":\"#333333\",\"size\":\"h3\",\"font_heading\":\"custom\",\"custom_heading\":{\"custom_font_size\":\"36\",\"custom_font_weight\":\"700\",\"custom_mg_bt\":\"\"}},\"desc_group\":{\"content\":\"Thanks for spending some of it with us.\",\"custom_font_size_des\":\"20\",\"custom_font_weight\":\"\",\"color_description\":\"#333333\"},\"read_more_group\":{\"link\":\"\",\"read_more\":\"complete_box\",\"button_read_more_group\":{\"read_text\":\"Read More\",\"read_more_text_color\":\"\",\"border_read_more_text\":\"\",\"bg_read_more_text\":\"\",\"read_more_text_color_hover\":\"\",\"bg_read_more_text_hover\":\"\"}},\"icon_type\":\"font-awesome\",\"font_7_stroke_group\":{\"icon\":\"\",\"icon_size\":\"14\"},\"font_awesome_group\":{\"icon\":\"\",\"icon_size\":\"14\"},\"font_image_group\":{\"icon_img\":\"\"},\"width_icon_box\":\"100\",\"color_group\":{\"icon_color\":\"\",\"icon_border_color\":\"\",\"icon_bg_color\":\"\",\"icon_hover_color\":\"\",\"icon_border_color_hover\":\"\",\"icon_bg_color_hover\":\"\"},\"layout_group\":{\"box_icon_style\":\"\",\"pos\":\"top\",\"text_align_sc\":\"text-center\",\"style_box\":\"\"},\"widget_background\":\"bg_video\",\"self_video\":\"83\",\"self_poster\":\"\",\"css_animation\":\"\",\"panels_info\":{\"class\":\"Thim_Icon_Box_Widget\",\"raw\":true,\"grid\":0,\"cell\":0,\"id\":0,\"style\":{\"class\":\"\",\"widget_css\":\"\",\"padding\":\"\",\"background\":\"\",\"background_image_attachment\":\"0\",\"background_display\":\"tile\",\"border_color\":\"\",\"font_color\":\"\"}}}],\"grids\":[{\"cells\":1,\"style\":{\"class\":\"thim-bg-color-overlay\",\"cell_class\":\"\",\"row_css\":\"\",\"bottom_margin\":\"\",\"gutter\":\"\",\"padding\":\"\",\"row_stretch\":\"full-stretched\",\"background\":\"\",\"background_image_attachment\":\"0\",\"background_display\":\"tile\",\"border_color\":\"\"}}],\"grid_cells\":[{\"grid\":0,\"weight\":1}]}","builder_id":"56457e67e8b4e","widget-class":"","widget_logic":"is_page_template('page-templates\/homepage.php')"},"4":{"panels_data":"{\"widgets\":[{\"title_group\":{\"title\":\"Your Time Is Valuable\",\"color_title\":\"#333333\",\"size\":\"h3\",\"font_heading\":\"custom\",\"custom_heading\":{\"custom_font_size\":\"36\",\"custom_font_weight\":\"700\",\"custom_mg_bt\":\"\"}},\"desc_group\":{\"content\":\"Thanks for spending some of it with us.\",\"custom_font_size_des\":\"20\",\"custom_font_weight\":\"\",\"color_description\":\"#333333\"},\"read_more_group\":{\"link\":\"\",\"read_more\":\"complete_box\",\"button_read_more_group\":{\"read_text\":\"Read More\",\"read_more_text_color\":\"\",\"border_read_more_text\":\"\",\"bg_read_more_text\":\"\",\"read_more_text_color_hover\":\"\",\"bg_read_more_text_hover\":\"\"}},\"icon_type\":\"font-awesome\",\"font_7_stroke_group\":{\"icon\":\"\",\"icon_size\":\"14\"},\"font_awesome_group\":{\"icon\":\"\",\"icon_size\":\"14\"},\"font_image_group\":{\"icon_img\":\"\"},\"width_icon_box\":\"100\",\"color_group\":{\"icon_color\":\"\",\"icon_border_color\":\"\",\"icon_bg_color\":\"\",\"icon_hover_color\":\"\",\"icon_border_color_hover\":\"\",\"icon_bg_color_hover\":\"\"},\"layout_group\":{\"box_icon_style\":\"\",\"pos\":\"top\",\"text_align_sc\":\"text-center\",\"style_box\":\"\"},\"widget_background\":\"bg_video\",\"self_video\":\"83\",\"self_poster\":\"\",\"css_animation\":\"\",\"panels_info\":{\"class\":\"Thim_Icon_Box_Widget\",\"raw\":true,\"grid\":0,\"cell\":0,\"id\":0,\"style\":{\"class\":\"\",\"widget_css\":\"\",\"padding\":\"\",\"background\":\"\",\"background_image_attachment\":\"0\",\"background_display\":\"tile\",\"border_color\":\"\",\"font_color\":\"\"}}}],\"grids\":[{\"cells\":1,\"style\":{\"class\":\"thim-bg-color-overlay\",\"cell_class\":\"\",\"row_css\":\"\",\"bottom_margin\":\"\",\"gutter\":\"\",\"padding\":\"\",\"row_stretch\":\"full-stretched\",\"background\":\"\",\"background_image_attachment\":\"0\",\"background_display\":\"tile\",\"border_color\":\"\"}}],\"grid_cells\":[{\"grid\":0,\"weight\":1}]}","builder_id":"56457e67e8b4e","widget-class":""},"_multiwidget":1},"courses-searching":{"2":{"layout":"overlay","title":"","description":"","placeholder":"Search courses...","widget-class":"","widget_logic":"!is_page('home-version-2')"},"_multiwidget":1}}]