[{"sidebar":["search-4","categories-2","list-post-2","single-images-2"],"toolbar":["text-2","login-popup-2"],"menu_right":["courses-searching-2","woocommerce_widget_cart-2"],"footer":["siteorigin-panels-builder-9"],"copyright":["nav_menu-14"],"sidebar_courses":["course-categories-2","courses-5","single-images-5"]},{"search":{"4":{"title":"Search","widget-class":"","widget_logic":""},"_multiwidget":1},"categories":{"2":{"title":"","count":0,"hierarchical":0,"dropdown":0},"_multiwidget":1},"list-post":{"2":{"title":"Latest Posts","cat_id":"9","image_size":"thumbnail","show_description":"no","number_posts":3,"orderby":"recent","order":"desc","link":"","text_link":"","style":"sidebar","widget-class":"","widget_logic":""},"_multiwidget":1},"single-images":{"2":{"image":3384,"image_size":"","image_link":"#","link_target":"_self","image_alignment":"left","css_animation":false,"widget-class":"","widget_logic":""},"5":{"image":3384,"image_size":"","image_link":"#","link_target":"_self","image_alignment":"left","css_animation":false,"widget-class":"","widget_logic":""},"_multiwidget":1},"text":{"2":{"title":"","text":"<div class=\"thim-have-any-question\">\r\nHave any question? \r\n<div class=\"mobile\"><i class=\"fa fa-phone\"><\/i><a href=\"tel:00123456789\" class=\"value\">(00) 123 456 789<\/a>\r\n<\/div>\r\n<div class=\"email\"><i class=\"fa fa-envelope\"><\/i><a href=\"mailto:hello@eduma.com\">hello@eduma.com<\/a>\r\n<\/div>\r\n<\/div>","filter":false,"widget-class":"","widget_logic":""},"_multiwidget":1},"login-popup":{"2":{"text_register":"Register","text_login":"Login","text_logout":"Logout","shortcode":"","widget-class":"","widget_logic":""},"_multiwidget":1},"courses-searching":{"2":{"layout":"overlay","title":"","description":"","placeholder":"Search courses...","widget-class":"","widget_logic":"!is_page('home-version-2')"},"_multiwidget":1},"woocommerce_widget_cart":{"2":{"title":"Cart","hide_if_empty":0,"widget-class":"","widget_logic":"is_woocommerce()"},"_multiwidget":1},"siteorigin-panels-builder":{"9":{"panels_data":{"widgets":[{"title":"","text":"<div class=\"thim-footer-location\">\n\n<img class=\"alignnone size-full wp-image-10\" src=\"https:\/\/importeduma.thimpress.com\/wp-content\/uploads\/2015\/11\/logo.png\" alt=\"logo-eduma-the-best-lms-wordpress-theme\" width=\"145\" height=\"40\" \/>\n<p class=\"info\"><i class=\"fa fa-phone\"><\/i><a href=\"tel:00123456789\">(00) 123 456 789<\/a><\/p>\n<p class=\"info\"><i class=\"fa fa-envelope\"><\/i><a href=\"mailto:hello@eduma.com\">hello@eduma.com<\/a><\/p>\n\n<\/div>","filter":true,"visual":true,"widget_logic":"","widget-class":"","panels_info":{"class":"WP_Widget_Text","grid":0,"cell":0,"id":0,"widget_id":"c4223e04-2e3b-44b3-bf3d-1755b1cf499d","style":{"background_image_attachment":false,"background_display":"tile"}}},{"title":"","link_face":"#","link_twitter":"#","link_google":"#","link_dribble":"","link_linkedin":"","link_pinterest":"#","link_instagram":"","link_youtube":"","link_target":"_self","panels_info":{"class":"Thim_Social_Widget","raw":false,"grid":0,"cell":0,"id":1,"widget_id":"3dc1970d-f6ae-4664-841c-f58e52748e5a","style":{"background_image_attachment":false,"background_display":"tile"}}},{"title":"Company","nav_menu":"7","panels_info":{"class":"WP_Nav_Menu_Widget","raw":false,"grid":0,"cell":1,"id":2,"widget_id":"60b2128f-bea6-4f67-9d89-0ee2f60d0016","style":{"background_image_attachment":false,"background_display":"tile"}}},{"title":"Links","nav_menu":"21","panels_info":{"class":"WP_Nav_Menu_Widget","raw":false,"grid":0,"cell":2,"id":3,"widget_id":"4972679d-d4f1-409c-8b2d-669346e4ff80","style":{"background_image_attachment":false,"background_display":"tile"}}},{"title":"Support","nav_menu":"22","panels_info":{"class":"WP_Nav_Menu_Widget","raw":false,"grid":0,"cell":3,"id":4,"widget_id":"2ddff31c-b790-4d12-99de-3872df9cf752","style":{"background_image_attachment":false,"background_display":"tile"}}},{"title":"Recommend","nav_menu":"23","panels_info":{"class":"WP_Nav_Menu_Widget","raw":false,"grid":0,"cell":4,"id":5,"widget_id":"7648690c-9ed5-41a6-be34-b2dae023f0d2","style":{"background_image_attachment":false,"background_display":"tile"}}}],"grids":[{"cells":5,"style":{"background_image_attachment":false,"background_display":"tile"}}],"grid_cells":[{"grid":0,"index":0,"weight":0.33300000000000002,"style":[]},{"grid":0,"index":1,"weight":0.16675000000000001,"style":[]},{"grid":0,"index":2,"weight":0.16675000000000001,"style":[]},{"grid":0,"index":3,"weight":0.16675000000000001,"style":[]},{"grid":0,"index":4,"weight":0.16675000000000001,"style":[]}]},"builder_id":"6126564d6eae4","widget_logic":"","widget-class":""},"_multiwidget":1},"nav_menu":{"14":{"nav_menu":24,"widget-class":""},"_multiwidget":1},"course-categories":{"2":{"title":"All Courses","widget-class":"","show_counts":false,"hierarchical":false,"widget_logic":""},"_multiwidget":1},"courses":{"5":{"title":"Latest Courses","order":"latest","cat_id":"all","layout":"list-sidebar","limit":3,"view_all_courses":"","view_all_position":"top","slider-options":{"show_navigation":true,"item_visible":"4","auto_play":0,"show_pagination":false},"grid-options":{"columns":"2"},"tabs-options":{"limit_tab":4,"cat_id_tab":false},"widget-class":"","widget_logic":""},"_multiwidget":1}}]