[{"sidebar-1":["text-7","categories-2","list-post-2","text-6"],"toolbar":["woocommerce_widget_cart-2"],"menu_right":["text-3","text-4"],"sidebar_hotel":["mini-cart-room-2","search-room-2"],"footer":["sow-editor-2","nav_menu-2","nav_menu-3","siteorigin-panels-builder-2"],"footer_copyright":["copyright-4"]},{"text":{"7":{"title":"About Blog","text":"<div class=\"thim-sidebar-about-blog\">\r\n<div class=\"thim-image\"><img  src=\"\/\/sailing.thimpress.com\/demo-1\/wp-content\/uploads\/sites\/21\/2015\/09\/sidebar-about-blog.jpg\" alt=\"About blog\" \/><img class=\"thim-logo\" src=\"\/\/sailing.thimpress.com\/demo-1\/wp-content\/uploads\/sites\/21\/2015\/09\/logo.png\" alt=\"Sailing\" width=\"135\" height=\"55\"><div class=\"thim-bg-color\"><\/div><\/div><div class=\"thim-description\">Typi non habent claritatem insitam; est usus legentis in iis qui facit eorum claritatem. Investigationes demonstraverunt.<\/div><\/div>\r\n","filter":false,"widget-class":"","widget_logic":"!is_singular('hb_room') && !is_page('search-room') && !is_page('room-checkout') && !is_page('my-rooms')"},"6":{"title":"Pinterest","text":"<a data-pin-board-width=\"270\" data-pin-do=\"embedBoard\" data-pin-scale-height=\"320\" data-pin-scale-width=\"80\" href=\"https:\/\/www.pinterest.com\/pinterest\/official-news\/\"><\/a>\r\n<!-- Please call pinit.js only once per page -->\r\n<script async defer src=\"\/\/assets.pinterest.com\/js\/pinit.js\"><\/script>","filter":false,"widget-class":"thim-sidebar-pinterest","widget_logic":"!is_singular('hb_room') && !is_page('search-room') && !is_page('room-checkout') && !is_page('my-rooms')"},"3":{"title":"","text":"<div class=\"phone-swapper\">\r\n<div class=\"call\"><i class=\"las la-phone\"><\/i><b>Call Us.<\/b> +00 123 456 789<\/div>\r\n<\/div>","filter":true,"widget-class":"","visual":true,"widget_logic":""},"4":{"title":"","text":"<div class=\"thim-select-language\">\r\n<div class=\"language\">\r\n    <span>Languages<\/span>\r\n    <ul>\r\n        <li><a href=\"#\">English<\/a><\/li>\r\n        <li><a href=\"#\">German<\/a><\/li>\r\n        <li><a href=\"#\">French<\/a><\/li>\r\n    <\/ul>\r\n<\/div>\r\n<\/div>","filter":false,"widget-class":"","widget_logic":""},"_multiwidget":1},"categories":{"2":{"title":"","count":1,"hierarchical":0,"dropdown":0,"widget-class":"","widget_logic":"!is_singular('hb_room') && !is_page('search-room') && !is_page('room-checkout') && !is_page('my-rooms')"},"_multiwidget":1},"list-post":{"2":{"title":"Recent Posts","cat_id":"all","image_size":"thumbnail","show_description":"no","number_posts":3,"orderby":"popular","order":"desc","link":"","text_link":"","style":"sidebar","widget-class":"","widget_logic":"!is_singular('hb_room') && !is_page('search-room') && !is_page('room-checkout') && !is_page('my-rooms')"},"_multiwidget":1},"woocommerce_widget_cart":{"2":{"title":"Cart","hide_if_empty":0,"widget-class":"","widget_logic":"is_woocommerce()"},"_multiwidget":1},"mini-cart-room":{"2":{"title":"Your Booking","widget_logic":"","widget-class":""},"_multiwidget":1},"search-room":{"2":{"title":"Your Reservation","background_color":"#2eb0d1","background_image":2538,"widget_logic":"","widget-class":"thim-fixed","show_label":false},"_multiwidget":1},"sow-editor":{"2":{"title":"","text":"<div class=\"thim-footer-location\">\r\n<div class=\"image\"><img class=\"alignnone size-full wp-image-1970\" src=\"https:\/\/sailing.thimpress.com\/demo-1\/wp-content\/uploads\/sites\/21\/2015\/09\/logo.png\" alt=\"logo-footer\" width=\"135\" height=\"55\" \/><\/div>\r\nCall. <a class=\"value\" href=\"tel:+00123456789\">+00 123 456 789<\/a>\r\nEmail. <a href=\"mailto:hello@sailing.com\">hello@sailing.com<\/a>\r\n\r\n329 Queensberry Street, North Melbourne VIC 3051, Australia.\r\n\r\n<\/div>","text_selected_editor":"html","autop":true,"_sow_form_id":"14841675835c23258a5f167820047738","_sow_form_timestamp":"1626057124732","widget_logic":"","widget-class":"col-sm-4"},"_multiwidget":1},"nav_menu":{"2":{"nav_menu":25,"widget-class":"col-sm-2","widget_logic":""},"3":{"nav_menu":26,"widget-class":"col-sm-2","widget_logic":""},"_multiwidget":1},"siteorigin-panels-builder":{"2":{"panels_data":{"widgets":[{"title":"Get Our Newsletter","text":"[mc4wp_form]","filter":true,"visual":true,"widget_logic":"","widget-class":"","panels_info":{"class":"WP_Widget_Text","raw":false,"grid":0,"cell":0,"id":0,"widget_id":"67047a29-e219-475f-a5f6-a2db7e4f96e2","style":{"class":"newletter","background_image_attachment":false,"background_display":"tile","margin":"0px 0px 30px 0px"}}},{"title":"","version":"base","link_face":"https:\/\/www.facebook.com\/thimpress","link_twitter":"https:\/\/www.twitter.com\/thimpress","link_google":"","link_dribble":"","link_linkedin":"#","link_pinterest":"#","link_digg":"","link_youtube":"","link_instagram":"","link_target":"_self","ref":"","widget-class":"","panels_info":{"class":"Thim_Social_Widget","grid":0,"cell":0,"id":1,"widget_id":"692a1345-f2df-4ecf-b034-aac64ac51647","style":{"background_image_attachment":false,"background_display":"tile","background_image_size":"full","background_image_opacity":"100","border_thickness":"1px"}},"new_version":false}],"grids":[{"cells":1,"style":[]}],"grid_cells":[{"grid":0,"index":0,"weight":1,"style":[]}]},"builder_id":"65ade220d3ebe","widget-class":"col-sm-4"},"_multiwidget":1},"copyright":{"4":{"first_text":"","year":"","site_name":"Sailing | Hotel Room Booking WordPress Theme","link_site":"https:\/\/1.envato.market\/G5Rkk?utm_source=demo&utm_medium=demofooter&utm_campaign=sailing","last_text":"<\/a> \u00a9 Powered by <a class=\"link_primary\" href=\"https:\/\/thimpress.com\" target=\"_blank\">ThimPress.<\/a>","widget_logic":"","widget-class":""},"_multiwidget":1}}]