[{"archive-courses-sidebar":["learnpress_widget_course_filter-2"],"sidebar":["categories-3","archives-2","tag_cloud-3"],"menu_right":["text-5"],"footer-sidebar":["text-6"]},{"learnpress_widget_course_filter":{"2":{"title":"","show_in_rest":1,"search_suggestion":0,"fields_order":"","fields":["price","category","author","level","btn_submit","btn_reset"]},"_multiwidget":1},"categories":{"3":{"title":"category","count":1,"hierarchical":0,"dropdown":0},"_multiwidget":1},"archives":{"2":{"title":"Archives","count":0,"dropdown":0},"_multiwidget":1},"tag_cloud":{"3":{"title":"Tags","count":0,"taxonomy":"post_tag"},"_multiwidget":1},"text":{"5":{"title":"","text":"[thim_ekit id=\"45\"]","filter":true,"visual":true},"6":{"title":"","text":"[thim_ekit id=\"1343\"]","filter":true,"visual":true},"_multiwidget":1}}]