[{"course-sidebar":["categories-2","recent-posts-2","tag_cloud-2"],"archive-courses-sidebar":["text-2"],"sidebar":["categories-3","archives-2","tag_cloud-3"],"topbar":["text-7"],"menu_right":["text-5"],"footer-sidebar":["text-6"]},{"categories":{"2":{"title":"category","count":1,"hierarchical":0,"dropdown":0},"3":{"title":"category","count":1,"hierarchical":0,"dropdown":0},"_multiwidget":1},"recent-posts":{"2":{"title":"recent news","number":3,"show_date":true},"_multiwidget":1},"tag_cloud":{"2":{"title":"Tags","count":0,"taxonomy":"post_tag"},"3":{"title":"Tags","count":0,"taxonomy":"post_tag"},"_multiwidget":1},"text":{"2":{"title":"","text":"[thim_ekit id=\"45\"]","filter":true,"visual":true},"7":{"title":"","text":"[thim_ekit id=\"2471\"]","filter":true,"visual":true},"5":{"title":"","text":"[thim_ekit id=\"45\"]","filter":true,"visual":true},"6":{"title":"","text":"[thim_ekit id=\"1343\"]","filter":true,"visual":true},"_multiwidget":1},"archives":{"2":{"title":"Archives","count":0,"dropdown":0},"_multiwidget":1}}]