[{"sidebar-1":["text-7","categories-2","list-post-2","text-10"],"toolbar":["text-11","text-12","social-2","woocommerce_widget_cart-2"],"menu_left":["text-14"],"menu_right":["button-2"],"sidebar_hotel":["mini-cart-room-2","search-room-2"],"footer":["siteorigin-panels-builder-2","siteorigin-panels-builder-3","text-15","text-16"],"footer_copyright":["copyright-2"]},{"text":{"7":{"title":"About Blog","text":"<div class=\"thim-sidebar-about-blog\">\r\n<div class=\"thim-image\"><img  src=\"\/\/sailing.thimpress.com\/demo-5\/wp-content\/uploads\/sites\/5\/2015\/09\/sidebar-about-blog-1.jpg\" alt=\"About blog\" \/><img class=\"thim-logo\" src=\"\/\/sailing.thimpress.com\/demo-9\/wp-content\/uploads\/sites\/10\/2015\/09\/logo.png\" alt=\"Sailing\" width=\"135\" height=\"55\"><div class=\"thim-bg-color\"><\/div><\/div><div class=\"thim-description\">Typi non habent claritatem insitam; est usus legentis in iis qui facit eorum claritatem. Investigationes demonstraverunt.<\/div><\/div>\r\n","filter":false,"widget-class":"","widget_logic":"!is_singular('hb_room') && !is_page('search-room') && !is_page('room-checkout') && !is_page('my-rooms')","visual":false},"10":{"title":"Pinterest","text":"<a data-pin-board-width=\"270\" data-pin-do=\"embedBoard\" data-pin-scale-height=\"320\" data-pin-scale-width=\"80\" href=\"https:\/\/www.pinterest.com\/pinterest\/official-news\/\"><\/a>\r\n<!-- Please call pinit.js only once per page -->\r\n<script async defer src=\"\/\/assets.pinterest.com\/js\/pinit.js\"><\/script>","filter":false,"widget-class":"thim-sidebar-pinterest"},"11":{"title":"","text":"Call Us. <a href=\"tel:00123456789\" class=\"value\"><b>+00 123 456 789<\/b><\/a>","filter":false,"widget-class":""},"12":{"title":"","text":"<div class=\"thim-select-language\">\r\n<div class=\"language\">\r\n    <span>Languages<\/span>\r\n    <ul>\r\n        <li><a href=\"#\">English<\/a><\/li>\r\n        <li><a href=\"#\">German<\/a><\/li>\r\n        <li><a href=\"#\">French<\/a><\/li>\r\n    <\/ul>\r\n<\/div>\r\n<\/div>","filter":false,"widget-class":""},"14":{"title":"","text":"<i class=\"fa fa-phone\"><\/i> Need help? Call us now: <span>(+88) 12 345 6789<\/span>","filter":true,"visual":true,"widget_logic":"","widget-class":""},"15":{"title":"Connect us","text":"<ul>\r\n<li><i class=\"ion-ios-telephone\"><\/i> <a href=\"tel:0123456789\">(0123) 456 789<\/a><\/li>\r\n<li><i class=\"ion-ios-email-outline\"><\/i> <a href=\"mailto:info@thimpress.com\">info@thimpress.com<\/a><\/li>\r\n<li><i class=\"ion-android-print\"><\/i> (0122) 456 789<\/li>\r\n<li><i class=\"ion-ios-location\"><\/i> A26BT5 Building, SilverC Street, New York.<\/li>\r\n<\/ul>","filter":true,"visual":true,"widget_logic":"","widget-class":"col-md-3"},"16":{"title":"OUR WORLDWIDE OFFICE","text":"<img src=\"https:\/\/sailing.thimpress.com\/demo-9\/wp-content\/uploads\/sites\/10\/2020\/09\/wold.png\" \/>","filter":true,"visual":true,"widget_logic":"","widget-class":"col-md-3"},"_multiwidget":1},"categories":{"2":{"title":"","count":1,"hierarchical":0,"dropdown":0,"widget-class":"","widget_logic":"!is_singular('hb_room') && !is_page('search-room') && !is_page('room-checkout') && !is_page('my-rooms')"},"_multiwidget":1},"list-post":{"2":{"title":"Recent Posts","cat_id":"all","image_size":"thumbnail","show_description":"no","number_posts":3,"orderby":"popular","order":"desc","link":"","text_link":"","style":"sidebar","widget-class":"","widget_logic":"!is_singular('hb_room') && !is_page('search-room') && !is_page('room-checkout') && !is_page('my-rooms')"},"_multiwidget":1},"social":{"2":{"title":"","version":"new","link_face":"#","link_twitter":"#","link_google":"","link_dribble":"","link_linkedin":"","link_pinterest":"","link_digg":"","link_youtube":"","link_instagram":"","new_version":[{"social_name":"foursquare","social_url":"#"},{"social_name":"tripadvisor","social_url":"#"},{"social_name":"yelp","social_url":"#"},{"social_name":"facebook","social_url":"https:\/\/www.facebook.com\/thimpress"}],"link_target":"_self","ref":false,"widget-class":""},"_multiwidget":1},"woocommerce_widget_cart":{"2":{"title":"Cart","hide_if_empty":0,"widget-class":"","widget_logic":"is_woocommerce()"},"_multiwidget":1},"button":{"2":{"text":"Book Now","link":"https:\/\/sailing.thimpress.com\/demo-9\/rooms","image_icon":4252,"button_option":{"custom":"yes","button_color":"#c19b76","text_color":"#FFF","button_hover_color":"#b18153","text_hover_color":"#FFF"},"widget_logic":"","widget-class":""},"_multiwidget":1},"mini-cart-room":{"2":{"title":"Your Booking","widget_logic":"","widget-class":""},"_multiwidget":1},"search-room":{"2":{"style":"base","title":"Your Reservation","background_color":"#c19b76","background_image":2538,"widget_logic":"","widget-class":"thim-fixed","show_label":false},"_multiwidget":1},"siteorigin-panels-builder":{"2":{"panels_data":{"widgets":[{"title":"","text":"<img src=\"https:\/\/sailing.thimpress.com\/demo-9\/wp-content\/uploads\/sites\/10\/2018\/07\/logo-footer.png\" \/>\n<p class=\"text-footer\">Lorem ipsum dolor sit amet, consecte adip\nsicing elit, sed do eiusmod ipsum dolor.<\/p>","filter":true,"visual":true,"widget_logic":"","widget-class":"","panels_info":{"class":"WP_Widget_Text","grid":0,"cell":0,"id":0,"widget_id":"b51f2e09-164e-45a2-bd1a-e08c16153096","style":{"id":"","class":"","widget_css":"","mobile_css":"","margin":"","padding":"","mobile_padding":"","background":"","background_image_attachment":"0","background_image_attachment_fallback":"","background_display":"tile","border_color":"","font_color":"","link_color":""}}},{"title":"","text":"[mc4wp_form]","filter":true,"visual":true,"widget_logic":"","widget-class":"","panels_info":{"class":"WP_Widget_Text","raw":false,"grid":0,"cell":0,"id":1,"widget_id":"274f5a16-a7d4-4ca4-8105-7977989145a1","style":{"id":"","class":"newletter","widget_css":"","mobile_css":"","margin":"","padding":"","mobile_padding":"","background":"","background_image_attachment":"0","background_image_attachment_fallback":"","background_display":"tile","border_color":"","font_color":"","link_color":""}}},{"title":"","version":"base","link_face":"https:\/\/www.facebook.com\/thimpress","link_twitter":"https:\/\/www.twitter.com\/thimpress","link_google":"","link_dribble":"","link_linkedin":"#","link_pinterest":"#","link_digg":"","link_youtube":"","link_instagram":"","link_target":"_self","ref":false,"widget_logic":"","widget-class":"","new_version":false,"panels_info":{"class":"Thim_Social_Widget","raw":false,"grid":0,"cell":0,"id":2,"widget_id":"506e234e-dcad-4e72-bdc7-f49e7803fcf8","style":{"id":"","class":"","widget_css":"","mobile_css":"","margin":"","padding":"","mobile_padding":"","background":"","background_image_attachment":"0","background_image_attachment_fallback":"","background_display":"tile","border_color":"","font_color":"","link_color":""}}}],"grids":[{"cells":1,"style":[]}],"grid_cells":[{"grid":0,"index":0,"weight":1,"style":[]}]},"builder_id":"5b6176ee2668d","widget_logic":"","widget-class":"col-md-3"},"3":{"panels_data":{"widgets":[{"title":"Useful Links","text":"","filter":true,"visual":true,"widget_logic":"","widget-class":"","panels_info":{"class":"WP_Widget_Text","raw":false,"grid":0,"cell":0,"id":0,"widget_id":"3fed0e7a-60d8-45b3-8a20-42c66d70e060","style":{"id":"","class":"","widget_css":"","mobile_css":"","margin":"","padding":"","mobile_padding":"","background":"","background_image_attachment":"0","background_image_attachment_fallback":"","background_display":"tile","border_color":"","font_color":"","link_color":""}}},{"nav_menu":25,"widget_logic":"","widget-class":"","panels_info":{"class":"WP_Nav_Menu_Widget","grid":1,"cell":0,"id":1,"widget_id":"6befc612-8e5d-4036-9518-f7dcdeefb736","style":{"id":"","class":"","widget_css":"","mobile_css":"","margin":"","padding":"","mobile_padding":"","background":"","background_image_attachment":"0","background_image_attachment_fallback":"","background_display":"tile","border_color":"","font_color":"","link_color":""}}},{"nav_menu":26,"widget_logic":"","widget-class":"","panels_info":{"class":"WP_Nav_Menu_Widget","grid":1,"cell":1,"id":2,"widget_id":"922d5ea7-42eb-4ea7-8442-8ca576985cf5","style":{"id":"","class":"","widget_css":"","mobile_css":"","margin":"","padding":"","mobile_padding":"","background":"","background_image_attachment":"0","background_image_attachment_fallback":"","background_display":"tile","border_color":"","font_color":"","link_color":""}}}],"grids":[{"cells":1,"style":{"id":"","class":"","cell_class":"","row_css":"","mobile_css":"","bottom_margin":"0px","gutter":"","padding":"","mobile_padding":"","row_stretch":"","collapse_behaviour":"","collapse_order":"","cell_alignment":"flex-start","background":"","background_image_attachment":"0","background_image_attachment_fallback":"","background_display":"tile","border_color":""},"ratio":1,"ratio_direction":"right"},{"cells":2,"style":{"id":"","class":"","cell_class":"","row_css":"","mobile_css":"","bottom_margin":"","gutter":"","padding":"","mobile_padding":"","row_stretch":"","collapse_behaviour":"","collapse_order":"","cell_alignment":"flex-start","background":"","background_image_attachment":"0","background_image_attachment_fallback":"","background_display":"tile","border_color":""},"ratio":1,"ratio_direction":"right"}],"grid_cells":[{"grid":0,"index":0,"weight":1,"style":[]},{"grid":1,"index":0,"weight":0.5,"style":[]},{"grid":1,"index":1,"weight":0.5,"style":[]}]},"builder_id":"5b6176f628fd8","widget_logic":"","widget-class":"col-md-3"},"_multiwidget":1},"copyright":{"2":{"first_text":"","year":"","site_name":"Sailing | Hotel Room Booking WordPress Theme","link_site":"https:\/\/1.envato.market\/G5Rkk?utm_source=demo&utm_medium=demofooter&utm_campaign=sailing","last_text":"<\/a> \u00a9 Powered by <a class=\"link_primary\" href=\"https:\/\/thimpress.com\" target=\"_blank\">ThimPress.<\/a>","widget_logic":"","widget-class":""},"_multiwidget":1}}]