[{"sidebar":["search-4","text-12","tag_cloud-3"],"sidebar-courses":["search-3","text-17","tag_cloud-1"],"sidebar-events":["search-5","tag_cloud-4"],"menu-right":["text-16"],"footer-sidebar-1":["text-8"],"footer-sidebar-2":["nav_menu-3"],"footer-sidebar-3":["nav_menu-5"],"footer-sidebar-4":["nav_menu-6"],"footer-sidebar-5":["text-13"],"topbar_left":["text-6"],"topbar_right":["nav_menu-4","text-9","text-10"]},{"search":{"4":{"title":"","widget-class":""},"3":{"title":""},"5":{"title":"","widget-class":""},"_multiwidget":1},"text":{"12":{"title":"","text":"[thim_ekit id=\"1618\"]","filter":true,"visual":true,"widget-class":""},"17":{"title":"","text":"[thim_ekit id=\"1618\"]","filter":true,"visual":true,"widget-class":""},"16":{"title":"","text":"[thim_ekit id=\"1626\"]","filter":true,"visual":true,"widget-class":""},"8":{"title":"","text":"<img class=\"alignnone size-full wp-image-62\" src=\"http:\/\/ivy-school.thimpress.com\/demo-elementor-3\/wp-content\/uploads\/sites\/19\/2018\/10\/logo-footer-home3.png\" alt=\"\" width=\"163\" height=\"138\" \/>","filter":true,"visual":true,"widget-class":""},"13":{"title":"Newsletter","text":"[yikes-mailchimp form=\"1\"]","filter":true,"visual":true,"widget-class":""},"6":{"title":"","text":"<ul><li class=\"phone-topbar\"><i class=\"ion ion-ios-telephone\"><\/I> Need help? Call us now: <a href=\"#\" class=\"special-link\">(+88) 12 345 6789<\/a><\/li><li class=\"email-topbar\"><i class=\"ion ion-android-mail\"><\/i><a href=\"#\" class=\"normal-link\">hello@eduma.com<\/a><\/li><\/ul>","filter":true,"visual":true,"widget-class":""},"9":{"title":"","text":"[INSERT_ELEMENTOR id=\"1502\"]","filter":true,"visual":true,"widget-class":""},"10":{"title":"","text":"[INSERT_ELEMENTOR id=\"1507\"]","filter":true,"visual":true,"widget-class":""},"_multiwidget":1},"tag_cloud":{"3":{"title":"Tags","count":0,"taxonomy":"post_tag","widget-class":""},"1":{"title":"Tags","count":0,"taxonomy":"post_tag","widget-class":""},"4":{"title":"Tags","count":0,"taxonomy":"post_tag","widget-class":""},"_multiwidget":1},"nav_menu":{"3":{"nav_menu":35,"widget-class":""},"5":{"nav_menu":36,"widget-class":""},"6":{"nav_menu":37,"widget-class":""},"4":{"nav_menu":30,"widget-class":"link-topbar"},"_multiwidget":1}}]