[{"topbar-left":["text-2"],"topbar-right":["thim_layout_builder-6"],"menu-right":["thim_layout_builder-8"],"sidebar":["search-2","categories-3","thim_layout_builder-5","custom_html-3","tag_cloud-1"],"footer-top":["thim_layout_builder-7"],"footer-sidebar-1":["thim_layout_builder-2"],"footer-sidebar-2":["nav_menu-2"],"footer-sidebar-3":["nav_menu-3"],"footer-sidebar-4":["nav_menu-4"],"footer-sidebar-5":["nav_menu-5"]},{"text":{"2":{"title":"","text":"<ul class=\"thim-block-toolbar-help-info\">\r\n \t<li class=\"phone-info\"><i class=\"ion ion-ios-telephone\"><\/i>Need help? Call us now: <a href=\"#\">(+88) 12 345 6789<\/a><\/li>\r\n \t<li><i class=\"ion ion-android-mail\"><\/i><a href=\"#\">global@mail.com<\/a><\/li>\r\n<\/ul>","filter":true,"visual":true,"widget-class":""},"_multiwidget":1},"thim_layout_builder":{"6":{"widget-class":"","content":"<p>[vc_row][vc_column css=\".vc_custom_1565249380472{padding-right: 0px !important;padding-left: 0px !important;}\"][thim-social-links links=\"%5B%7B%22icon%22%3A%22fa%20fa-facebook%22%2C%22url%22%3A%22%23%22%7D%2C%7B%22icon%22%3A%22fa%20fa-twitter%22%2C%22url%22%3A%22%23%22%7D%2C%7B%22icon%22%3A%22fa%20fa-instagram%22%2C%22url%22%3A%22%23%22%7D%2C%7B%22icon%22%3A%22fa%20fa-pinterest-p%22%2C%22url%22%3A%22%23%22%7D%5D\"][thim-login-popup user_menu=\"\" show_icon=\"true\" popup_image=\"115\"][\/vc_column][\/vc_row]<\/p>\r\n","custom_css":".vc_custom_1565249380472{padding-right: 0px !important;padding-left: 0px !important;}"},"8":{"widget-class":"","content":"[vc_row][vc_column][thim-search-posts layout=\"layout-1\"][\/vc_column][\/vc_row]\r\n","custom_css":""},"5":{"widget-class":"","content":"[vc_row][vc_column][thim-posts layout=\"kindergarten-layout-widget-2\" title=\"Latest posts\" number=\"3\"][\/vc_column][\/vc_row]\r\n","custom_css":""},"7":{"widget-class":"","content":"[vc_row full_width=\"stretch_row\" background_gradient_1=\"#124ee8\" background_gradient_2=\"#ab7ee4\" background_position=\"center-top\" el_class=\"get-started--home-3\" z_index_gradient=\"-1\"][vc_column][thim-heading layout=\"kindergarten-layout-1\" title=\"Get started instantly!\" show_line=\"\" align=\"align-center\" title_tag=\"h3\" title_font_size=\"36\" title_line_height=\"1.2\" title_font_weight=\"600\" title_color=\"#ffffff\"][\/thim-heading][vc_column_text][mc4wp_form][\/vc_column_text][\/vc_column][\/vc_row]","custom_css":""},"2":{"widget-class":"","content":"[vc_row el_class=\"footer-style-item-col\"][vc_column][vc_single_image image=\"1344\" img_size=\"full\"][vc_column_text]<a href=\"#\">info@yourdomain.com<\/a><br \/>\r\n<a href=\"#\">(+08) 12345 6789<\/a><\/p>\r\n<p>4010 Stokes Isle Apt. 179, Venaville, New York 12390, United State[\/vc_column_text][thim-social-links links=\"%5B%7B%22icon%22%3A%22fa%20fa-facebook%22%2C%22url%22%3A%22%23%22%7D%2C%7B%22icon%22%3A%22fa%20fa-twitter%22%2C%22url%22%3A%22%23%22%7D%2C%7B%22icon%22%3A%22fa%20fa-pinterest-p%22%2C%22url%22%3A%22%23%22%7D%2C%7B%22icon%22%3A%22fa%20fa-linkedin%22%2C%22url%22%3A%22%23%22%7D%5D\"][\/vc_column][\/vc_row]","custom_css":""},"_multiwidget":1},"search":{"2":{"title":""},"_multiwidget":1},"categories":{"3":{"title":"Categories","count":1,"hierarchical":0,"dropdown":0,"widget-class":""},"_multiwidget":1},"custom_html":{"3":{"title":"","content":"<div class=\"thim-block-info-contact-2\">\r\n<h5 class=\"title-block\">Free Call<\/h5>\r\n<div class=\"description-block\">Pulvinar est metro ligula blandit maecenas<\/div>\r\n<div class=\"content-block\">1-900-22-44-88<\/div>\r\n<a href=\"#\" class=\"button-block\">COntact us<\/a><\/div>","widget-class":""},"_multiwidget":1},"tag_cloud":{"1":{"title":"Tags cloud","count":0,"taxonomy":"post_tag","widget-class":""},"_multiwidget":1},"nav_menu":{"2":{"title":"Navigation","nav_menu":3,"widget-class":""},"3":{"title":"About us","nav_menu":4,"widget-class":""},"4":{"title":"Workflows","nav_menu":5,"widget-class":""},"5":{"title":"Resources","nav_menu":6,"widget-class":""},"_multiwidget":1}}]