[{"wp_inactive_widgets":["siteorigin-panels-builder-609620004","siteorigin-panels-builder-7","siteorigin-panels-builder-5","siteorigin-panels-builder-8","woocommerce_price_filter-2","woocommerce_product_categories-2","woocommerce_product_tag_cloud-2","woocommerce_products-2","single-images-2","single-images-4","social-2","courses-2","list-post-2","login-popup-4","login-popup-5","woocommerce_widget_cart-2","woocommerce_widget_cart-3","search-3","search-4","text-8","text-9","text-10","text-11","categories-3","tag_cloud-3"],"sidebar":["search-2","categories-2","list-post-3","tag_cloud-4","single-images-6","text-14"],"toolbar":["text-12","woocommerce_widget_cart-4","login-menu-2"],"footer":["siteorigin-panels-builder-609620005"],"footer_bottom":["siteorigin-panels-builder-609620006"],"sidebar_courses":["courses-3","single-images-5","text-13"],"sidebar_shop":["woocommerce_product_categories-3","woocommerce_price_filter-3","woocommerce_products-3","woocommerce_product_tag_cloud-3"]},{"search":{"2":{"title":""},"3":{"title":""},"4":{"title":"","widget-class":""},"_multiwidget":1},"categories":{"2":{"title":"","count":0,"hierarchical":0,"dropdown":0},"3":{"title":"","count":0,"hierarchical":0,"dropdown":0},"_multiwidget":1},"list-post":{"3":{"title":"Recent Posts","style":"no_style","cat_id":"6","image_size":"thumbnail","show_description":"no","number_posts":3,"orderby":"recent","order":"desc","feature_text":"Sticky Post","link":"","text_link":"","autoplayTimeout":0,"widget_logic":"","widget-class":"","autoplay":false},"2":{"title":"Recent Posts","cat_id":"all","image_size":"thumbnail","show_description":"no","number_posts":3,"orderby":"recent","order":"desc","link":"","text_link":"","style":false,"widget-class":""},"_multiwidget":1},"tag_cloud":{"4":{"title":"Tags","count":0,"taxonomy":"post_tag","widget_logic":"","widget-class":""},"3":{"title":"","taxonomy":"post_tag","widget-class":""},"_multiwidget":1},"single-images":{"6":{"image":6646,"image_size":"full","image_link":"","link_target":"_self","image_alignment":"center","css_animation":false,"widget_logic":"","widget-class":""},"5":{"image":6646,"image_size":"full","image_link":"#","link_target":"_self","image_alignment":"center","css_animation":false,"widget_logic":"","widget-class":""},"2":{"image":5699,"image_size":"full","image_link":"http:\/\/coaching.thimpress.com\/shop\/","link_target":"_blank","image_alignment":"left","css_animation":false,"widget-class":"shop-image"},"4":{"image":5699,"image_size":"full","image_link":"#","link_target":"_blank","image_alignment":"left","css_animation":false,"widget-class":""},"_multiwidget":1},"text":{"14":{"title":"","text":"<iframe style=\"border: none; overflow: hidden;\" src=\"https:\/\/www.facebook.com\/plugins\/page.php?href=https%3A%2F%2Fwww.facebook.com%2FThimPress%2F&amp;tabs=timeline&amp;width=270&amp;height=500&amp;small_header=false&amp;adapt_container_width=true&amp;hide_cover=false&amp;show_facepile=true&amp;appId\" width=\"270\" height=\"322\"><\/iframe>","filter":true,"visual":true,"widget_logic":"","widget-class":""},"12":{"title":"","text":"<div class=\"thim-have-any-question\">\r\n<div class=\"mobile\"><i class=\"fa fa-phone\"><\/i><a class=\"value\" href=\"tel:00123456789\">(00) 123 456 789<\/a><\/div>\r\n<div class=\"email\"><i class=\"fa fa-envelope\"><\/i><a href=\"mailto:hello@eduma.com\">hello@eduma.com<\/a><\/div>\r\n<\/div>","filter":true,"visual":true,"widget_logic":"","widget-class":""},"13":{"title":"","text":"<iframe style=\"border: none; overflow: hidden;\" src=\"https:\/\/www.facebook.com\/plugins\/page.php?href=https%3A%2F%2Fwww.facebook.com%2FThimPress%2F&amp;tabs=timeline&amp;width=270&amp;height=500&amp;small_header=false&amp;adapt_container_width=true&amp;hide_cover=false&amp;show_facepile=true&amp;appId\" width=\"270\" height=\"322\"><\/iframe>","filter":true,"visual":true,"widget_logic":"","widget-class":""},"8":{"title":"","text":"<iframe src=\"https:\/\/www.facebook.com\/plugins\/page.php?href=https%3A%2F%2Fwww.facebook.com%2FThimPress%2F&tabs=timeline&width=270&height=500&small_header=false&adapt_container_width=true&hide_cover=false&show_facepile=true&appId\" height=\"322\" style=\"border:none;overflow:hidden;width:270;\"><\/iframe>","filter":false,"widget-class":""},"9":{"title":"","text":"<div class=\"thim-have-any-question\">\r\n<div class=\"mobile\"><i class=\"fa fa-phone\"><\/i><a href=\"tel:00123456789\" class=\"value\"> +00 123 456 789<\/a>\r\n<\/div>\r\n<div class=\"email\"><i class=\"fa fa-envelope\"><\/i><a href=\"mailto:hello@coaching.com\">hello@coaching.com<\/a>\r\n<\/div>\r\n<\/div>","filter":false,"widget-class":""},"10":{"title":"","text":"<iframe src=\"https:\/\/www.facebook.com\/plugins\/page.php?href=https%3A%2F%2Fwww.facebook.com%2FThimPress%2F&tabs=timeline&width=270&height=500&small_header=false&adapt_container_width=true&hide_cover=false&show_facepile=true&appId\" width=\"270\" height=\"322\" style=\"border:none;overflow:hidden\"><\/iframe>","filter":false,"widget-class":""},"11":{"title":"","text":"<iframe src=\"https:\/\/www.facebook.com\/plugins\/page.php?href=https%3A%2F%2Fwww.facebook.com%2FThimPress%2F&tabs=timeline&width=270&height=500&small_header=false&adapt_container_width=true&hide_cover=false&show_facepile=true&appId\" width=\"270\" height=\"325\" style=\"border:none;overflow:hidden\"><\/iframe>","filter":false,"widget-class":""},"_multiwidget":1},"woocommerce_widget_cart":{"4":{"title":"","hide_if_empty":0,"widget-class":"","widget_logic":""},"2":{"title":"","hide_if_empty":0,"widget-class":""},"3":{"title":"","hide_if_empty":0,"widget-class":"","widget_logic":"is_woocommerce()"},"_multiwidget":1},"login-menu":{"2":{"text_login":"Login","text_register":"Register","text_logout":"Logout","widget_logic":"","widget-class":""},"_multiwidget":1},"siteorigin-panels-builder":{"609620005":{"panels_data":{"widgets":[{"title":"","text":"<img src=\"http:\/\/localhost\/coaching\/demo-bussiness\/wp-content\/uploads\/sites\/2\/2017\/05\/logo.png\" alt=\"\" \/>Lorem ipsum is loroamo thef acker, ure fac kings hiet. Reference site about Lorem Ipsum, giving inform ation on its origins","widget_logic":"","widget-class":"","filter":"content","panels_info":{"class":"WP_Widget_Text","raw":false,"grid":0,"cell":0,"id":0,"widget_id":"f77f43cc-d5eb-4d24-98e8-493e2c603a90","style":{"id":"","class":"","widget_css":"","mobile_css":"","padding":"","mobile_padding":"","background":"","background_image_attachment":"0","background_display":"tile","border_color":"","font_color":"","link_color":""}}},{"title":"","link_face":"#","link_twitter":"#","link_google":"#","link_dribble":"","link_linkedin":"#","link_pinterest":"","link_instagram":"","link_youtube":"","link_target":"_self","style":false,"widget_logic":"","widget-class":"","show_text":false,"panels_info":{"class":"Thim_Social_Widget","raw":false,"grid":0,"cell":0,"id":1,"widget_id":"c6783648-2c8d-4999-9180-da79728c7a26","style":{"id":"","class":"","widget_css":"","mobile_css":"","padding":"","mobile_padding":"","background":"","background_image_attachment":"0","background_display":"tile","border_color":"","font_color":"","link_color":""}}},{"title":"Usefull Links","nav_menu":45,"widget_logic":"","widget-class":"","panels_info":{"class":"WP_Nav_Menu_Widget","raw":false,"grid":0,"cell":1,"id":2,"widget_id":"1c567c31-a36f-4066-add7-06928773cfd1","style":{"id":"","class":"","widget_css":"","mobile_css":"","padding":"","mobile_padding":"","background":"","background_image_attachment":"0","background_display":"tile","border_color":"","font_color":"","link_color":""}}},{"title":"Services","nav_menu":58,"widget_logic":"","widget-class":"","panels_info":{"class":"WP_Nav_Menu_Widget","raw":false,"grid":0,"cell":2,"id":3,"widget_id":"1873a8bf-24fd-44ec-b8ce-30435ceeddcb","style":{"id":"","class":"","widget_css":"","mobile_css":"","padding":"","mobile_padding":"","background":"","background_image_attachment":"0","background_display":"tile","border_color":"","font_color":"","link_color":""}}},{"title":"subscribe","text":"Subscribe to get updates right in your inbox. We promise to not send you.\n\n[mc4wp_form id=\"3101\"]","widget_logic":"","widget-class":"","filter":"content","panels_info":{"class":"WP_Widget_Text","raw":false,"grid":0,"cell":3,"id":4,"widget_id":"ce93bcfe-cf64-4520-b9a7-99b9291579b5","style":{"id":"","class":"","widget_css":"","mobile_css":"","padding":"","mobile_padding":"","background":"","background_image_attachment":"0","background_display":"tile","border_color":"","font_color":"","link_color":""}}},{"panels_data":{"widgets":[{"attachment_id":6566,"url":"http:\/\/localhost\/coaching\/demo-bussiness\/wp-content\/uploads\/sites\/2\/2017\/07\/footer-card-1.png","title":"","size":"full","width":35,"height":21,"caption":"","alt":"","link_type":"none","link_url":"","image_classes":"","link_classes":"","link_rel":"","link_target_blank":false,"image_title":"","widget_logic":"","widget-class":"","panels_info":{"class":"WP_Widget_Media_Image","raw":false,"grid":0,"cell":0,"id":0,"widget_id":"abb85135-e057-4dd9-9085-220d2039981e","style":{"id":"","class":"","widget_css":"","mobile_css":"","padding":"","mobile_padding":"","background":"","background_image_attachment":"0","background_display":"tile","border_color":"","font_color":"","link_color":""}}},{"attachment_id":6567,"url":"http:\/\/localhost\/coaching\/demo-bussiness\/wp-content\/uploads\/sites\/2\/2017\/07\/footer-card-2.png","title":"","size":"full","width":35,"height":11,"caption":"","alt":"","link_type":"none","link_url":"","image_classes":"","link_classes":"","link_rel":"","link_target_blank":false,"image_title":"","widget_logic":"","widget-class":"","panels_info":{"class":"WP_Widget_Media_Image","raw":false,"grid":0,"cell":1,"id":1,"widget_id":"302f08d1-8512-469f-a667-71bc57d9f4ad","style":{"id":"","class":"","widget_css":"","mobile_css":"","padding":"","mobile_padding":"","background":"","background_image_attachment":"0","background_display":"tile","border_color":"","font_color":"","link_color":""}}},{"attachment_id":6568,"url":"http:\/\/localhost\/coaching\/demo-bussiness\/wp-content\/uploads\/sites\/2\/2017\/07\/footer-card-3.png","title":"","size":"full","width":35,"height":21,"caption":"","alt":"","link_type":"none","link_url":"","image_classes":"","link_classes":"","link_rel":"","link_target_blank":false,"image_title":"","widget_logic":"","widget-class":"","panels_info":{"class":"WP_Widget_Media_Image","raw":false,"grid":0,"cell":2,"id":2,"widget_id":"b72343e2-ddd1-44d5-b387-9c8fb4875a8b","style":{"id":"","class":"","widget_css":"","mobile_css":"","padding":"","mobile_padding":"","background":"","background_image_attachment":"0","background_display":"tile","border_color":"","font_color":"","link_color":""}}},{"attachment_id":6569,"url":"http:\/\/localhost\/coaching\/demo-bussiness\/wp-content\/uploads\/sites\/2\/2017\/07\/footer-card-4.png","title":"","size":"full","width":35,"height":12,"caption":"","alt":"","link_type":"none","link_url":"","image_classes":"","link_classes":"","link_rel":"","link_target_blank":false,"image_title":"","widget_logic":"","widget-class":"","panels_info":{"class":"WP_Widget_Media_Image","raw":false,"grid":0,"cell":3,"id":3,"widget_id":"4c36355f-760e-44f5-9eb3-506894afe053","style":{"id":"","class":"","widget_css":"","mobile_css":"","padding":"","mobile_padding":"","background":"","background_image_attachment":"0","background_display":"tile","border_color":"","font_color":"","link_color":""}}},{"attachment_id":6570,"url":"http:\/\/localhost\/coaching\/demo-bussiness\/wp-content\/uploads\/sites\/2\/2017\/07\/footer-card-5.png","title":"","size":"full","width":35,"height":9,"caption":"","alt":"","link_type":"none","link_url":"","image_classes":"","link_classes":"","link_rel":"","link_target_blank":false,"image_title":"","widget_logic":"","widget-class":"","panels_info":{"class":"WP_Widget_Media_Image","raw":false,"grid":0,"cell":4,"id":4,"widget_id":"d1f06ac9-f87b-48d4-b75e-d3a22b4e677e","style":{"id":"","class":"","widget_css":"","mobile_css":"","padding":"","mobile_padding":"","background":"","background_image_attachment":"0","background_display":"tile","border_color":"","font_color":"","link_color":""}}}],"grids":[{"cells":5,"style":{"id":"","class":"","cell_class":"","row_css":"","mobile_css":"","bottom_margin":"","gutter":"10px","padding":"","mobile_padding":"","row_stretch":"","collapse_behaviour":"","collapse_order":"","cell_alignment":"flex-start","background":"","background_image_attachment":"0","background_display":"tile","border_color":""}}],"grid_cells":[{"grid":0,"index":0,"weight":0.2,"style":{"id":"","class":"","cell_css":"","mobile_css":"","padding":"","mobile_padding":"","vertical_alignment":"auto","background":"","background_image_attachment":"0","background_display":"tile","border_color":"","font_color":"","link_color":""}},{"grid":0,"index":1,"weight":0.2,"style":[]},{"grid":0,"index":2,"weight":0.2,"style":[]},{"grid":0,"index":3,"weight":0.2,"style":[]},{"grid":0,"index":4,"weight":0.2,"style":[]}]},"builder_id":"596d88f890af0","widget_logic":"","widget-class":"","panels_info":{"class":"SiteOrigin_Panels_Widgets_Layout","raw":false,"grid":0,"cell":3,"id":5,"widget_id":"4f745d1d-b845-4473-ab5f-60769daf162a","style":{"id":"","class":"list_images","widget_css":"","mobile_css":"","padding":"","mobile_padding":"","background":"","background_image_attachment":"0","background_display":"tile","border_color":"","font_color":"","link_color":""}}}],"grids":[{"cells":4,"style":{"id":"","class":"footer_business","cell_class":"","row_css":"","mobile_css":"","bottom_margin":"","gutter":"","padding":"","mobile_padding":"","row_stretch":"","collapse_behaviour":"","collapse_order":"","cell_alignment":"flex-start","background":"#111111","background_image_attachment":"0","background_display":"tile","border_color":""}}],"grid_cells":[{"grid":0,"index":0,"weight":0.25,"style":[]},{"grid":0,"index":1,"weight":0.24533437013996,"style":[]},{"grid":0,"index":2,"weight":0.2336702954899,"style":[]},{"grid":0,"index":3,"weight":0.27099533437014,"style":[]}]},"builder_id":"596d891914deb","widget_logic":"","widget-class":""},"609620006":{"panels_data":{"widgets":[{"title":"Become a Coaching?","textcolor":"#ffffff","size":"h3","sub_heading":"Join your hand with us for a better life and beautiful future. And I don\u2019t know what I\u2019m going to do.","sub_heading_color":"#ffffff","font_heading":"default","custom_font_heading":{"custom_font_size":14,"custom_font_weight":"normal","custom_font_style":"inherit"},"type":false,"line":true,"bg_line":false,"text_align":"text-center","content":"","css_animation":false,"widget_logic":"","widget-class":"","panels_info":{"class":"Thim_Heading_Widget","raw":false,"grid":0,"cell":0,"id":0,"widget_id":"dfa0422c-9771-4edd-8638-f3fd6832abf5","style":{"id":"","class":"","widget_css":"","mobile_css":"","padding":"","mobile_padding":"","background":"","background_image_attachment":"0","background_display":"tile","border_color":"","font_color":"","link_color":""}}},{"height":40,"widget_logic":"","widget-class":"","panels_info":{"class":"Thim_Empty_Space_Widget","grid":0,"cell":0,"id":1,"widget_id":"4261c938-fe7a-4cb2-800a-14cfb04cba59","style":{"id":"","class":"","widget_css":"","mobile_css":"","padding":"","mobile_padding":"","background":"","background_image_attachment":"0","background_display":"tile","border_color":"","font_color":"","link_color":""}}},{"title":"Join us now","url":"#","custom_style":"custom_style","style_options":{"font_size":14,"font_weight":"bold","border_width":1,"color":"#ffffff","border_color":"#f0ba18","bg_color":"#f0ba18","hover_color":"#f0ba18","hover_border_color":"#f0ba18","hover_bg_color":false},"icon":{"icon":"","icon_size":14},"layout":{"button_size":"normal","rounding":false},"text_align":"text-center","widget_logic":"","widget-class":"","new_window":false,"panels_info":{"class":"Thim_Button_Widget","raw":false,"grid":0,"cell":0,"id":2,"widget_id":"c2ab64b4-9cd5-4a9e-bc37-949b9b2f8367","style":{"id":"","class":"","widget_css":"","mobile_css":"","padding":"","mobile_padding":"","background":"","background_image_attachment":"0","background_display":"tile","border_color":"","font_color":"","link_color":""}}}],"grids":[{"cells":1,"style":{"id":"","class":"thim-bg-overlay-color-half","cell_class":"","row_css":"min-height: 450px","mobile_css":"","bottom_margin":"0px","gutter":"","padding":"","mobile_padding":"","row_stretch":"full","collapse_behaviour":"","collapse_order":"","cell_alignment":"flex-start","background":"","background_image_attachment":"6571","background_display":"cover","border_color":""}}],"grid_cells":[{"grid":0,"index":0,"weight":1,"style":[]}]},"builder_id":"596d92c8c70d3","widget_logic":"","widget-class":""},"609620004":{"panels_data":{"widgets":[{"title_group":{"title":"Consultative Training","color_title":false,"size":"h3","font_heading":"default","custom_heading":{"custom_font_size":14,"custom_font_weight":"normal","custom_mg_bt":0},"line_after_title":false},"desc_group":{"content":"Reference site about Lorem Ipsum, giving information on its origins, as well as a random Lipsum genera.","custom_font_size_des":0,"custom_font_weight":false,"color_description":false},"read_more_group":{"link":"","link_target":"_self","read_more":"complete_box","button_read_more_group":{"read_text":"Read More","read_more_text_color":false,"border_read_more_text":false,"bg_read_more_text":false,"read_more_text_color_hover":false,"bg_read_more_text_hover":false}},"icon_type":"custom","font_awesome_group":{"icon":"","icon_size":14},"font_7_stroke_group":{"icon":"","icon_size":14},"font_flat_group":{"icon_size":14,"icon":""},"font_image_group":{"icon_img":6386},"width_icon_box":50,"color_group":{"icon_color":false,"icon_border_color":false,"icon_bg_color":false,"icon_hover_color":false,"icon_border_color_hover":false,"icon_bg_color_hover":false},"layout_group":{"box_icon_style":false,"pos":"left","sub_title_push":"","img_push":0,"text_align_sc":"text-left","style_box":false},"widget_background":"none","self_video":0,"self_poster":0,"css_animation":false,"widget-class":"","panels_info":{"class":"Thim_Icon_Box_Widget","raw":false,"grid":0,"cell":0,"id":0,"widget_id":"37a0100b-0107-4737-8955-0082dbc4a740","style":{"id":"","class":"","widget_css":"","mobile_css":"","padding":"","mobile_padding":"","background":"","background_image_attachment":"0","background_display":"tile","border_color":"","font_color":"","link_color":""}}},{"height":40,"widget-class":"","panels_info":{"class":"Thim_Empty_Space_Widget","grid":0,"cell":0,"id":1,"widget_id":"ef6d170c-108c-4f99-851a-fdec949e686f","style":{"id":"","class":"","widget_css":"","mobile_css":"","padding":"","mobile_padding":"","background":"","background_image_attachment":"0","background_display":"tile","border_color":"","font_color":"","link_color":""}}},{"title_group":{"title":"Advisor Training Program","color_title":false,"size":"h3","font_heading":"default","custom_heading":{"custom_font_size":14,"custom_font_weight":"normal","custom_mg_bt":0},"line_after_title":false},"desc_group":{"content":"Reference site about Lorem Ipsum, giving information on its origins, as well as a random Lipsum generator like whatever up.","custom_font_size_des":0,"custom_font_weight":false,"color_description":false},"read_more_group":{"link":"","link_target":"_self","read_more":"complete_box","button_read_more_group":{"read_text":"Read More","read_more_text_color":false,"border_read_more_text":false,"bg_read_more_text":false,"read_more_text_color_hover":false,"bg_read_more_text_hover":false}},"icon_type":"custom","font_awesome_group":{"icon":"","icon_size":14},"font_7_stroke_group":{"icon":"","icon_size":14},"font_flat_group":{"icon_size":14,"icon":""},"font_image_group":{"icon_img":6388},"width_icon_box":50,"color_group":{"icon_color":false,"icon_border_color":false,"icon_bg_color":false,"icon_hover_color":false,"icon_border_color_hover":false,"icon_bg_color_hover":false},"layout_group":{"box_icon_style":false,"pos":"left","sub_title_push":"","img_push":0,"text_align_sc":"text-left","style_box":false},"widget_background":"none","self_video":0,"self_poster":0,"css_animation":false,"widget-class":"","panels_info":{"class":"Thim_Icon_Box_Widget","raw":false,"grid":0,"cell":0,"id":2,"widget_id":"37a0100b-0107-4737-8955-0082dbc4a740","style":{"id":"","class":"","widget_css":"","mobile_css":"","padding":"","mobile_padding":"","background":"","background_image_attachment":"0","background_display":"tile","border_color":"","font_color":"","link_color":""}}},{"title_group":{"title":"Real Deal Coaching","color_title":false,"size":"h3","font_heading":"default","custom_heading":{"custom_font_size":14,"custom_font_weight":"normal","custom_mg_bt":0},"line_after_title":false},"desc_group":{"content":"Reference site about Lorem Ipsum, giving information on its origins, as well as a random Lipsum.","custom_font_size_des":0,"custom_font_weight":false,"color_description":false},"read_more_group":{"link":"","link_target":"_self","read_more":"complete_box","button_read_more_group":{"read_text":"Read More","read_more_text_color":false,"border_read_more_text":false,"bg_read_more_text":false,"read_more_text_color_hover":false,"bg_read_more_text_hover":false}},"icon_type":"custom","font_awesome_group":{"icon":"","icon_size":14},"font_7_stroke_group":{"icon":"","icon_size":14},"font_flat_group":{"icon_size":14,"icon":""},"font_image_group":{"icon_img":6387},"width_icon_box":50,"color_group":{"icon_color":false,"icon_border_color":false,"icon_bg_color":false,"icon_hover_color":false,"icon_border_color_hover":false,"icon_bg_color_hover":false},"layout_group":{"box_icon_style":false,"pos":"left","sub_title_push":"","img_push":0,"text_align_sc":"text-left","style_box":false},"widget_background":"none","self_video":0,"self_poster":0,"css_animation":false,"widget-class":"","panels_info":{"class":"Thim_Icon_Box_Widget","raw":false,"grid":0,"cell":1,"id":3,"widget_id":"37a0100b-0107-4737-8955-0082dbc4a740","style":{"id":"","class":"","widget_css":"","mobile_css":"","padding":"","mobile_padding":"","background":"","background_image_attachment":"0","background_display":"tile","border_color":"","font_color":"","link_color":""}}},{"height":40,"widget-class":"","panels_info":{"class":"Thim_Empty_Space_Widget","grid":0,"cell":1,"id":4,"widget_id":"471206d7-8cb0-4031-9b2a-b86d4b1635da","style":{"id":"","class":"","widget_css":"","mobile_css":"","padding":"","mobile_padding":"","background":"","background_image_attachment":"0","background_display":"tile","border_color":"","font_color":"","link_color":""}}},{"title_group":{"title":"Training Coach","color_title":false,"size":"h3","font_heading":"default","custom_heading":{"custom_font_size":14,"custom_font_weight":"normal","custom_mg_bt":0},"line_after_title":false},"desc_group":{"content":"Reference site about Lorem Ipsum, giving information on its origins, as well as a random Lipsum generator like what you read.","custom_font_size_des":0,"custom_font_weight":false,"color_description":false},"read_more_group":{"link":"","link_target":"_self","read_more":"complete_box","button_read_more_group":{"read_text":"Read More","read_more_text_color":false,"border_read_more_text":false,"bg_read_more_text":false,"read_more_text_color_hover":false,"bg_read_more_text_hover":false}},"icon_type":"custom","font_awesome_group":{"icon":"","icon_size":14},"font_7_stroke_group":{"icon":"","icon_size":14},"font_flat_group":{"icon_size":14,"icon":""},"font_image_group":{"icon_img":6389},"width_icon_box":50,"color_group":{"icon_color":false,"icon_border_color":false,"icon_bg_color":false,"icon_hover_color":false,"icon_border_color_hover":false,"icon_bg_color_hover":false},"layout_group":{"box_icon_style":false,"pos":"left","sub_title_push":"","img_push":0,"text_align_sc":"text-left","style_box":false},"widget_background":"none","self_video":0,"self_poster":0,"css_animation":false,"widget-class":"","panels_info":{"class":"Thim_Icon_Box_Widget","raw":false,"grid":0,"cell":1,"id":5,"widget_id":"37a0100b-0107-4737-8955-0082dbc4a740","style":{"id":"","class":"","widget_css":"","mobile_css":"","padding":"","mobile_padding":"","background":"","background_image_attachment":"0","background_display":"tile","border_color":"","font_color":"","link_color":""}}}],"grids":[{"cells":2,"style":{"id":"","class":"","cell_class":"","row_css":"","mobile_css":"","bottom_margin":"","gutter":"","padding":"","mobile_padding":"","row_stretch":"","collapse_behaviour":"","collapse_order":"","cell_alignment":"flex-start","background":"","background_image_attachment":"0","background_display":"tile","border_color":""}}],"grid_cells":[{"grid":0,"index":0,"weight":0.5,"style":[]},{"grid":0,"index":1,"weight":0.5,"style":[]}]},"builder_id":"59265d6d0292f","widget-class":"","panels_info":{"class":"SiteOrigin_Panels_Widgets_Layout","raw":false,"grid":1,"cell":0,"id":4,"widget_id":"0a410b62-b19f-451c-9da0-000a77b25254","style":{"class":"icon_bussiness","background_display":"tile"}},"id":"siteorigin-panels-builder-609620004"},"7":{"panels_data":{"widgets":[{"title":"Get In Touch","text":"<div class=\"thim-footer-info\">\n<p><i class=\"fa fa-phone\"><\/i><a href=\"tel:00123456789\">+00 123 456 789<\/a><\/p>\n<p><i class=\"fa fa-envelope\"><\/i><a href=\"mailto:hello@coaching.com\">hello@coaching.com<\/a><\/p>\n<p><i class=\"fa fa-map-marker\"><\/i><a href=\"#\">PO Box 97845 Baker st. 567, Los Angeles, California, US.<\/a><\/p>\n<\/div>","widget-class":"","filter":false,"panels_info":{"class":"WP_Widget_Text","raw":false,"grid":0,"cell":0,"id":0,"widget_id":"2118cb2a-b064-420a-a1aa-bfc680726820","style":{"class":"","widget_css":"","padding":"","background":"","background_image_attachment":"0","background_display":"tile","border_color":"","font_color":"","link_color":""}}},{"title":"Useful Links","nav_menu":45,"widget-class":"","panels_info":{"class":"WP_Nav_Menu_Widget","grid":0,"cell":1,"id":1,"widget_id":"e1a89c20-4214-432c-bdf6-7925b44781ae","style":{"class":"","widget_css":"","padding":"","background":"","background_image_attachment":"0","background_display":"tile","border_color":"","font_color":"","link_color":""}}},{"title":"Social Links","link_face":"https:\/\/www.facebook.com\/ThimPress","link_twitter":"https:\/\/twitter.com\/thimpress","link_google":"https:\/\/plus.google.com\/+Thimpress","link_dribble":"","link_linkedin":"","link_pinterest":"","link_instagram":"","link_youtube":"","link_target":"_blank","style":false,"show_text":true,"widget-class":"","panels_info":{"class":"Thim_Social_Widget","raw":false,"grid":0,"cell":2,"id":2,"widget_id":"ce8962b2-1029-44a7-a0a0-2444a7b8b91e","style":{"class":"","widget_css":"","padding":"","background":"","background_image_attachment":"0","background_display":"tile","border_color":"","font_color":"","link_color":""}}},{"title":"Newletters","text":"<p>Subscribe to get updates right in your inbox. We promise to not send you spams.<\/p>\n[mc4wp_form id=\"3101\"]","widget-class":"","panels_info":{"class":"WP_Widget_Text","grid":0,"cell":3,"id":3,"widget_id":"484bcf65-51de-4d07-b0d3-1071d3fa4afa","style":{"class":"","widget_css":"","padding":"","background":"","background_image_attachment":"0","background_display":"tile","border_color":"","font_color":"","link_color":""}},"filter":false}],"grids":[{"cells":4,"style":[]}],"grid_cells":[{"grid":0,"weight":0.25},{"grid":0,"weight":0.25},{"grid":0,"weight":0.25},{"grid":0,"weight":0.25}]},"builder_id":"57a95295721e5","widget-class":""},"5":{"panels_data":{"widgets":[{"nav_menu":43,"panels_info":{"class":"WP_Nav_Menu_Widget","raw":false,"grid":0,"cell":0,"id":0,"style":{"class":"","widget_css":"","padding":"","background":"","background_image_attachment":"0","background_display":"tile","border_color":"","font_color":"","link_color":""}}}],"grids":[{"cells":1,"style":{"id":"","class":"","cell_class":"","row_css":"","bottom_margin":"","gutter":"","padding":"","row_stretch":"","collapse_order":"","background":"","background_image_attachment":"0","background_display":"tile","border_color":""}}],"grid_cells":[{"grid":0,"weight":1}]},"builder_id":"570cbff545990","widget-class":""},"8":{"panels_data":{"widgets":[{"nav_menu":45,"widget-class":"","panels_info":{"class":"WP_Nav_Menu_Widget","grid":0,"cell":0,"id":0,"widget_id":"f73aa946-f139-44ac-987d-14d40e0812de","style":{"class":"","widget_css":"","padding":"","background":"","background_image_attachment":"0","background_display":"tile","border_color":"","font_color":"","link_color":""}}}],"grids":[{"cells":2,"style":[]}],"grid_cells":[{"grid":0,"weight":0.5},{"grid":0,"weight":0.5}]},"builder_id":"581af3fb3f33e","widget-class":"","widget_logic":""},"_multiwidget":1},"courses":{"3":{"title":"Popular Courses","order":"popular","cat_id":"all","layout":"list-sidebar","limit":3,"view_all_courses":"","slider-options":{"show_navigation":true,"item_visible":"4","show_pagination":false},"grid-options":{"columns":"4"},"widget_logic":"","widget-class":""},"2":{"title":"Popular Courses","order":"popular","cat_id":"all","layout":"list-sidebar","limit":3,"view_all_courses":"","slider-options":{"show_navigation":true,"item_visible":"4","show_pagination":false},"grid-options":{"columns":"4"},"widget-class":""},"_multiwidget":1},"woocommerce_product_categories":{"3":{"title":"Product categories","orderby":"name","dropdown":0,"count":0,"hierarchical":1,"show_children_only":0,"hide_empty":0,"widget_logic":"","widget-class":""},"2":{"title":"Categories","orderby":"name","dropdown":0,"count":0,"hierarchical":1,"show_children_only":0,"hide_empty":0,"widget-class":""},"_multiwidget":1},"woocommerce_price_filter":{"3":{"title":"Filter by price","widget_logic":"","widget-class":""},"2":{"title":"Filter by price","widget-class":""},"_multiwidget":1},"woocommerce_products":{"3":{"title":"Best Sellers","number":3,"show":"","orderby":"sales","order":"desc","hide_free":0,"show_hidden":0,"widget_logic":"","widget-class":""},"2":{"title":"Best sellers","number":3,"show":"","orderby":"sales","order":"desc","hide_free":0,"show_hidden":0,"widget-class":""},"_multiwidget":1},"woocommerce_product_tag_cloud":{"3":{"title":"Product tags","widget_logic":"","widget-class":""},"2":{"title":"Product Tags","widget-class":""},"_multiwidget":1},"social":{"2":{"title":"","link_face":"https:\/\/www.facebook.com\/ThimPress","link_twitter":"https:\/\/twitter.com\/thimpress","link_google":"https:\/\/plus.google.com\/+Thimpress","link_dribble":"","link_linkedin":"#","link_pinterest":"","link_instagram":"","link_youtube":"","link_target":"_blank","style":"no-border","widget-class":"","show_text":false},"_multiwidget":1},"login-popup":{"4":{"text_register":"Register","text_login":"Login","text_logout":"Logout","shortcode":"[TheChamp-Login title=\"Login with social networks\"]","widget-class":""},"5":{"show_register":"1","text_register":"Register","text_login":"Login","text_logout":"Logout","shortcode":"","widget-class":"","widget_logic":""},"_multiwidget":1}}]