[{"wp_inactive_widgets":["search-2","recent-posts-2","recent-comments-2","archives-2","categories-2","meta-2","text-3","siteorigin-panels-builder-6","search-2","categories-2","list-post-2","tag_cloud-3","social-counter-3","single-images-2","text-5","text-4","woocommerce_widget_cart-2","login-popup-4","social-2","search-3","siteorigin-panels-builder-4","siteorigin-panels-builder-3","courses-2","social-counter-2","single-images-3","text-7","text-6","siteorigin-panels-builder-5","text-8","search-4","categories-3","list-post-3","tag_cloud-4","social-counter-4","single-images-4","text-9","text-11","woocommerce_widget_cart-3","login-popup-5","social-3","siteorigin-panels-builder-7","nav_menu-2","courses-3","social-counter-5","single-images-5","text-10","woocommerce_product_categories-2","woocommerce_price_filter-2","woocommerce_products-2","woocommerce_product_tag_cloud-2","search-2","recent-posts-2","recent-comments-2","archives-2","categories-2","meta-2","text-3","siteorigin-panels-builder-6","search-5","categories-4","list-post-2","tag_cloud-3","social-counter-3","single-images-2","text-12","text-13","woocommerce_widget_cart-2","login-popup-4","social-2","search-6","siteorigin-panels-builder-8","siteorigin-panels-builder-9","courses-2","social-counter-6","single-images-6","text-14","text-15","siteorigin-panels-builder-10","text-16"],"sidebar":["search-7","categories-5","list-post-4","tag_cloud-5","social-counter-7","single-images-7","text-17"],"menu_right":["button-2"],"top_menu_right":["social-4","login-popup-6"],"top_menu_left":["text-18"],"footer":["siteorigin-panels-builder-11"],"copyright":["nav_menu-2"],"sidebar_courses":["courses-4","social-counter-8","single-images-8","text-19"],"sidebar_shop":["woocommerce_product_categories-2","woocommerce_price_filter-2","woocommerce_products-2","woocommerce_product_tag_cloud-2"]},{"search":{"7":{"title":""},"2":{"title":""},"3":{"title":"","widget-class":""},"4":{"title":""},"5":{"title":""},"6":{"title":"","widget-class":""},"_multiwidget":1},"categories":{"5":{"title":"","count":0,"hierarchical":0,"dropdown":0},"2":{"title":"","count":0,"hierarchical":0,"dropdown":0},"3":{"title":"","count":0,"hierarchical":0,"dropdown":0},"4":{"title":"","count":0,"hierarchical":0,"dropdown":0},"_multiwidget":1},"list-post":{"4":{"title":"Recent Posts","cat_id":"all","image_size":"thumbnail","show_description":"no","number_posts":3,"orderby":"recent","order":"desc","link":"","text_link":"","style":false,"widget-class":""},"2":{"title":"Recent Posts","cat_id":"all","image_size":"thumbnail","show_description":"no","number_posts":3,"orderby":"recent","order":"desc","link":"","text_link":"","style":false,"widget-class":""},"3":{"title":"Recent Posts","cat_id":"all","image_size":"thumbnail","show_description":"no","number_posts":3,"orderby":"recent","order":"desc","link":"","text_link":"","style":false,"widget-class":""},"_multiwidget":1},"tag_cloud":{"5":{"title":"","taxonomy":"post_tag","widget-class":""},"3":{"title":"","taxonomy":"post_tag","widget-class":""},"4":{"title":"","taxonomy":"post_tag","widget-class":""},"_multiwidget":1},"social-counter":{"7":{"title":"Follow Me","widget-class":""},"8":{"title":"Follow Me","widget-class":""},"3":{"title":"Follow Me","widget-class":""},"2":{"title":"Follow Me","widget-class":""},"4":{"title":"Follow Me","widget-class":""},"5":{"title":"Follow Me","widget-class":"","widget_logic":""},"6":{"title":"Follow Me","widget-class":""},"_multiwidget":1},"single-images":{"7":{"image":5699,"image_size":"full","image_link":"http:\/\/coachingwp.staging.wpengine.com\/coachingwp-2\/shop\/","link_target":"_blank","image_alignment":"left","css_animation":false,"widget-class":"shop-image"},"8":{"image":5699,"image_size":"full","image_link":"#","link_target":"_self","image_alignment":"left","css_animation":false,"widget-class":""},"2":{"image":5699,"image_size":"full","image_link":"http:\/\/coachingwp.staging.wpengine.com\/coachingwp-2\/shop\/","link_target":"_blank","image_alignment":"left","css_animation":false,"widget-class":"shop-image"},"3":{"image":5699,"image_size":"full","image_link":"#","link_target":"_blank","image_alignment":"center","css_animation":false,"widget-class":""},"4":{"image":5699,"image_size":"full","image_link":"http:\/\/coachingwp.staging.wpengine.com\/coaching-2\/shop\/","link_target":"_blank","image_alignment":"left","css_animation":false,"widget-class":"shop-image"},"5":{"image":5699,"image_size":"full","image_link":"#","link_target":"_self","image_alignment":"left","css_animation":false,"widget-class":"","widget_logic":""},"6":{"image":5699,"image_size":"full","image_link":"#","link_target":"_blank","image_alignment":"center","css_animation":false,"widget-class":""},"_multiwidget":1},"text":{"17":{"title":"","text":"<iframe src=\"https:\/\/www.facebook.com\/plugins\/page.php?href=https%3A%2F%2Fwww.facebook.com%2FThimPress%2F&tabs=timeline&width=270&height=500&small_header=false&adapt_container_width=true&hide_cover=false&show_facepile=true&appId\" height=\"322\" style=\"border:none;overflow:hidden;width:270;\"><\/iframe>","filter":false,"widget-class":""},"18":{"title":"","text":"<div class=\"thim-have-any-question\">\r\n<div class=\"mobile\"><i class=\"fa fa-phone\"><\/i><a href=\"tel:00123456789\" class=\"value\"> +00 123 456 789<\/a>\r\n<\/div>\r\n<div class=\"email\"><i class=\"fa fa-envelope\"><\/i><a href=\"mailto:hello@coaching.com\">hello@coaching.com<\/a>\r\n<\/div>\r\n<\/div>","filter":false,"widget-class":""},"19":{"title":"","text":"<iframe src=\"https:\/\/www.facebook.com\/plugins\/page.php?href=https%3A%2F%2Fwww.facebook.com%2FThimPress%2F&tabs=timeline&width=270&height=500&small_header=false&adapt_container_width=true&hide_cover=false&show_facepile=true&appId\" width=\"270\" height=\"322\" style=\"border:none;overflow:hidden\"><\/iframe>","filter":false,"widget-class":""},"3":{"title":"","text":"Footer bottom","filter":false,"widget-class":""},"5":{"title":"","text":"<iframe src=\"https:\/\/www.facebook.com\/plugins\/page.php?href=https%3A%2F%2Fwww.facebook.com%2FThimPress%2F&tabs=timeline&width=270&height=500&small_header=false&adapt_container_width=true&hide_cover=false&show_facepile=true&appId\" width=\"100%\" height=\"322\" style=\"border:none;overflow:hidden\" scrolling=\"no\" frameborder=\"0\" allowTransparency=\"true\"><\/iframe>","filter":false,"widget-class":""},"4":{"title":"","text":"<div class=\"thim-have-any-question\">\r\n<div class=\"mobile\"><i class=\"fa fa-phone\"><\/i><a href=\"tel:00123456789\" class=\"value\"> +00 123 456 789<\/a>\r\n<\/div>\r\n<div class=\"email\"><i class=\"fa fa-envelope\"><\/i><a href=\"mailto:hello@coaching.com\">hello@coaching.com<\/a>\r\n<\/div>\r\n<\/div>","filter":false,"widget-class":""},"7":{"title":"","text":"<iframe src=\"https:\/\/www.facebook.com\/plugins\/page.php?href=https%3A%2F%2Fwww.facebook.com%2FThimPress%2F&tabs=timeline&width=270&height=500&small_header=false&adapt_container_width=true&hide_cover=false&show_facepile=true&appId\" width=\"100%\" height=\"322\" style=\"border:none;overflow:hidden\" scrolling=\"no\" frameborder=\"0\" allowTransparency=\"true\"><\/iframe>","filter":false,"widget-class":""},"6":{"title":"","text":"<iframe src=\"https:\/\/www.facebook.com\/plugins\/page.php?href=https%3A%2F%2Fwww.facebook.com%2FThimPress%2F&tabs=timeline&width=270&height=500&small_header=false&adapt_container_width=true&hide_cover=false&show_facepile=true&appId\" width=\"100%\" height=\"325\" style=\"border:none;overflow:hidden\" scrolling=\"no\" frameborder=\"0\" allowTransparency=\"true\"><\/iframe>","filter":false,"widget-class":""},"8":{"title":"","text":"Footer bottom","filter":false,"widget-class":""},"9":{"title":"","text":"<iframe src=\"https:\/\/www.facebook.com\/plugins\/page.php?href=https%3A%2F%2Fwww.facebook.com%2FThimPress%2F&tabs=timeline&width=270&height=500&small_header=false&adapt_container_width=true&hide_cover=false&show_facepile=true&appId\" height=\"322\" style=\"border:none;overflow:hidden;width:270px;\"><\/iframe>","filter":false,"widget-class":"","widget_logic":""},"11":{"title":"","text":"<div class=\"thim-have-any-question\">\r\n<div class=\"mobile\"><i class=\"fa fa-phone\"><\/i><a href=\"tel:00123456789\" class=\"value\"> +00 123 456 789<\/a>\r\n<\/div>\r\n<div class=\"email\"><i class=\"fa fa-envelope\"><\/i><a href=\"mailto:hello@coaching.com\">hello@coaching.com<\/a>\r\n<\/div>\r\n<\/div>","filter":false,"widget-class":"","widget_logic":""},"10":{"title":"","text":"<iframe src=\"https:\/\/www.facebook.com\/plugins\/page.php?href=https%3A%2F%2Fwww.facebook.com%2FThimPress%2F&tabs=timeline&width=270&height=500&small_header=false&adapt_container_width=true&hide_cover=false&show_facepile=true&appId\" width=\"270\" height=\"322\" style=\"border:none;overflow:hidden\"><\/iframe>","filter":false,"widget-class":"","widget_logic":""},"12":{"title":"","text":"<iframe src=\"https:\/\/www.facebook.com\/plugins\/page.php?href=https%3A%2F%2Fwww.facebook.com%2FThimPress%2F&tabs=timeline&width=270&height=500&small_header=false&adapt_container_width=true&hide_cover=false&show_facepile=true&appId\" width=\"100%\" height=\"322\" style=\"border:none;overflow:hidden\" scrolling=\"no\" frameborder=\"0\" allowTransparency=\"true\"><\/iframe>","filter":false,"widget-class":""},"13":{"title":"","text":"<div class=\"thim-have-any-question\">\r\n<div class=\"mobile\"><i class=\"fa fa-phone\"><\/i><a href=\"tel:00123456789\" class=\"value\"> +00 123 456 789<\/a>\r\n<\/div>\r\n<div class=\"email\"><i class=\"fa fa-envelope\"><\/i><a href=\"mailto:hello@coaching.com\">hello@coaching.com<\/a>\r\n<\/div>\r\n<\/div>","filter":false,"widget-class":""},"14":{"title":"","text":"<iframe src=\"https:\/\/www.facebook.com\/plugins\/page.php?href=https%3A%2F%2Fwww.facebook.com%2FThimPress%2F&tabs=timeline&width=270&height=500&small_header=false&adapt_container_width=true&hide_cover=false&show_facepile=true&appId\" width=\"100%\" height=\"322\" style=\"border:none;overflow:hidden\" scrolling=\"no\" frameborder=\"0\" allowTransparency=\"true\"><\/iframe>","filter":false,"widget-class":""},"15":{"title":"","text":"<iframe src=\"https:\/\/www.facebook.com\/plugins\/page.php?href=https%3A%2F%2Fwww.facebook.com%2FThimPress%2F&tabs=timeline&width=270&height=500&small_header=false&adapt_container_width=true&hide_cover=false&show_facepile=true&appId\" width=\"100%\" height=\"325\" style=\"border:none;overflow:hidden\" scrolling=\"no\" frameborder=\"0\" allowTransparency=\"true\"><\/iframe>","filter":false,"widget-class":""},"16":{"title":"","text":"Footer bottom","filter":false,"widget-class":""},"_multiwidget":1},"button":{"2":{"title":"Get Free e-book","url":"#","custom_style":"custom_style","style_options":{"font_size":13,"font_weight":"bold","border_width":0,"color":"#ffffff","border_color":false,"bg_color":"#2e92d9","hover_color":false,"hover_border_color":false,"hover_bg_color":false},"icon":{"icon":"","icon_size":14},"layout":{"button_size":"normal","rounding":false},"text_align":"text-center","widget-class":"","new_window":false},"_multiwidget":1},"social":{"4":{"title":"","link_face":"#","link_twitter":"#","link_google":"#","link_dribble":"","link_linkedin":"","link_pinterest":"","link_instagram":"#","link_youtube":"","link_target":"_self","style":false,"widget-class":"","show_text":false},"2":{"title":"","link_face":"https:\/\/www.facebook.com\/ThimPress","link_twitter":"https:\/\/twitter.com\/thimpress","link_google":"https:\/\/plus.google.com\/+Thimpress","link_dribble":"","link_linkedin":"#","link_pinterest":"","link_instagram":"","link_youtube":"","link_target":"_blank","style":"no-border","widget-class":"","show_text":false},"3":{"title":"","link_face":"https:\/\/www.facebook.com\/ThimPress","link_twitter":"https:\/\/twitter.com\/thimpress","link_google":"https:\/\/plus.google.com\/+Thimpress","link_dribble":"","link_linkedin":"","link_pinterest":"","link_instagram":"","link_youtube":"","link_target":"_self","style":"no-border","widget-class":"","show_text":false,"widget_logic":""},"_multiwidget":1},"login-popup":{"6":{"text_register":"Register","text_login":"Login \/ Register","text_logout":"Logout","shortcode":"[miniorange_social_login]","widget-class":"","widget_logic":""},"4":{"text_register":"Register","text_login":"Login","text_logout":"Logout","shortcode":"[TheChamp-Login title=\"Login with social networks\"]","widget-class":""},"5":{"text_register":"Register","text_login":"Login","text_logout":"Logout","shortcode":"[miniorange_social_login]","widget-class":"","widget_logic":""},"_multiwidget":1},"siteorigin-panels-builder":{"11":{"panels_data":{"widgets":[{"title":"Get in touch","text":"<div class=\"thim-footer-info\"><p><i class=\"fa fa-phone\"><\/i><a href=\"tel:00123456789\">+00 123 456 789<\/a><\/p><p><i class=\"fa fa-envelope\"><\/i><a href=\"mailto:hello@coaching.com\">hello@coaching.com<\/a><\/p><p><i class=\"fa fa-map-marker\"><\/i><a href=\"#\">PO Box 97845 Baker st. 567, Los Angeles, California, US.<\/a><\/p><\/div>","widget-class":"","filter":false,"panels_info":{"class":"WP_Widget_Text","raw":false,"grid":0,"cell":0,"id":0,"widget_id":"93463042-5d86-4095-95af-0b10d5a359d5","style":{"class":"","widget_css":"","padding":"","background":"","background_image_attachment":"0","background_display":"tile","border_color":"","font_color":"","link_color":""}}},{"title":"Useful Links","nav_menu":33,"widget-class":"","panels_info":{"class":"WP_Nav_Menu_Widget","raw":false,"grid":0,"cell":1,"id":1,"widget_id":"e1cff4a5-0792-43f7-9410-909646090f9b","style":{"class":"","widget_css":"","padding":"","background":"","background_image_attachment":"0","background_display":"tile","border_color":"","font_color":"","link_color":""}}},{"title":"Social Links","link_face":"#","link_twitter":"#","link_google":"#","link_dribble":"","link_linkedin":"","link_pinterest":"","link_instagram":"","link_youtube":"","link_target":"_self","style":false,"show_text":true,"widget-class":"","panels_info":{"class":"Thim_Social_Widget","raw":false,"grid":0,"cell":2,"id":2,"widget_id":"0c031c8a-c6a5-40f1-b628-5925ea19c989","style":{"class":"","widget_css":"","padding":"","background":"","background_image_attachment":"0","background_display":"tile","border_color":"","font_color":"","link_color":""}}},{"title":"Newsletters","text":"<p>Subscribe to get updates right in your inbox. We promise to not send you spams.<\/p>\n[mc4wp_form id=\"3101\"]","widget-class":"","panels_info":{"class":"WP_Widget_Text","grid":0,"cell":3,"id":3,"widget_id":"0a6071c3-9ff6-4c96-97b0-62789d29f2b2","style":{"class":"","widget_css":"","padding":"","background":"","background_image_attachment":"0","background_display":"tile","border_color":"","font_color":"","link_color":""}},"filter":false}],"grids":[{"cells":4,"style":{"id":"","class":"","cell_class":"","row_css":"","bottom_margin":"","gutter":"","padding":"","row_stretch":"","collapse_order":"","background":"","background_image_attachment":"0","background_display":"tile","border_color":""}}],"grid_cells":[{"grid":0,"weight":0.25},{"grid":0,"weight":0.25},{"grid":0,"weight":0.25},{"grid":0,"weight":0.25}]},"builder_id":"581af899b1ec0","widget-class":""},"6":{"panels_data":{"widgets":[{"title":"READ MORE","url":"#","custom_style":"default","style_options":{"font_size":14,"font_weight":"normal","border_width":"","color":false,"border_color":false,"bg_color":false,"hover_color":false,"hover_border_color":false,"hover_bg_color":false},"icon":{"icon":"","icon_size":14},"layout":{"button_size":"normal","rounding":false},"widget-class":"","panels_info":{"class":"Thim_Button_Widget","grid":0,"cell":0,"id":0,"style":{"class":"","widget_css":"padding-top: 300px;\npadding-bottom: 50px;","padding":"","background":"","background_image_attachment":"0","background_display":"tile","border_color":"","font_color":"","link_color":""}},"new_window":false}],"grids":[{"cells":1,"style":{"id":"","class":"","cell_class":"","row_css":"","bottom_margin":"","gutter":"","padding":"","row_stretch":"full","collapse_order":"","background":"","background_image_attachment":"5114","background_display":"cover","border_color":""}}],"grid_cells":[{"grid":0,"weight":1}]},"builder_id":"570cc1b193484","widget-class":""},"4":null,"3":{"panels_data":{"widgets":[{"nav_menu":46,"panels_info":{"class":"WP_Nav_Menu_Widget","raw":false,"grid":0,"cell":0,"id":0,"style":{"class":"","widget_css":"","padding":"","background":"","background_image_attachment":"0","background_display":"tile","border_color":"","font_color":"","link_color":""}}}],"grids":[{"cells":1,"style":{"id":"","class":"","cell_class":"","row_css":"","bottom_margin":"","gutter":"","padding":"","row_stretch":"","collapse_order":"","background":"","background_image_attachment":"0","background_display":"tile","border_color":""}}],"grid_cells":[{"grid":0,"weight":1}]},"builder_id":"570cbff545990","widget-class":""},"5":null,"7":{"panels_data":{"widgets":[{"title":"Get in touch","text":"<div class=\"thim-footer-info\"><p><i class=\"fa fa-phone\"><\/i><a href=\"tel:00123456789\">+00 123 456 789<\/a><\/p><p><i class=\"fa fa-envelope\"><\/i><a href=\"mailto:hello@coaching.com\">hello@coaching.com<\/a><\/p><p><i class=\"fa fa-map-marker\"><\/i><a href=\"#\">PO Box 97845 Baker st. 567, Los Angeles, California, US.<\/a><\/p><\/div>","widget-class":"","filter":false,"panels_info":{"class":"WP_Widget_Text","raw":false,"grid":0,"cell":0,"id":0,"widget_id":"93463042-5d86-4095-95af-0b10d5a359d5","style":{"class":"","widget_css":"","padding":"","background":"","background_image_attachment":"0","background_display":"tile","border_color":"","font_color":"","link_color":""}}},{"title":"Useful Links","nav_menu":33,"widget-class":"","panels_info":{"class":"WP_Nav_Menu_Widget","raw":false,"grid":0,"cell":1,"id":1,"widget_id":"e1cff4a5-0792-43f7-9410-909646090f9b","style":{"class":"","widget_css":"","padding":"","background":"","background_image_attachment":"0","background_display":"tile","border_color":"","font_color":"","link_color":""}}},{"title":"Social Links","link_face":"#","link_twitter":"#","link_google":"#","link_dribble":"","link_linkedin":"","link_pinterest":"","link_instagram":"","link_youtube":"","link_target":"_self","style":false,"show_text":true,"widget-class":"","panels_info":{"class":"Thim_Social_Widget","raw":false,"grid":0,"cell":2,"id":2,"widget_id":"0c031c8a-c6a5-40f1-b628-5925ea19c989","style":{"class":"","widget_css":"","padding":"","background":"","background_image_attachment":"0","background_display":"tile","border_color":"","font_color":"","link_color":""}}},{"title":"Newsletters","text":"<p>Subscribe to get updates right in your inbox. We promise to not send you spams.<\/p>\n[mc4wp_form id=\"3101\"]","widget-class":"","panels_info":{"class":"WP_Widget_Text","grid":0,"cell":3,"id":3,"widget_id":"0a6071c3-9ff6-4c96-97b0-62789d29f2b2","style":{"class":"","widget_css":"","padding":"","background":"","background_image_attachment":"0","background_display":"tile","border_color":"","font_color":"","link_color":""}},"filter":false}],"grids":[{"cells":4,"style":{"id":"","class":"","cell_class":"","row_css":"","bottom_margin":"","gutter":"","padding":"","row_stretch":"","collapse_order":"","background":"","background_image_attachment":"0","background_display":"tile","border_color":""}}],"grid_cells":[{"grid":0,"weight":0.25},{"grid":0,"weight":0.25},{"grid":0,"weight":0.25},{"grid":0,"weight":0.25}]},"builder_id":"581af899b1ec0","widget-class":"","widget_logic":""},"8":null,"9":{"panels_data":{"widgets":[{"nav_menu":46,"panels_info":{"class":"WP_Nav_Menu_Widget","raw":false,"grid":0,"cell":0,"id":0,"style":{"class":"","widget_css":"","padding":"","background":"","background_image_attachment":"0","background_display":"tile","border_color":"","font_color":"","link_color":""}}}],"grids":[{"cells":1,"style":{"id":"","class":"","cell_class":"","row_css":"","bottom_margin":"","gutter":"","padding":"","row_stretch":"","collapse_order":"","background":"","background_image_attachment":"0","background_display":"tile","border_color":""}}],"grid_cells":[{"grid":0,"weight":1}]},"builder_id":"570cbff545990","widget-class":""},"10":null,"_multiwidget":1},"nav_menu":{"2":{"nav_menu":31,"widget-class":"","widget_logic":""},"_multiwidget":1},"courses":{"4":{"title":"Popular Courses","order":"popular","cat_id":"all","layout":"list-sidebar","limit":3,"view_all_courses":"","slider-options":{"show_navigation":true,"item_visible":"4","show_pagination":false},"grid-options":{"columns":"4"},"widget-class":""},"2":{"title":"Popular Courses","order":"popular","cat_id":"all","layout":"list-sidebar","limit":3,"view_all_courses":"","slider-options":{"show_navigation":true,"item_visible":"4","show_pagination":false},"grid-options":{"columns":"4"},"widget-class":""},"3":{"title":"Popular Courses","order":"popular","cat_id":"all","layout":"list-sidebar","limit":3,"view_all_courses":"","slider-options":{"show_navigation":true,"item_visible":"4","show_pagination":false},"grid-options":{"columns":"4"},"widget-class":"","widget_logic":""},"_multiwidget":1},"woocommerce_product_categories":{"2":{"title":"Categories","orderby":"name","dropdown":0,"count":0,"hierarchical":1,"show_children_only":0,"hide_empty":0,"widget-class":""},"_multiwidget":1},"woocommerce_price_filter":{"2":{"title":"Filter by price","widget-class":""},"_multiwidget":1},"woocommerce_products":{"2":{"title":"Best sellers","number":3,"show":"","orderby":"sales","order":"desc","hide_free":0,"show_hidden":0,"widget-class":""},"_multiwidget":1},"woocommerce_product_tag_cloud":{"2":{"title":"Product Tags","widget-class":""},"_multiwidget":1},"recent-posts":{"2":{"title":"","number":5},"_multiwidget":1},"recent-comments":{"2":{"title":"","number":5},"_multiwidget":1},"archives":{"2":{"title":"","count":0,"dropdown":0},"_multiwidget":1},"meta":{"2":{"title":""},"_multiwidget":1},"woocommerce_widget_cart":{"2":{"title":"","hide_if_empty":0,"widget-class":""},"3":{"title":"","hide_if_empty":0,"widget-class":"","widget_logic":"is_woocommerce()"},"_multiwidget":1}}]