[{"wp_inactive_widgets":["text-619910000","text-619910005","courses-619920021","search-2","recent-posts-2","recent-comments-2","archives-2","categories-2","meta-2","text-3","search-2","categories-2","list-post-2","tag_cloud-3","social-counter-3","single-images-2","text-5","text-4","woocommerce_widget_cart-2","login-popup-4","social-2","search-3","courses-2","social-counter-2","single-images-3","text-7","text-6","text-8"],"sidebar":["search-4","categories-3","list-post-3","tag_cloud-4","single-images-4","text-9","social-counter-4"],"toolbar":["text-11","login-popup-7","text-619910006"],"menu_right":["login-popup-8","button-2"],"footer":["thim_layout_builder-2"],"copyright":["social-5"],"sidebar_courses":["courses-3","social-counter-5","single-images-5","text-10"],"sidebar_shop":["woocommerce_product_categories-2","woocommerce_price_filter-2","woocommerce_products-2","woocommerce_product_tag_cloud-2"]},{"search":{"4":{"title":""},"2":{"title":""},"3":{"title":"","widget-class":""},"_multiwidget":1},"categories":{"3":{"title":"","count":0,"hierarchical":0,"dropdown":0},"2":{"title":"","count":0,"hierarchical":0,"dropdown":0},"_multiwidget":1},"list-post":{"3":{"title":"Recent Posts","cat_id":"all","image_size":"thumbnail","show_description":"no","number_posts":3,"orderby":"recent","order":"desc","link":"","text_link":"","style":false,"widget-class":""},"2":{"title":"Recent Posts","cat_id":"all","image_size":"thumbnail","show_description":"no","number_posts":3,"orderby":"recent","order":"desc","link":"","text_link":"","style":false,"widget-class":""},"_multiwidget":1},"tag_cloud":{"4":{"title":"","taxonomy":"post_tag","widget-class":""},"3":{"title":"","taxonomy":"post_tag","widget-class":""},"_multiwidget":1},"single-images":{"4":{"image":5699,"image_size":"full","image_link":"https:\/\/coaching.thimpress.com\/shop\/","link_target":"_blank","image_alignment":"left","css_animation":false,"widget-class":"shop-image"},"5":{"image":5699,"image_size":"full","image_link":"#","link_target":"_self","image_alignment":"left","css_animation":false,"widget-class":"","widget_logic":""},"2":{"image":5699,"image_size":"full","image_link":"https:\/\/coaching.thimpress.com\/shop\/","link_target":"_blank","image_alignment":"left","css_animation":false,"widget-class":"shop-image"},"3":{"image":5699,"image_size":"full","image_link":"#","link_target":"_blank","image_alignment":"center","css_animation":false,"widget-class":""},"_multiwidget":1},"text":{"9":{"title":"","text":"<iframe src=\"https:\/\/www.facebook.com\/plugins\/page.php?href=https%3A%2F%2Fwww.facebook.com%2FThimPress%2F&tabs=timeline&width=270&height=500&small_header=false&adapt_container_width=true&hide_cover=false&show_facepile=true&appId\" height=\"322\" style=\"border:none;overflow:hidden;width:270px;\"><\/iframe>","filter":false,"widget-class":"","widget_logic":""},"11":{"title":"","text":"<div class=\"thim-have-any-question\">\r\n<div class=\"mobile\"><i class=\"fa fa-phone\"><\/i>NEED HELP? CALL US NOW:<a href=\"tel:+8812345 6789\" class=\"value primary-color border-right\">  (+88) 12 345 6789<\/a>\r\n<\/div>\r\n<div class=\"email\"><i class=\"fa fa-envelope\"><\/i><a href=\"mailto:hello@coaching.com\">hello@coaching.com<\/a>\r\n<\/div>\r\n<\/div>","filter":false,"widget-class":"","widget_logic":"","visual":false},"619910006":{"title":"","text":"<div class=\"thim-have-any-question pull-right\">\r\n<div class=\"address border-right\"><i class=\"fa fa-map-marker\"><\/i>2130 Fulton Street San Francisco, USA<\/div>\r\n<\/div>","filter":true,"visual":true,"widget_logic":"","widget-class":""},"10":{"title":"","text":"<iframe src=\"https:\/\/www.facebook.com\/plugins\/page.php?href=https%3A%2F%2Fwww.facebook.com%2FThimPress%2F&tabs=timeline&width=270&height=500&small_header=false&adapt_container_width=true&hide_cover=false&show_facepile=true&appId\" width=\"270\" height=\"322\" style=\"border:none;overflow:hidden\"><\/iframe>","filter":false,"widget-class":"","widget_logic":""},"619910000":{"title":"","text":"[rev_slider alias=\"home-page\"]","widget-class":"","filter":false,"panels_info":{"class":"WP_Widget_Text","raw":false,"grid":0,"cell":0,"id":0,"widget_id":"f64a0ee9-f803-429c-9913-203116a04e1b","style":{"background_display":"tile"}},"id":"text-619910000"},"619910005":{"title":"","text":"Lorem ipsum dolor sit amet, consectetur adipiscing elit, sed do eiusmod tempor incididunt ut labore et dolore magna aliqua. Ut enim ad minim veniam, quis nostrud exercitation ullamco laboris nisi ut aliquip ex ea commodo consequat. Duis aute irure dolor in reprehenderit in voluptate velit esse cillum dolore eu fugiat nulla pariatur. Excepteur sint occaecat cupidatat non proident.","widget-class":"","filter":false,"panels_info":{"class":"WP_Widget_Text","raw":false,"grid":2,"cell":0,"id":5,"widget_id":"bb8d8707-4c67-45e4-92c1-4a9728208991","style":{"widget_css":"margin-top:-18px;\nmargin-bottom: 12px;","background_display":"tile"}},"id":"text-619910005"},"3":{"title":"","text":"Footer bottom","filter":false,"widget-class":""},"5":{"title":"","text":"<iframe src=\"https:\/\/www.facebook.com\/plugins\/page.php?href=https%3A%2F%2Fwww.facebook.com%2FThimPress%2F&tabs=timeline&width=270&height=500&small_header=false&adapt_container_width=true&hide_cover=false&show_facepile=true&appId\" width=\"100%\" height=\"322\" style=\"border:none;overflow:hidden\" scrolling=\"no\" frameborder=\"0\" allowTransparency=\"true\"><\/iframe>","filter":false,"widget-class":""},"4":{"title":"","text":"<div class=\"thim-have-any-question\">\r\n<div class=\"mobile\"><i class=\"fa fa-phone\"><\/i><a href=\"tel:00123456789\" class=\"value\"> +00 123 456 789<\/a>\r\n<\/div>\r\n<div class=\"email\"><i class=\"fa fa-envelope\"><\/i><a href=\"mailto:hello@coaching.com\">hello@coaching.com<\/a>\r\n<\/div>\r\n<\/div>","filter":false,"widget-class":""},"7":{"title":"","text":"<iframe src=\"https:\/\/www.facebook.com\/plugins\/page.php?href=https%3A%2F%2Fwww.facebook.com%2FThimPress%2F&tabs=timeline&width=270&height=500&small_header=false&adapt_container_width=true&hide_cover=false&show_facepile=true&appId\" width=\"100%\" height=\"322\" style=\"border:none;overflow:hidden\" scrolling=\"no\" frameborder=\"0\" allowTransparency=\"true\"><\/iframe>","filter":false,"widget-class":""},"6":{"title":"","text":"<iframe src=\"https:\/\/www.facebook.com\/plugins\/page.php?href=https%3A%2F%2Fwww.facebook.com%2FThimPress%2F&tabs=timeline&width=270&height=500&small_header=false&adapt_container_width=true&hide_cover=false&show_facepile=true&appId\" width=\"100%\" height=\"325\" style=\"border:none;overflow:hidden\" scrolling=\"no\" frameborder=\"0\" allowTransparency=\"true\"><\/iframe>","filter":false,"widget-class":""},"8":{"title":"","text":"Footer bottom","filter":false,"widget-class":""},"_multiwidget":1},"social-counter":{"4":{"title":"Follow Me","widget-class":""},"5":{"title":"Follow Me","widget-class":"","widget_logic":""},"3":{"title":"Follow Me","widget-class":""},"2":{"title":"Follow Me","widget-class":""},"_multiwidget":1},"login-popup":{"7":{"show_register":false,"text_register":"Register","text_login":"Login","text_logout":"Logout","style":false,"shortcode":"[miniorange_social_login]","widget_logic":"","widget-class":""},"8":{"show_register":false,"text_register":"Register","text_login":"Login","text_logout":"Logout","style":"layout_3","shortcode":"","widget_logic":"","widget-class":""},"4":{"text_register":"Register","text_login":"Login","text_logout":"Logout","shortcode":"[TheChamp-Login title=\"Login with social networks\"]","widget-class":""},"_multiwidget":1},"button":{"2":{"title":"Make an appointment","url":"#","custom_style":"custom_style","style_options":{"font_size":14,"font_weight":"normal","border_width":0,"color":"#ffffff","border_color":false,"bg_color":false,"hover_color":"#ffffff","hover_border_color":false,"hover_bg_color":false,"custom_button_style":""},"icon":{"icon":"","icon_size":14},"layout":{"button_size":"regular","rounding":false},"text_align":"text-center","widget_logic":"","widget-class":"thim-button-gradient  ","new_window":false},"_multiwidget":1},"thim_layout_builder":{"2":{"widget_logic":"","widget-class":"","content":"<p>[vc_row][vc_column][thim-empty-space height=\"65\"][\/vc_column][\/vc_row][vc_row][vc_column width=\"1\/6\"][vc_single_image image=\"6718\" img_size=\"full\" css=\".vc_custom_1558888553150{padding-left: 40px !important;}\"][\/vc_column][vc_column width=\"1\/6\"][vc_wp_custommenu nav_menu=\"63\"][\/vc_column][vc_column width=\"1\/6\"][vc_wp_custommenu nav_menu=\"64\"][\/vc_column][vc_column width=\"1\/6\"][vc_wp_custommenu nav_menu=\"65\"][\/vc_column][vc_column width=\"1\/6\"][vc_wp_custommenu nav_menu=\"66\"][\/vc_column][vc_column width=\"1\/6\" el_class=\"thim-newletter-therapist\"][vc_wp_text]<!-- Mailchimp for WordPress v4.5.2 - https:\/\/wordpress.org\/plugins\/mailchimp-for-wp\/ --><\/p>\r\n<form id=\"mc4wp-form-1\" class=\"mc4wp-form mc4wp-form-3383 mc4wp-form-basic\" method=\"post\" data-id=\"3383\" data-name=\"Footer form\">\r\n<div class=\"mc4wp-form-fields\">\r\n<div class=\"sign-up-therapist\">\r\n<h4>Newsletter<\/h4>\r\n<div class=\"fields-signup clearfix\">\r\n<div class=\"field-email\"><input name=\"EMAIL\" required=\"\" type=\"email\" placeholder=\"Your email address\" \/><\/div>\r\n<div class=\"field-submit\"><input type=\"submit\" value=\"Subscribe\" \/><\/div>\r\n<\/div>\r\n<\/div>\r\n<\/div>\r\n<p><label style=\"display: none !important;\">Leave this field empty if you\u2019re human: <input tabindex=\"-1\" autocomplete=\"off\" name=\"_mc4wp_honeypot\" type=\"text\" value=\"\" \/><\/label><input name=\"_mc4wp_timestamp\" type=\"hidden\" value=\"1558627014\" \/><input name=\"_mc4wp_form_id\" type=\"hidden\" value=\"3383\" \/><input name=\"_mc4wp_form_element_id\" type=\"hidden\" value=\"mc4wp-form-1\" \/><\/p>\r\n<div class=\"mc4wp-response\"><\/div>\r\n<\/form>\r\n<p><!-- \/ Mailchimp for WordPress Plugin -->[\/vc_wp_text][\/vc_column][\/vc_row][vc_row][vc_column][thim-empty-space height=\"65\"][\/vc_column][\/vc_row]<\/p>\r\n","custom_css":".vc_custom_1558888553150{padding-left: 40px !important;}"},"_multiwidget":1},"social":{"5":{"title":"","link_face":"#","link_twitter":"#","link_google":"","link_dribble":"","link_linkedin":"","link_pinterest":"#","link_instagram":"#","link_youtube":"","link_target":"_self","style":"no-border","widget_logic":"","widget-class":"","show_text":false},"2":{"title":"","link_face":"https:\/\/www.facebook.com\/ThimPress","link_twitter":"https:\/\/twitter.com\/thimpress","link_google":"https:\/\/plus.google.com\/+Thimpress","link_dribble":"","link_linkedin":"#","link_pinterest":"","link_instagram":"","link_youtube":"","link_target":"_blank","style":"no-border","widget-class":"","show_text":false},"_multiwidget":1},"courses":{"3":{"title":"Popular Courses","order":"popular","cat_id":"all","layout":"list-sidebar","limit":3,"view_all_courses":"","slider-options":{"show_navigation":true,"item_visible":"4","show_pagination":false},"grid-options":{"columns":"4"},"widget-class":"","widget_logic":""},"619920021":{"title":"","order":"latest","cat_id":"all","layout":"slider","limit":6,"view_all_courses":"View All Courses","slider-options":{"show_navigation":true,"item_visible":"4","show_pagination":false},"grid-options":{"columns":"4"},"widget-class":"","panels_info":{"class":"Thim_Courses_Widget","raw":false,"grid":7,"cell":0,"id":21,"widget_id":"07b337ba-d99e-4d3e-8641-0172063469af","style":{"background_display":"tile"}},"id":"courses-619920021"},"2":{"title":"Popular Courses","order":"popular","cat_id":"all","layout":"list-sidebar","limit":3,"view_all_courses":"","slider-options":{"show_navigation":true,"item_visible":"4","show_pagination":false},"grid-options":{"columns":"4"},"widget-class":""},"_multiwidget":1},"woocommerce_product_categories":{"2":{"title":"Categories","orderby":"name","dropdown":0,"count":0,"hierarchical":1,"show_children_only":0,"hide_empty":0,"widget-class":""},"_multiwidget":1},"woocommerce_price_filter":{"2":{"title":"Filter by price","widget-class":""},"_multiwidget":1},"woocommerce_products":{"2":{"title":"Best sellers","number":3,"show":"","orderby":"sales","order":"desc","hide_free":0,"show_hidden":0,"widget-class":""},"_multiwidget":1},"woocommerce_product_tag_cloud":{"2":{"title":"Product Tags","widget-class":""},"_multiwidget":1},"recent-posts":{"2":{"title":"","number":5},"_multiwidget":1},"recent-comments":{"2":{"title":"","number":5},"_multiwidget":1},"archives":{"2":{"title":"","count":0,"dropdown":0},"_multiwidget":1},"meta":{"2":{"title":""},"_multiwidget":1},"woocommerce_widget_cart":{"2":{"title":"","hide_if_empty":0,"widget-class":""},"_multiwidget":1}}]