[{"topbar_left":["text-6"],"topbar_right":["nav_menu-4","text-9"],"sidebar":["search-4","text-12","tag_cloud-3"],"sidebar-courses":["search-3","text-13","tag_cloud-1"],"sidebar-events":["search-5","text-15","tag_cloud-4","text-14"],"footer-top":["text-11"],"footer-sidebar-1":["text-8"],"footer-sidebar-2":["nav_menu-3"],"footer-sidebar-3":["text-7"],"footer-sidebar-4":["media_image-2"]},{"text":{"6":{"title":"","text":"<ul><li class=\"phone-topbar\"><i class=\"ion ion-ios-telephone\"><\/I> Need help? Call us now: <a href=\"#\" class=\"special-link\">(+88) 12 345 6789<\/a><\/li><li class=\"email-topbar\"><i class=\"ion ion-android-mail\"><\/i><a href=\"#\" class=\"normal-link\">hello@eduma.com<\/a><\/li><\/ul>","filter":true,"visual":true,"widget-class":""},"9":{"title":"","text":"[thim_ekit id=\"1958\"]","filter":true,"visual":true,"widget-class":""},"12":{"title":"","text":"[thim_ekit id=\"1950\"]","filter":true,"visual":true,"widget-class":""},"13":{"title":"","text":"[thim_ekit id=\"1950\"]","filter":true,"visual":true,"widget-class":""},"15":{"title":"","text":"[thim_ekit id=\"1950\"]","filter":true,"visual":true,"widget-class":""},"14":{"title":"","text":"","filter":true,"visual":true,"widget-class":""},"11":{"title":"","text":"[thim_ekit id=\"1919\"]","filter":true,"visual":true,"widget-class":""},"8":{"title":"","text":"<img class=\"alignnone size-full wp-image-168\" src=\"http:\/\/ivy-school.thimpress.com\/demo-elementor\/wp-content\/uploads\/sites\/15\/2018\/10\/logo.png\" alt=\"\" width=\"257\" height=\"75\" \/>\r\n\r\nLorem ipsum dolor. Mauris fermentum dictum magna. Sed laoreet\r\n\r\n[yikes-mailchimp form=\"1\"]","filter":true,"visual":true,"widget-class":""},"7":{"title":"Connect us","text":"<ul class=\"thim-contact-list\">\r\n \t<li><i class=\"fa fa-phone\" aria-hidden=\"true\"><\/i> <a href=\"tel:00123456789\">(+00) 123456-789<\/a><\/li>\r\n \t<li><i class=\"fa fa-envelope-o\" aria-hidden=\"true\"><\/i> <a href=\"mailto:info@thimpress.com\"> info@thimpress.com<\/a><\/li>\r\n \t<li><i class=\"fa fa-fax\" aria-hidden=\"true\"><\/i> (+01) 123456-789<\/li>\r\n \t<li><i class=\"fa fa-map-marker\" aria-hidden=\"true\"><\/i> PO Box 97845 Baker st. 567, Los Angeles, California, US.<\/li>\r\n<\/ul>","filter":true,"visual":true,"widget-class":""},"_multiwidget":1},"nav_menu":{"4":{"nav_menu":30,"widget-class":"link-topbar"},"3":{"title":"Useful Links","nav_menu":31,"widget-class":""},"_multiwidget":1},"search":{"4":{"title":"","widget-class":""},"3":{"title":""},"5":{"title":"","widget-class":""},"_multiwidget":1},"tag_cloud":{"3":{"title":"Tags","count":0,"taxonomy":"post_tag","widget-class":""},"1":{"title":"Tags","count":0,"taxonomy":"post_tag","widget-class":""},"4":{"title":"Tags","count":0,"taxonomy":"post_tag","widget-class":""},"_multiwidget":1},"media_image":{"2":{"attachment_id":990,"url":"http:\/\/ivy-school.thimpress.com\/wp-content\/uploads\/2018\/10\/map-footer-2-300x145.png","title":"our worldwide office","size":"medium","width":300,"height":145,"caption":"","alt":"","link_type":"custom","link_url":"","image_classes":"","link_classes":"","link_rel":"","link_target_blank":false,"image_title":"","widget-class":""},"_multiwidget":1}}]