[{"sidebar-1":["archives-3","meta-3"],"footer":["text-3"]},{"archives":{"3":{"title":"","count":0,"dropdown":0},"_multiwidget":1},"meta":{"3":{"title":""},"_multiwidget":1},"text":{"3":{"title":"","text":"<script>\r\n  (function(i,s,o,g,r,a,m){i['GoogleAnalyticsObject']=r;i[r]=i[r]||function(){\r\n  (i[r].q=i[r].q||[]).push(arguments)},i[r].l=1*new Date();a=s.createElement(o),\r\n  m=s.getElementsByTagName(o)[0];a.async=1;a.src=g;m.parentNode.insertBefore(a,m)\r\n  })(window,document,'script','https:\/\/www.google-analytics.com\/analytics.js','ga');\r\n\r\n  ga('create', 'UA-87512812-4', 'auto');\r\n  ga('send', 'pageview');\r\n\r\n<\/script>\r\n\r\n<script type=\"text\/javascript\">\r\n\/* <![CDATA[ *\/\r\nvar google_conversion_id = 1011417232;\r\nvar google_custom_params = window.google_tag_params;\r\nvar google_remarketing_only = true;\r\n\/* ]]> *\/\r\n<\/script>\r\n<script type=\"text\/javascript\" src=\"\/\/www.googleadservices.com\/pagead\/conversion.js\">\r\n<\/script>\r\n<noscript>\r\n<div style=\"display:inline;\">\r\n<img height=\"1\" width=\"1\" style=\"border-style:none;\" alt=\"\" src=\"\/\/googleads.g.doubleclick.net\/pagead\/viewthroughconversion\/1011417232\/?guid=ON&amp;script=0\"\/>\r\n<\/div>\r\n<\/noscript>","filter":false},"_multiwidget":1}}]