[{"archive-courses-sidebar":["learnpress_widget_course_filter-3"],"sidebar":["categories-3","archives-2","tag_cloud-3"],"menu_right":["text-5"],"footer-sidebar":["text-6"]},{"learnpress_widget_course_filter":{"3":{"title":"","number_level_category":2,"class_list_courses_target":".lp-list-courses-default","show_in_rest":1,"hide_count_zero":1,"search_suggestion":0,"fields_order":"","fields":["search","price","category","author","level","course_review","btn_submit","btn_reset"]},"_multiwidget":1},"categories":{"3":{"title":"category","count":1,"hierarchical":0,"dropdown":0},"_multiwidget":1},"archives":{"2":{"title":"Archives","count":0,"dropdown":0},"_multiwidget":1},"tag_cloud":{"3":{"title":"Tags","count":0,"taxonomy":"post_tag"},"_multiwidget":1},"text":{"5":{"title":"","text":"[thim_ekit id=\"45\"]","filter":true,"visual":true},"6":{"title":"","text":"[thim_ekit id=\"1343\"]","filter":true,"visual":true},"_multiwidget":1}}]