[{"footer-sidebar-before":["text-2"],"footer-sidebar-1":["text-3"],"footer-sidebar-2":["nav_menu-2"],"footer-sidebar-3":["nav_menu-4"],"footer-sidebar-4":["gtranslate-2","woocs_selector-2","media_image-2"],"sidebar":["search-2","recent-posts-2","recent-comments-2","archives-2","categories-2","meta-2"],"product-filter":["woocommerce_layered_nav_filters-2","custom_html-2","woocommerce_layered_nav-2","woocommerce_layered_nav-3"]},{"text":{"2":{"title":"","text":"[mc4wp_form]","filter":true,"visual":true,"widget-class":""},"3":{"title":"Teeballon","text":"<ul class=\"list-style-none\">\r\n \t<li><i class=\"ion-ios-telephone\"><\/i><a href=\"tel:00123456789\">(+00) 123456-789<\/a><\/li>\r\n \t<li><i class=\"ion-email\"><\/i> <a href=\"mailto:info@thimpress.com\">info@thimpress.com<\/a><\/li>\r\n \t<li><i class=\"ion-ios-location\"><\/i> 3031 Mitchell Knolls Suite 224 NewYork, US<\/li>\r\n<\/ul>","filter":true,"visual":true,"widget-class":""},"_multiwidget":1},"nav_menu":{"2":{"title":"Quick Links","nav_menu":34,"widget-class":"column-2"},"4":{"title":"Account","nav_menu":32,"widget-class":""},"_multiwidget":1},"gtranslate":{"2":{"title":"","widget-class":""},"_multiwidget":1},"woocs_selector":{"2":{"title":"","show_flags":null,"width":"auto","flag_position":"right","txt_type":"code","widget-class":""},"_multiwidget":1},"media_image":{"2":{"attachment_id":82,"url":"http:\/\/teeballonwp.thimpress.com\/wp-content\/uploads\/2018\/05\/logos_payment.png","title":"","size":"full","width":240,"height":61,"caption":"","alt":"","link_type":"custom","link_url":"","image_classes":"","link_classes":"","link_rel":"","link_target_blank":false,"image_title":"","widget-class":""},"_multiwidget":1},"search":{"2":{"title":""},"_multiwidget":1},"recent-posts":{"2":{"title":"","number":5},"_multiwidget":1},"recent-comments":{"2":{"title":"","number":5},"_multiwidget":1},"archives":{"2":{"title":"","count":0,"dropdown":0},"_multiwidget":1},"categories":{"2":{"title":"","count":0,"hierarchical":0,"dropdown":0},"_multiwidget":1},"meta":{"2":{"title":""},"_multiwidget":1},"woocommerce_layered_nav_filters":{"2":{"title":"Your Selection","widget-class":""},"_multiwidget":1},"custom_html":{"2":{"title":"Filter by","content":"","widget-class":"big-title"},"_multiwidget":1},"woocommerce_layered_nav":{"2":{"title":"Color","attribute":"color","display_type":"list","query_type":"or","widget-class":""},"3":{"title":"Size","attribute":"size","display_type":"list","query_type":"or","widget-class":""},"_multiwidget":1}}]