[{"menu-right":["woocommerce_widget_cart-2"],"product-filter":["woocommerce_layered_nav-2","woocommerce_layered_nav-3","woocommerce_layered_nav-4"],"footer-sidebar-1":["media_image-2","text-2"],"footer-sidebar-2":["custom_html-2"],"footer-sidebar-3":["nav_menu-2"],"footer-sidebar-4":["wmc_widget-3"],"copyright":["media_gallery-4"]},{"woocommerce_widget_cart":{"2":{"title":"","hide_if_empty":0,"widget-class":""},"_multiwidget":1},"woocommerce_layered_nav":{"2":{"title":"Filter by: Color","attribute":"color","display_type":"list","query_type":"or","widget-class":""},"3":{"title":"Filter by: Type","attribute":"style","display_type":"list","query_type":"or","widget-class":""},"4":{"title":"Filter by: SIze","attribute":"size","display_type":"list","query_type":"or","widget-class":""},"_multiwidget":1},"media_image":{"2":{"attachment_id":468,"url":"http:\/\/teeballon.thimpress.com\/wp-content\/uploads\/2019\/03\/logo.png","title":"","size":"full","width":179,"height":36,"caption":"","alt":"","link_type":"custom","link_url":"","image_classes":"","link_classes":"","link_rel":"","link_target_blank":false,"image_title":"","widget-class":""},"_multiwidget":1},"text":{"2":{"title":"","text":"Donec nec justo eget felis facilisis fermentum. Aliquam porttitor mauris sit amet orci, enean dignissim. Aliquam porttitor mauris sit amet orci","filter":true,"visual":true,"widget-class":""},"_multiwidget":1},"custom_html":{"2":{"title":"Contact us","content":"<ul class=\"footer-list-contact\">\r\n\t<li><i class=\"ion-android-home\"><\/i>A26BT5 Building, SilverC Street, London, England<\/li>\r\n\t<li><i class=\"ion-android-mail\"><\/i> <a href=\"#\">tee@tshirt.com<\/a> \/ <a href=\"#\">tee2@tshirt.com<\/a><\/li>\r\n <li><i class=\"ion-ios-telephone\"><\/i><a href=\"#\">+1-800-381-0815<\/a><\/li>\r\n<\/ul>","widget-class":""},"_multiwidget":1},"nav_menu":{"2":{"title":"Quick link","nav_menu":42,"widget-class":""},"_multiwidget":1},"wmc_widget":{"3":{"title":"","layout":"","flag_size":0},"_multiwidget":1},"media_gallery":{"4":{"title":"","ids":[596,597,598,599],"columns":4,"size":"thumbnail","link_type":"none","orderby_random":false,"widget-class":""},"_multiwidget":1}}]