[{"realpress-single-property-sidebar":["realpress-schedule-tour-2","realpress-contact-form-2","realpress_mortgage_calculator-1","realpress_property_list-1","media_image-4"],"realpress-archive-property-sidebar":["realpress_property_list-2","realpress-term-1","media_image-1"],"realpress-agent-list-sidebar":["realpress_agent_search-1","realpress_property_list-3","media_image-6"],"realpress-agent-detail-sidebar":["realpress_agent_search-2","realpress_property_list-4","media_image-2"],"sidebar":["search-1","categories-1","archives-3","tag_cloud-3"],"menu_right":["text-2"],"sidebar_shop":["woocommerce_price_filter-2","woocommerce_product_categories-2","woocommerce_product_tag_cloud-2","woocommerce_layered_nav-2","woocommerce_layered_nav-3"],"trs-single-property-sidebar":["recent-posts-1"]},{"realpress-schedule-tour":{"2":{"title":"Schedule Tour","cc_admin":"on"},"_multiwidget":1},"realpress-contact-form":{"2":{"title":"Contact"},"_multiwidget":1},"realpress_mortgage_calculator":{"1":{"title":"Mortgage Title","default_total_amount":"1000","default_down_payment":"5","default_loan_terms":"5","default_interest_rate":"10"},"_multiwidget":1},"realpress_property_list":{"1":{"title":"Latest Listing","posts_per_page":"4","order_by":"date","order":"DESC"},"2":{"title":"Featured listings","posts_per_page":"1","order_by":"date","order":"DESC"},"3":{"title":"Latest Listing","posts_per_page":"4","order_by":"date","order":"DESC"},"4":{"title":"Latest Listing","posts_per_page":"4","order_by":"date","order":"DESC"},"_multiwidget":1},"media_image":{"4":{"size":"full","width":473,"height":736,"caption":"","alt":"","link_type":"custom","link_url":"#","image_classes":"","link_classes":"","link_rel":"","link_target_blank":false,"image_title":"","attachment_id":25850,"url":"https:\/\/realpress.thimpress.com\/demo-4\/wp-content\/uploads\/sites\/6\/2023\/02\/banner-property.png","title":""},"1":{"size":"full","width":473,"height":736,"caption":"","alt":"","link_type":"custom","link_url":"#","image_classes":"","link_classes":"","link_rel":"","link_target_blank":false,"image_title":"","attachment_id":25850,"url":"https:\/\/realpress.thimpress.com\/demo-4\/wp-content\/uploads\/sites\/6\/2023\/02\/banner-property.png","title":""},"6":{"size":"full","width":473,"height":736,"caption":"","alt":"","link_type":"custom","link_url":"https:\/\/realpress.thimpress.com\/demo-4\/properties\/renovated-kitchen-apartment","image_classes":"","link_classes":"","link_rel":"","link_target_blank":false,"image_title":"Image","attachment_id":25850,"url":"https:\/\/realpress.thimpress.com\/demo-4\/wp-content\/uploads\/sites\/6\/2023\/02\/banner-property.png","title":"Most Viewed"},"2":{"size":"full","width":473,"height":736,"caption":"","alt":"","link_type":"custom","link_url":"https:\/\/realpress.thimpress.com\/demo-4\/properties\/renovated-kitchen-apartment","image_classes":"","link_classes":"","link_rel":"","link_target_blank":false,"image_title":"Image","attachment_id":25850,"url":"https:\/\/realpress.thimpress.com\/demo-4\/wp-content\/uploads\/sites\/6\/2023\/02\/banner-property.png","title":"Most Viewed"},"_multiwidget":1},"realpress-term":{"1":{"title":"Types","taxonomy":"realpress-type","number":"10","orderby":"name","order":"asc"},"_multiwidget":1},"realpress_agent_search":{"1":{"title":"Agent Search"},"2":{"title":""},"_multiwidget":1},"search":{"1":{"title":""},"_multiwidget":1},"categories":{"1":{"title":"Categories","count":0,"hierarchical":0,"dropdown":0},"_multiwidget":1},"archives":{"3":{"title":"Archives","count":0,"dropdown":0},"_multiwidget":1},"tag_cloud":{"3":{"title":"Tags","count":0,"taxonomy":"post_tag"},"_multiwidget":1},"text":{"2":{"title":"","text":"[thim_ekit id=\"16565\"]","filter":true,"visual":true},"_multiwidget":1},"woocommerce_price_filter":{"2":{"title":"Price"},"_multiwidget":1},"woocommerce_product_categories":{"2":{"title":"Categories","orderby":"name","dropdown":0,"count":1,"hierarchical":0,"show_children_only":0,"hide_empty":0,"max_depth":""},"_multiwidget":1},"woocommerce_product_tag_cloud":{"2":{"title":"Tags"},"_multiwidget":1},"woocommerce_layered_nav":{"2":{"title":"Color","attribute":"color","display_type":"list","query_type":"and"},"3":{"title":"Size","attribute":"size","display_type":"list","query_type":"and"},"_multiwidget":1},"recent-posts":{"1":null,"_multiwidget":1}}]