[{"sidebar-1":["search-3","categories-5","recent-posts-4","tag_cloud-2"],"search_sidebar":["courses-searching-2"],"menu_right":["form-login-4","woocommerce_widget_cart-2"],"shop":["media_image-2","woocommerce_product_categories-2","woocommerce_products-2"],"sidebar_courses":["course-categories-2"]},{"search":{"3":{"title":"","widget_logic":"","widget-class":""},"_multiwidget":1},"categories":{"5":{"title":"Categories","count":0,"hierarchical":0,"dropdown":0,"widget-class":""},"_multiwidget":1},"recent-posts":{"4":{"title":"Recent Posts","number":5,"show_date":false,"widget-class":"","category":"-1","widget_logic":""},"_multiwidget":1},"tag_cloud":{"2":{"title":"Tags","taxonomy":"post_tag","widget_logic":"","widget-class":""},"_multiwidget":1},"courses-searching":{"2":{"label":"What do you want to learn today?","layout":"layout-top","widget_logic":"","widget-class":""},"_multiwidget":1},"form-login":{"4":{"text_login":"Login","text_logout":"Logout","widget_logic":"","widget-class":""},"_multiwidget":1},"woocommerce_widget_cart":{"2":{"hide_if_empty":0,"widget_logic":"","widget-class":"main-demo-cart"},"_multiwidget":1},"media_image":{"2":{"attachment_id":12350,"url":"https:\/\/elearningwp.thimpress.com\/demo-test\/wp-content\/uploads\/sites\/16\/2017\/06\/layer-724.jpg","title":"","size":"full","width":263,"height":263,"caption":"","alt":"","link_type":"none","link_url":"","image_classes":"","link_classes":"","link_rel":"","image_title":"","widget_logic":"","widget-class":"","link_target_blank":false},"_multiwidget":1},"woocommerce_product_categories":{"2":{"title":"Product categories","orderby":"name","dropdown":0,"count":0,"hierarchical":1,"show_children_only":0,"hide_empty":0,"widget_logic":"","widget-class":""},"_multiwidget":1},"woocommerce_products":{"2":{"title":"Products","number":5,"show":"","orderby":"date","order":"desc","hide_free":0,"show_hidden":0,"widget_logic":"","widget-class":""},"_multiwidget":1},"course-categories":{"2":{"title":"Categories","layout":"base","slider-options":{"limit":15,"show_navigation":true,"item_visible":"7","auto_play":0,"show_pagination":false},"widget_logic":"","widget-class":"","list-options":{"show_counts":false,"hierarchical":false}},"_multiwidget":1}}]