{"adrotate":[{"id":"1","title":"Ad 270x270","bannercode":"&lt;a href=\\&quot;https:\/\/themeforest.net\/item\/magazine-wordpress-theme-mag-wp\/19305239?ref=thimpress&amp;utm_source=demo&amp;utm_medium=adsbanner\\&quot;&gt;&lt;img alt=\\&quot;\\&quot; src=\\&quot;https:\/\/magwp.thimpress.com\/wp-content\/uploads\/2017\/02\/option1-270x270-min.png\\&quot; \/&gt;&lt;\/a&gt;","thetime":"1480006355","updated":"1487338876","author":"admin","imagetype":"","image":"","paid":"U","tracker":"Y","desktop":"Y","mobile":"Y","tablet":"Y","os_ios":"Y","os_android":"Y","os_other":"Y","responsive":"N","type":"active","weight":"6","autodelete":"N","budget":"0","crate":"0","irate":"0","cities":"a:0:{}","countries":"a:0:{}"},{"id":"2","title":"Ad 728x90","bannercode":"&lt;a href=\\&quot;https:\/\/themeforest.net\/item\/magazine-wordpress-theme-mag-wp\/19305239?ref=thimpress&amp;utm_source=demo&amp;utm_medium=adsbanner\\&quot;&gt;&lt;img alt=\\&quot;\\&quot; src=\\&quot;https:\/\/magwp.thimpress.com\/wp-content\/uploads\/2017\/04\/thimpress_magwp.png\\&quot; \/&gt;&lt;\/a&gt;","thetime":"1480006355","updated":"1492770487","author":"admin","imagetype":"","image":"","paid":"U","tracker":"Y","desktop":"Y","mobile":"Y","tablet":"Y","os_ios":"Y","os_android":"Y","os_other":"Y","responsive":"N","type":"active","weight":"6","autodelete":"N","budget":"0","crate":"0","irate":"0","cities":"a:0:{}","countries":"a:0:{}"},{"id":"3","title":"270x270 - 2","bannercode":"&lt;a href=\\&quot;https:\/\/themeforest.net\/item\/magazine-wordpress-theme-mag-wp\/19305239?ref=thimpress&amp;utm_source=demo&amp;utm_medium=adsbanner\\&quot;&gt;&lt;img alt=\\&quot;\\&quot; src=\\&quot;https:\/\/magwp.thimpress.com\/wp-content\/uploads\/2017\/02\/option4-270x270-min.png\\&quot; \/&gt;&lt;\/a&gt;","thetime":"1487338900","updated":"1487338919","author":"admin","imagetype":"","image":"","paid":"U","tracker":"Y","desktop":"Y","mobile":"Y","tablet":"Y","os_ios":"Y","os_android":"Y","os_other":"Y","responsive":"N","type":"active","weight":"6","autodelete":"N","budget":"0","crate":"0","irate":"0","cities":"a:0:{}","countries":"a:0:{}"},{"id":"4","title":"728x90 - 2","bannercode":"&lt;a href=\\&quot;https:\/\/themeforest.net\/item\/magazine-wordpress-theme-mag-wp\/19305239?ref=thimpress&amp;utm_source=demo&amp;utm_medium=adsbanner\\&quot;&gt;&lt;img alt=\\&quot;\\&quot; src=\\&quot;https:\/\/magwp.thimpress.com\/wp-content\/uploads\/2017\/04\/thim_magwp.png\\&quot; \/&gt;&lt;\/a&gt;","thetime":"1487338922","updated":"1492770492","author":"admin","imagetype":"","image":"","paid":"U","tracker":"Y","desktop":"Y","mobile":"Y","tablet":"Y","os_ios":"Y","os_android":"Y","os_other":"Y","responsive":"N","type":"active","weight":"6","autodelete":"N","budget":"0","crate":"0","irate":"0","cities":"a:0:{}","countries":"a:0:{}"}],"adrotate_groups":[{"id":"1","name":"270x270","modus":"1","fallback":"0","cat":"","cat_loc":"0","cat_par":"0","page":"","page_loc":"0","page_par":"0","mobile":"0","geo":"0","wrapper_before":"","wrapper_after":"","align":"3","gridrows":"1","gridcolumns":"1","admargin":"0","admargin_bottom":"0","admargin_left":"0","admargin_right":"0","adwidth":"270","adheight":"270","adspeed":"6000"},{"id":"2","name":"728x90","modus":"1","fallback":"0","cat":"","cat_loc":"0","cat_par":"0","page":"","page_loc":"0","page_par":"0","mobile":"0","geo":"0","wrapper_before":"","wrapper_after":"","align":"3","gridrows":"1","gridcolumns":"1","admargin":"0","admargin_bottom":"0","admargin_left":"0","admargin_right":"0","adwidth":"728","adheight":"90","adspeed":"6000"}],"adrotate_linkmeta":[{"id":"1","ad":"1","group":"0","user":"0","schedule":"1"},{"id":"2","ad":"2","group":"0","user":"0","schedule":"2"},{"id":"3","ad":"3","group":"0","user":"0","schedule":"3"},{"id":"4","ad":"4","group":"0","user":"0","schedule":"4"},{"id":"5","ad":"1","group":"1","user":"0","schedule":"0"},{"id":"6","ad":"3","group":"1","user":"0","schedule":"0"},{"id":"7","ad":"2","group":"2","user":"0","schedule":"0"},{"id":"8","ad":"4","group":"2","user":"0","schedule":"0"}],"adrotate_schedule":[{"id":"1","name":"Schedule for ad 1","starttime":"1480006320","stoptime":"2528643120","maxclicks":"0","maximpressions":"0","spread":"N","daystarttime":"0000","daystoptime":"0000","day_mon":"Y","day_tue":"Y","day_wed":"Y","day_thu":"Y","day_fri":"Y","day_sat":"Y","day_sun":"Y","autodelete":"N"},{"id":"2","name":"Schedule for ad 2","starttime":"1480006320","stoptime":"2528643120","maxclicks":"0","maximpressions":"0","spread":"N","daystarttime":"0000","daystoptime":"0000","day_mon":"Y","day_tue":"Y","day_wed":"Y","day_thu":"Y","day_fri":"Y","day_sat":"Y","day_sun":"Y","autodelete":"N"},{"id":"3","name":"Schedule for ad 3","starttime":"1487338860","stoptime":"2535975660","maxclicks":"0","maximpressions":"0","spread":"N","daystarttime":"0000","daystoptime":"0000","day_mon":"Y","day_tue":"Y","day_wed":"Y","day_thu":"Y","day_fri":"Y","day_sat":"Y","day_sun":"Y","autodelete":"N"},{"id":"4","name":"Schedule for ad 4","starttime":"1487338920","stoptime":"2535975720","maxclicks":"0","maximpressions":"0","spread":"N","daystarttime":"0000","daystoptime":"0000","day_mon":"Y","day_tue":"Y","day_wed":"Y","day_thu":"Y","day_fri":"Y","day_sat":"Y","day_sun":"Y","autodelete":"N"}],"adrotate_stats":[{"id":"1","ad":"1","group":"0","thetime":"1479945600","clicks":"0","impressions":"11"},{"id":"2","ad":"2","group":"0","thetime":"1479945600","clicks":"0","impressions":"8"},{"id":"3","ad":"2","group":"0","thetime":"1480032000","clicks":"0","impressions":"27"},{"id":"4","ad":"1","group":"0","thetime":"1480032000","clicks":"0","impressions":"28"},{"id":"5","ad":"2","group":"0","thetime":"1480291200","clicks":"0","impressions":"32"},{"id":"6","ad":"1","group":"0","thetime":"1480291200","clicks":"0","impressions":"37"},{"id":"7","ad":"2","group":"0","thetime":"1480377600","clicks":"0","impressions":"16"},{"id":"8","ad":"1","group":"0","thetime":"1480377600","clicks":"0","impressions":"17"},{"id":"9","ad":"2","group":"0","thetime":"1480464000","clicks":"0","impressions":"53"},{"id":"10","ad":"1","group":"0","thetime":"1480464000","clicks":"0","impressions":"54"},{"id":"11","ad":"1","group":"0","thetime":"1480550400","clicks":"0","impressions":"66"},{"id":"12","ad":"2","group":"0","thetime":"1480550400","clicks":"0","impressions":"61"},{"id":"13","ad":"2","group":"0","thetime":"1480636800","clicks":"0","impressions":"27"},{"id":"14","ad":"1","group":"0","thetime":"1480636800","clicks":"0","impressions":"25"},{"id":"15","ad":"2","group":"0","thetime":"1480896000","clicks":"0","impressions":"24"},{"id":"16","ad":"1","group":"0","thetime":"1480896000","clicks":"0","impressions":"21"},{"id":"17","ad":"2","group":"0","thetime":"1480982400","clicks":"0","impressions":"8"},{"id":"18","ad":"1","group":"0","thetime":"1480982400","clicks":"0","impressions":"8"},{"id":"19","ad":"2","group":"0","thetime":"1481068800","clicks":"0","impressions":"1"},{"id":"20","ad":"1","group":"0","thetime":"1481068800","clicks":"0","impressions":"1"},{"id":"21","ad":"2","group":"0","thetime":"1481155200","clicks":"0","impressions":"1"},{"id":"22","ad":"1","group":"0","thetime":"1481155200","clicks":"0","impressions":"1"},{"id":"23","ad":"2","group":"0","thetime":"1481241600","clicks":"0","impressions":"4"},{"id":"24","ad":"1","group":"0","thetime":"1481241600","clicks":"0","impressions":"4"},{"id":"25","ad":"2","group":"0","thetime":"1481500800","clicks":"0","impressions":"1"},{"id":"26","ad":"1","group":"0","thetime":"1481500800","clicks":"0","impressions":"1"},{"id":"27","ad":"2","group":"0","thetime":"1481587200","clicks":"0","impressions":"2"},{"id":"28","ad":"1","group":"0","thetime":"1481587200","clicks":"0","impressions":"2"},{"id":"29","ad":"2","group":"0","thetime":"1481760000","clicks":"0","impressions":"7"},{"id":"30","ad":"1","group":"0","thetime":"1481760000","clicks":"0","impressions":"7"},{"id":"31","ad":"2","group":"0","thetime":"1481846400","clicks":"0","impressions":"2"},{"id":"32","ad":"1","group":"0","thetime":"1481846400","clicks":"0","impressions":"2"},{"id":"33","ad":"2","group":"0","thetime":"1482019200","clicks":"0","impressions":"1"},{"id":"34","ad":"1","group":"0","thetime":"1482019200","clicks":"0","impressions":"1"},{"id":"35","ad":"2","group":"0","thetime":"1482105600","clicks":"0","impressions":"6"},{"id":"36","ad":"1","group":"0","thetime":"1482105600","clicks":"0","impressions":"6"},{"id":"37","ad":"2","group":"0","thetime":"1482278400","clicks":"0","impressions":"1"},{"id":"38","ad":"1","group":"0","thetime":"1482278400","clicks":"0","impressions":"1"},{"id":"39","ad":"2","group":"0","thetime":"1482364800","clicks":"0","impressions":"3"},{"id":"40","ad":"1","group":"0","thetime":"1482364800","clicks":"0","impressions":"3"},{"id":"41","ad":"2","group":"0","thetime":"1482451200","clicks":"0","impressions":"17"},{"id":"42","ad":"1","group":"0","thetime":"1482451200","clicks":"0","impressions":"17"},{"id":"43","ad":"2","group":"0","thetime":"1482710400","clicks":"0","impressions":"5"},{"id":"44","ad":"1","group":"0","thetime":"1482710400","clicks":"0","impressions":"5"},{"id":"45","ad":"2","group":"0","thetime":"1482883200","clicks":"0","impressions":"5"},{"id":"46","ad":"1","group":"0","thetime":"1482883200","clicks":"0","impressions":"5"},{"id":"47","ad":"2","group":"0","thetime":"1482969600","clicks":"0","impressions":"4"},{"id":"48","ad":"1","group":"0","thetime":"1482969600","clicks":"0","impressions":"4"},{"id":"49","ad":"2","group":"0","thetime":"1483441200","clicks":"0","impressions":"1"},{"id":"50","ad":"1","group":"0","thetime":"1483441200","clicks":"0","impressions":"1"},{"id":"51","ad":"2","group":"0","thetime":"1483459200","clicks":"0","impressions":"2"},{"id":"52","ad":"1","group":"0","thetime":"1483459200","clicks":"0","impressions":"2"},{"id":"53","ad":"2","group":"0","thetime":"1483606800","clicks":"0","impressions":"1"},{"id":"54","ad":"1","group":"0","thetime":"1483606800","clicks":"0","impressions":"1"},{"id":"55","ad":"2","group":"0","thetime":"1483621200","clicks":"0","impressions":"1"},{"id":"56","ad":"1","group":"0","thetime":"1483621200","clicks":"0","impressions":"1"},{"id":"57","ad":"2","group":"0","thetime":"1483624800","clicks":"0","impressions":"1"},{"id":"58","ad":"1","group":"0","thetime":"1483624800","clicks":"0","impressions":"1"},{"id":"59","ad":"2","group":"0","thetime":"1483693200","clicks":"0","impressions":"6"},{"id":"60","ad":"1","group":"0","thetime":"1483693200","clicks":"0","impressions":"6"},{"id":"61","ad":"2","group":"0","thetime":"1483696800","clicks":"0","impressions":"6"},{"id":"62","ad":"1","group":"0","thetime":"1483696800","clicks":"0","impressions":"6"},{"id":"63","ad":"2","group":"0","thetime":"1483700400","clicks":"0","impressions":"6"},{"id":"64","ad":"1","group":"0","thetime":"1483700400","clicks":"0","impressions":"6"},{"id":"65","ad":"2","group":"0","thetime":"1483714800","clicks":"0","impressions":"2"},{"id":"66","ad":"1","group":"0","thetime":"1483714800","clicks":"0","impressions":"2"},{"id":"67","ad":"2","group":"0","thetime":"1483948800","clicks":"0","impressions":"1"},{"id":"68","ad":"1","group":"0","thetime":"1483948800","clicks":"0","impressions":"1"},{"id":"69","ad":"2","group":"0","thetime":"1483970400","clicks":"0","impressions":"1"},{"id":"70","ad":"1","group":"0","thetime":"1483970400","clicks":"0","impressions":"3"},{"id":"71","ad":"2","group":"0","thetime":"1484056800","clicks":"0","impressions":"1"},{"id":"72","ad":"1","group":"0","thetime":"1484056800","clicks":"0","impressions":"1"},{"id":"73","ad":"2","group":"0","thetime":"1484060400","clicks":"0","impressions":"2"},{"id":"74","ad":"1","group":"0","thetime":"1484060400","clicks":"0","impressions":"2"},{"id":"75","ad":"2","group":"0","thetime":"1484226000","clicks":"0","impressions":"3"},{"id":"76","ad":"1","group":"0","thetime":"1484226000","clicks":"0","impressions":"3"},{"id":"77","ad":"2","group":"0","thetime":"1484323200","clicks":"0","impressions":"2"},{"id":"78","ad":"1","group":"0","thetime":"1484323200","clicks":"0","impressions":"2"},{"id":"79","ad":"2","group":"0","thetime":"1484326800","clicks":"0","impressions":"4"},{"id":"80","ad":"1","group":"0","thetime":"1484326800","clicks":"0","impressions":"5"},{"id":"81","ad":"2","group":"0","thetime":"1484557200","clicks":"0","impressions":"1"},{"id":"82","ad":"1","group":"0","thetime":"1484557200","clicks":"0","impressions":"1"},{"id":"83","ad":"2","group":"0","thetime":"1484571600","clicks":"0","impressions":"1"},{"id":"84","ad":"1","group":"0","thetime":"1484571600","clicks":"0","impressions":"1"},{"id":"85","ad":"1","group":"0","thetime":"1484575200","clicks":"0","impressions":"2"},{"id":"86","ad":"2","group":"0","thetime":"1484582400","clicks":"0","impressions":"2"},{"id":"87","ad":"1","group":"0","thetime":"1484582400","clicks":"0","impressions":"2"},{"id":"88","ad":"2","group":"0","thetime":"1484586000","clicks":"0","impressions":"2"},{"id":"89","ad":"1","group":"0","thetime":"1484586000","clicks":"0","impressions":"2"},{"id":"90","ad":"2","group":"0","thetime":"1484668800","clicks":"0","impressions":"6"},{"id":"91","ad":"1","group":"0","thetime":"1484668800","clicks":"0","impressions":"6"},{"id":"92","ad":"2","group":"0","thetime":"1484737200","clicks":"0","impressions":"4"},{"id":"93","ad":"1","group":"0","thetime":"1484737200","clicks":"0","impressions":"5"},{"id":"94","ad":"2","group":"0","thetime":"1484758800","clicks":"0","impressions":"2"},{"id":"95","ad":"1","group":"0","thetime":"1484758800","clicks":"0","impressions":"2"},{"id":"96","ad":"2","group":"0","thetime":"1484830800","clicks":"0","impressions":"1"},{"id":"97","ad":"1","group":"0","thetime":"1484830800","clicks":"0","impressions":"1"},{"id":"98","ad":"2","group":"0","thetime":"1484834400","clicks":"0","impressions":"1"},{"id":"99","ad":"1","group":"0","thetime":"1484834400","clicks":"0","impressions":"1"},{"id":"100","ad":"2","group":"0","thetime":"1484838000","clicks":"0","impressions":"4"},{"id":"101","ad":"1","group":"0","thetime":"1484838000","clicks":"0","impressions":"4"},{"id":"102","ad":"2","group":"0","thetime":"1484845200","clicks":"0","impressions":"1"},{"id":"103","ad":"1","group":"0","thetime":"1484845200","clicks":"0","impressions":"1"},{"id":"104","ad":"2","group":"0","thetime":"1484920800","clicks":"0","impressions":"1"},{"id":"105","ad":"1","group":"0","thetime":"1484920800","clicks":"0","impressions":"1"},{"id":"106","ad":"2","group":"0","thetime":"1484924400","clicks":"0","impressions":"8"},{"id":"107","ad":"1","group":"0","thetime":"1484924400","clicks":"0","impressions":"9"},{"id":"108","ad":"2","group":"0","thetime":"1485165600","clicks":"0","impressions":"2"},{"id":"109","ad":"1","group":"0","thetime":"1485165600","clicks":"0","impressions":"2"},{"id":"110","ad":"2","group":"0","thetime":"1485183600","clicks":"0","impressions":"2"},{"id":"111","ad":"1","group":"0","thetime":"1485183600","clicks":"0","impressions":"2"},{"id":"112","ad":"2","group":"0","thetime":"1485187200","clicks":"0","impressions":"1"},{"id":"113","ad":"1","group":"0","thetime":"1485187200","clicks":"0","impressions":"1"},{"id":"114","ad":"2","group":"0","thetime":"1485252000","clicks":"0","impressions":"1"},{"id":"115","ad":"1","group":"0","thetime":"1485252000","clicks":"0","impressions":"1"},{"id":"116","ad":"2","group":"0","thetime":"1485334800","clicks":"0","impressions":"20"},{"id":"117","ad":"1","group":"0","thetime":"1485334800","clicks":"0","impressions":"20"},{"id":"118","ad":"2","group":"0","thetime":"1485338400","clicks":"0","impressions":"1"},{"id":"119","ad":"1","group":"0","thetime":"1485338400","clicks":"0","impressions":"1"},{"id":"120","ad":"2","group":"0","thetime":"1485349200","clicks":"0","impressions":"1"},{"id":"121","ad":"1","group":"0","thetime":"1485349200","clicks":"0","impressions":"2"},{"id":"122","ad":"2","group":"0","thetime":"1485352800","clicks":"0","impressions":"3"},{"id":"123","ad":"1","group":"0","thetime":"1485352800","clicks":"0","impressions":"1"},{"id":"124","ad":"2","group":"0","thetime":"1486026000","clicks":"0","impressions":"1"},{"id":"125","ad":"1","group":"0","thetime":"1486026000","clicks":"0","impressions":"1"},{"id":"126","ad":"2","group":"0","thetime":"1486044000","clicks":"0","impressions":"2"},{"id":"127","ad":"1","group":"0","thetime":"1486044000","clicks":"0","impressions":"2"},{"id":"128","ad":"2","group":"0","thetime":"1486047600","clicks":"0","impressions":"7"},{"id":"129","ad":"1","group":"0","thetime":"1486047600","clicks":"0","impressions":"7"},{"id":"130","ad":"2","group":"0","thetime":"1486054800","clicks":"0","impressions":"1"},{"id":"131","ad":"1","group":"0","thetime":"1486054800","clicks":"0","impressions":"2"},{"id":"132","ad":"2","group":"0","thetime":"1486108800","clicks":"0","impressions":"1"},{"id":"133","ad":"1","group":"0","thetime":"1486108800","clicks":"0","impressions":"1"},{"id":"134","ad":"2","group":"0","thetime":"1486112400","clicks":"0","impressions":"1"},{"id":"135","ad":"1","group":"0","thetime":"1486112400","clicks":"0","impressions":"4"},{"id":"136","ad":"2","group":"0","thetime":"1486116000","clicks":"0","impressions":"2"},{"id":"137","ad":"1","group":"0","thetime":"1486116000","clicks":"0","impressions":"2"},{"id":"138","ad":"1","group":"0","thetime":"1486119600","clicks":"0","impressions":"5"},{"id":"139","ad":"2","group":"0","thetime":"1486119600","clicks":"0","impressions":"1"},{"id":"140","ad":"2","group":"0","thetime":"1486130400","clicks":"0","impressions":"1"},{"id":"141","ad":"1","group":"0","thetime":"1486130400","clicks":"0","impressions":"1"},{"id":"142","ad":"2","group":"0","thetime":"1486134000","clicks":"0","impressions":"4"},{"id":"143","ad":"1","group":"0","thetime":"1486134000","clicks":"0","impressions":"4"},{"id":"144","ad":"2","group":"0","thetime":"1486137600","clicks":"0","impressions":"11"},{"id":"145","ad":"1","group":"0","thetime":"1486137600","clicks":"0","impressions":"10"},{"id":"146","ad":"2","group":"0","thetime":"1486141200","clicks":"0","impressions":"1"},{"id":"147","ad":"1","group":"0","thetime":"1486141200","clicks":"0","impressions":"1"},{"id":"148","ad":"2","group":"0","thetime":"1486368000","clicks":"0","impressions":"3"},{"id":"149","ad":"1","group":"0","thetime":"1486368000","clicks":"0","impressions":"2"},{"id":"150","ad":"2","group":"0","thetime":"1486371600","clicks":"0","impressions":"12"},{"id":"151","ad":"1","group":"0","thetime":"1486371600","clicks":"0","impressions":"12"},{"id":"152","ad":"2","group":"0","thetime":"1486375200","clicks":"0","impressions":"6"},{"id":"153","ad":"1","group":"0","thetime":"1486375200","clicks":"0","impressions":"5"},{"id":"154","ad":"2","group":"0","thetime":"1486378800","clicks":"0","impressions":"2"},{"id":"155","ad":"1","group":"0","thetime":"1486378800","clicks":"0","impressions":"1"},{"id":"156","ad":"2","group":"0","thetime":"1486386000","clicks":"0","impressions":"4"},{"id":"157","ad":"1","group":"0","thetime":"1486386000","clicks":"0","impressions":"4"},{"id":"158","ad":"2","group":"0","thetime":"1486389600","clicks":"0","impressions":"1"},{"id":"159","ad":"1","group":"0","thetime":"1486389600","clicks":"0","impressions":"1"},{"id":"160","ad":"2","group":"0","thetime":"1486393200","clicks":"0","impressions":"3"},{"id":"161","ad":"1","group":"0","thetime":"1486393200","clicks":"0","impressions":"3"},{"id":"162","ad":"2","group":"0","thetime":"1486458000","clicks":"0","impressions":"8"},{"id":"163","ad":"1","group":"0","thetime":"1486458000","clicks":"0","impressions":"6"},{"id":"164","ad":"2","group":"0","thetime":"1486479600","clicks":"0","impressions":"1"},{"id":"165","ad":"1","group":"0","thetime":"1486479600","clicks":"0","impressions":"1"},{"id":"166","ad":"2","group":"0","thetime":"1486591200","clicks":"0","impressions":"3"},{"id":"167","ad":"1","group":"0","thetime":"1486591200","clicks":"0","impressions":"2"},{"id":"168","ad":"2","group":"0","thetime":"1486630800","clicks":"0","impressions":"2"},{"id":"169","ad":"1","group":"0","thetime":"1486630800","clicks":"0","impressions":"2"},{"id":"170","ad":"2","group":"0","thetime":"1486634400","clicks":"0","impressions":"1"},{"id":"171","ad":"1","group":"0","thetime":"1486634400","clicks":"0","impressions":"1"},{"id":"172","ad":"2","group":"0","thetime":"1486720800","clicks":"0","impressions":"1"},{"id":"173","ad":"1","group":"0","thetime":"1486720800","clicks":"0","impressions":"1"},{"id":"174","ad":"2","group":"0","thetime":"1486724400","clicks":"0","impressions":"1"},{"id":"175","ad":"1","group":"0","thetime":"1486724400","clicks":"0","impressions":"1"},{"id":"176","ad":"2","group":"0","thetime":"1486731600","clicks":"0","impressions":"2"},{"id":"177","ad":"1","group":"0","thetime":"1486731600","clicks":"0","impressions":"2"},{"id":"178","ad":"2","group":"0","thetime":"1486738800","clicks":"0","impressions":"1"},{"id":"179","ad":"1","group":"0","thetime":"1486738800","clicks":"0","impressions":"1"},{"id":"180","ad":"2","group":"0","thetime":"1486983600","clicks":"0","impressions":"1"},{"id":"181","ad":"1","group":"0","thetime":"1486983600","clicks":"0","impressions":"1"},{"id":"182","ad":"2","group":"0","thetime":"1487062800","clicks":"0","impressions":"3"},{"id":"183","ad":"1","group":"0","thetime":"1487062800","clicks":"0","impressions":"3"},{"id":"184","ad":"2","group":"0","thetime":"1487084400","clicks":"0","impressions":"1"},{"id":"185","ad":"1","group":"0","thetime":"1487084400","clicks":"0","impressions":"1"},{"id":"186","ad":"2","group":"0","thetime":"1487149200","clicks":"0","impressions":"1"},{"id":"187","ad":"1","group":"0","thetime":"1487149200","clicks":"0","impressions":"1"},{"id":"188","ad":"2","group":"0","thetime":"1487170800","clicks":"0","impressions":"2"},{"id":"189","ad":"1","group":"0","thetime":"1487170800","clicks":"0","impressions":"2"},{"id":"190","ad":"2","group":"0","thetime":"1487174400","clicks":"0","impressions":"7"},{"id":"191","ad":"1","group":"0","thetime":"1487174400","clicks":"0","impressions":"7"},{"id":"192","ad":"2","group":"0","thetime":"1487178000","clicks":"0","impressions":"5"},{"id":"193","ad":"1","group":"0","thetime":"1487178000","clicks":"0","impressions":"3"},{"id":"194","ad":"2","group":"0","thetime":"1487242800","clicks":"0","impressions":"1"},{"id":"195","ad":"1","group":"0","thetime":"1487242800","clicks":"0","impressions":"1"},{"id":"196","ad":"2","group":"0","thetime":"1487246400","clicks":"0","impressions":"1"},{"id":"197","ad":"1","group":"0","thetime":"1487246400","clicks":"0","impressions":"1"},{"id":"198","ad":"2","group":"0","thetime":"1487250000","clicks":"0","impressions":"1"},{"id":"199","ad":"1","group":"0","thetime":"1487250000","clicks":"0","impressions":"1"},{"id":"200","ad":"2","group":"0","thetime":"1487253600","clicks":"0","impressions":"1"},{"id":"201","ad":"1","group":"0","thetime":"1487253600","clicks":"0","impressions":"1"},{"id":"202","ad":"2","group":"0","thetime":"1487257200","clicks":"0","impressions":"12"},{"id":"203","ad":"1","group":"0","thetime":"1487257200","clicks":"0","impressions":"12"},{"id":"204","ad":"2","group":"0","thetime":"1487325600","clicks":"0","impressions":"2"},{"id":"205","ad":"1","group":"0","thetime":"1487325600","clicks":"0","impressions":"2"},{"id":"206","ad":"1","group":"0","thetime":"1487329200","clicks":"0","impressions":"3"},{"id":"207","ad":"2","group":"0","thetime":"1487329200","clicks":"0","impressions":"2"},{"id":"208","ad":"2","group":"0","thetime":"1487336400","clicks":"0","impressions":"4"},{"id":"209","ad":"1","group":"0","thetime":"1487336400","clicks":"0","impressions":"4"},{"id":"210","ad":"3","group":"1","thetime":"1487336400","clicks":"0","impressions":"2"},{"id":"211","ad":"2","group":"2","thetime":"1487336400","clicks":"0","impressions":"2"},{"id":"212","ad":"1","group":"1","thetime":"1487336400","clicks":"0","impressions":"3"},{"id":"213","ad":"4","group":"2","thetime":"1487336400","clicks":"0","impressions":"3"},{"id":"214","ad":"2","group":"2","thetime":"1487340000","clicks":"0","impressions":"19"},{"id":"215","ad":"3","group":"1","thetime":"1487340000","clicks":"0","impressions":"17"},{"id":"216","ad":"4","group":"2","thetime":"1487340000","clicks":"0","impressions":"19"},{"id":"217","ad":"1","group":"1","thetime":"1487340000","clicks":"0","impressions":"20"},{"id":"218","ad":"3","group":"1","thetime":"1487595600","clicks":"0","impressions":"1"},{"id":"219","ad":"4","group":"2","thetime":"1487595600","clicks":"0","impressions":"1"},{"id":"220","ad":"1","group":"1","thetime":"1487595600","clicks":"0","impressions":"1"},{"id":"221","ad":"2","group":"2","thetime":"1487595600","clicks":"0","impressions":"1"},{"id":"222","ad":"3","group":"1","thetime":"1487599200","clicks":"0","impressions":"1"},{"id":"223","ad":"1","group":"1","thetime":"1487599200","clicks":"0","impressions":"1"},{"id":"224","ad":"4","group":"2","thetime":"1487606400","clicks":"0","impressions":"1"},{"id":"225","ad":"3","group":"1","thetime":"1487606400","clicks":"0","impressions":"1"},{"id":"226","ad":"3","group":"1","thetime":"1487667600","clicks":"0","impressions":"15"},{"id":"227","ad":"2","group":"2","thetime":"1487667600","clicks":"0","impressions":"14"},{"id":"228","ad":"1","group":"1","thetime":"1487667600","clicks":"0","impressions":"13"},{"id":"229","ad":"4","group":"2","thetime":"1487667600","clicks":"0","impressions":"13"},{"id":"230","ad":"3","group":"1","thetime":"1487674800","clicks":"0","impressions":"1"},{"id":"231","ad":"4","group":"2","thetime":"1487682000","clicks":"0","impressions":"12"},{"id":"232","ad":"1","group":"1","thetime":"1487682000","clicks":"0","impressions":"11"},{"id":"233","ad":"3","group":"1","thetime":"1487682000","clicks":"0","impressions":"11"},{"id":"234","ad":"2","group":"2","thetime":"1487682000","clicks":"0","impressions":"12"},{"id":"235","ad":"2","group":"2","thetime":"1487685600","clicks":"0","impressions":"1"},{"id":"236","ad":"1","group":"1","thetime":"1487685600","clicks":"0","impressions":"1"},{"id":"237","ad":"4","group":"2","thetime":"1487685600","clicks":"0","impressions":"1"},{"id":"238","ad":"3","group":"1","thetime":"1487685600","clicks":"0","impressions":"1"},{"id":"239","ad":"3","group":"1","thetime":"1487689200","clicks":"0","impressions":"1"},{"id":"240","ad":"2","group":"2","thetime":"1487689200","clicks":"0","impressions":"1"},{"id":"241","ad":"2","group":"2","thetime":"1487754000","clicks":"0","impressions":"5"},{"id":"242","ad":"4","group":"2","thetime":"1487754000","clicks":"0","impressions":"4"},{"id":"243","ad":"1","group":"1","thetime":"1487754000","clicks":"0","impressions":"4"},{"id":"244","ad":"3","group":"1","thetime":"1487754000","clicks":"0","impressions":"3"},{"id":"245","ad":"3","group":"1","thetime":"1487757600","clicks":"0","impressions":"3"},{"id":"246","ad":"2","group":"2","thetime":"1487757600","clicks":"0","impressions":"2"},{"id":"247","ad":"1","group":"1","thetime":"1487757600","clicks":"0","impressions":"2"},{"id":"248","ad":"4","group":"2","thetime":"1487757600","clicks":"0","impressions":"2"},{"id":"249","ad":"3","group":"1","thetime":"1487840400","clicks":"0","impressions":"1"},{"id":"250","ad":"2","group":"2","thetime":"1487840400","clicks":"0","impressions":"2"},{"id":"251","ad":"4","group":"2","thetime":"1487840400","clicks":"0","impressions":"2"},{"id":"252","ad":"1","group":"1","thetime":"1487840400","clicks":"0","impressions":"1"},{"id":"253","ad":"2","group":"2","thetime":"1487869200","clicks":"0","impressions":"2"},{"id":"254","ad":"1","group":"1","thetime":"1487869200","clicks":"0","impressions":"2"},{"id":"255","ad":"3","group":"1","thetime":"1487869200","clicks":"0","impressions":"2"},{"id":"256","ad":"4","group":"2","thetime":"1487869200","clicks":"0","impressions":"2"},{"id":"257","ad":"1","group":"1","thetime":"1487872800","clicks":"0","impressions":"5"},{"id":"258","ad":"2","group":"2","thetime":"1487872800","clicks":"0","impressions":"5"},{"id":"259","ad":"3","group":"1","thetime":"1487872800","clicks":"0","impressions":"5"},{"id":"260","ad":"4","group":"2","thetime":"1487872800","clicks":"0","impressions":"5"},{"id":"261","ad":"3","group":"1","thetime":"1487919600","clicks":"0","impressions":"2"},{"id":"262","ad":"1","group":"1","thetime":"1487919600","clicks":"0","impressions":"2"},{"id":"263","ad":"2","group":"2","thetime":"1487919600","clicks":"0","impressions":"2"},{"id":"264","ad":"4","group":"2","thetime":"1487919600","clicks":"0","impressions":"2"},{"id":"265","ad":"1","group":"1","thetime":"1487923200","clicks":"0","impressions":"10"},{"id":"266","ad":"2","group":"2","thetime":"1487923200","clicks":"0","impressions":"11"},{"id":"267","ad":"3","group":"1","thetime":"1487923200","clicks":"0","impressions":"9"},{"id":"268","ad":"4","group":"2","thetime":"1487923200","clicks":"0","impressions":"9"},{"id":"269","ad":"1","group":"1","thetime":"1487948400","clicks":"0","impressions":"6"},{"id":"270","ad":"3","group":"1","thetime":"1487948400","clicks":"0","impressions":"6"},{"id":"271","ad":"4","group":"2","thetime":"1487948400","clicks":"0","impressions":"5"},{"id":"272","ad":"2","group":"2","thetime":"1487948400","clicks":"0","impressions":"4"},{"id":"273","ad":"2","group":"2","thetime":"1487952000","clicks":"0","impressions":"10"},{"id":"274","ad":"3","group":"1","thetime":"1487952000","clicks":"0","impressions":"11"},{"id":"275","ad":"4","group":"2","thetime":"1487952000","clicks":"0","impressions":"10"},{"id":"276","ad":"1","group":"1","thetime":"1487952000","clicks":"0","impressions":"10"},{"id":"277","ad":"1","group":"1","thetime":"1487955600","clicks":"0","impressions":"19"},{"id":"278","ad":"2","group":"2","thetime":"1487955600","clicks":"0","impressions":"18"},{"id":"279","ad":"4","group":"2","thetime":"1487955600","clicks":"0","impressions":"19"},{"id":"280","ad":"3","group":"1","thetime":"1487955600","clicks":"0","impressions":"18"},{"id":"281","ad":"4","group":"2","thetime":"1488193200","clicks":"0","impressions":"1"},{"id":"282","ad":"2","group":"2","thetime":"1488193200","clicks":"0","impressions":"1"},{"id":"283","ad":"4","group":"2","thetime":"1488200400","clicks":"0","impressions":"2"},{"id":"284","ad":"2","group":"2","thetime":"1488276000","clicks":"0","impressions":"1"},{"id":"285","ad":"1","group":"1","thetime":"1488276000","clicks":"0","impressions":"1"},{"id":"286","ad":"4","group":"2","thetime":"1488276000","clicks":"0","impressions":"1"},{"id":"287","ad":"3","group":"1","thetime":"1488276000","clicks":"0","impressions":"1"},{"id":"288","ad":"3","group":"1","thetime":"1488290400","clicks":"0","impressions":"1"},{"id":"289","ad":"1","group":"1","thetime":"1488290400","clicks":"0","impressions":"1"},{"id":"290","ad":"3","group":"1","thetime":"1488297600","clicks":"0","impressions":"1"},{"id":"291","ad":"1","group":"1","thetime":"1488373200","clicks":"0","impressions":"1"},{"id":"292","ad":"2","group":"2","thetime":"1488373200","clicks":"0","impressions":"1"},{"id":"293","ad":"4","group":"2","thetime":"1488373200","clicks":"0","impressions":"1"},{"id":"294","ad":"3","group":"1","thetime":"1488373200","clicks":"0","impressions":"1"},{"id":"295","ad":"4","group":"2","thetime":"1488376800","clicks":"0","impressions":"11"},{"id":"296","ad":"1","group":"1","thetime":"1488376800","clicks":"0","impressions":"10"},{"id":"297","ad":"3","group":"1","thetime":"1488376800","clicks":"0","impressions":"10"},{"id":"298","ad":"2","group":"2","thetime":"1488376800","clicks":"0","impressions":"9"},{"id":"299","ad":"2","group":"2","thetime":"1488380400","clicks":"0","impressions":"11"},{"id":"300","ad":"4","group":"2","thetime":"1488380400","clicks":"0","impressions":"10"},{"id":"301","ad":"1","group":"1","thetime":"1488380400","clicks":"0","impressions":"11"},{"id":"302","ad":"3","group":"1","thetime":"1488380400","clicks":"0","impressions":"10"},{"id":"303","ad":"4","group":"2","thetime":"1488384000","clicks":"0","impressions":"1"},{"id":"304","ad":"3","group":"1","thetime":"1488387600","clicks":"0","impressions":"1"},{"id":"305","ad":"1","group":"1","thetime":"1488387600","clicks":"0","impressions":"2"},{"id":"306","ad":"4","group":"2","thetime":"1488387600","clicks":"0","impressions":"1"},{"id":"307","ad":"2","group":"2","thetime":"1488387600","clicks":"0","impressions":"1"},{"id":"308","ad":"3","group":"1","thetime":"1488794400","clicks":"0","impressions":"1"},{"id":"309","ad":"3","group":"1","thetime":"1490101200","clicks":"0","impressions":"2"},{"id":"310","ad":"2","group":"2","thetime":"1490101200","clicks":"0","impressions":"1"},{"id":"311","ad":"1","group":"1","thetime":"1490101200","clicks":"0","impressions":"1"},{"id":"312","ad":"4","group":"2","thetime":"1490101200","clicks":"0","impressions":"1"},{"id":"313","ad":"1","group":"1","thetime":"1490108400","clicks":"0","impressions":"1"},{"id":"314","ad":"2","group":"2","thetime":"1490108400","clicks":"0","impressions":"1"},{"id":"315","ad":"3","group":"1","thetime":"1490108400","clicks":"0","impressions":"2"},{"id":"316","ad":"2","group":"2","thetime":"1490263200","clicks":"0","impressions":"1"},{"id":"317","ad":"4","group":"2","thetime":"1490608800","clicks":"0","impressions":"1"},{"id":"318","ad":"1","group":"1","thetime":"1490778000","clicks":"0","impressions":"8"},{"id":"319","ad":"3","group":"1","thetime":"1490778000","clicks":"0","impressions":"8"},{"id":"320","ad":"2","group":"2","thetime":"1490778000","clicks":"0","impressions":"7"},{"id":"321","ad":"4","group":"2","thetime":"1490778000","clicks":"0","impressions":"7"},{"id":"322","ad":"2","group":"2","thetime":"1490781600","clicks":"0","impressions":"3"},{"id":"323","ad":"4","group":"2","thetime":"1490781600","clicks":"0","impressions":"3"},{"id":"324","ad":"1","group":"1","thetime":"1490781600","clicks":"0","impressions":"2"},{"id":"325","ad":"3","group":"1","thetime":"1490781600","clicks":"0","impressions":"2"},{"id":"326","ad":"1","group":"1","thetime":"1490814000","clicks":"0","impressions":"1"},{"id":"327","ad":"4","group":"2","thetime":"1490814000","clicks":"0","impressions":"1"},{"id":"328","ad":"3","group":"1","thetime":"1490814000","clicks":"0","impressions":"1"},{"id":"329","ad":"2","group":"2","thetime":"1490814000","clicks":"0","impressions":"1"},{"id":"330","ad":"3","group":"1","thetime":"1491318000","clicks":"0","impressions":"5"},{"id":"331","ad":"1","group":"1","thetime":"1491332400","clicks":"0","impressions":"7"},{"id":"332","ad":"2","group":"2","thetime":"1491332400","clicks":"0","impressions":"9"},{"id":"333","ad":"3","group":"1","thetime":"1491332400","clicks":"0","impressions":"9"},{"id":"334","ad":"4","group":"2","thetime":"1491332400","clicks":"0","impressions":"8"},{"id":"335","ad":"3","group":"1","thetime":"1491339600","clicks":"0","impressions":"1"},{"id":"336","ad":"1","group":"1","thetime":"1491339600","clicks":"0","impressions":"1"},{"id":"337","ad":"4","group":"2","thetime":"1491343200","clicks":"0","impressions":"3"},{"id":"338","ad":"1","group":"1","thetime":"1491343200","clicks":"0","impressions":"3"},{"id":"339","ad":"2","group":"2","thetime":"1491343200","clicks":"0","impressions":"2"},{"id":"340","ad":"3","group":"1","thetime":"1491343200","clicks":"0","impressions":"2"},{"id":"341","ad":"1","group":"1","thetime":"1491350400","clicks":"0","impressions":"1"},{"id":"342","ad":"4","group":"2","thetime":"1491350400","clicks":"0","impressions":"1"},{"id":"343","ad":"2","group":"2","thetime":"1491350400","clicks":"0","impressions":"2"},{"id":"344","ad":"3","group":"1","thetime":"1491350400","clicks":"0","impressions":"1"},{"id":"345","ad":"3","group":"1","thetime":"1491364800","clicks":"0","impressions":"2"},{"id":"346","ad":"1","group":"1","thetime":"1491364800","clicks":"0","impressions":"1"},{"id":"347","ad":"2","group":"2","thetime":"1491364800","clicks":"0","impressions":"2"},{"id":"348","ad":"4","group":"2","thetime":"1491364800","clicks":"0","impressions":"1"},{"id":"349","ad":"1","group":"1","thetime":"1491386400","clicks":"0","impressions":"9"},{"id":"350","ad":"4","group":"2","thetime":"1491386400","clicks":"0","impressions":"9"},{"id":"351","ad":"3","group":"1","thetime":"1491386400","clicks":"0","impressions":"9"},{"id":"352","ad":"2","group":"2","thetime":"1491386400","clicks":"0","impressions":"8"},{"id":"353","ad":"4","group":"2","thetime":"1491390000","clicks":"0","impressions":"15"},{"id":"354","ad":"3","group":"1","thetime":"1491390000","clicks":"0","impressions":"15"},{"id":"355","ad":"1","group":"1","thetime":"1491390000","clicks":"0","impressions":"15"},{"id":"356","ad":"2","group":"2","thetime":"1491390000","clicks":"0","impressions":"15"},{"id":"357","ad":"4","group":"2","thetime":"1491393600","clicks":"0","impressions":"1"},{"id":"358","ad":"2","group":"2","thetime":"1491393600","clicks":"0","impressions":"1"},{"id":"359","ad":"4","group":"2","thetime":"1491400800","clicks":"0","impressions":"1"},{"id":"360","ad":"1","group":"1","thetime":"1491400800","clicks":"0","impressions":"1"},{"id":"361","ad":"1","group":"1","thetime":"1491404400","clicks":"0","impressions":"13"},{"id":"362","ad":"4","group":"2","thetime":"1491404400","clicks":"0","impressions":"14"},{"id":"363","ad":"2","group":"2","thetime":"1491404400","clicks":"0","impressions":"13"},{"id":"364","ad":"3","group":"1","thetime":"1491404400","clicks":"0","impressions":"13"},{"id":"365","ad":"1","group":"1","thetime":"1491408000","clicks":"0","impressions":"31"},{"id":"366","ad":"2","group":"2","thetime":"1491408000","clicks":"0","impressions":"33"},{"id":"367","ad":"3","group":"1","thetime":"1491408000","clicks":"0","impressions":"32"},{"id":"368","ad":"4","group":"2","thetime":"1491408000","clicks":"0","impressions":"30"},{"id":"369","ad":"1","group":"1","thetime":"1491411600","clicks":"0","impressions":"48"},{"id":"370","ad":"2","group":"2","thetime":"1491411600","clicks":"0","impressions":"33"},{"id":"371","ad":"3","group":"1","thetime":"1491411600","clicks":"0","impressions":"48"},{"id":"372","ad":"4","group":"2","thetime":"1491411600","clicks":"0","impressions":"32"},{"id":"373","ad":"1","group":"1","thetime":"1491415200","clicks":"0","impressions":"30"},{"id":"374","ad":"4","group":"2","thetime":"1491415200","clicks":"0","impressions":"30"},{"id":"375","ad":"2","group":"2","thetime":"1491415200","clicks":"0","impressions":"30"},{"id":"376","ad":"3","group":"1","thetime":"1491415200","clicks":"0","impressions":"30"},{"id":"377","ad":"3","group":"1","thetime":"1491418800","clicks":"0","impressions":"41"},{"id":"378","ad":"1","group":"1","thetime":"1491418800","clicks":"0","impressions":"39"},{"id":"379","ad":"4","group":"2","thetime":"1491418800","clicks":"0","impressions":"38"},{"id":"380","ad":"2","group":"2","thetime":"1491418800","clicks":"0","impressions":"39"},{"id":"381","ad":"3","group":"1","thetime":"1491422400","clicks":"0","impressions":"31"},{"id":"382","ad":"1","group":"1","thetime":"1491422400","clicks":"0","impressions":"31"},{"id":"383","ad":"4","group":"2","thetime":"1491422400","clicks":"0","impressions":"30"},{"id":"384","ad":"2","group":"2","thetime":"1491422400","clicks":"0","impressions":"30"},{"id":"385","ad":"1","group":"1","thetime":"1491426000","clicks":"0","impressions":"24"},{"id":"386","ad":"4","group":"2","thetime":"1491426000","clicks":"0","impressions":"23"},{"id":"387","ad":"2","group":"2","thetime":"1491426000","clicks":"0","impressions":"23"},{"id":"388","ad":"3","group":"1","thetime":"1491426000","clicks":"0","impressions":"24"},{"id":"389","ad":"1","group":"1","thetime":"1491429600","clicks":"0","impressions":"33"},{"id":"390","ad":"4","group":"2","thetime":"1491429600","clicks":"0","impressions":"31"},{"id":"391","ad":"3","group":"1","thetime":"1491429600","clicks":"0","impressions":"30"},{"id":"392","ad":"2","group":"2","thetime":"1491429600","clicks":"0","impressions":"30"},{"id":"393","ad":"3","group":"1","thetime":"1491433200","clicks":"0","impressions":"31"},{"id":"394","ad":"4","group":"2","thetime":"1491433200","clicks":"0","impressions":"31"},{"id":"395","ad":"1","group":"1","thetime":"1491433200","clicks":"0","impressions":"30"},{"id":"396","ad":"2","group":"2","thetime":"1491433200","clicks":"0","impressions":"30"},{"id":"397","ad":"3","group":"1","thetime":"1491444000","clicks":"0","impressions":"2"},{"id":"398","ad":"2","group":"2","thetime":"1491444000","clicks":"0","impressions":"2"},{"id":"399","ad":"1","group":"1","thetime":"1491444000","clicks":"0","impressions":"2"},{"id":"400","ad":"4","group":"2","thetime":"1491444000","clicks":"0","impressions":"2"},{"id":"401","ad":"1","group":"1","thetime":"1491454800","clicks":"0","impressions":"2"},{"id":"402","ad":"4","group":"2","thetime":"1491454800","clicks":"0","impressions":"2"},{"id":"403","ad":"3","group":"1","thetime":"1491454800","clicks":"1","impressions":"2"},{"id":"404","ad":"2","group":"2","thetime":"1491462000","clicks":"0","impressions":"7"},{"id":"405","ad":"1","group":"1","thetime":"1491462000","clicks":"0","impressions":"8"},{"id":"406","ad":"3","group":"1","thetime":"1491462000","clicks":"0","impressions":"7"},{"id":"407","ad":"4","group":"2","thetime":"1491462000","clicks":"0","impressions":"9"},{"id":"408","ad":"3","group":"1","thetime":"1491469200","clicks":"0","impressions":"1"},{"id":"409","ad":"4","group":"2","thetime":"1491469200","clicks":"0","impressions":"1"},{"id":"410","ad":"2","group":"2","thetime":"1491469200","clicks":"0","impressions":"1"},{"id":"411","ad":"1","group":"1","thetime":"1491469200","clicks":"0","impressions":"1"},{"id":"412","ad":"3","group":"1","thetime":"1491483600","clicks":"0","impressions":"1"},{"id":"413","ad":"4","group":"2","thetime":"1491919200","clicks":"0","impressions":"1"},{"id":"414","ad":"2","group":"2","thetime":"1491919200","clicks":"0","impressions":"1"},{"id":"415","ad":"3","group":"1","thetime":"1491919200","clicks":"0","impressions":"4"},{"id":"416","ad":"1","group":"1","thetime":"1491919200","clicks":"0","impressions":"1"},{"id":"417","ad":"2","group":"2","thetime":"1492160400","clicks":"0","impressions":"1"},{"id":"418","ad":"3","group":"1","thetime":"1492599600","clicks":"0","impressions":"1"},{"id":"419","ad":"1","group":"1","thetime":"1492621200","clicks":"0","impressions":"3"},{"id":"420","ad":"3","group":"1","thetime":"1492621200","clicks":"0","impressions":"4"},{"id":"421","ad":"2","group":"2","thetime":"1492621200","clicks":"0","impressions":"3"},{"id":"422","ad":"4","group":"2","thetime":"1492621200","clicks":"0","impressions":"3"},{"id":"423","ad":"4","group":"2","thetime":"1492700400","clicks":"0","impressions":"21"},{"id":"424","ad":"1","group":"1","thetime":"1492700400","clicks":"0","impressions":"24"},{"id":"425","ad":"2","group":"2","thetime":"1492700400","clicks":"0","impressions":"21"},{"id":"426","ad":"3","group":"1","thetime":"1492700400","clicks":"0","impressions":"16"},{"id":"427","ad":"2","group":"2","thetime":"1492704000","clicks":"0","impressions":"24"},{"id":"428","ad":"1","group":"1","thetime":"1492704000","clicks":"0","impressions":"9"},{"id":"429","ad":"3","group":"1","thetime":"1492704000","clicks":"0","impressions":"35"},{"id":"430","ad":"4","group":"2","thetime":"1492704000","clicks":"0","impressions":"32"},{"id":"431","ad":"3","group":"1","thetime":"1492707600","clicks":"0","impressions":"10"},{"id":"432","ad":"1","group":"1","thetime":"1492707600","clicks":"0","impressions":"7"},{"id":"433","ad":"4","group":"2","thetime":"1492707600","clicks":"0","impressions":"11"},{"id":"434","ad":"2","group":"2","thetime":"1492707600","clicks":"0","impressions":"6"},{"id":"435","ad":"4","group":"2","thetime":"1492783200","clicks":"0","impressions":"2"},{"id":"436","ad":"1","group":"1","thetime":"1492783200","clicks":"0","impressions":"2"},{"id":"437","ad":"2","group":"2","thetime":"1492783200","clicks":"0","impressions":"1"},{"id":"438","ad":"3","group":"1","thetime":"1492783200","clicks":"0","impressions":"1"},{"id":"439","ad":"2","group":"2","thetime":"1493006400","clicks":"0","impressions":"5"},{"id":"440","ad":"1","group":"1","thetime":"1493006400","clicks":"0","impressions":"5"},{"id":"441","ad":"3","group":"1","thetime":"1493006400","clicks":"0","impressions":"5"},{"id":"442","ad":"4","group":"2","thetime":"1493006400","clicks":"0","impressions":"5"},{"id":"443","ad":"1","group":"1","thetime":"1493118000","clicks":"0","impressions":"1"},{"id":"444","ad":"3","group":"1","thetime":"1493121600","clicks":"0","impressions":"1"},{"id":"445","ad":"1","group":"1","thetime":"1493121600","clicks":"0","impressions":"1"},{"id":"446","ad":"4","group":"2","thetime":"1493121600","clicks":"0","impressions":"1"},{"id":"447","ad":"2","group":"2","thetime":"1493121600","clicks":"0","impressions":"1"}]}