[{"sidebar-2":["media_image-3","text-6","text-7"],"course-sidebar":["learnpress_widget_course_recent-2"],"archive-courses-sidebar":["learnpress_widget_course_filter-2"],"sidebar":["categories-3"],"header_right":["custom_html-2"],"footer-sidebar-1":["media_image-4","text-8"],"footer-sidebar-2":["thim_featured_posts-2"],"footer-sidebar-3":["tag_cloud-3"],"footer-sidebar-4":["thim_gallery-2"]},{"media_image":{"3":{"size":"full","width":211,"height":60,"caption":"","alt":"","link_type":"custom","link_url":"","image_classes":"","link_classes":"","link_rel":"","link_target_blank":false,"image_title":"","attachment_id":631,"url":"https:\/\/university.thimpress.com\/wp-content\/uploads\/2021\/07\/lg.png","title":"","widget-class":""},"4":{"size":"full","width":150,"height":46,"caption":"","alt":"","link_type":"custom","link_url":"","image_classes":"","link_classes":"","link_rel":"","link_target_blank":false,"image_title":"","attachment_id":183,"url":"https:\/\/university.thimpress.com\/wp-content\/uploads\/2017\/02\/footerlogo.png","title":"","widget-class":""},"_multiwidget":1},"text":{"6":{"title":"","text":"<p class=\"footer-info\">Sed ut perspiciatis unde omnis iste nasus error sit voluptatem accusantium tutadiu doloremque laudantium, totam remkeo aperiam, eaque ipsa quae ab<\/p>","filter":false,"widget-class":""},"7":{"title":"","text":"<ul>\r\n<li class=\"header-info email\">\r\n<p class=\"info-1\">Email:<\/p>\r\n<p class=\"info-2\"><a href=\"mailto:hi@thimpress.com\">hi@thimpress.com<\/a><\/p>\r\n<\/li>\r\n<li class=\"header-info phone\">\r\n<p class=\"info-1\">Phone Number:<\/p>\r\n<p class=\"info-2\"><a href=\"#\">0000.00.00.00<\/a><\/p>\r\n<\/li>\r\n<\/ul>","filter":false,"widget-class":"","visual":false},"8":{"title":"","text":"<p class=\"footer-info\">Sed ut perspiciatis unde omnis iste nasus error sit voluptatem accusantium tutadiu doloremque laudantium, totam remkeo aperiam, eaque ipsa quae ab<\/p>","filter":true,"visual":true,"widget-class":""},"_multiwidget":1},"learnpress_widget_course_recent":{"2":{"title":"Recent Courses","show_teacher":1,"show_thumbnail":1,"limit":2,"desc_length":10,"show_price":1,"css_class":"","bottom_link_text":"","widget-class":""},"_multiwidget":1},"learnpress_widget_course_filter":{"2":{"title":"","number_level_category":1,"class_list_courses_target":".lp-list-courses-default","show_in_rest":1,"hide_count_zero":1,"search_suggestion":1,"fields_order":"search,category,author,price,tag,level,course_review,type,btn_submit,btn_reset","fields":["category","author","price","level","course_review","type","btn_submit","btn_reset"],"widget-class":""},"_multiwidget":1},"categories":{"3":{"title":"Categories","count":0,"hierarchical":0,"dropdown":0,"widget-class":""},"_multiwidget":1},"custom_html":{"2":{"title":"","content":"<ul>\r\n<li class=\"header-info email\">\r\n<p class=\"info-1\">Email:<\/p>\r\n<p class=\"info-2\"><a href=\"#\">hello@thimpress.com<\/a><\/p>\r\n<\/li>\r\n<li class=\"header-info phone\">\r\n<p class=\"info-1\">Phone Number:<\/p>\r\n<p class=\"info-2\"><a href=\"#\">0123.45.67.89<\/a><\/p>\r\n<\/li>\r\n<\/ul>","widget-class":""},"_multiwidget":1},"thim_featured_posts":{"2":{"number_posts":"3","title_widget":"Featured posts","display_time":"on","widget-class":""},"_multiwidget":1},"tag_cloud":{"3":{"title":"","count":0,"taxonomy":"course_tag","widget-class":""},"_multiwidget":1},"thim_gallery":{"2":{"number_columns":"3","number_limit":"9","image_size":"80x80","title_widget":"Gallery","display_layout":"","widget-class":""},"_multiwidget":1}}]