[{"sidebar":["thim_recent_posts-2","categories-2","social_link_widget-5"],"header_right":["text-7"],"footer-sidebar-1":["single-images-2","text-6","list-link-2","social_link_widget-4"],"footer-sidebar-2":["thim_featured_posts-2"],"footer-sidebar-3":["text-8"],"footer-sidebar-4":["thim_gallery-2"]},{"thim_recent_posts":{"2":{"number_posts":"3","title_widget":"Recent posts","display_time":"on","widget-class":""},"_multiwidget":1},"categories":{"2":{"title":"Categories","count":0,"hierarchical":0,"dropdown":0,"widget-class":""},"_multiwidget":1},"social_link_widget":{"5":{"title_widget":"Social Networks","facebook":"https:\/\/facebook.com\/thimpress\/","twitter":"https:\/\/twitter.com\/thimpress\/","skype":"","pinterest":"","google":"https:\/\/plus.google.com\/u\/0\/+ThimPressDesign","tumblr":"","linkedin":"","rss":"","instagram":"","youtube":"https:\/\/www.youtube.com\/channel\/UCkahDxEXnxXvickJtFvRnwQ\/","widget-class":""},"4":{"title_widget":"","facebook":"https:\/\/facebook.com\/thimpress\/","twitter":"https:\/\/twitter.com\/thimpress\/","skype":"","pinterest":"","google":"https:\/\/plus.google.com\/u\/0\/+ThimPressDesign","tumblr":"","linkedin":"","rss":"","instagram":"","youtube":"https:\/\/www.youtube.com\/channel\/UCkahDxEXnxXvickJtFvRnwQ\/","widget-class":""},"_multiwidget":1},"text":{"7":{"title":"","text":"<ul>\r\n<li class=\"header-info email\">\r\n<p class=\"info-1\">Email:<\/p>\r\n<p class=\"info-2\"><a href=\"#\">hello@thimpress.com<\/a><\/p>\r\n<\/li>\r\n<li class=\"header-info phone\">\r\n<p class=\"info-1\">Phone Number:<\/p>\r\n<p class=\"info-2\"><a href=\"#\">0123.45.67.89<\/a><\/p>\r\n<\/li>\r\n<\/ul>","filter":false,"widget-class":""},"6":{"title":"","text":"<p class=\"footer-info\">Sed ut perspiciatis unde omnis iste nasus error sit voluptatem accusantium tutadiu doloremque laudantium, totam remkeo aperiam, eaque ipsa quae ab<\/p>","filter":false,"widget-class":""},"8":{"title":"From Twitter","text":"[custom-twitter-feeds]","filter":false,"widget-class":""},"_multiwidget":1},"single-images":{"2":{"image":183,"image_size":"full","image_link":"http:\/\/university.thimpress.com","link_target":"_blank","image_alignment":"left","_sow_form_id":"58b7dfa8b9e5b","widget-class":""},"_multiwidget":1},"list-link":{"2":{"list-link":[{"title":"Contact Us","link":""},{"title":"Discover","link":""},{"title":"FAQs","link":""},{"title":"Newsletter Signup","link":""}],"style":"style-1","_sow_form_id":"58b676eab93cf","widget-class":""},"_multiwidget":1},"thim_featured_posts":{"2":{"number_posts":"3","title_widget":"Featured posts","display_time":"on","widget-class":""},"_multiwidget":1},"thim_gallery":{"2":{"number_columns":"3","number_limit":"9","image_size":"80x80","title_widget":"Gallery","display_layout":"","widget-class":""},"_multiwidget":1}}]